W0918 07:46:06.758000 6727 torch/utils/_pytree.py:630] <enum 'KernelPreference'> is an Enum subclass and is now natively supported by torch.compile as an opaque value type. Calling register_constant() on Enum subclasses is deprecated and will be an error in a future release.
{"log": "CPU intra-op threads=128 (previous=128, TORCH_NUM_THREADS=0; 0 preserves native selection)"}
{"log": "torch=2.13.0+cu132 cuda=13.2 device=NVIDIA RTX PRO 6000 Blackwell Server Edition cap=(12, 0)"}
W0918 07:46:08.951000 6727 torch/utils/_pytree.py:630] <enum 'ScaleCalculationMode'> is an Enum subclass and is now natively supported by torch.compile as an opaque value type. Calling register_constant() on Enum subclasses is deprecated and will be an error in a future release.
Unable to import `torchao` Tensor objects. This may affect loading checkpoints serialized with `torchao`
{"status": "phase", "stage": "loading_weights", "repo": "black-forest-labs/FLUX.2-klein-4B", "est_seconds": 140}
{"log": "loading black-forest-labs/FLUX.2-klein-4B..."}
Couldn't connect to the Hub: Cannot reach https://huggingface.co/api/models/black-forest-labs/FLUX.2-klein-4B: offline mode is enabled. To disable it, please unset the `HF_HUB_OFFLINE` environment variable..
Will try to load from local cache.
Loading pipeline components...:   0%|          | 0/5 [00:00<?, ?it/s]
Loading weights:   0%|          | 0/398 [00:00<?, ?it/s][ALoading weights: 100%|██████████| 398/398 [00:00<00:00, 11889.75it/s]
Loading pipeline components...:  60%|██████    | 3/5 [00:00<00:00,  5.65it/s]Loading pipeline components...: 100%|██████████| 5/5 [00:00<00:00,  8.92it/s]
/workspace/envs/klein-torch213-cu132/lib/python3.12/site-packages/huggingface_hub/utils/_validators.py:205: UserWarning: The `local_dir_use_symlinks` argument is deprecated and ignored in `hf_hub_download`. Downloading to a local directory does not use symlinks anymore.
  warnings.warn(
{"log": "loaded in 2.8s, vram=15.98GB"}
{"status": "phase", "stage": "loaded", "elapsed_ms": 2801, "vram_gb": 15.98}
{"status": "phase", "stage": "applying_fp8", "est_seconds": 1}
{"log": "applying TorchAO Float8DynamicActivationFloat8WeightConfig (PerTensor) on transformer..."}
{"log": "fp8 applied to transformer in 0.3s, vram=12.30GB"}
{"log": "fp8 applied to VAE linears in 0.0s, vram=12.30GB"}
{"status": "phase", "stage": "registering_compile_stubs", "est_seconds": 1}
{"log": "compiling transformer + vae.encoder + vae.decoder (mode=reduce-overhead)..."}
{"log": "compile stubs registered in 0.9s (actual JIT happens on first call per (height, width, steps) shape; with fp8 expect ~80-160 s extra warmup at the first new resolution)"}
{"log": "terminal_noop=enabled; audited helper, pipeline and scheduler source guards passed"}
{"log": "gpu_output_cast=enabled; measured helper and pinned image-conversion source guards passed"}
{"log": "encoding prompt (len=64 chars, max_seq=64) [cache: 0/32, hits=0 misses=1]"}
{"log": "prompt encoded in 535ms shape=(1, 64, 7680) [cached 1/32]"}
/workspace/envs/klein-torch213-cu132/lib/python3.12/site-packages/torch/_functorch/_aot_autograd/autograd_cache.py:675: UserWarning: Float8Tensor does not implement _stable_hash_for_caching. For PT2-compatible tensor subclasses, it is recommended to implement _stable_hash_for_caching(self) -> str for stable AOT autograd caching.
  warn_once(
/usr/local/lib/python3.12/dist-packages/diffusers/schedulers/scheduling_flow_match_euler_discrete.py:649: RuntimeWarning: divide by zero encountered in divide
  return math.exp(mu) / (math.exp(mu) + (1 / t - 1) ** sigma)
/workspace/envs/klein-torch213-cu132/lib/python3.12/site-packages/torch/_dynamo/variables/functions.py:2590: UserWarning: Dynamo detected a call to a `functools.lru_cache`-wrapped function at 'upsampling.py:156'. Dynamo ignores the cache wrapper and directly traces the wrapped function. Silent incorrectness is only a *potential* risk, not something we have observed. Enable TORCH_LOGS=+dynamo for a DEBUG stack trace.

This call originates from:
  File "/usr/local/lib/python3.12/dist-packages/diffusers/models/upsampling.py", line 156, in forward
    if dtype == torch.bfloat16 and is_torch_version("<", "2.1"):
                                   ^^^^^^^^^^^^^^^^^^^^^^^^^^^^^

  torch._dynamo.utils.warn_once(msg)
/workspace/envs/klein-torch213-cu132/lib/python3.12/site-packages/torch/_dynamo/variables/functions.py:2590: UserWarning: Dynamo detected a call to a `functools.lru_cache`-wrapped function at 'upsampling.py:180'. Dynamo ignores the cache wrapper and directly traces the wrapped function. Silent incorrectness is only a *potential* risk, not something we have observed. Enable TORCH_LOGS=+dynamo for a DEBUG stack trace.

This call originates from:
  File "/usr/local/lib/python3.12/dist-packages/diffusers/models/upsampling.py", line 180, in forward
    if dtype == torch.bfloat16 and is_torch_version("<", "2.1"):
                                   ^^^^^^^^^^^^^^^^^^^^^^^^^^^^^

  torch._dynamo.utils.warn_once(msg)
Traceback (most recent call last):
  File "/workspace/envs/klein-torch213-cu132/lib/python3.12/site-packages/flashinfer/jit/cpp_ext.py", line 370, in run_ninja
    subprocess.run(
  File "/usr/lib/python3.12/subprocess.py", line 571, in run
    raise CalledProcessError(retcode, process.args,
subprocess.CalledProcessError: Command '['ninja', '-v', '-C', '/tmp/vj0-n05-flashinfer/.cache/flashinfer/0.6.18.post1/120f/cached_ops/fp4_quantization_120f', '-f', '/tmp/vj0-n05-flashinfer/.cache/flashinfer/0.6.18.post1/120f/cached_ops/fp4_quantization_120f/build.ninja', '-j', '8']' returned non-zero exit status 1.

The above exception was the direct cause of the following exception:

Traceback (most recent call last):
  File "/workspace/vj0-n05/bench/n05_kernel_probe.py", line 239, in <module>
    main()
  File "/workspace/vj0-n05/bench/n05_kernel_probe.py", line 161, in main
    candidate = Nvfp4Linear(originals[name])
                ^^^^^^^^^^^^^^^^^^^^^^^^^^^^
  File "/workspace/vj0-n05/bench/n05_nvfp4.py", line 117, in __init__
    packed, block_scale = nvfp4_quantize(
                          ^^^^^^^^^^^^^^^
  File "/workspace/envs/klein-torch213-cu132/lib/python3.12/site-packages/flashinfer/api_logging.py", line 2333, in _auto_dump_wrapper
    return _inner(*args, **kwargs)
           ^^^^^^^^^^^^^^^^^^^^^^^
  File "/workspace/envs/klein-torch213-cu132/lib/python3.12/site-packages/flashinfer/quantization/fp4_quantization.py", line 1481, in nvfp4_quantize
    a_fp4, a_sf = fp4_quantize(
                  ^^^^^^^^^^^^^
  File "/workspace/envs/klein-torch213-cu132/lib/python3.12/site-packages/flashinfer/api_logging.py", line 2333, in _auto_dump_wrapper
    return _inner(*args, **kwargs)
           ^^^^^^^^^^^^^^^^^^^^^^^
  File "/workspace/envs/klein-torch213-cu132/lib/python3.12/site-packages/flashinfer/quantization/fp4_quantization.py", line 1007, in fp4_quantize
    x_q, sf = get_fp4_quantization_module(f"{major}{minor}").fp4_quantize_sm100(
              ^^^^^^^^^^^^^^^^^^^^^^^^^^^^^^^^^^^^^^^^^^^^^^
  File "/workspace/envs/klein-torch213-cu132/lib/python3.12/site-packages/flashinfer/quantization/fp4_quantization.py", line 261, in get_fp4_quantization_module
    module = backend_modules[backend]().build_and_load()
             ^^^^^^^^^^^^^^^^^^^^^^^^^^^^^^^^^^^^^^^^^^^
  File "/workspace/envs/klein-torch213-cu132/lib/python3.12/site-packages/flashinfer/jit/core.py", line 320, in build_and_load
    self.build()
  File "/workspace/envs/klein-torch213-cu132/lib/python3.12/site-packages/flashinfer/jit/core.py", line 427, in build
    run_ninja(self.build_dir, self.ninja_path, verbose)
  File "/workspace/envs/klein-torch213-cu132/lib/python3.12/site-packages/flashinfer/jit/cpp_ext.py", line 382, in run_ninja
    raise RuntimeError(msg) from e
RuntimeError: Ninja build failed. Ninja output:
ninja: Entering directory `/tmp/vj0-n05-flashinfer/.cache/flashinfer/0.6.18.post1/120f/cached_ops/fp4_quantization_120f'
[1/8]  c++ -MMD -MF /tmp/vj0-n05-flashinfer/.cache/flashinfer/0.6.18.post1/120f/cached_ops/fp4_quantization_120f/common_tllmException.o.d -DPy_LIMITED_API=0x03090000 -D_GLIBCXX_USE_CXX11_ABI=1 -I/workspace/envs/klein-torch213-cu132/lib/python3.12/site-packages/flashinfer/data/csrc/nv_internal -I/workspace/envs/klein-torch213-cu132/lib/python3.12/site-packages/flashinfer/data/csrc/nv_internal/include -I/workspace/envs/klein-torch213-cu132/lib/python3.12/site-packages/flashinfer/data/cccl/cub -I/workspace/envs/klein-torch213-cu132/lib/python3.12/site-packages/flashinfer/data/cccl/libcudacxx/include -I/workspace/envs/klein-torch213-cu132/lib/python3.12/site-packages/flashinfer/data/cccl/thrust -isystem /usr/include/python3.12 -isystem /workspace/cuda-13.2/include -isystem /workspace/envs/klein-torch213-cu132/lib/python3.12/site-packages/tvm_ffi/include -isystem /workspace/envs/klein-torch213-cu132/lib/python3.12/site-packages/tvm_ffi/include -isystem /workspace/envs/klein-torch213-cu132/lib/python3.12/site-packages/flashinfer/data/include -isystem /workspace/envs/klein-torch213-cu132/lib/python3.12/site-packages/flashinfer/data/csrc -isystem /workspace/envs/klein-torch213-cu132/lib/python3.12/site-packages/flashinfer/data/cutlass/include -isystem /workspace/envs/klein-torch213-cu132/lib/python3.12/site-packages/flashinfer/data/cutlass/tools/util/include -isystem /workspace/envs/klein-torch213-cu132/lib/python3.12/site-packages/flashinfer/data/spdlog/include -fPIC -std=c++17 -Wno-switch-bool -DNDEBUG -O3 -DENABLE_BF16 -DENABLE_FP8 -DENABLE_FP4 -c /workspace/envs/klein-torch213-cu132/lib/python3.12/site-packages/flashinfer/data/csrc/nv_internal/cpp/common/tllmException.cpp -o /tmp/vj0-n05-flashinfer/.cache/flashinfer/0.6.18.post1/120f/cached_ops/fp4_quantization_120f/common_tllmException.o 
[2/8]  c++ -MMD -MF /tmp/vj0-n05-flashinfer/.cache/flashinfer/0.6.18.post1/120f/cached_ops/fp4_quantization_120f/common_stringUtils.o.d -DPy_LIMITED_API=0x03090000 -D_GLIBCXX_USE_CXX11_ABI=1 -I/workspace/envs/klein-torch213-cu132/lib/python3.12/site-packages/flashinfer/data/csrc/nv_internal -I/workspace/envs/klein-torch213-cu132/lib/python3.12/site-packages/flashinfer/data/csrc/nv_internal/include -I/workspace/envs/klein-torch213-cu132/lib/python3.12/site-packages/flashinfer/data/cccl/cub -I/workspace/envs/klein-torch213-cu132/lib/python3.12/site-packages/flashinfer/data/cccl/libcudacxx/include -I/workspace/envs/klein-torch213-cu132/lib/python3.12/site-packages/flashinfer/data/cccl/thrust -isystem /usr/include/python3.12 -isystem /workspace/cuda-13.2/include -isystem /workspace/envs/klein-torch213-cu132/lib/python3.12/site-packages/tvm_ffi/include -isystem /workspace/envs/klein-torch213-cu132/lib/python3.12/site-packages/tvm_ffi/include -isystem /workspace/envs/klein-torch213-cu132/lib/python3.12/site-packages/flashinfer/data/include -isystem /workspace/envs/klein-torch213-cu132/lib/python3.12/site-packages/flashinfer/data/csrc -isystem /workspace/envs/klein-torch213-cu132/lib/python3.12/site-packages/flashinfer/data/cutlass/include -isystem /workspace/envs/klein-torch213-cu132/lib/python3.12/site-packages/flashinfer/data/cutlass/tools/util/include -isystem /workspace/envs/klein-torch213-cu132/lib/python3.12/site-packages/flashinfer/data/spdlog/include -fPIC -std=c++17 -Wno-switch-bool -DNDEBUG -O3 -DENABLE_BF16 -DENABLE_FP8 -DENABLE_FP4 -c /workspace/envs/klein-torch213-cu132/lib/python3.12/site-packages/flashinfer/data/csrc/nv_internal/cpp/common/stringUtils.cpp -o /tmp/vj0-n05-flashinfer/.cache/flashinfer/0.6.18.post1/120f/cached_ops/fp4_quantization_120f/common_stringUtils.o 
[3/8]  c++ -MMD -MF /tmp/vj0-n05-flashinfer/.cache/flashinfer/0.6.18.post1/120f/cached_ops/fp4_quantization_120f/common_logger.o.d -DPy_LIMITED_API=0x03090000 -D_GLIBCXX_USE_CXX11_ABI=1 -I/workspace/envs/klein-torch213-cu132/lib/python3.12/site-packages/flashinfer/data/csrc/nv_internal -I/workspace/envs/klein-torch213-cu132/lib/python3.12/site-packages/flashinfer/data/csrc/nv_internal/include -I/workspace/envs/klein-torch213-cu132/lib/python3.12/site-packages/flashinfer/data/cccl/cub -I/workspace/envs/klein-torch213-cu132/lib/python3.12/site-packages/flashinfer/data/cccl/libcudacxx/include -I/workspace/envs/klein-torch213-cu132/lib/python3.12/site-packages/flashinfer/data/cccl/thrust -isystem /usr/include/python3.12 -isystem /workspace/cuda-13.2/include -isystem /workspace/envs/klein-torch213-cu132/lib/python3.12/site-packages/tvm_ffi/include -isystem /workspace/envs/klein-torch213-cu132/lib/python3.12/site-packages/tvm_ffi/include -isystem /workspace/envs/klein-torch213-cu132/lib/python3.12/site-packages/flashinfer/data/include -isystem /workspace/envs/klein-torch213-cu132/lib/python3.12/site-packages/flashinfer/data/csrc -isystem /workspace/envs/klein-torch213-cu132/lib/python3.12/site-packages/flashinfer/data/cutlass/include -isystem /workspace/envs/klein-torch213-cu132/lib/python3.12/site-packages/flashinfer/data/cutlass/tools/util/include -isystem /workspace/envs/klein-torch213-cu132/lib/python3.12/site-packages/flashinfer/data/spdlog/include -fPIC -std=c++17 -Wno-switch-bool -DNDEBUG -O3 -DENABLE_BF16 -DENABLE_FP8 -DENABLE_FP4 -c /workspace/envs/klein-torch213-cu132/lib/python3.12/site-packages/flashinfer/data/csrc/nv_internal/cpp/common/logger.cpp -o /tmp/vj0-n05-flashinfer/.cache/flashinfer/0.6.18.post1/120f/cached_ops/fp4_quantization_120f/common_logger.o 
[4/8]  c++ -MMD -MF /tmp/vj0-n05-flashinfer/.cache/flashinfer/0.6.18.post1/120f/cached_ops/fp4_quantization_120f/common_envUtils.o.d -DPy_LIMITED_API=0x03090000 -D_GLIBCXX_USE_CXX11_ABI=1 -I/workspace/envs/klein-torch213-cu132/lib/python3.12/site-packages/flashinfer/data/csrc/nv_internal -I/workspace/envs/klein-torch213-cu132/lib/python3.12/site-packages/flashinfer/data/csrc/nv_internal/include -I/workspace/envs/klein-torch213-cu132/lib/python3.12/site-packages/flashinfer/data/cccl/cub -I/workspace/envs/klein-torch213-cu132/lib/python3.12/site-packages/flashinfer/data/cccl/libcudacxx/include -I/workspace/envs/klein-torch213-cu132/lib/python3.12/site-packages/flashinfer/data/cccl/thrust -isystem /usr/include/python3.12 -isystem /workspace/cuda-13.2/include -isystem /workspace/envs/klein-torch213-cu132/lib/python3.12/site-packages/tvm_ffi/include -isystem /workspace/envs/klein-torch213-cu132/lib/python3.12/site-packages/tvm_ffi/include -isystem /workspace/envs/klein-torch213-cu132/lib/python3.12/site-packages/flashinfer/data/include -isystem /workspace/envs/klein-torch213-cu132/lib/python3.12/site-packages/flashinfer/data/csrc -isystem /workspace/envs/klein-torch213-cu132/lib/python3.12/site-packages/flashinfer/data/cutlass/include -isystem /workspace/envs/klein-torch213-cu132/lib/python3.12/site-packages/flashinfer/data/cutlass/tools/util/include -isystem /workspace/envs/klein-torch213-cu132/lib/python3.12/site-packages/flashinfer/data/spdlog/include -fPIC -std=c++17 -Wno-switch-bool -DNDEBUG -O3 -DENABLE_BF16 -DENABLE_FP8 -DENABLE_FP4 -c /workspace/envs/klein-torch213-cu132/lib/python3.12/site-packages/flashinfer/data/csrc/nv_internal/cpp/common/envUtils.cpp -o /tmp/vj0-n05-flashinfer/.cache/flashinfer/0.6.18.post1/120f/cached_ops/fp4_quantization_120f/common_envUtils.o 
[5/8]  c++ -MMD -MF /tmp/vj0-n05-flashinfer/.cache/flashinfer/0.6.18.post1/120f/cached_ops/fp4_quantization_120f/thop_fp4Quantize.o.d -DPy_LIMITED_API=0x03090000 -D_GLIBCXX_USE_CXX11_ABI=1 -I/workspace/envs/klein-torch213-cu132/lib/python3.12/site-packages/flashinfer/data/csrc/nv_internal -I/workspace/envs/klein-torch213-cu132/lib/python3.12/site-packages/flashinfer/data/csrc/nv_internal/include -I/workspace/envs/klein-torch213-cu132/lib/python3.12/site-packages/flashinfer/data/cccl/cub -I/workspace/envs/klein-torch213-cu132/lib/python3.12/site-packages/flashinfer/data/cccl/libcudacxx/include -I/workspace/envs/klein-torch213-cu132/lib/python3.12/site-packages/flashinfer/data/cccl/thrust -isystem /usr/include/python3.12 -isystem /workspace/cuda-13.2/include -isystem /workspace/envs/klein-torch213-cu132/lib/python3.12/site-packages/tvm_ffi/include -isystem /workspace/envs/klein-torch213-cu132/lib/python3.12/site-packages/tvm_ffi/include -isystem /workspace/envs/klein-torch213-cu132/lib/python3.12/site-packages/flashinfer/data/include -isystem /workspace/envs/klein-torch213-cu132/lib/python3.12/site-packages/flashinfer/data/csrc -isystem /workspace/envs/klein-torch213-cu132/lib/python3.12/site-packages/flashinfer/data/cutlass/include -isystem /workspace/envs/klein-torch213-cu132/lib/python3.12/site-packages/flashinfer/data/cutlass/tools/util/include -isystem /workspace/envs/klein-torch213-cu132/lib/python3.12/site-packages/flashinfer/data/spdlog/include -fPIC -std=c++17 -Wno-switch-bool -DNDEBUG -O3 -DENABLE_BF16 -DENABLE_FP8 -DENABLE_FP4 -c /workspace/envs/klein-torch213-cu132/lib/python3.12/site-packages/flashinfer/data/csrc/nv_internal/tensorrt_llm/thop/fp4Quantize.cpp -o /tmp/vj0-n05-flashinfer/.cache/flashinfer/0.6.18.post1/120f/cached_ops/fp4_quantization_120f/thop_fp4Quantize.o 
[6/8]  c++ -MMD -MF /tmp/vj0-n05-flashinfer/.cache/flashinfer/0.6.18.post1/120f/cached_ops/fp4_quantization_120f/thop_fp4Op.o.d -DPy_LIMITED_API=0x03090000 -D_GLIBCXX_USE_CXX11_ABI=1 -I/workspace/envs/klein-torch213-cu132/lib/python3.12/site-packages/flashinfer/data/csrc/nv_internal -I/workspace/envs/klein-torch213-cu132/lib/python3.12/site-packages/flashinfer/data/csrc/nv_internal/include -I/workspace/envs/klein-torch213-cu132/lib/python3.12/site-packages/flashinfer/data/cccl/cub -I/workspace/envs/klein-torch213-cu132/lib/python3.12/site-packages/flashinfer/data/cccl/libcudacxx/include -I/workspace/envs/klein-torch213-cu132/lib/python3.12/site-packages/flashinfer/data/cccl/thrust -isystem /usr/include/python3.12 -isystem /workspace/cuda-13.2/include -isystem /workspace/envs/klein-torch213-cu132/lib/python3.12/site-packages/tvm_ffi/include -isystem /workspace/envs/klein-torch213-cu132/lib/python3.12/site-packages/tvm_ffi/include -isystem /workspace/envs/klein-torch213-cu132/lib/python3.12/site-packages/flashinfer/data/include -isystem /workspace/envs/klein-torch213-cu132/lib/python3.12/site-packages/flashinfer/data/csrc -isystem /workspace/envs/klein-torch213-cu132/lib/python3.12/site-packages/flashinfer/data/cutlass/include -isystem /workspace/envs/klein-torch213-cu132/lib/python3.12/site-packages/flashinfer/data/cutlass/tools/util/include -isystem /workspace/envs/klein-torch213-cu132/lib/python3.12/site-packages/flashinfer/data/spdlog/include -fPIC -std=c++17 -Wno-switch-bool -DNDEBUG -O3 -DENABLE_BF16 -DENABLE_FP8 -DENABLE_FP4 -c /workspace/envs/klein-torch213-cu132/lib/python3.12/site-packages/flashinfer/data/csrc/nv_internal/tensorrt_llm/thop/fp4Op.cpp -o /tmp/vj0-n05-flashinfer/.cache/flashinfer/0.6.18.post1/120f/cached_ops/fp4_quantization_120f/thop_fp4Op.o 
[7/8]  /workspace/cuda-13.2/bin/nvcc --generate-dependencies-with-compile -MF /tmp/vj0-n05-flashinfer/.cache/flashinfer/0.6.18.post1/120f/cached_ops/fp4_quantization_120f/kernels_quantization.cuda.o.d -DPy_LIMITED_API=0x03090000 -D_GLIBCXX_USE_CXX11_ABI=1 -I/workspace/envs/klein-torch213-cu132/lib/python3.12/site-packages/flashinfer/data/csrc/nv_internal -I/workspace/envs/klein-torch213-cu132/lib/python3.12/site-packages/flashinfer/data/csrc/nv_internal/include -I/workspace/envs/klein-torch213-cu132/lib/python3.12/site-packages/flashinfer/data/cccl/cub -I/workspace/envs/klein-torch213-cu132/lib/python3.12/site-packages/flashinfer/data/cccl/libcudacxx/include -I/workspace/envs/klein-torch213-cu132/lib/python3.12/site-packages/flashinfer/data/cccl/thrust -isystem /usr/include/python3.12 -isystem /workspace/cuda-13.2/include -isystem /workspace/envs/klein-torch213-cu132/lib/python3.12/site-packages/tvm_ffi/include -isystem /workspace/envs/klein-torch213-cu132/lib/python3.12/site-packages/tvm_ffi/include -isystem /workspace/envs/klein-torch213-cu132/lib/python3.12/site-packages/flashinfer/data/include -isystem /workspace/envs/klein-torch213-cu132/lib/python3.12/site-packages/flashinfer/data/csrc -isystem /workspace/envs/klein-torch213-cu132/lib/python3.12/site-packages/flashinfer/data/cutlass/include -isystem /workspace/envs/klein-torch213-cu132/lib/python3.12/site-packages/flashinfer/data/cutlass/tools/util/include -isystem /workspace/envs/klein-torch213-cu132/lib/python3.12/site-packages/flashinfer/data/spdlog/include --compiler-options=-fPIC --expt-relaxed-constexpr -static-global-template-stub=false -DFLASHINFER_ENABLE_FP8_E8M0 -DFLASHINFER_ENABLE_FP4_E2M1 -std=c++17 --threads=1 -use_fast_math -Xfatbin=-compress-all --compress-mode=size -DFLASHINFER_ENABLE_F16 -DFLASHINFER_ENABLE_BF16 -DFLASHINFER_ENABLE_FP8_E4M3 -DFLASHINFER_ENABLE_FP8_E5M2 -DNDEBUG -O3 -gencode=arch=compute_120f,code=sm_120f -DFLASHINFER_ENABLE_FP8_E8M0 -DFLASHINFER_ENABLE_FP4_E2M1 -DENABLE_BF16 -DENABLE_FP8 -DENABLE_FP4 -c /workspace/envs/klein-torch213-cu132/lib/python3.12/site-packages/flashinfer/data/csrc/nv_internal/cpp/kernels/quantization.cu -o /tmp/vj0-n05-flashinfer/.cache/flashinfer/0.6.18.post1/120f/cached_ops/fp4_quantization_120f/kernels_quantization.cuda.o 
/workspace/envs/klein-torch213-cu132/lib/python3.12/site-packages/flashinfer/data/csrc/nv_internal/tensorrt_llm/kernels/quantization_utils.cuh(662): warning #549-D: variable "fp8SFVal" is used before its value is set
      *SFout = fp8SFVal;
               ^
          detected during:
            instantiation of "std::conditional_t<<expression>, uint64_t, uint32_t> tensorrt_llm::kernels::cvt_warp_fp16_to_fp4<Type,SF_VEC_SIZE,CVT_ELTS_PER_THREAD,UE8M0_SF,DISABLE_FP4_QUANT_FAST_MATH,NVFP4_4OVER6_CONFIG>(tensorrt_llm::kernels::PackedVec<Type, CVT_ELTS_PER_THREAD> &, float, uint8_t *, float) [with Type=half, SF_VEC_SIZE=16, CVT_ELTS_PER_THREAD=16, UE8M0_SF=false, DISABLE_FP4_QUANT_FAST_MATH=true, NVFP4_4OVER6_CONFIG=tensorrt_llm::common::NVFP44Over6Config<256, tensorrt_llm::common::NVFP44Over6ErrMode::MAE, true>]" at line 858 of /workspace/envs/klein-torch213-cu132/lib/python3.12/site-packages/flashinfer/data/csrc/nv_internal/tensorrt_llm/kernels/quantization.cuh
            instantiation of "void tensorrt_llm::kernels::nvfp4QuantAndPerTokenScaleKernel<T,BLOCK_SIZE,SF_LAYOUT,CACHE_INPUT,DISABLE_FP4_QUANT_FAST_MATH,NVFP4_4OVER6_CONFIG>(uint32_t, uint32_t, const T *, float, int32_t *, uint8_t *, uint8_t *, float *) [with T=half, BLOCK_SIZE=128U, SF_LAYOUT=flashinfer::QuantizationSFLayout::LINEAR, CACHE_INPUT=false, DISABLE_FP4_QUANT_FAST_MATH=true, NVFP4_4OVER6_CONFIG=tensorrt_llm::common::NVFP44Over6Config<256, tensorrt_llm::common::NVFP44Over6ErrMode::MAE, true>]" at line 106 of /workspace/envs/klein-torch213-cu132/lib/python3.12/site-packages/flashinfer/data/csrc/nv_internal/cpp/kernels/quantization.cu
            instantiation of "void tensorrt_llm::kernels::dispatchSFLayout(flashinfer::QuantizationSFLayout, Fn &&) [with Fn=lambda [](auto)->auto]" at line 413 of /workspace/envs/klein-torch213-cu132/lib/python3.12/site-packages/flashinfer/data/csrc/nv_internal/cpp/kernels/quantization.cu
            instantiation of "void tensorrt_llm::kernels::invokeNvfp4QuantAndPerTokenScale(uint32_t, uint32_t, const T *, float, int32_t *, uint8_t *, uint8_t *, float *, flashinfer::QuantizationSFLayout, cudaStream_t) [with T=half]" at line 421 of /workspace/envs/klein-torch213-cu132/lib/python3.12/site-packages/flashinfer/data/csrc/nv_internal/cpp/kernels/quantization.cu

Remark: The warnings can be suppressed with "-diag-suppress <warning-number>"

/workspace/envs/klein-torch213-cu132/lib/python3.12/site-packages/flashinfer/data/csrc/nv_internal/tensorrt_llm/kernels/quantization_utils.cuh(662): warning #549-D: variable "fp8SFVal" is used before its value is set
      *SFout = fp8SFVal;
               ^
          detected during:
            instantiation of "std::conditional_t<<expression>, uint64_t, uint32_t> tensorrt_llm::kernels::cvt_warp_fp16_to_fp4<Type,SF_VEC_SIZE,CVT_ELTS_PER_THREAD,UE8M0_SF,DISABLE_FP4_QUANT_FAST_MATH,NVFP4_4OVER6_CONFIG>(tensorrt_llm::kernels::PackedVec<Type, CVT_ELTS_PER_THREAD> &, float, uint8_t *, float) [with Type=half, SF_VEC_SIZE=16, CVT_ELTS_PER_THREAD=16, UE8M0_SF=false, DISABLE_FP4_QUANT_FAST_MATH=true, NVFP4_4OVER6_CONFIG=tensorrt_llm::common::NVFP44Over6Config<256, tensorrt_llm::common::NVFP44Over6ErrMode::MAE, false>]" at line 858 of /workspace/envs/klein-torch213-cu132/lib/python3.12/site-packages/flashinfer/data/csrc/nv_internal/tensorrt_llm/kernels/quantization.cuh
            instantiation of "void tensorrt_llm::kernels::nvfp4QuantAndPerTokenScaleKernel<T,BLOCK_SIZE,SF_LAYOUT,CACHE_INPUT,DISABLE_FP4_QUANT_FAST_MATH,NVFP4_4OVER6_CONFIG>(uint32_t, uint32_t, const T *, float, int32_t *, uint8_t *, uint8_t *, float *) [with T=half, BLOCK_SIZE=128U, SF_LAYOUT=flashinfer::QuantizationSFLayout::LINEAR, CACHE_INPUT=false, DISABLE_FP4_QUANT_FAST_MATH=true, NVFP4_4OVER6_CONFIG=tensorrt_llm::common::NVFP44Over6Config<256, tensorrt_llm::common::NVFP44Over6ErrMode::MAE, false>]" at line 106 of /workspace/envs/klein-torch213-cu132/lib/python3.12/site-packages/flashinfer/data/csrc/nv_internal/cpp/kernels/quantization.cu
            instantiation of "void tensorrt_llm::kernels::dispatchSFLayout(flashinfer::QuantizationSFLayout, Fn &&) [with Fn=lambda [](auto)->auto]" at line 413 of /workspace/envs/klein-torch213-cu132/lib/python3.12/site-packages/flashinfer/data/csrc/nv_internal/cpp/kernels/quantization.cu
            instantiation of "void tensorrt_llm::kernels::invokeNvfp4QuantAndPerTokenScale(uint32_t, uint32_t, const T *, float, int32_t *, uint8_t *, uint8_t *, float *, flashinfer::QuantizationSFLayout, cudaStream_t) [with T=half]" at line 421 of /workspace/envs/klein-torch213-cu132/lib/python3.12/site-packages/flashinfer/data/csrc/nv_internal/cpp/kernels/quantization.cu

/workspace/envs/klein-torch213-cu132/lib/python3.12/site-packages/flashinfer/data/csrc/nv_internal/tensorrt_llm/kernels/quantization_utils.cuh(662): warning #549-D: variable "fp8SFVal" is used before its value is set
      *SFout = fp8SFVal;
               ^
          detected during:
            instantiation of "std::conditional_t<<expression>, uint64_t, uint32_t> tensorrt_llm::kernels::cvt_warp_fp16_to_fp4<Type,SF_VEC_SIZE,CVT_ELTS_PER_THREAD,UE8M0_SF,DISABLE_FP4_QUANT_FAST_MATH,NVFP4_4OVER6_CONFIG>(tensorrt_llm::kernels::PackedVec<Type, CVT_ELTS_PER_THREAD> &, float, uint8_t *, float) [with Type=half, SF_VEC_SIZE=16, CVT_ELTS_PER_THREAD=16, UE8M0_SF=false, DISABLE_FP4_QUANT_FAST_MATH=true, NVFP4_4OVER6_CONFIG=tensorrt_llm::common::NVFP44Over6Config<256, tensorrt_llm::common::NVFP44Over6ErrMode::MSE, true>]" at line 858 of /workspace/envs/klein-torch213-cu132/lib/python3.12/site-packages/flashinfer/data/csrc/nv_internal/tensorrt_llm/kernels/quantization.cuh
            instantiation of "void tensorrt_llm::kernels::nvfp4QuantAndPerTokenScaleKernel<T,BLOCK_SIZE,SF_LAYOUT,CACHE_INPUT,DISABLE_FP4_QUANT_FAST_MATH,NVFP4_4OVER6_CONFIG>(uint32_t, uint32_t, const T *, float, int32_t *, uint8_t *, uint8_t *, float *) [with T=half, BLOCK_SIZE=128U, SF_LAYOUT=flashinfer::QuantizationSFLayout::LINEAR, CACHE_INPUT=false, DISABLE_FP4_QUANT_FAST_MATH=true, NVFP4_4OVER6_CONFIG=tensorrt_llm::common::NVFP44Over6Config<256, tensorrt_llm::common::NVFP44Over6ErrMode::MSE, true>]" at line 106 of /workspace/envs/klein-torch213-cu132/lib/python3.12/site-packages/flashinfer/data/csrc/nv_internal/cpp/kernels/quantization.cu
            instantiation of "void tensorrt_llm::kernels::dispatchSFLayout(flashinfer::QuantizationSFLayout, Fn &&) [with Fn=lambda [](auto)->auto]" at line 413 of /workspace/envs/klein-torch213-cu132/lib/python3.12/site-packages/flashinfer/data/csrc/nv_internal/cpp/kernels/quantization.cu
            instantiation of "void tensorrt_llm::kernels::invokeNvfp4QuantAndPerTokenScale(uint32_t, uint32_t, const T *, float, int32_t *, uint8_t *, uint8_t *, float *, flashinfer::QuantizationSFLayout, cudaStream_t) [with T=half]" at line 421 of /workspace/envs/klein-torch213-cu132/lib/python3.12/site-packages/flashinfer/data/csrc/nv_internal/cpp/kernels/quantization.cu

/workspace/envs/klein-torch213-cu132/lib/python3.12/site-packages/flashinfer/data/csrc/nv_internal/tensorrt_llm/kernels/quantization_utils.cuh(662): warning #549-D: variable "fp8SFVal" is used before its value is set
      *SFout = fp8SFVal;
               ^
          detected during:
            instantiation of "std::conditional_t<<expression>, uint64_t, uint32_t> tensorrt_llm::kernels::cvt_warp_fp16_to_fp4<Type,SF_VEC_SIZE,CVT_ELTS_PER_THREAD,UE8M0_SF,DISABLE_FP4_QUANT_FAST_MATH,NVFP4_4OVER6_CONFIG>(tensorrt_llm::kernels::PackedVec<Type, CVT_ELTS_PER_THREAD> &, float, uint8_t *, float) [with Type=half, SF_VEC_SIZE=16, CVT_ELTS_PER_THREAD=16, UE8M0_SF=false, DISABLE_FP4_QUANT_FAST_MATH=true, NVFP4_4OVER6_CONFIG=tensorrt_llm::common::NVFP44Over6Config<256, tensorrt_llm::common::NVFP44Over6ErrMode::MSE, false>]" at line 858 of /workspace/envs/klein-torch213-cu132/lib/python3.12/site-packages/flashinfer/data/csrc/nv_internal/tensorrt_llm/kernels/quantization.cuh
            instantiation of "void tensorrt_llm::kernels::nvfp4QuantAndPerTokenScaleKernel<T,BLOCK_SIZE,SF_LAYOUT,CACHE_INPUT,DISABLE_FP4_QUANT_FAST_MATH,NVFP4_4OVER6_CONFIG>(uint32_t, uint32_t, const T *, float, int32_t *, uint8_t *, uint8_t *, float *) [with T=half, BLOCK_SIZE=128U, SF_LAYOUT=flashinfer::QuantizationSFLayout::LINEAR, CACHE_INPUT=false, DISABLE_FP4_QUANT_FAST_MATH=true, NVFP4_4OVER6_CONFIG=tensorrt_llm::common::NVFP44Over6Config<256, tensorrt_llm::common::NVFP44Over6ErrMode::MSE, false>]" at line 106 of /workspace/envs/klein-torch213-cu132/lib/python3.12/site-packages/flashinfer/data/csrc/nv_internal/cpp/kernels/quantization.cu
            instantiation of "void tensorrt_llm::kernels::dispatchSFLayout(flashinfer::QuantizationSFLayout, Fn &&) [with Fn=lambda [](auto)->auto]" at line 413 of /workspace/envs/klein-torch213-cu132/lib/python3.12/site-packages/flashinfer/data/csrc/nv_internal/cpp/kernels/quantization.cu
            instantiation of "void tensorrt_llm::kernels::invokeNvfp4QuantAndPerTokenScale(uint32_t, uint32_t, const T *, float, int32_t *, uint8_t *, uint8_t *, float *, flashinfer::QuantizationSFLayout, cudaStream_t) [with T=half]" at line 421 of /workspace/envs/klein-torch213-cu132/lib/python3.12/site-packages/flashinfer/data/csrc/nv_internal/cpp/kernels/quantization.cu

/workspace/envs/klein-torch213-cu132/lib/python3.12/site-packages/flashinfer/data/csrc/nv_internal/tensorrt_llm/kernels/quantization_utils.cuh(662): warning #549-D: variable "fp8SFVal" is used before its value is set
      *SFout = fp8SFVal;
               ^
          detected during:
            instantiation of "std::conditional_t<<expression>, uint64_t, uint32_t> tensorrt_llm::kernels::cvt_warp_fp16_to_fp4<Type,SF_VEC_SIZE,CVT_ELTS_PER_THREAD,UE8M0_SF,DISABLE_FP4_QUANT_FAST_MATH,NVFP4_4OVER6_CONFIG>(tensorrt_llm::kernels::PackedVec<Type, CVT_ELTS_PER_THREAD> &, float, uint8_t *, float) [with Type=half, SF_VEC_SIZE=16, CVT_ELTS_PER_THREAD=16, UE8M0_SF=false, DISABLE_FP4_QUANT_FAST_MATH=true, NVFP4_4OVER6_CONFIG=tensorrt_llm::common::NVFP44Over6Config<448, tensorrt_llm::common::NVFP44Over6ErrMode::MAE, true>]" at line 858 of /workspace/envs/klein-torch213-cu132/lib/python3.12/site-packages/flashinfer/data/csrc/nv_internal/tensorrt_llm/kernels/quantization.cuh
            instantiation of "void tensorrt_llm::kernels::nvfp4QuantAndPerTokenScaleKernel<T,BLOCK_SIZE,SF_LAYOUT,CACHE_INPUT,DISABLE_FP4_QUANT_FAST_MATH,NVFP4_4OVER6_CONFIG>(uint32_t, uint32_t, const T *, float, int32_t *, uint8_t *, uint8_t *, float *) [with T=half, BLOCK_SIZE=128U, SF_LAYOUT=flashinfer::QuantizationSFLayout::LINEAR, CACHE_INPUT=false, DISABLE_FP4_QUANT_FAST_MATH=true, NVFP4_4OVER6_CONFIG=tensorrt_llm::common::NVFP44Over6Config<448, tensorrt_llm::common::NVFP44Over6ErrMode::MAE, true>]" at line 106 of /workspace/envs/klein-torch213-cu132/lib/python3.12/site-packages/flashinfer/data/csrc/nv_internal/cpp/kernels/quantization.cu
            instantiation of "void tensorrt_llm::kernels::dispatchSFLayout(flashinfer::QuantizationSFLayout, Fn &&) [with Fn=lambda [](auto)->auto]" at line 413 of /workspace/envs/klein-torch213-cu132/lib/python3.12/site-packages/flashinfer/data/csrc/nv_internal/cpp/kernels/quantization.cu
            instantiation of "void tensorrt_llm::kernels::invokeNvfp4QuantAndPerTokenScale(uint32_t, uint32_t, const T *, float, int32_t *, uint8_t *, uint8_t *, float *, flashinfer::QuantizationSFLayout, cudaStream_t) [with T=half]" at line 421 of /workspace/envs/klein-torch213-cu132/lib/python3.12/site-packages/flashinfer/data/csrc/nv_internal/cpp/kernels/quantization.cu

/workspace/envs/klein-torch213-cu132/lib/python3.12/site-packages/flashinfer/data/csrc/nv_internal/tensorrt_llm/kernels/quantization_utils.cuh(662): warning #549-D: variable "fp8SFVal" is used before its value is set
      *SFout = fp8SFVal;
               ^
          detected during:
            instantiation of "std::conditional_t<<expression>, uint64_t, uint32_t> tensorrt_llm::kernels::cvt_warp_fp16_to_fp4<Type,SF_VEC_SIZE,CVT_ELTS_PER_THREAD,UE8M0_SF,DISABLE_FP4_QUANT_FAST_MATH,NVFP4_4OVER6_CONFIG>(tensorrt_llm::kernels::PackedVec<Type, CVT_ELTS_PER_THREAD> &, float, uint8_t *, float) [with Type=half, SF_VEC_SIZE=16, CVT_ELTS_PER_THREAD=16, UE8M0_SF=false, DISABLE_FP4_QUANT_FAST_MATH=true, NVFP4_4OVER6_CONFIG=tensorrt_llm::common::NVFP44Over6Config<448, tensorrt_llm::common::NVFP44Over6ErrMode::MAE, false>]" at line 858 of /workspace/envs/klein-torch213-cu132/lib/python3.12/site-packages/flashinfer/data/csrc/nv_internal/tensorrt_llm/kernels/quantization.cuh
            instantiation of "void tensorrt_llm::kernels::nvfp4QuantAndPerTokenScaleKernel<T,BLOCK_SIZE,SF_LAYOUT,CACHE_INPUT,DISABLE_FP4_QUANT_FAST_MATH,NVFP4_4OVER6_CONFIG>(uint32_t, uint32_t, const T *, float, int32_t *, uint8_t *, uint8_t *, float *) [with T=half, BLOCK_SIZE=128U, SF_LAYOUT=flashinfer::QuantizationSFLayout::LINEAR, CACHE_INPUT=false, DISABLE_FP4_QUANT_FAST_MATH=true, NVFP4_4OVER6_CONFIG=tensorrt_llm::common::NVFP44Over6Config<448, tensorrt_llm::common::NVFP44Over6ErrMode::MAE, false>]" at line 106 of /workspace/envs/klein-torch213-cu132/lib/python3.12/site-packages/flashinfer/data/csrc/nv_internal/cpp/kernels/quantization.cu
            instantiation of "void tensorrt_llm::kernels::dispatchSFLayout(flashinfer::QuantizationSFLayout, Fn &&) [with Fn=lambda [](auto)->auto]" at line 413 of /workspace/envs/klein-torch213-cu132/lib/python3.12/site-packages/flashinfer/data/csrc/nv_internal/cpp/kernels/quantization.cu
            instantiation of "void tensorrt_llm::kernels::invokeNvfp4QuantAndPerTokenScale(uint32_t, uint32_t, const T *, float, int32_t *, uint8_t *, uint8_t *, float *, flashinfer::QuantizationSFLayout, cudaStream_t) [with T=half]" at line 421 of /workspace/envs/klein-torch213-cu132/lib/python3.12/site-packages/flashinfer/data/csrc/nv_internal/cpp/kernels/quantization.cu

/workspace/envs/klein-torch213-cu132/lib/python3.12/site-packages/flashinfer/data/csrc/nv_internal/tensorrt_llm/kernels/quantization_utils.cuh(662): warning #549-D: variable "fp8SFVal" is used before its value is set
      *SFout = fp8SFVal;
               ^
          detected during:
            instantiation of "std::conditional_t<<expression>, uint64_t, uint32_t> tensorrt_llm::kernels::cvt_warp_fp16_to_fp4<Type,SF_VEC_SIZE,CVT_ELTS_PER_THREAD,UE8M0_SF,DISABLE_FP4_QUANT_FAST_MATH,NVFP4_4OVER6_CONFIG>(tensorrt_llm::kernels::PackedVec<Type, CVT_ELTS_PER_THREAD> &, float, uint8_t *, float) [with Type=half, SF_VEC_SIZE=16, CVT_ELTS_PER_THREAD=16, UE8M0_SF=false, DISABLE_FP4_QUANT_FAST_MATH=true, NVFP4_4OVER6_CONFIG=tensorrt_llm::common::NVFP44Over6Config<448, tensorrt_llm::common::NVFP44Over6ErrMode::MSE, true>]" at line 858 of /workspace/envs/klein-torch213-cu132/lib/python3.12/site-packages/flashinfer/data/csrc/nv_internal/tensorrt_llm/kernels/quantization.cuh
            instantiation of "void tensorrt_llm::kernels::nvfp4QuantAndPerTokenScaleKernel<T,BLOCK_SIZE,SF_LAYOUT,CACHE_INPUT,DISABLE_FP4_QUANT_FAST_MATH,NVFP4_4OVER6_CONFIG>(uint32_t, uint32_t, const T *, float, int32_t *, uint8_t *, uint8_t *, float *) [with T=half, BLOCK_SIZE=128U, SF_LAYOUT=flashinfer::QuantizationSFLayout::LINEAR, CACHE_INPUT=false, DISABLE_FP4_QUANT_FAST_MATH=true, NVFP4_4OVER6_CONFIG=tensorrt_llm::common::NVFP44Over6Config<448, tensorrt_llm::common::NVFP44Over6ErrMode::MSE, true>]" at line 106 of /workspace/envs/klein-torch213-cu132/lib/python3.12/site-packages/flashinfer/data/csrc/nv_internal/cpp/kernels/quantization.cu
            instantiation of "void tensorrt_llm::kernels::dispatchSFLayout(flashinfer::QuantizationSFLayout, Fn &&) [with Fn=lambda [](auto)->auto]" at line 413 of /workspace/envs/klein-torch213-cu132/lib/python3.12/site-packages/flashinfer/data/csrc/nv_internal/cpp/kernels/quantization.cu
            instantiation of "void tensorrt_llm::kernels::invokeNvfp4QuantAndPerTokenScale(uint32_t, uint32_t, const T *, float, int32_t *, uint8_t *, uint8_t *, float *, flashinfer::QuantizationSFLayout, cudaStream_t) [with T=half]" at line 421 of /workspace/envs/klein-torch213-cu132/lib/python3.12/site-packages/flashinfer/data/csrc/nv_internal/cpp/kernels/quantization.cu

/workspace/envs/klein-torch213-cu132/lib/python3.12/site-packages/flashinfer/data/csrc/nv_internal/tensorrt_llm/kernels/quantization_utils.cuh(662): warning #549-D: variable "fp8SFVal" is used before its value is set
      *SFout = fp8SFVal;
               ^
          detected during:
            instantiation of "std::conditional_t<<expression>, uint64_t, uint32_t> tensorrt_llm::kernels::cvt_warp_fp16_to_fp4<Type,SF_VEC_SIZE,CVT_ELTS_PER_THREAD,UE8M0_SF,DISABLE_FP4_QUANT_FAST_MATH,NVFP4_4OVER6_CONFIG>(tensorrt_llm::kernels::PackedVec<Type, CVT_ELTS_PER_THREAD> &, float, uint8_t *, float) [with Type=half, SF_VEC_SIZE=16, CVT_ELTS_PER_THREAD=16, UE8M0_SF=false, DISABLE_FP4_QUANT_FAST_MATH=true, NVFP4_4OVER6_CONFIG=tensorrt_llm::common::NVFP44Over6Config<448, tensorrt_llm::common::NVFP44Over6ErrMode::MSE, false>]" at line 858 of /workspace/envs/klein-torch213-cu132/lib/python3.12/site-packages/flashinfer/data/csrc/nv_internal/tensorrt_llm/kernels/quantization.cuh
            instantiation of "void tensorrt_llm::kernels::nvfp4QuantAndPerTokenScaleKernel<T,BLOCK_SIZE,SF_LAYOUT,CACHE_INPUT,DISABLE_FP4_QUANT_FAST_MATH,NVFP4_4OVER6_CONFIG>(uint32_t, uint32_t, const T *, float, int32_t *, uint8_t *, uint8_t *, float *) [with T=half, BLOCK_SIZE=128U, SF_LAYOUT=flashinfer::QuantizationSFLayout::LINEAR, CACHE_INPUT=false, DISABLE_FP4_QUANT_FAST_MATH=true, NVFP4_4OVER6_CONFIG=tensorrt_llm::common::NVFP44Over6Config<448, tensorrt_llm::common::NVFP44Over6ErrMode::MSE, false>]" at line 106 of /workspace/envs/klein-torch213-cu132/lib/python3.12/site-packages/flashinfer/data/csrc/nv_internal/cpp/kernels/quantization.cu
            instantiation of "void tensorrt_llm::kernels::dispatchSFLayout(flashinfer::QuantizationSFLayout, Fn &&) [with Fn=lambda [](auto)->auto]" at line 413 of /workspace/envs/klein-torch213-cu132/lib/python3.12/site-packages/flashinfer/data/csrc/nv_internal/cpp/kernels/quantization.cu
            instantiation of "void tensorrt_llm::kernels::invokeNvfp4QuantAndPerTokenScale(uint32_t, uint32_t, const T *, float, int32_t *, uint8_t *, uint8_t *, float *, flashinfer::QuantizationSFLayout, cudaStream_t) [with T=half]" at line 421 of /workspace/envs/klein-torch213-cu132/lib/python3.12/site-packages/flashinfer/data/csrc/nv_internal/cpp/kernels/quantization.cu

/workspace/envs/klein-torch213-cu132/lib/python3.12/site-packages/flashinfer/data/csrc/nv_internal/tensorrt_llm/kernels/quantization_utils.cuh(662): warning #549-D: variable "fp8SFVal" is used before its value is set
      *SFout = fp8SFVal;
               ^
          detected during:
            instantiation of "std::conditional_t<<expression>, uint64_t, uint32_t> tensorrt_llm::kernels::cvt_warp_fp16_to_fp4<Type,SF_VEC_SIZE,CVT_ELTS_PER_THREAD,UE8M0_SF,DISABLE_FP4_QUANT_FAST_MATH,NVFP4_4OVER6_CONFIG>(tensorrt_llm::kernels::PackedVec<Type, CVT_ELTS_PER_THREAD> &, float, uint8_t *, float) [with Type=half, SF_VEC_SIZE=16, CVT_ELTS_PER_THREAD=16, UE8M0_SF=false, DISABLE_FP4_QUANT_FAST_MATH=false, NVFP4_4OVER6_CONFIG=tensorrt_llm::common::NVFP44Over6Config<256, tensorrt_llm::common::NVFP44Over6ErrMode::MAE, true>]" at line 858 of /workspace/envs/klein-torch213-cu132/lib/python3.12/site-packages/flashinfer/data/csrc/nv_internal/tensorrt_llm/kernels/quantization.cuh
            instantiation of "void tensorrt_llm::kernels::nvfp4QuantAndPerTokenScaleKernel<T,BLOCK_SIZE,SF_LAYOUT,CACHE_INPUT,DISABLE_FP4_QUANT_FAST_MATH,NVFP4_4OVER6_CONFIG>(uint32_t, uint32_t, const T *, float, int32_t *, uint8_t *, uint8_t *, float *) [with T=half, BLOCK_SIZE=128U, SF_LAYOUT=flashinfer::QuantizationSFLayout::LINEAR, CACHE_INPUT=false, DISABLE_FP4_QUANT_FAST_MATH=false, NVFP4_4OVER6_CONFIG=tensorrt_llm::common::NVFP44Over6Config<256, tensorrt_llm::common::NVFP44Over6ErrMode::MAE, true>]" at line 106 of /workspace/envs/klein-torch213-cu132/lib/python3.12/site-packages/flashinfer/data/csrc/nv_internal/cpp/kernels/quantization.cu
            instantiation of "void tensorrt_llm::kernels::dispatchSFLayout(flashinfer::QuantizationSFLayout, Fn &&) [with Fn=lambda [](auto)->auto]" at line 413 of /workspace/envs/klein-torch213-cu132/lib/python3.12/site-packages/flashinfer/data/csrc/nv_internal/cpp/kernels/quantization.cu
            instantiation of "void tensorrt_llm::kernels::invokeNvfp4QuantAndPerTokenScale(uint32_t, uint32_t, const T *, float, int32_t *, uint8_t *, uint8_t *, float *, flashinfer::QuantizationSFLayout, cudaStream_t) [with T=half]" at line 421 of /workspace/envs/klein-torch213-cu132/lib/python3.12/site-packages/flashinfer/data/csrc/nv_internal/cpp/kernels/quantization.cu

/workspace/envs/klein-torch213-cu132/lib/python3.12/site-packages/flashinfer/data/csrc/nv_internal/tensorrt_llm/kernels/quantization_utils.cuh(662): warning #549-D: variable "fp8SFVal" is used before its value is set
      *SFout = fp8SFVal;
               ^
          detected during:
            instantiation of "std::conditional_t<<expression>, uint64_t, uint32_t> tensorrt_llm::kernels::cvt_warp_fp16_to_fp4<Type,SF_VEC_SIZE,CVT_ELTS_PER_THREAD,UE8M0_SF,DISABLE_FP4_QUANT_FAST_MATH,NVFP4_4OVER6_CONFIG>(tensorrt_llm::kernels::PackedVec<Type, CVT_ELTS_PER_THREAD> &, float, uint8_t *, float) [with Type=half, SF_VEC_SIZE=16, CVT_ELTS_PER_THREAD=16, UE8M0_SF=false, DISABLE_FP4_QUANT_FAST_MATH=false, NVFP4_4OVER6_CONFIG=tensorrt_llm::common::NVFP44Over6Config<256, tensorrt_llm::common::NVFP44Over6ErrMode::MAE, false>]" at line 858 of /workspace/envs/klein-torch213-cu132/lib/python3.12/site-packages/flashinfer/data/csrc/nv_internal/tensorrt_llm/kernels/quantization.cuh
            instantiation of "void tensorrt_llm::kernels::nvfp4QuantAndPerTokenScaleKernel<T,BLOCK_SIZE,SF_LAYOUT,CACHE_INPUT,DISABLE_FP4_QUANT_FAST_MATH,NVFP4_4OVER6_CONFIG>(uint32_t, uint32_t, const T *, float, int32_t *, uint8_t *, uint8_t *, float *) [with T=half, BLOCK_SIZE=128U, SF_LAYOUT=flashinfer::QuantizationSFLayout::LINEAR, CACHE_INPUT=false, DISABLE_FP4_QUANT_FAST_MATH=false, NVFP4_4OVER6_CONFIG=tensorrt_llm::common::NVFP44Over6Config<256, tensorrt_llm::common::NVFP44Over6ErrMode::MAE, false>]" at line 106 of /workspace/envs/klein-torch213-cu132/lib/python3.12/site-packages/flashinfer/data/csrc/nv_internal/cpp/kernels/quantization.cu
            instantiation of "void tensorrt_llm::kernels::dispatchSFLayout(flashinfer::QuantizationSFLayout, Fn &&) [with Fn=lambda [](auto)->auto]" at line 413 of /workspace/envs/klein-torch213-cu132/lib/python3.12/site-packages/flashinfer/data/csrc/nv_internal/cpp/kernels/quantization.cu
            instantiation of "void tensorrt_llm::kernels::invokeNvfp4QuantAndPerTokenScale(uint32_t, uint32_t, const T *, float, int32_t *, uint8_t *, uint8_t *, float *, flashinfer::QuantizationSFLayout, cudaStream_t) [with T=half]" at line 421 of /workspace/envs/klein-torch213-cu132/lib/python3.12/site-packages/flashinfer/data/csrc/nv_internal/cpp/kernels/quantization.cu

/workspace/envs/klein-torch213-cu132/lib/python3.12/site-packages/flashinfer/data/csrc/nv_internal/tensorrt_llm/kernels/quantization_utils.cuh(662): warning #549-D: variable "fp8SFVal" is used before its value is set
      *SFout = fp8SFVal;
               ^
          detected during:
            instantiation of "std::conditional_t<<expression>, uint64_t, uint32_t> tensorrt_llm::kernels::cvt_warp_fp16_to_fp4<Type,SF_VEC_SIZE,CVT_ELTS_PER_THREAD,UE8M0_SF,DISABLE_FP4_QUANT_FAST_MATH,NVFP4_4OVER6_CONFIG>(tensorrt_llm::kernels::PackedVec<Type, CVT_ELTS_PER_THREAD> &, float, uint8_t *, float) [with Type=half, SF_VEC_SIZE=16, CVT_ELTS_PER_THREAD=16, UE8M0_SF=false, DISABLE_FP4_QUANT_FAST_MATH=false, NVFP4_4OVER6_CONFIG=tensorrt_llm::common::NVFP44Over6Config<256, tensorrt_llm::common::NVFP44Over6ErrMode::MSE, true>]" at line 858 of /workspace/envs/klein-torch213-cu132/lib/python3.12/site-packages/flashinfer/data/csrc/nv_internal/tensorrt_llm/kernels/quantization.cuh
            instantiation of "void tensorrt_llm::kernels::nvfp4QuantAndPerTokenScaleKernel<T,BLOCK_SIZE,SF_LAYOUT,CACHE_INPUT,DISABLE_FP4_QUANT_FAST_MATH,NVFP4_4OVER6_CONFIG>(uint32_t, uint32_t, const T *, float, int32_t *, uint8_t *, uint8_t *, float *) [with T=half, BLOCK_SIZE=128U, SF_LAYOUT=flashinfer::QuantizationSFLayout::LINEAR, CACHE_INPUT=false, DISABLE_FP4_QUANT_FAST_MATH=false, NVFP4_4OVER6_CONFIG=tensorrt_llm::common::NVFP44Over6Config<256, tensorrt_llm::common::NVFP44Over6ErrMode::MSE, true>]" at line 106 of /workspace/envs/klein-torch213-cu132/lib/python3.12/site-packages/flashinfer/data/csrc/nv_internal/cpp/kernels/quantization.cu
            instantiation of "void tensorrt_llm::kernels::dispatchSFLayout(flashinfer::QuantizationSFLayout, Fn &&) [with Fn=lambda [](auto)->auto]" at line 413 of /workspace/envs/klein-torch213-cu132/lib/python3.12/site-packages/flashinfer/data/csrc/nv_internal/cpp/kernels/quantization.cu
            instantiation of "void tensorrt_llm::kernels::invokeNvfp4QuantAndPerTokenScale(uint32_t, uint32_t, const T *, float, int32_t *, uint8_t *, uint8_t *, float *, flashinfer::QuantizationSFLayout, cudaStream_t) [with T=half]" at line 421 of /workspace/envs/klein-torch213-cu132/lib/python3.12/site-packages/flashinfer/data/csrc/nv_internal/cpp/kernels/quantization.cu

/workspace/envs/klein-torch213-cu132/lib/python3.12/site-packages/flashinfer/data/csrc/nv_internal/tensorrt_llm/kernels/quantization_utils.cuh(662): warning #549-D: variable "fp8SFVal" is used before its value is set
      *SFout = fp8SFVal;
               ^
          detected during:
            instantiation of "std::conditional_t<<expression>, uint64_t, uint32_t> tensorrt_llm::kernels::cvt_warp_fp16_to_fp4<Type,SF_VEC_SIZE,CVT_ELTS_PER_THREAD,UE8M0_SF,DISABLE_FP4_QUANT_FAST_MATH,NVFP4_4OVER6_CONFIG>(tensorrt_llm::kernels::PackedVec<Type, CVT_ELTS_PER_THREAD> &, float, uint8_t *, float) [with Type=half, SF_VEC_SIZE=16, CVT_ELTS_PER_THREAD=16, UE8M0_SF=false, DISABLE_FP4_QUANT_FAST_MATH=false, NVFP4_4OVER6_CONFIG=tensorrt_llm::common::NVFP44Over6Config<256, tensorrt_llm::common::NVFP44Over6ErrMode::MSE, false>]" at line 858 of /workspace/envs/klein-torch213-cu132/lib/python3.12/site-packages/flashinfer/data/csrc/nv_internal/tensorrt_llm/kernels/quantization.cuh
            instantiation of "void tensorrt_llm::kernels::nvfp4QuantAndPerTokenScaleKernel<T,BLOCK_SIZE,SF_LAYOUT,CACHE_INPUT,DISABLE_FP4_QUANT_FAST_MATH,NVFP4_4OVER6_CONFIG>(uint32_t, uint32_t, const T *, float, int32_t *, uint8_t *, uint8_t *, float *) [with T=half, BLOCK_SIZE=128U, SF_LAYOUT=flashinfer::QuantizationSFLayout::LINEAR, CACHE_INPUT=false, DISABLE_FP4_QUANT_FAST_MATH=false, NVFP4_4OVER6_CONFIG=tensorrt_llm::common::NVFP44Over6Config<256, tensorrt_llm::common::NVFP44Over6ErrMode::MSE, false>]" at line 106 of /workspace/envs/klein-torch213-cu132/lib/python3.12/site-packages/flashinfer/data/csrc/nv_internal/cpp/kernels/quantization.cu
            instantiation of "void tensorrt_llm::kernels::dispatchSFLayout(flashinfer::QuantizationSFLayout, Fn &&) [with Fn=lambda [](auto)->auto]" at line 413 of /workspace/envs/klein-torch213-cu132/lib/python3.12/site-packages/flashinfer/data/csrc/nv_internal/cpp/kernels/quantization.cu
            instantiation of "void tensorrt_llm::kernels::invokeNvfp4QuantAndPerTokenScale(uint32_t, uint32_t, const T *, float, int32_t *, uint8_t *, uint8_t *, float *, flashinfer::QuantizationSFLayout, cudaStream_t) [with T=half]" at line 421 of /workspace/envs/klein-torch213-cu132/lib/python3.12/site-packages/flashinfer/data/csrc/nv_internal/cpp/kernels/quantization.cu

/workspace/envs/klein-torch213-cu132/lib/python3.12/site-packages/flashinfer/data/csrc/nv_internal/tensorrt_llm/kernels/quantization_utils.cuh(662): warning #549-D: variable "fp8SFVal" is used before its value is set
      *SFout = fp8SFVal;
               ^
          detected during:
            instantiation of "std::conditional_t<<expression>, uint64_t, uint32_t> tensorrt_llm::kernels::cvt_warp_fp16_to_fp4<Type,SF_VEC_SIZE,CVT_ELTS_PER_THREAD,UE8M0_SF,DISABLE_FP4_QUANT_FAST_MATH,NVFP4_4OVER6_CONFIG>(tensorrt_llm::kernels::PackedVec<Type, CVT_ELTS_PER_THREAD> &, float, uint8_t *, float) [with Type=half, SF_VEC_SIZE=16, CVT_ELTS_PER_THREAD=16, UE8M0_SF=false, DISABLE_FP4_QUANT_FAST_MATH=false, NVFP4_4OVER6_CONFIG=tensorrt_llm::common::NVFP44Over6Config<448, tensorrt_llm::common::NVFP44Over6ErrMode::MAE, true>]" at line 858 of /workspace/envs/klein-torch213-cu132/lib/python3.12/site-packages/flashinfer/data/csrc/nv_internal/tensorrt_llm/kernels/quantization.cuh
            instantiation of "void tensorrt_llm::kernels::nvfp4QuantAndPerTokenScaleKernel<T,BLOCK_SIZE,SF_LAYOUT,CACHE_INPUT,DISABLE_FP4_QUANT_FAST_MATH,NVFP4_4OVER6_CONFIG>(uint32_t, uint32_t, const T *, float, int32_t *, uint8_t *, uint8_t *, float *) [with T=half, BLOCK_SIZE=128U, SF_LAYOUT=flashinfer::QuantizationSFLayout::LINEAR, CACHE_INPUT=false, DISABLE_FP4_QUANT_FAST_MATH=false, NVFP4_4OVER6_CONFIG=tensorrt_llm::common::NVFP44Over6Config<448, tensorrt_llm::common::NVFP44Over6ErrMode::MAE, true>]" at line 106 of /workspace/envs/klein-torch213-cu132/lib/python3.12/site-packages/flashinfer/data/csrc/nv_internal/cpp/kernels/quantization.cu
            instantiation of "void tensorrt_llm::kernels::dispatchSFLayout(flashinfer::QuantizationSFLayout, Fn &&) [with Fn=lambda [](auto)->auto]" at line 413 of /workspace/envs/klein-torch213-cu132/lib/python3.12/site-packages/flashinfer/data/csrc/nv_internal/cpp/kernels/quantization.cu
            instantiation of "void tensorrt_llm::kernels::invokeNvfp4QuantAndPerTokenScale(uint32_t, uint32_t, const T *, float, int32_t *, uint8_t *, uint8_t *, float *, flashinfer::QuantizationSFLayout, cudaStream_t) [with T=half]" at line 421 of /workspace/envs/klein-torch213-cu132/lib/python3.12/site-packages/flashinfer/data/csrc/nv_internal/cpp/kernels/quantization.cu

/workspace/envs/klein-torch213-cu132/lib/python3.12/site-packages/flashinfer/data/csrc/nv_internal/tensorrt_llm/kernels/quantization_utils.cuh(662): warning #549-D: variable "fp8SFVal" is used before its value is set
      *SFout = fp8SFVal;
               ^
          detected during:
            instantiation of "std::conditional_t<<expression>, uint64_t, uint32_t> tensorrt_llm::kernels::cvt_warp_fp16_to_fp4<Type,SF_VEC_SIZE,CVT_ELTS_PER_THREAD,UE8M0_SF,DISABLE_FP4_QUANT_FAST_MATH,NVFP4_4OVER6_CONFIG>(tensorrt_llm::kernels::PackedVec<Type, CVT_ELTS_PER_THREAD> &, float, uint8_t *, float) [with Type=half, SF_VEC_SIZE=16, CVT_ELTS_PER_THREAD=16, UE8M0_SF=false, DISABLE_FP4_QUANT_FAST_MATH=false, NVFP4_4OVER6_CONFIG=tensorrt_llm::common::NVFP44Over6Config<448, tensorrt_llm::common::NVFP44Over6ErrMode::MAE, false>]" at line 858 of /workspace/envs/klein-torch213-cu132/lib/python3.12/site-packages/flashinfer/data/csrc/nv_internal/tensorrt_llm/kernels/quantization.cuh
            instantiation of "void tensorrt_llm::kernels::nvfp4QuantAndPerTokenScaleKernel<T,BLOCK_SIZE,SF_LAYOUT,CACHE_INPUT,DISABLE_FP4_QUANT_FAST_MATH,NVFP4_4OVER6_CONFIG>(uint32_t, uint32_t, const T *, float, int32_t *, uint8_t *, uint8_t *, float *) [with T=half, BLOCK_SIZE=128U, SF_LAYOUT=flashinfer::QuantizationSFLayout::LINEAR, CACHE_INPUT=false, DISABLE_FP4_QUANT_FAST_MATH=false, NVFP4_4OVER6_CONFIG=tensorrt_llm::common::NVFP44Over6Config<448, tensorrt_llm::common::NVFP44Over6ErrMode::MAE, false>]" at line 106 of /workspace/envs/klein-torch213-cu132/lib/python3.12/site-packages/flashinfer/data/csrc/nv_internal/cpp/kernels/quantization.cu
            instantiation of "void tensorrt_llm::kernels::dispatchSFLayout(flashinfer::QuantizationSFLayout, Fn &&) [with Fn=lambda [](auto)->auto]" at line 413 of /workspace/envs/klein-torch213-cu132/lib/python3.12/site-packages/flashinfer/data/csrc/nv_internal/cpp/kernels/quantization.cu
            instantiation of "void tensorrt_llm::kernels::invokeNvfp4QuantAndPerTokenScale(uint32_t, uint32_t, const T *, float, int32_t *, uint8_t *, uint8_t *, float *, flashinfer::QuantizationSFLayout, cudaStream_t) [with T=half]" at line 421 of /workspace/envs/klein-torch213-cu132/lib/python3.12/site-packages/flashinfer/data/csrc/nv_internal/cpp/kernels/quantization.cu

/workspace/envs/klein-torch213-cu132/lib/python3.12/site-packages/flashinfer/data/csrc/nv_internal/tensorrt_llm/kernels/quantization_utils.cuh(662): warning #549-D: variable "fp8SFVal" is used before its value is set
      *SFout = fp8SFVal;
               ^
          detected during:
            instantiation of "std::conditional_t<<expression>, uint64_t, uint32_t> tensorrt_llm::kernels::cvt_warp_fp16_to_fp4<Type,SF_VEC_SIZE,CVT_ELTS_PER_THREAD,UE8M0_SF,DISABLE_FP4_QUANT_FAST_MATH,NVFP4_4OVER6_CONFIG>(tensorrt_llm::kernels::PackedVec<Type, CVT_ELTS_PER_THREAD> &, float, uint8_t *, float) [with Type=half, SF_VEC_SIZE=16, CVT_ELTS_PER_THREAD=16, UE8M0_SF=false, DISABLE_FP4_QUANT_FAST_MATH=false, NVFP4_4OVER6_CONFIG=tensorrt_llm::common::NVFP44Over6Config<448, tensorrt_llm::common::NVFP44Over6ErrMode::MSE, true>]" at line 858 of /workspace/envs/klein-torch213-cu132/lib/python3.12/site-packages/flashinfer/data/csrc/nv_internal/tensorrt_llm/kernels/quantization.cuh
            instantiation of "void tensorrt_llm::kernels::nvfp4QuantAndPerTokenScaleKernel<T,BLOCK_SIZE,SF_LAYOUT,CACHE_INPUT,DISABLE_FP4_QUANT_FAST_MATH,NVFP4_4OVER6_CONFIG>(uint32_t, uint32_t, const T *, float, int32_t *, uint8_t *, uint8_t *, float *) [with T=half, BLOCK_SIZE=128U, SF_LAYOUT=flashinfer::QuantizationSFLayout::LINEAR, CACHE_INPUT=false, DISABLE_FP4_QUANT_FAST_MATH=false, NVFP4_4OVER6_CONFIG=tensorrt_llm::common::NVFP44Over6Config<448, tensorrt_llm::common::NVFP44Over6ErrMode::MSE, true>]" at line 106 of /workspace/envs/klein-torch213-cu132/lib/python3.12/site-packages/flashinfer/data/csrc/nv_internal/cpp/kernels/quantization.cu
            instantiation of "void tensorrt_llm::kernels::dispatchSFLayout(flashinfer::QuantizationSFLayout, Fn &&) [with Fn=lambda [](auto)->auto]" at line 413 of /workspace/envs/klein-torch213-cu132/lib/python3.12/site-packages/flashinfer/data/csrc/nv_internal/cpp/kernels/quantization.cu
            instantiation of "void tensorrt_llm::kernels::invokeNvfp4QuantAndPerTokenScale(uint32_t, uint32_t, const T *, float, int32_t *, uint8_t *, uint8_t *, float *, flashinfer::QuantizationSFLayout, cudaStream_t) [with T=half]" at line 421 of /workspace/envs/klein-torch213-cu132/lib/python3.12/site-packages/flashinfer/data/csrc/nv_internal/cpp/kernels/quantization.cu

/workspace/envs/klein-torch213-cu132/lib/python3.12/site-packages/flashinfer/data/csrc/nv_internal/tensorrt_llm/kernels/quantization_utils.cuh(662): warning #549-D: variable "fp8SFVal" is used before its value is set
      *SFout = fp8SFVal;
               ^
          detected during:
            instantiation of "std::conditional_t<<expression>, uint64_t, uint32_t> tensorrt_llm::kernels::cvt_warp_fp16_to_fp4<Type,SF_VEC_SIZE,CVT_ELTS_PER_THREAD,UE8M0_SF,DISABLE_FP4_QUANT_FAST_MATH,NVFP4_4OVER6_CONFIG>(tensorrt_llm::kernels::PackedVec<Type, CVT_ELTS_PER_THREAD> &, float, uint8_t *, float) [with Type=half, SF_VEC_SIZE=16, CVT_ELTS_PER_THREAD=16, UE8M0_SF=false, DISABLE_FP4_QUANT_FAST_MATH=false, NVFP4_4OVER6_CONFIG=tensorrt_llm::common::NVFP44Over6Config<448, tensorrt_llm::common::NVFP44Over6ErrMode::MSE, false>]" at line 858 of /workspace/envs/klein-torch213-cu132/lib/python3.12/site-packages/flashinfer/data/csrc/nv_internal/tensorrt_llm/kernels/quantization.cuh
            instantiation of "void tensorrt_llm::kernels::nvfp4QuantAndPerTokenScaleKernel<T,BLOCK_SIZE,SF_LAYOUT,CACHE_INPUT,DISABLE_FP4_QUANT_FAST_MATH,NVFP4_4OVER6_CONFIG>(uint32_t, uint32_t, const T *, float, int32_t *, uint8_t *, uint8_t *, float *) [with T=half, BLOCK_SIZE=128U, SF_LAYOUT=flashinfer::QuantizationSFLayout::LINEAR, CACHE_INPUT=false, DISABLE_FP4_QUANT_FAST_MATH=false, NVFP4_4OVER6_CONFIG=tensorrt_llm::common::NVFP44Over6Config<448, tensorrt_llm::common::NVFP44Over6ErrMode::MSE, false>]" at line 106 of /workspace/envs/klein-torch213-cu132/lib/python3.12/site-packages/flashinfer/data/csrc/nv_internal/cpp/kernels/quantization.cu
            instantiation of "void tensorrt_llm::kernels::dispatchSFLayout(flashinfer::QuantizationSFLayout, Fn &&) [with Fn=lambda [](auto)->auto]" at line 413 of /workspace/envs/klein-torch213-cu132/lib/python3.12/site-packages/flashinfer/data/csrc/nv_internal/cpp/kernels/quantization.cu
            instantiation of "void tensorrt_llm::kernels::invokeNvfp4QuantAndPerTokenScale(uint32_t, uint32_t, const T *, float, int32_t *, uint8_t *, uint8_t *, float *, flashinfer::QuantizationSFLayout, cudaStream_t) [with T=half]" at line 421 of /workspace/envs/klein-torch213-cu132/lib/python3.12/site-packages/flashinfer/data/csrc/nv_internal/cpp/kernels/quantization.cu

/workspace/envs/klein-torch213-cu132/lib/python3.12/site-packages/flashinfer/data/csrc/nv_internal/tensorrt_llm/kernels/quantization_utils.cuh(662): warning #549-D: variable "fp8SFVal" is used before its value is set
      *SFout = fp8SFVal;
               ^
          detected during:
            instantiation of "std::conditional_t<<expression>, uint64_t, uint32_t> tensorrt_llm::kernels::cvt_warp_fp16_to_fp4<Type,SF_VEC_SIZE,CVT_ELTS_PER_THREAD,UE8M0_SF,DISABLE_FP4_QUANT_FAST_MATH,NVFP4_4OVER6_CONFIG>(tensorrt_llm::kernels::PackedVec<Type, CVT_ELTS_PER_THREAD> &, float, uint8_t *, float) [with Type=__nv_bfloat16, SF_VEC_SIZE=16, CVT_ELTS_PER_THREAD=16, UE8M0_SF=false, DISABLE_FP4_QUANT_FAST_MATH=true, NVFP4_4OVER6_CONFIG=tensorrt_llm::common::NVFP44Over6Config<256, tensorrt_llm::common::NVFP44Over6ErrMode::MAE, true>]" at line 858 of /workspace/envs/klein-torch213-cu132/lib/python3.12/site-packages/flashinfer/data/csrc/nv_internal/tensorrt_llm/kernels/quantization.cuh
            instantiation of "void tensorrt_llm::kernels::nvfp4QuantAndPerTokenScaleKernel<T,BLOCK_SIZE,SF_LAYOUT,CACHE_INPUT,DISABLE_FP4_QUANT_FAST_MATH,NVFP4_4OVER6_CONFIG>(uint32_t, uint32_t, const T *, float, int32_t *, uint8_t *, uint8_t *, float *) [with T=__nv_bfloat16, BLOCK_SIZE=128U, SF_LAYOUT=flashinfer::QuantizationSFLayout::LINEAR, CACHE_INPUT=false, DISABLE_FP4_QUANT_FAST_MATH=true, NVFP4_4OVER6_CONFIG=tensorrt_llm::common::NVFP44Over6Config<256, tensorrt_llm::common::NVFP44Over6ErrMode::MAE, true>]" at line 106 of /workspace/envs/klein-torch213-cu132/lib/python3.12/site-packages/flashinfer/data/csrc/nv_internal/cpp/kernels/quantization.cu
            instantiation of "void tensorrt_llm::kernels::dispatchSFLayout(flashinfer::QuantizationSFLayout, Fn &&) [with Fn=lambda [](auto)->auto]" at line 413 of /workspace/envs/klein-torch213-cu132/lib/python3.12/site-packages/flashinfer/data/csrc/nv_internal/cpp/kernels/quantization.cu
            instantiation of "void tensorrt_llm::kernels::invokeNvfp4QuantAndPerTokenScale(uint32_t, uint32_t, const T *, float, int32_t *, uint8_t *, uint8_t *, float *, flashinfer::QuantizationSFLayout, cudaStream_t) [with T=__nv_bfloat16]" at line 426 of /workspace/envs/klein-torch213-cu132/lib/python3.12/site-packages/flashinfer/data/csrc/nv_internal/cpp/kernels/quantization.cu

/workspace/envs/klein-torch213-cu132/lib/python3.12/site-packages/flashinfer/data/csrc/nv_internal/tensorrt_llm/kernels/quantization_utils.cuh(662): warning #549-D: variable "fp8SFVal" is used before its value is set
      *SFout = fp8SFVal;
               ^
          detected during:
            instantiation of "std::conditional_t<<expression>, uint64_t, uint32_t> tensorrt_llm::kernels::cvt_warp_fp16_to_fp4<Type,SF_VEC_SIZE,CVT_ELTS_PER_THREAD,UE8M0_SF,DISABLE_FP4_QUANT_FAST_MATH,NVFP4_4OVER6_CONFIG>(tensorrt_llm::kernels::PackedVec<Type, CVT_ELTS_PER_THREAD> &, float, uint8_t *, float) [with Type=__nv_bfloat16, SF_VEC_SIZE=16, CVT_ELTS_PER_THREAD=16, UE8M0_SF=false, DISABLE_FP4_QUANT_FAST_MATH=true, NVFP4_4OVER6_CONFIG=tensorrt_llm::common::NVFP44Over6Config<256, tensorrt_llm::common::NVFP44Over6ErrMode::MAE, false>]" at line 858 of /workspace/envs/klein-torch213-cu132/lib/python3.12/site-packages/flashinfer/data/csrc/nv_internal/tensorrt_llm/kernels/quantization.cuh
            instantiation of "void tensorrt_llm::kernels::nvfp4QuantAndPerTokenScaleKernel<T,BLOCK_SIZE,SF_LAYOUT,CACHE_INPUT,DISABLE_FP4_QUANT_FAST_MATH,NVFP4_4OVER6_CONFIG>(uint32_t, uint32_t, const T *, float, int32_t *, uint8_t *, uint8_t *, float *) [with T=__nv_bfloat16, BLOCK_SIZE=128U, SF_LAYOUT=flashinfer::QuantizationSFLayout::LINEAR, CACHE_INPUT=false, DISABLE_FP4_QUANT_FAST_MATH=true, NVFP4_4OVER6_CONFIG=tensorrt_llm::common::NVFP44Over6Config<256, tensorrt_llm::common::NVFP44Over6ErrMode::MAE, false>]" at line 106 of /workspace/envs/klein-torch213-cu132/lib/python3.12/site-packages/flashinfer/data/csrc/nv_internal/cpp/kernels/quantization.cu
            instantiation of "void tensorrt_llm::kernels::dispatchSFLayout(flashinfer::QuantizationSFLayout, Fn &&) [with Fn=lambda [](auto)->auto]" at line 413 of /workspace/envs/klein-torch213-cu132/lib/python3.12/site-packages/flashinfer/data/csrc/nv_internal/cpp/kernels/quantization.cu
            instantiation of "void tensorrt_llm::kernels::invokeNvfp4QuantAndPerTokenScale(uint32_t, uint32_t, const T *, float, int32_t *, uint8_t *, uint8_t *, float *, flashinfer::QuantizationSFLayout, cudaStream_t) [with T=__nv_bfloat16]" at line 426 of /workspace/envs/klein-torch213-cu132/lib/python3.12/site-packages/flashinfer/data/csrc/nv_internal/cpp/kernels/quantization.cu

/workspace/envs/klein-torch213-cu132/lib/python3.12/site-packages/flashinfer/data/csrc/nv_internal/tensorrt_llm/kernels/quantization_utils.cuh(662): warning #549-D: variable "fp8SFVal" is used before its value is set
      *SFout = fp8SFVal;
               ^
          detected during:
            instantiation of "std::conditional_t<<expression>, uint64_t, uint32_t> tensorrt_llm::kernels::cvt_warp_fp16_to_fp4<Type,SF_VEC_SIZE,CVT_ELTS_PER_THREAD,UE8M0_SF,DISABLE_FP4_QUANT_FAST_MATH,NVFP4_4OVER6_CONFIG>(tensorrt_llm::kernels::PackedVec<Type, CVT_ELTS_PER_THREAD> &, float, uint8_t *, float) [with Type=__nv_bfloat16, SF_VEC_SIZE=16, CVT_ELTS_PER_THREAD=16, UE8M0_SF=false, DISABLE_FP4_QUANT_FAST_MATH=true, NVFP4_4OVER6_CONFIG=tensorrt_llm::common::NVFP44Over6Config<256, tensorrt_llm::common::NVFP44Over6ErrMode::MSE, true>]" at line 858 of /workspace/envs/klein-torch213-cu132/lib/python3.12/site-packages/flashinfer/data/csrc/nv_internal/tensorrt_llm/kernels/quantization.cuh
            instantiation of "void tensorrt_llm::kernels::nvfp4QuantAndPerTokenScaleKernel<T,BLOCK_SIZE,SF_LAYOUT,CACHE_INPUT,DISABLE_FP4_QUANT_FAST_MATH,NVFP4_4OVER6_CONFIG>(uint32_t, uint32_t, const T *, float, int32_t *, uint8_t *, uint8_t *, float *) [with T=__nv_bfloat16, BLOCK_SIZE=128U, SF_LAYOUT=flashinfer::QuantizationSFLayout::LINEAR, CACHE_INPUT=false, DISABLE_FP4_QUANT_FAST_MATH=true, NVFP4_4OVER6_CONFIG=tensorrt_llm::common::NVFP44Over6Config<256, tensorrt_llm::common::NVFP44Over6ErrMode::MSE, true>]" at line 106 of /workspace/envs/klein-torch213-cu132/lib/python3.12/site-packages/flashinfer/data/csrc/nv_internal/cpp/kernels/quantization.cu
            instantiation of "void tensorrt_llm::kernels::dispatchSFLayout(flashinfer::QuantizationSFLayout, Fn &&) [with Fn=lambda [](auto)->auto]" at line 413 of /workspace/envs/klein-torch213-cu132/lib/python3.12/site-packages/flashinfer/data/csrc/nv_internal/cpp/kernels/quantization.cu
            instantiation of "void tensorrt_llm::kernels::invokeNvfp4QuantAndPerTokenScale(uint32_t, uint32_t, const T *, float, int32_t *, uint8_t *, uint8_t *, float *, flashinfer::QuantizationSFLayout, cudaStream_t) [with T=__nv_bfloat16]" at line 426 of /workspace/envs/klein-torch213-cu132/lib/python3.12/site-packages/flashinfer/data/csrc/nv_internal/cpp/kernels/quantization.cu

/workspace/envs/klein-torch213-cu132/lib/python3.12/site-packages/flashinfer/data/csrc/nv_internal/tensorrt_llm/kernels/quantization_utils.cuh(662): warning #549-D: variable "fp8SFVal" is used before its value is set
      *SFout = fp8SFVal;
               ^
          detected during:
            instantiation of "std::conditional_t<<expression>, uint64_t, uint32_t> tensorrt_llm::kernels::cvt_warp_fp16_to_fp4<Type,SF_VEC_SIZE,CVT_ELTS_PER_THREAD,UE8M0_SF,DISABLE_FP4_QUANT_FAST_MATH,NVFP4_4OVER6_CONFIG>(tensorrt_llm::kernels::PackedVec<Type, CVT_ELTS_PER_THREAD> &, float, uint8_t *, float) [with Type=__nv_bfloat16, SF_VEC_SIZE=16, CVT_ELTS_PER_THREAD=16, UE8M0_SF=false, DISABLE_FP4_QUANT_FAST_MATH=true, NVFP4_4OVER6_CONFIG=tensorrt_llm::common::NVFP44Over6Config<256, tensorrt_llm::common::NVFP44Over6ErrMode::MSE, false>]" at line 858 of /workspace/envs/klein-torch213-cu132/lib/python3.12/site-packages/flashinfer/data/csrc/nv_internal/tensorrt_llm/kernels/quantization.cuh
            instantiation of "void tensorrt_llm::kernels::nvfp4QuantAndPerTokenScaleKernel<T,BLOCK_SIZE,SF_LAYOUT,CACHE_INPUT,DISABLE_FP4_QUANT_FAST_MATH,NVFP4_4OVER6_CONFIG>(uint32_t, uint32_t, const T *, float, int32_t *, uint8_t *, uint8_t *, float *) [with T=__nv_bfloat16, BLOCK_SIZE=128U, SF_LAYOUT=flashinfer::QuantizationSFLayout::LINEAR, CACHE_INPUT=false, DISABLE_FP4_QUANT_FAST_MATH=true, NVFP4_4OVER6_CONFIG=tensorrt_llm::common::NVFP44Over6Config<256, tensorrt_llm::common::NVFP44Over6ErrMode::MSE, false>]" at line 106 of /workspace/envs/klein-torch213-cu132/lib/python3.12/site-packages/flashinfer/data/csrc/nv_internal/cpp/kernels/quantization.cu
            instantiation of "void tensorrt_llm::kernels::dispatchSFLayout(flashinfer::QuantizationSFLayout, Fn &&) [with Fn=lambda [](auto)->auto]" at line 413 of /workspace/envs/klein-torch213-cu132/lib/python3.12/site-packages/flashinfer/data/csrc/nv_internal/cpp/kernels/quantization.cu
            instantiation of "void tensorrt_llm::kernels::invokeNvfp4QuantAndPerTokenScale(uint32_t, uint32_t, const T *, float, int32_t *, uint8_t *, uint8_t *, float *, flashinfer::QuantizationSFLayout, cudaStream_t) [with T=__nv_bfloat16]" at line 426 of /workspace/envs/klein-torch213-cu132/lib/python3.12/site-packages/flashinfer/data/csrc/nv_internal/cpp/kernels/quantization.cu

/workspace/envs/klein-torch213-cu132/lib/python3.12/site-packages/flashinfer/data/csrc/nv_internal/tensorrt_llm/kernels/quantization_utils.cuh(662): warning #549-D: variable "fp8SFVal" is used before its value is set
      *SFout = fp8SFVal;
               ^
          detected during:
            instantiation of "std::conditional_t<<expression>, uint64_t, uint32_t> tensorrt_llm::kernels::cvt_warp_fp16_to_fp4<Type,SF_VEC_SIZE,CVT_ELTS_PER_THREAD,UE8M0_SF,DISABLE_FP4_QUANT_FAST_MATH,NVFP4_4OVER6_CONFIG>(tensorrt_llm::kernels::PackedVec<Type, CVT_ELTS_PER_THREAD> &, float, uint8_t *, float) [with Type=__nv_bfloat16, SF_VEC_SIZE=16, CVT_ELTS_PER_THREAD=16, UE8M0_SF=false, DISABLE_FP4_QUANT_FAST_MATH=true, NVFP4_4OVER6_CONFIG=tensorrt_llm::common::NVFP44Over6Config<448, tensorrt_llm::common::NVFP44Over6ErrMode::MAE, true>]" at line 858 of /workspace/envs/klein-torch213-cu132/lib/python3.12/site-packages/flashinfer/data/csrc/nv_internal/tensorrt_llm/kernels/quantization.cuh
            instantiation of "void tensorrt_llm::kernels::nvfp4QuantAndPerTokenScaleKernel<T,BLOCK_SIZE,SF_LAYOUT,CACHE_INPUT,DISABLE_FP4_QUANT_FAST_MATH,NVFP4_4OVER6_CONFIG>(uint32_t, uint32_t, const T *, float, int32_t *, uint8_t *, uint8_t *, float *) [with T=__nv_bfloat16, BLOCK_SIZE=128U, SF_LAYOUT=flashinfer::QuantizationSFLayout::LINEAR, CACHE_INPUT=false, DISABLE_FP4_QUANT_FAST_MATH=true, NVFP4_4OVER6_CONFIG=tensorrt_llm::common::NVFP44Over6Config<448, tensorrt_llm::common::NVFP44Over6ErrMode::MAE, true>]" at line 106 of /workspace/envs/klein-torch213-cu132/lib/python3.12/site-packages/flashinfer/data/csrc/nv_internal/cpp/kernels/quantization.cu
            instantiation of "void tensorrt_llm::kernels::dispatchSFLayout(flashinfer::QuantizationSFLayout, Fn &&) [with Fn=lambda [](auto)->auto]" at line 413 of /workspace/envs/klein-torch213-cu132/lib/python3.12/site-packages/flashinfer/data/csrc/nv_internal/cpp/kernels/quantization.cu
            instantiation of "void tensorrt_llm::kernels::invokeNvfp4QuantAndPerTokenScale(uint32_t, uint32_t, const T *, float, int32_t *, uint8_t *, uint8_t *, float *, flashinfer::QuantizationSFLayout, cudaStream_t) [with T=__nv_bfloat16]" at line 426 of /workspace/envs/klein-torch213-cu132/lib/python3.12/site-packages/flashinfer/data/csrc/nv_internal/cpp/kernels/quantization.cu

/workspace/envs/klein-torch213-cu132/lib/python3.12/site-packages/flashinfer/data/csrc/nv_internal/tensorrt_llm/kernels/quantization_utils.cuh(662): warning #549-D: variable "fp8SFVal" is used before its value is set
      *SFout = fp8SFVal;
               ^
          detected during:
            instantiation of "std::conditional_t<<expression>, uint64_t, uint32_t> tensorrt_llm::kernels::cvt_warp_fp16_to_fp4<Type,SF_VEC_SIZE,CVT_ELTS_PER_THREAD,UE8M0_SF,DISABLE_FP4_QUANT_FAST_MATH,NVFP4_4OVER6_CONFIG>(tensorrt_llm::kernels::PackedVec<Type, CVT_ELTS_PER_THREAD> &, float, uint8_t *, float) [with Type=__nv_bfloat16, SF_VEC_SIZE=16, CVT_ELTS_PER_THREAD=16, UE8M0_SF=false, DISABLE_FP4_QUANT_FAST_MATH=true, NVFP4_4OVER6_CONFIG=tensorrt_llm::common::NVFP44Over6Config<448, tensorrt_llm::common::NVFP44Over6ErrMode::MAE, false>]" at line 858 of /workspace/envs/klein-torch213-cu132/lib/python3.12/site-packages/flashinfer/data/csrc/nv_internal/tensorrt_llm/kernels/quantization.cuh
            instantiation of "void tensorrt_llm::kernels::nvfp4QuantAndPerTokenScaleKernel<T,BLOCK_SIZE,SF_LAYOUT,CACHE_INPUT,DISABLE_FP4_QUANT_FAST_MATH,NVFP4_4OVER6_CONFIG>(uint32_t, uint32_t, const T *, float, int32_t *, uint8_t *, uint8_t *, float *) [with T=__nv_bfloat16, BLOCK_SIZE=128U, SF_LAYOUT=flashinfer::QuantizationSFLayout::LINEAR, CACHE_INPUT=false, DISABLE_FP4_QUANT_FAST_MATH=true, NVFP4_4OVER6_CONFIG=tensorrt_llm::common::NVFP44Over6Config<448, tensorrt_llm::common::NVFP44Over6ErrMode::MAE, false>]" at line 106 of /workspace/envs/klein-torch213-cu132/lib/python3.12/site-packages/flashinfer/data/csrc/nv_internal/cpp/kernels/quantization.cu
            instantiation of "void tensorrt_llm::kernels::dispatchSFLayout(flashinfer::QuantizationSFLayout, Fn &&) [with Fn=lambda [](auto)->auto]" at line 413 of /workspace/envs/klein-torch213-cu132/lib/python3.12/site-packages/flashinfer/data/csrc/nv_internal/cpp/kernels/quantization.cu
            instantiation of "void tensorrt_llm::kernels::invokeNvfp4QuantAndPerTokenScale(uint32_t, uint32_t, const T *, float, int32_t *, uint8_t *, uint8_t *, float *, flashinfer::QuantizationSFLayout, cudaStream_t) [with T=__nv_bfloat16]" at line 426 of /workspace/envs/klein-torch213-cu132/lib/python3.12/site-packages/flashinfer/data/csrc/nv_internal/cpp/kernels/quantization.cu

/workspace/envs/klein-torch213-cu132/lib/python3.12/site-packages/flashinfer/data/csrc/nv_internal/tensorrt_llm/kernels/quantization_utils.cuh(662): warning #549-D: variable "fp8SFVal" is used before its value is set
      *SFout = fp8SFVal;
               ^
          detected during:
            instantiation of "std::conditional_t<<expression>, uint64_t, uint32_t> tensorrt_llm::kernels::cvt_warp_fp16_to_fp4<Type,SF_VEC_SIZE,CVT_ELTS_PER_THREAD,UE8M0_SF,DISABLE_FP4_QUANT_FAST_MATH,NVFP4_4OVER6_CONFIG>(tensorrt_llm::kernels::PackedVec<Type, CVT_ELTS_PER_THREAD> &, float, uint8_t *, float) [with Type=__nv_bfloat16, SF_VEC_SIZE=16, CVT_ELTS_PER_THREAD=16, UE8M0_SF=false, DISABLE_FP4_QUANT_FAST_MATH=true, NVFP4_4OVER6_CONFIG=tensorrt_llm::common::NVFP44Over6Config<448, tensorrt_llm::common::NVFP44Over6ErrMode::MSE, true>]" at line 858 of /workspace/envs/klein-torch213-cu132/lib/python3.12/site-packages/flashinfer/data/csrc/nv_internal/tensorrt_llm/kernels/quantization.cuh
            instantiation of "void tensorrt_llm::kernels::nvfp4QuantAndPerTokenScaleKernel<T,BLOCK_SIZE,SF_LAYOUT,CACHE_INPUT,DISABLE_FP4_QUANT_FAST_MATH,NVFP4_4OVER6_CONFIG>(uint32_t, uint32_t, const T *, float, int32_t *, uint8_t *, uint8_t *, float *) [with T=__nv_bfloat16, BLOCK_SIZE=128U, SF_LAYOUT=flashinfer::QuantizationSFLayout::LINEAR, CACHE_INPUT=false, DISABLE_FP4_QUANT_FAST_MATH=true, NVFP4_4OVER6_CONFIG=tensorrt_llm::common::NVFP44Over6Config<448, tensorrt_llm::common::NVFP44Over6ErrMode::MSE, true>]" at line 106 of /workspace/envs/klein-torch213-cu132/lib/python3.12/site-packages/flashinfer/data/csrc/nv_internal/cpp/kernels/quantization.cu
            instantiation of "void tensorrt_llm::kernels::dispatchSFLayout(flashinfer::QuantizationSFLayout, Fn &&) [with Fn=lambda [](auto)->auto]" at line 413 of /workspace/envs/klein-torch213-cu132/lib/python3.12/site-packages/flashinfer/data/csrc/nv_internal/cpp/kernels/quantization.cu
            instantiation of "void tensorrt_llm::kernels::invokeNvfp4QuantAndPerTokenScale(uint32_t, uint32_t, const T *, float, int32_t *, uint8_t *, uint8_t *, float *, flashinfer::QuantizationSFLayout, cudaStream_t) [with T=__nv_bfloat16]" at line 426 of /workspace/envs/klein-torch213-cu132/lib/python3.12/site-packages/flashinfer/data/csrc/nv_internal/cpp/kernels/quantization.cu

/workspace/envs/klein-torch213-cu132/lib/python3.12/site-packages/flashinfer/data/csrc/nv_internal/tensorrt_llm/kernels/quantization_utils.cuh(662): warning #549-D: variable "fp8SFVal" is used before its value is set
      *SFout = fp8SFVal;
               ^
          detected during:
            instantiation of "std::conditional_t<<expression>, uint64_t, uint32_t> tensorrt_llm::kernels::cvt_warp_fp16_to_fp4<Type,SF_VEC_SIZE,CVT_ELTS_PER_THREAD,UE8M0_SF,DISABLE_FP4_QUANT_FAST_MATH,NVFP4_4OVER6_CONFIG>(tensorrt_llm::kernels::PackedVec<Type, CVT_ELTS_PER_THREAD> &, float, uint8_t *, float) [with Type=__nv_bfloat16, SF_VEC_SIZE=16, CVT_ELTS_PER_THREAD=16, UE8M0_SF=false, DISABLE_FP4_QUANT_FAST_MATH=true, NVFP4_4OVER6_CONFIG=tensorrt_llm::common::NVFP44Over6Config<448, tensorrt_llm::common::NVFP44Over6ErrMode::MSE, false>]" at line 858 of /workspace/envs/klein-torch213-cu132/lib/python3.12/site-packages/flashinfer/data/csrc/nv_internal/tensorrt_llm/kernels/quantization.cuh
            instantiation of "void tensorrt_llm::kernels::nvfp4QuantAndPerTokenScaleKernel<T,BLOCK_SIZE,SF_LAYOUT,CACHE_INPUT,DISABLE_FP4_QUANT_FAST_MATH,NVFP4_4OVER6_CONFIG>(uint32_t, uint32_t, const T *, float, int32_t *, uint8_t *, uint8_t *, float *) [with T=__nv_bfloat16, BLOCK_SIZE=128U, SF_LAYOUT=flashinfer::QuantizationSFLayout::LINEAR, CACHE_INPUT=false, DISABLE_FP4_QUANT_FAST_MATH=true, NVFP4_4OVER6_CONFIG=tensorrt_llm::common::NVFP44Over6Config<448, tensorrt_llm::common::NVFP44Over6ErrMode::MSE, false>]" at line 106 of /workspace/envs/klein-torch213-cu132/lib/python3.12/site-packages/flashinfer/data/csrc/nv_internal/cpp/kernels/quantization.cu
            instantiation of "void tensorrt_llm::kernels::dispatchSFLayout(flashinfer::QuantizationSFLayout, Fn &&) [with Fn=lambda [](auto)->auto]" at line 413 of /workspace/envs/klein-torch213-cu132/lib/python3.12/site-packages/flashinfer/data/csrc/nv_internal/cpp/kernels/quantization.cu
            instantiation of "void tensorrt_llm::kernels::invokeNvfp4QuantAndPerTokenScale(uint32_t, uint32_t, const T *, float, int32_t *, uint8_t *, uint8_t *, float *, flashinfer::QuantizationSFLayout, cudaStream_t) [with T=__nv_bfloat16]" at line 426 of /workspace/envs/klein-torch213-cu132/lib/python3.12/site-packages/flashinfer/data/csrc/nv_internal/cpp/kernels/quantization.cu

/workspace/envs/klein-torch213-cu132/lib/python3.12/site-packages/flashinfer/data/csrc/nv_internal/tensorrt_llm/kernels/quantization_utils.cuh(662): warning #549-D: variable "fp8SFVal" is used before its value is set
      *SFout = fp8SFVal;
               ^
          detected during:
            instantiation of "std::conditional_t<<expression>, uint64_t, uint32_t> tensorrt_llm::kernels::cvt_warp_fp16_to_fp4<Type,SF_VEC_SIZE,CVT_ELTS_PER_THREAD,UE8M0_SF,DISABLE_FP4_QUANT_FAST_MATH,NVFP4_4OVER6_CONFIG>(tensorrt_llm::kernels::PackedVec<Type, CVT_ELTS_PER_THREAD> &, float, uint8_t *, float) [with Type=__nv_bfloat16, SF_VEC_SIZE=16, CVT_ELTS_PER_THREAD=16, UE8M0_SF=false, DISABLE_FP4_QUANT_FAST_MATH=false, NVFP4_4OVER6_CONFIG=tensorrt_llm::common::NVFP44Over6Config<256, tensorrt_llm::common::NVFP44Over6ErrMode::MAE, true>]" at line 858 of /workspace/envs/klein-torch213-cu132/lib/python3.12/site-packages/flashinfer/data/csrc/nv_internal/tensorrt_llm/kernels/quantization.cuh
            instantiation of "void tensorrt_llm::kernels::nvfp4QuantAndPerTokenScaleKernel<T,BLOCK_SIZE,SF_LAYOUT,CACHE_INPUT,DISABLE_FP4_QUANT_FAST_MATH,NVFP4_4OVER6_CONFIG>(uint32_t, uint32_t, const T *, float, int32_t *, uint8_t *, uint8_t *, float *) [with T=__nv_bfloat16, BLOCK_SIZE=128U, SF_LAYOUT=flashinfer::QuantizationSFLayout::LINEAR, CACHE_INPUT=false, DISABLE_FP4_QUANT_FAST_MATH=false, NVFP4_4OVER6_CONFIG=tensorrt_llm::common::NVFP44Over6Config<256, tensorrt_llm::common::NVFP44Over6ErrMode::MAE, true>]" at line 106 of /workspace/envs/klein-torch213-cu132/lib/python3.12/site-packages/flashinfer/data/csrc/nv_internal/cpp/kernels/quantization.cu
            instantiation of "void tensorrt_llm::kernels::dispatchSFLayout(flashinfer::QuantizationSFLayout, Fn &&) [with Fn=lambda [](auto)->auto]" at line 413 of /workspace/envs/klein-torch213-cu132/lib/python3.12/site-packages/flashinfer/data/csrc/nv_internal/cpp/kernels/quantization.cu
            instantiation of "void tensorrt_llm::kernels::invokeNvfp4QuantAndPerTokenScale(uint32_t, uint32_t, const T *, float, int32_t *, uint8_t *, uint8_t *, float *, flashinfer::QuantizationSFLayout, cudaStream_t) [with T=__nv_bfloat16]" at line 426 of /workspace/envs/klein-torch213-cu132/lib/python3.12/site-packages/flashinfer/data/csrc/nv_internal/cpp/kernels/quantization.cu

/workspace/envs/klein-torch213-cu132/lib/python3.12/site-packages/flashinfer/data/csrc/nv_internal/tensorrt_llm/kernels/quantization_utils.cuh(662): warning #549-D: variable "fp8SFVal" is used before its value is set
      *SFout = fp8SFVal;
               ^
          detected during:
            instantiation of "std::conditional_t<<expression>, uint64_t, uint32_t> tensorrt_llm::kernels::cvt_warp_fp16_to_fp4<Type,SF_VEC_SIZE,CVT_ELTS_PER_THREAD,UE8M0_SF,DISABLE_FP4_QUANT_FAST_MATH,NVFP4_4OVER6_CONFIG>(tensorrt_llm::kernels::PackedVec<Type, CVT_ELTS_PER_THREAD> &, float, uint8_t *, float) [with Type=__nv_bfloat16, SF_VEC_SIZE=16, CVT_ELTS_PER_THREAD=16, UE8M0_SF=false, DISABLE_FP4_QUANT_FAST_MATH=false, NVFP4_4OVER6_CONFIG=tensorrt_llm::common::NVFP44Over6Config<256, tensorrt_llm::common::NVFP44Over6ErrMode::MAE, false>]" at line 858 of /workspace/envs/klein-torch213-cu132/lib/python3.12/site-packages/flashinfer/data/csrc/nv_internal/tensorrt_llm/kernels/quantization.cuh
            instantiation of "void tensorrt_llm::kernels::nvfp4QuantAndPerTokenScaleKernel<T,BLOCK_SIZE,SF_LAYOUT,CACHE_INPUT,DISABLE_FP4_QUANT_FAST_MATH,NVFP4_4OVER6_CONFIG>(uint32_t, uint32_t, const T *, float, int32_t *, uint8_t *, uint8_t *, float *) [with T=__nv_bfloat16, BLOCK_SIZE=128U, SF_LAYOUT=flashinfer::QuantizationSFLayout::LINEAR, CACHE_INPUT=false, DISABLE_FP4_QUANT_FAST_MATH=false, NVFP4_4OVER6_CONFIG=tensorrt_llm::common::NVFP44Over6Config<256, tensorrt_llm::common::NVFP44Over6ErrMode::MAE, false>]" at line 106 of /workspace/envs/klein-torch213-cu132/lib/python3.12/site-packages/flashinfer/data/csrc/nv_internal/cpp/kernels/quantization.cu
            instantiation of "void tensorrt_llm::kernels::dispatchSFLayout(flashinfer::QuantizationSFLayout, Fn &&) [with Fn=lambda [](auto)->auto]" at line 413 of /workspace/envs/klein-torch213-cu132/lib/python3.12/site-packages/flashinfer/data/csrc/nv_internal/cpp/kernels/quantization.cu
            instantiation of "void tensorrt_llm::kernels::invokeNvfp4QuantAndPerTokenScale(uint32_t, uint32_t, const T *, float, int32_t *, uint8_t *, uint8_t *, float *, flashinfer::QuantizationSFLayout, cudaStream_t) [with T=__nv_bfloat16]" at line 426 of /workspace/envs/klein-torch213-cu132/lib/python3.12/site-packages/flashinfer/data/csrc/nv_internal/cpp/kernels/quantization.cu

/workspace/envs/klein-torch213-cu132/lib/python3.12/site-packages/flashinfer/data/csrc/nv_internal/tensorrt_llm/kernels/quantization_utils.cuh(662): warning #549-D: variable "fp8SFVal" is used before its value is set
      *SFout = fp8SFVal;
               ^
          detected during:
            instantiation of "std::conditional_t<<expression>, uint64_t, uint32_t> tensorrt_llm::kernels::cvt_warp_fp16_to_fp4<Type,SF_VEC_SIZE,CVT_ELTS_PER_THREAD,UE8M0_SF,DISABLE_FP4_QUANT_FAST_MATH,NVFP4_4OVER6_CONFIG>(tensorrt_llm::kernels::PackedVec<Type, CVT_ELTS_PER_THREAD> &, float, uint8_t *, float) [with Type=__nv_bfloat16, SF_VEC_SIZE=16, CVT_ELTS_PER_THREAD=16, UE8M0_SF=false, DISABLE_FP4_QUANT_FAST_MATH=false, NVFP4_4OVER6_CONFIG=tensorrt_llm::common::NVFP44Over6Config<256, tensorrt_llm::common::NVFP44Over6ErrMode::MSE, true>]" at line 858 of /workspace/envs/klein-torch213-cu132/lib/python3.12/site-packages/flashinfer/data/csrc/nv_internal/tensorrt_llm/kernels/quantization.cuh
            instantiation of "void tensorrt_llm::kernels::nvfp4QuantAndPerTokenScaleKernel<T,BLOCK_SIZE,SF_LAYOUT,CACHE_INPUT,DISABLE_FP4_QUANT_FAST_MATH,NVFP4_4OVER6_CONFIG>(uint32_t, uint32_t, const T *, float, int32_t *, uint8_t *, uint8_t *, float *) [with T=__nv_bfloat16, BLOCK_SIZE=128U, SF_LAYOUT=flashinfer::QuantizationSFLayout::LINEAR, CACHE_INPUT=false, DISABLE_FP4_QUANT_FAST_MATH=false, NVFP4_4OVER6_CONFIG=tensorrt_llm::common::NVFP44Over6Config<256, tensorrt_llm::common::NVFP44Over6ErrMode::MSE, true>]" at line 106 of /workspace/envs/klein-torch213-cu132/lib/python3.12/site-packages/flashinfer/data/csrc/nv_internal/cpp/kernels/quantization.cu
            instantiation of "void tensorrt_llm::kernels::dispatchSFLayout(flashinfer::QuantizationSFLayout, Fn &&) [with Fn=lambda [](auto)->auto]" at line 413 of /workspace/envs/klein-torch213-cu132/lib/python3.12/site-packages/flashinfer/data/csrc/nv_internal/cpp/kernels/quantization.cu
            instantiation of "void tensorrt_llm::kernels::invokeNvfp4QuantAndPerTokenScale(uint32_t, uint32_t, const T *, float, int32_t *, uint8_t *, uint8_t *, float *, flashinfer::QuantizationSFLayout, cudaStream_t) [with T=__nv_bfloat16]" at line 426 of /workspace/envs/klein-torch213-cu132/lib/python3.12/site-packages/flashinfer/data/csrc/nv_internal/cpp/kernels/quantization.cu

/workspace/envs/klein-torch213-cu132/lib/python3.12/site-packages/flashinfer/data/csrc/nv_internal/tensorrt_llm/kernels/quantization_utils.cuh(662): warning #549-D: variable "fp8SFVal" is used before its value is set
      *SFout = fp8SFVal;
               ^
          detected during:
            instantiation of "std::conditional_t<<expression>, uint64_t, uint32_t> tensorrt_llm::kernels::cvt_warp_fp16_to_fp4<Type,SF_VEC_SIZE,CVT_ELTS_PER_THREAD,UE8M0_SF,DISABLE_FP4_QUANT_FAST_MATH,NVFP4_4OVER6_CONFIG>(tensorrt_llm::kernels::PackedVec<Type, CVT_ELTS_PER_THREAD> &, float, uint8_t *, float) [with Type=__nv_bfloat16, SF_VEC_SIZE=16, CVT_ELTS_PER_THREAD=16, UE8M0_SF=false, DISABLE_FP4_QUANT_FAST_MATH=false, NVFP4_4OVER6_CONFIG=tensorrt_llm::common::NVFP44Over6Config<256, tensorrt_llm::common::NVFP44Over6ErrMode::MSE, false>]" at line 858 of /workspace/envs/klein-torch213-cu132/lib/python3.12/site-packages/flashinfer/data/csrc/nv_internal/tensorrt_llm/kernels/quantization.cuh
            instantiation of "void tensorrt_llm::kernels::nvfp4QuantAndPerTokenScaleKernel<T,BLOCK_SIZE,SF_LAYOUT,CACHE_INPUT,DISABLE_FP4_QUANT_FAST_MATH,NVFP4_4OVER6_CONFIG>(uint32_t, uint32_t, const T *, float, int32_t *, uint8_t *, uint8_t *, float *) [with T=__nv_bfloat16, BLOCK_SIZE=128U, SF_LAYOUT=flashinfer::QuantizationSFLayout::LINEAR, CACHE_INPUT=false, DISABLE_FP4_QUANT_FAST_MATH=false, NVFP4_4OVER6_CONFIG=tensorrt_llm::common::NVFP44Over6Config<256, tensorrt_llm::common::NVFP44Over6ErrMode::MSE, false>]" at line 106 of /workspace/envs/klein-torch213-cu132/lib/python3.12/site-packages/flashinfer/data/csrc/nv_internal/cpp/kernels/quantization.cu
            instantiation of "void tensorrt_llm::kernels::dispatchSFLayout(flashinfer::QuantizationSFLayout, Fn &&) [with Fn=lambda [](auto)->auto]" at line 413 of /workspace/envs/klein-torch213-cu132/lib/python3.12/site-packages/flashinfer/data/csrc/nv_internal/cpp/kernels/quantization.cu
            instantiation of "void tensorrt_llm::kernels::invokeNvfp4QuantAndPerTokenScale(uint32_t, uint32_t, const T *, float, int32_t *, uint8_t *, uint8_t *, float *, flashinfer::QuantizationSFLayout, cudaStream_t) [with T=__nv_bfloat16]" at line 426 of /workspace/envs/klein-torch213-cu132/lib/python3.12/site-packages/flashinfer/data/csrc/nv_internal/cpp/kernels/quantization.cu

/workspace/envs/klein-torch213-cu132/lib/python3.12/site-packages/flashinfer/data/csrc/nv_internal/tensorrt_llm/kernels/quantization_utils.cuh(662): warning #549-D: variable "fp8SFVal" is used before its value is set
      *SFout = fp8SFVal;
               ^
          detected during:
            instantiation of "std::conditional_t<<expression>, uint64_t, uint32_t> tensorrt_llm::kernels::cvt_warp_fp16_to_fp4<Type,SF_VEC_SIZE,CVT_ELTS_PER_THREAD,UE8M0_SF,DISABLE_FP4_QUANT_FAST_MATH,NVFP4_4OVER6_CONFIG>(tensorrt_llm::kernels::PackedVec<Type, CVT_ELTS_PER_THREAD> &, float, uint8_t *, float) [with Type=__nv_bfloat16, SF_VEC_SIZE=16, CVT_ELTS_PER_THREAD=16, UE8M0_SF=false, DISABLE_FP4_QUANT_FAST_MATH=false, NVFP4_4OVER6_CONFIG=tensorrt_llm::common::NVFP44Over6Config<448, tensorrt_llm::common::NVFP44Over6ErrMode::MAE, true>]" at line 858 of /workspace/envs/klein-torch213-cu132/lib/python3.12/site-packages/flashinfer/data/csrc/nv_internal/tensorrt_llm/kernels/quantization.cuh
            instantiation of "void tensorrt_llm::kernels::nvfp4QuantAndPerTokenScaleKernel<T,BLOCK_SIZE,SF_LAYOUT,CACHE_INPUT,DISABLE_FP4_QUANT_FAST_MATH,NVFP4_4OVER6_CONFIG>(uint32_t, uint32_t, const T *, float, int32_t *, uint8_t *, uint8_t *, float *) [with T=__nv_bfloat16, BLOCK_SIZE=128U, SF_LAYOUT=flashinfer::QuantizationSFLayout::LINEAR, CACHE_INPUT=false, DISABLE_FP4_QUANT_FAST_MATH=false, NVFP4_4OVER6_CONFIG=tensorrt_llm::common::NVFP44Over6Config<448, tensorrt_llm::common::NVFP44Over6ErrMode::MAE, true>]" at line 106 of /workspace/envs/klein-torch213-cu132/lib/python3.12/site-packages/flashinfer/data/csrc/nv_internal/cpp/kernels/quantization.cu
            instantiation of "void tensorrt_llm::kernels::dispatchSFLayout(flashinfer::QuantizationSFLayout, Fn &&) [with Fn=lambda [](auto)->auto]" at line 413 of /workspace/envs/klein-torch213-cu132/lib/python3.12/site-packages/flashinfer/data/csrc/nv_internal/cpp/kernels/quantization.cu
            instantiation of "void tensorrt_llm::kernels::invokeNvfp4QuantAndPerTokenScale(uint32_t, uint32_t, const T *, float, int32_t *, uint8_t *, uint8_t *, float *, flashinfer::QuantizationSFLayout, cudaStream_t) [with T=__nv_bfloat16]" at line 426 of /workspace/envs/klein-torch213-cu132/lib/python3.12/site-packages/flashinfer/data/csrc/nv_internal/cpp/kernels/quantization.cu

/workspace/envs/klein-torch213-cu132/lib/python3.12/site-packages/flashinfer/data/csrc/nv_internal/tensorrt_llm/kernels/quantization_utils.cuh(662): warning #549-D: variable "fp8SFVal" is used before its value is set
      *SFout = fp8SFVal;
               ^
          detected during:
            instantiation of "std::conditional_t<<expression>, uint64_t, uint32_t> tensorrt_llm::kernels::cvt_warp_fp16_to_fp4<Type,SF_VEC_SIZE,CVT_ELTS_PER_THREAD,UE8M0_SF,DISABLE_FP4_QUANT_FAST_MATH,NVFP4_4OVER6_CONFIG>(tensorrt_llm::kernels::PackedVec<Type, CVT_ELTS_PER_THREAD> &, float, uint8_t *, float) [with Type=__nv_bfloat16, SF_VEC_SIZE=16, CVT_ELTS_PER_THREAD=16, UE8M0_SF=false, DISABLE_FP4_QUANT_FAST_MATH=false, NVFP4_4OVER6_CONFIG=tensorrt_llm::common::NVFP44Over6Config<448, tensorrt_llm::common::NVFP44Over6ErrMode::MAE, false>]" at line 858 of /workspace/envs/klein-torch213-cu132/lib/python3.12/site-packages/flashinfer/data/csrc/nv_internal/tensorrt_llm/kernels/quantization.cuh
            instantiation of "void tensorrt_llm::kernels::nvfp4QuantAndPerTokenScaleKernel<T,BLOCK_SIZE,SF_LAYOUT,CACHE_INPUT,DISABLE_FP4_QUANT_FAST_MATH,NVFP4_4OVER6_CONFIG>(uint32_t, uint32_t, const T *, float, int32_t *, uint8_t *, uint8_t *, float *) [with T=__nv_bfloat16, BLOCK_SIZE=128U, SF_LAYOUT=flashinfer::QuantizationSFLayout::LINEAR, CACHE_INPUT=false, DISABLE_FP4_QUANT_FAST_MATH=false, NVFP4_4OVER6_CONFIG=tensorrt_llm::common::NVFP44Over6Config<448, tensorrt_llm::common::NVFP44Over6ErrMode::MAE, false>]" at line 106 of /workspace/envs/klein-torch213-cu132/lib/python3.12/site-packages/flashinfer/data/csrc/nv_internal/cpp/kernels/quantization.cu
            instantiation of "void tensorrt_llm::kernels::dispatchSFLayout(flashinfer::QuantizationSFLayout, Fn &&) [with Fn=lambda [](auto)->auto]" at line 413 of /workspace/envs/klein-torch213-cu132/lib/python3.12/site-packages/flashinfer/data/csrc/nv_internal/cpp/kernels/quantization.cu
            instantiation of "void tensorrt_llm::kernels::invokeNvfp4QuantAndPerTokenScale(uint32_t, uint32_t, const T *, float, int32_t *, uint8_t *, uint8_t *, float *, flashinfer::QuantizationSFLayout, cudaStream_t) [with T=__nv_bfloat16]" at line 426 of /workspace/envs/klein-torch213-cu132/lib/python3.12/site-packages/flashinfer/data/csrc/nv_internal/cpp/kernels/quantization.cu

/workspace/envs/klein-torch213-cu132/lib/python3.12/site-packages/flashinfer/data/csrc/nv_internal/tensorrt_llm/kernels/quantization_utils.cuh(662): warning #549-D: variable "fp8SFVal" is used before its value is set
      *SFout = fp8SFVal;
               ^
          detected during:
            instantiation of "std::conditional_t<<expression>, uint64_t, uint32_t> tensorrt_llm::kernels::cvt_warp_fp16_to_fp4<Type,SF_VEC_SIZE,CVT_ELTS_PER_THREAD,UE8M0_SF,DISABLE_FP4_QUANT_FAST_MATH,NVFP4_4OVER6_CONFIG>(tensorrt_llm::kernels::PackedVec<Type, CVT_ELTS_PER_THREAD> &, float, uint8_t *, float) [with Type=__nv_bfloat16, SF_VEC_SIZE=16, CVT_ELTS_PER_THREAD=16, UE8M0_SF=false, DISABLE_FP4_QUANT_FAST_MATH=false, NVFP4_4OVER6_CONFIG=tensorrt_llm::common::NVFP44Over6Config<448, tensorrt_llm::common::NVFP44Over6ErrMode::MSE, true>]" at line 858 of /workspace/envs/klein-torch213-cu132/lib/python3.12/site-packages/flashinfer/data/csrc/nv_internal/tensorrt_llm/kernels/quantization.cuh
            instantiation of "void tensorrt_llm::kernels::nvfp4QuantAndPerTokenScaleKernel<T,BLOCK_SIZE,SF_LAYOUT,CACHE_INPUT,DISABLE_FP4_QUANT_FAST_MATH,NVFP4_4OVER6_CONFIG>(uint32_t, uint32_t, const T *, float, int32_t *, uint8_t *, uint8_t *, float *) [with T=__nv_bfloat16, BLOCK_SIZE=128U, SF_LAYOUT=flashinfer::QuantizationSFLayout::LINEAR, CACHE_INPUT=false, DISABLE_FP4_QUANT_FAST_MATH=false, NVFP4_4OVER6_CONFIG=tensorrt_llm::common::NVFP44Over6Config<448, tensorrt_llm::common::NVFP44Over6ErrMode::MSE, true>]" at line 106 of /workspace/envs/klein-torch213-cu132/lib/python3.12/site-packages/flashinfer/data/csrc/nv_internal/cpp/kernels/quantization.cu
            instantiation of "void tensorrt_llm::kernels::dispatchSFLayout(flashinfer::QuantizationSFLayout, Fn &&) [with Fn=lambda [](auto)->auto]" at line 413 of /workspace/envs/klein-torch213-cu132/lib/python3.12/site-packages/flashinfer/data/csrc/nv_internal/cpp/kernels/quantization.cu
            instantiation of "void tensorrt_llm::kernels::invokeNvfp4QuantAndPerTokenScale(uint32_t, uint32_t, const T *, float, int32_t *, uint8_t *, uint8_t *, float *, flashinfer::QuantizationSFLayout, cudaStream_t) [with T=__nv_bfloat16]" at line 426 of /workspace/envs/klein-torch213-cu132/lib/python3.12/site-packages/flashinfer/data/csrc/nv_internal/cpp/kernels/quantization.cu

/workspace/envs/klein-torch213-cu132/lib/python3.12/site-packages/flashinfer/data/csrc/nv_internal/tensorrt_llm/kernels/quantization_utils.cuh(662): warning #549-D: variable "fp8SFVal" is used before its value is set
      *SFout = fp8SFVal;
               ^
          detected during:
            instantiation of "std::conditional_t<<expression>, uint64_t, uint32_t> tensorrt_llm::kernels::cvt_warp_fp16_to_fp4<Type,SF_VEC_SIZE,CVT_ELTS_PER_THREAD,UE8M0_SF,DISABLE_FP4_QUANT_FAST_MATH,NVFP4_4OVER6_CONFIG>(tensorrt_llm::kernels::PackedVec<Type, CVT_ELTS_PER_THREAD> &, float, uint8_t *, float) [with Type=__nv_bfloat16, SF_VEC_SIZE=16, CVT_ELTS_PER_THREAD=16, UE8M0_SF=false, DISABLE_FP4_QUANT_FAST_MATH=false, NVFP4_4OVER6_CONFIG=tensorrt_llm::common::NVFP44Over6Config<448, tensorrt_llm::common::NVFP44Over6ErrMode::MSE, false>]" at line 858 of /workspace/envs/klein-torch213-cu132/lib/python3.12/site-packages/flashinfer/data/csrc/nv_internal/tensorrt_llm/kernels/quantization.cuh
            instantiation of "void tensorrt_llm::kernels::nvfp4QuantAndPerTokenScaleKernel<T,BLOCK_SIZE,SF_LAYOUT,CACHE_INPUT,DISABLE_FP4_QUANT_FAST_MATH,NVFP4_4OVER6_CONFIG>(uint32_t, uint32_t, const T *, float, int32_t *, uint8_t *, uint8_t *, float *) [with T=__nv_bfloat16, BLOCK_SIZE=128U, SF_LAYOUT=flashinfer::QuantizationSFLayout::LINEAR, CACHE_INPUT=false, DISABLE_FP4_QUANT_FAST_MATH=false, NVFP4_4OVER6_CONFIG=tensorrt_llm::common::NVFP44Over6Config<448, tensorrt_llm::common::NVFP44Over6ErrMode::MSE, false>]" at line 106 of /workspace/envs/klein-torch213-cu132/lib/python3.12/site-packages/flashinfer/data/csrc/nv_internal/cpp/kernels/quantization.cu
            instantiation of "void tensorrt_llm::kernels::dispatchSFLayout(flashinfer::QuantizationSFLayout, Fn &&) [with Fn=lambda [](auto)->auto]" at line 413 of /workspace/envs/klein-torch213-cu132/lib/python3.12/site-packages/flashinfer/data/csrc/nv_internal/cpp/kernels/quantization.cu
            instantiation of "void tensorrt_llm::kernels::invokeNvfp4QuantAndPerTokenScale(uint32_t, uint32_t, const T *, float, int32_t *, uint8_t *, uint8_t *, float *, flashinfer::QuantizationSFLayout, cudaStream_t) [with T=__nv_bfloat16]" at line 426 of /workspace/envs/klein-torch213-cu132/lib/python3.12/site-packages/flashinfer/data/csrc/nv_internal/cpp/kernels/quantization.cu

/workspace/envs/klein-torch213-cu132/lib/python3.12/site-packages/flashinfer/data/csrc/nv_internal/tensorrt_llm/kernels/quantization.cuh(418): warning #177-D: variable "THREADS_PER_ROW" was declared but never referenced
    static constexpr int THREADS_PER_ROW = Traits::THREADS_PER_ROW;
                         ^
          detected during:
            instantiation of "void tensorrt_llm::kernels::dispatchBool(__nv_bool, Fn &&) [with Fn=lambda [](auto)->auto]" at line 201 of /workspace/envs/klein-torch213-cu132/lib/python3.12/site-packages/flashinfer/data/csrc/nv_internal/cpp/kernels/quantization.cu
            instantiation of "void tensorrt_llm::kernels::dispatchFP4KernelConfig<QUANTIZATION_TYPE,SF_VEC_SIZE,Fn>(__nv_bool, __nv_bool, __nv_bool, __nv_bool, __nv_bool, tensorrt_llm::common::NVFP44Over6ErrMode, __nv_bool, int, Fn &&) [with QUANTIZATION_TYPE=tensorrt_llm::BlockScaleQuantizationType::FP16_TO_FP4, SF_VEC_SIZE=16, Fn=lambda [](auto, auto, auto, auto, auto)->auto &]" at line 517 of /workspace/envs/klein-torch213-cu132/lib/python3.12/site-packages/flashinfer/data/csrc/nv_internal/cpp/kernels/quantization.cu
            instantiation of "void tensorrt_llm::kernels::launchFP4QuantizationTma<quantization_type,T,SF_VEC_SIZE>(int, int, int, const T *, const float *, int64_t *, int32_t *, __nv_bool, flashinfer::QuantizationSFLayout, int, __nv_bool, __nv_bool, __nv_bool, __nv_bool, __nv_bool, tensorrt_llm::common::NVFP44Over6ErrMode, __nv_bool, int, cudaStream_t) [with quantization_type=tensorrt_llm::BlockScaleQuantizationType::FP16_TO_FP4, T=half, SF_VEC_SIZE=16]" at line 585 of /workspace/envs/klein-torch213-cu132/lib/python3.12/site-packages/flashinfer/data/csrc/nv_internal/cpp/kernels/quantization.cu
            instantiation of "void tensorrt_llm::kernels::invokeFP4Quantization<T,SF_VEC_SIZE>(int, int, int, const T *, const float *, int64_t *, int32_t *, __nv_bool, flashinfer::QuantizationSFLayout, int, __nv_bool, __nv_bool, __nv_bool, cudaStream_t) [with T=half, SF_VEC_SIZE=16]" at line 774 of /workspace/envs/klein-torch213-cu132/lib/python3.12/site-packages/flashinfer/data/csrc/nv_internal/cpp/kernels/quantization.cu

/workspace/envs/klein-torch213-cu132/lib/python3.12/site-packages/flashinfer/data/csrc/nv_internal/tensorrt_llm/kernels/quantization.cuh(434): warning #177-D: variable "numWarp" was declared but never referenced
    int numWarp = blockDim.x / 32;
        ^
          detected during:
            instantiation of "void tensorrt_llm::kernels::dispatchBool(__nv_bool, Fn &&) [with Fn=lambda [](auto)->auto]" at line 201 of /workspace/envs/klein-torch213-cu132/lib/python3.12/site-packages/flashinfer/data/csrc/nv_internal/cpp/kernels/quantization.cu
            instantiation of "void tensorrt_llm::kernels::dispatchFP4KernelConfig<QUANTIZATION_TYPE,SF_VEC_SIZE,Fn>(__nv_bool, __nv_bool, __nv_bool, __nv_bool, __nv_bool, tensorrt_llm::common::NVFP44Over6ErrMode, __nv_bool, int, Fn &&) [with QUANTIZATION_TYPE=tensorrt_llm::BlockScaleQuantizationType::FP16_TO_FP4, SF_VEC_SIZE=16, Fn=lambda [](auto, auto, auto, auto, auto)->auto &]" at line 517 of /workspace/envs/klein-torch213-cu132/lib/python3.12/site-packages/flashinfer/data/csrc/nv_internal/cpp/kernels/quantization.cu
            instantiation of "void tensorrt_llm::kernels::launchFP4QuantizationTma<quantization_type,T,SF_VEC_SIZE>(int, int, int, const T *, const float *, int64_t *, int32_t *, __nv_bool, flashinfer::QuantizationSFLayout, int, __nv_bool, __nv_bool, __nv_bool, __nv_bool, __nv_bool, tensorrt_llm::common::NVFP44Over6ErrMode, __nv_bool, int, cudaStream_t) [with quantization_type=tensorrt_llm::BlockScaleQuantizationType::FP16_TO_FP4, T=half, SF_VEC_SIZE=16]" at line 585 of /workspace/envs/klein-torch213-cu132/lib/python3.12/site-packages/flashinfer/data/csrc/nv_internal/cpp/kernels/quantization.cu
            instantiation of "void tensorrt_llm::kernels::invokeFP4Quantization<T,SF_VEC_SIZE>(int, int, int, const T *, const float *, int64_t *, int32_t *, __nv_bool, flashinfer::QuantizationSFLayout, int, __nv_bool, __nv_bool, __nv_bool, cudaStream_t) [with T=half, SF_VEC_SIZE=16]" at line 774 of /workspace/envs/klein-torch213-cu132/lib/python3.12/site-packages/flashinfer/data/csrc/nv_internal/cpp/kernels/quantization.cu

/workspace/envs/klein-torch213-cu132/lib/python3.12/site-packages/flashinfer/data/csrc/nv_internal/tensorrt_llm/kernels/quantization.cuh(472): warning #177-D: variable "numColsForSf" was declared but never referenced
    int numColsForSf = isSfSwizzledLayout ? ((numPaddedCols + 4 * SF_VEC_SIZE - 1) / (4 * SF_VEC_SIZE) * (4 * SF_VEC_SIZE)) : numPaddedCols;
        ^
          detected during:
            instantiation of "void tensorrt_llm::kernels::dispatchBool(__nv_bool, Fn &&) [with Fn=lambda [](auto)->auto]" at line 201 of /workspace/envs/klein-torch213-cu132/lib/python3.12/site-packages/flashinfer/data/csrc/nv_internal/cpp/kernels/quantization.cu
            instantiation of "void tensorrt_llm::kernels::dispatchFP4KernelConfig<QUANTIZATION_TYPE,SF_VEC_SIZE,Fn>(__nv_bool, __nv_bool, __nv_bool, __nv_bool, __nv_bool, tensorrt_llm::common::NVFP44Over6ErrMode, __nv_bool, int, Fn &&) [with QUANTIZATION_TYPE=tensorrt_llm::BlockScaleQuantizationType::FP16_TO_FP4, SF_VEC_SIZE=16, Fn=lambda [](auto, auto, auto, auto, auto)->auto &]" at line 517 of /workspace/envs/klein-torch213-cu132/lib/python3.12/site-packages/flashinfer/data/csrc/nv_internal/cpp/kernels/quantization.cu
            instantiation of "void tensorrt_llm::kernels::launchFP4QuantizationTma<quantization_type,T,SF_VEC_SIZE>(int, int, int, const T *, const float *, int64_t *, int32_t *, __nv_bool, flashinfer::QuantizationSFLayout, int, __nv_bool, __nv_bool, __nv_bool, __nv_bool, __nv_bool, tensorrt_llm::common::NVFP44Over6ErrMode, __nv_bool, int, cudaStream_t) [with quantization_type=tensorrt_llm::BlockScaleQuantizationType::FP16_TO_FP4, T=half, SF_VEC_SIZE=16]" at line 585 of /workspace/envs/klein-torch213-cu132/lib/python3.12/site-packages/flashinfer/data/csrc/nv_internal/cpp/kernels/quantization.cu
            instantiation of "void tensorrt_llm::kernels::invokeFP4Quantization<T,SF_VEC_SIZE>(int, int, int, const T *, const float *, int64_t *, int32_t *, __nv_bool, flashinfer::QuantizationSFLayout, int, __nv_bool, __nv_bool, __nv_bool, cudaStream_t) [with T=half, SF_VEC_SIZE=16]" at line 774 of /workspace/envs/klein-torch213-cu132/lib/python3.12/site-packages/flashinfer/data/csrc/nv_internal/cpp/kernels/quantization.cu

ptxas warning : Value of threads per SM for entry _ZN12tensorrt_llm7kernels24quantize_with_block_sizeILNS_26BlockScaleQuantizationTypeE1E13__nv_fp8_e4m3Li32ELb0ELb0ELb0ELb0ESt17integral_constantIbLb0EEEEviiiiPKT0_PKfPvPjN10flashinfer20QuantizationSFLayoutE is out of range. .minnctapersm will be ignored
ptxas warning : Value of threads per SM for entry _ZN12tensorrt_llm7kernels24quantize_with_block_sizeILNS_26BlockScaleQuantizationTypeE1E13__nv_fp8_e4m3Li32ELb0ELb0ELb0ELb1ESt17integral_constantIbLb0EEEEviiiiPKT0_PKfPvPjN10flashinfer20QuantizationSFLayoutE is out of range. .minnctapersm will be ignored
ptxas warning : Value of threads per SM for entry _ZN12tensorrt_llm7kernels24quantize_with_block_sizeILNS_26BlockScaleQuantizationTypeE1E13__nv_fp8_e4m3Li32ELb1ELb0ELb0ELb0ESt17integral_constantIbLb0EEEEviiiiPKT0_PKfPvPjN10flashinfer20QuantizationSFLayoutE is out of range. .minnctapersm will be ignored
ptxas warning : Value of threads per SM for entry _ZN12tensorrt_llm7kernels24quantize_with_block_sizeILNS_26BlockScaleQuantizationTypeE1E13__nv_fp8_e4m3Li32ELb1ELb0ELb0ELb1ESt17integral_constantIbLb0EEEEviiiiPKT0_PKfPvPjN10flashinfer20QuantizationSFLayoutE is out of range. .minnctapersm will be ignored
ptxas warning : Value of threads per SM for entry _ZN12tensorrt_llm7kernels24quantize_with_block_sizeILNS_26BlockScaleQuantizationTypeE1E13__nv_fp8_e4m3Li32ELb0ELb0ELb1ELb0ESt17integral_constantIbLb0EEEEviiiiPKT0_PKfPvPjN10flashinfer20QuantizationSFLayoutE is out of range. .minnctapersm will be ignored
ptxas warning : Value of threads per SM for entry _ZN12tensorrt_llm7kernels24quantize_with_block_sizeILNS_26BlockScaleQuantizationTypeE1E13__nv_fp8_e4m3Li32ELb0ELb0ELb1ELb1ESt17integral_constantIbLb0EEEEviiiiPKT0_PKfPvPjN10flashinfer20QuantizationSFLayoutE is out of range. .minnctapersm will be ignored
ptxas warning : Value of threads per SM for entry _ZN12tensorrt_llm7kernels24quantize_with_block_sizeILNS_26BlockScaleQuantizationTypeE1E13__nv_fp8_e4m3Li32ELb1ELb0ELb1ELb0ESt17integral_constantIbLb0EEEEviiiiPKT0_PKfPvPjN10flashinfer20QuantizationSFLayoutE is out of range. .minnctapersm will be ignored
ptxas warning : Value of threads per SM for entry _ZN12tensorrt_llm7kernels24quantize_with_block_sizeILNS_26BlockScaleQuantizationTypeE1E13__nv_fp8_e4m3Li32ELb1ELb0ELb1ELb1ESt17integral_constantIbLb0EEEEviiiiPKT0_PKfPvPjN10flashinfer20QuantizationSFLayoutE is out of range. .minnctapersm will be ignored
ptxas warning : Value of threads per SM for entry _ZN12tensorrt_llm7kernels24quantize_with_block_sizeILNS_26BlockScaleQuantizationTypeE1E13__nv_fp8_e4m3Li32ELb0ELb1ELb0ELb0ESt17integral_constantIbLb0EEEEviiiiPKT0_PKfPvPjN10flashinfer20QuantizationSFLayoutE is out of range. .minnctapersm will be ignored
ptxas warning : Value of threads per SM for entry _ZN12tensorrt_llm7kernels24quantize_with_block_sizeILNS_26BlockScaleQuantizationTypeE1E13__nv_fp8_e4m3Li32ELb0ELb1ELb0ELb1ESt17integral_constantIbLb0EEEEviiiiPKT0_PKfPvPjN10flashinfer20QuantizationSFLayoutE is out of range. .minnctapersm will be ignored
ptxas warning : Value of threads per SM for entry _ZN12tensorrt_llm7kernels24quantize_with_block_sizeILNS_26BlockScaleQuantizationTypeE1E13__nv_fp8_e4m3Li32ELb1ELb1ELb0ELb0ESt17integral_constantIbLb0EEEEviiiiPKT0_PKfPvPjN10flashinfer20QuantizationSFLayoutE is out of range. .minnctapersm will be ignored
ptxas warning : Value of threads per SM for entry _ZN12tensorrt_llm7kernels24quantize_with_block_sizeILNS_26BlockScaleQuantizationTypeE1E13__nv_fp8_e4m3Li32ELb1ELb1ELb0ELb1ESt17integral_constantIbLb0EEEEviiiiPKT0_PKfPvPjN10flashinfer20QuantizationSFLayoutE is out of range. .minnctapersm will be ignored
ptxas warning : Value of threads per SM for entry _ZN12tensorrt_llm7kernels24quantize_with_block_sizeILNS_26BlockScaleQuantizationTypeE1E13__nv_fp8_e4m3Li32ELb0ELb1ELb1ELb0ESt17integral_constantIbLb0EEEEviiiiPKT0_PKfPvPjN10flashinfer20QuantizationSFLayoutE is out of range. .minnctapersm will be ignored
ptxas warning : Value of threads per SM for entry _ZN12tensorrt_llm7kernels24quantize_with_block_sizeILNS_26BlockScaleQuantizationTypeE1E13__nv_fp8_e4m3Li32ELb0ELb1ELb1ELb1ESt17integral_constantIbLb0EEEEviiiiPKT0_PKfPvPjN10flashinfer20QuantizationSFLayoutE is out of range. .minnctapersm will be ignored
ptxas warning : Value of threads per SM for entry _ZN12tensorrt_llm7kernels24quantize_with_block_sizeILNS_26BlockScaleQuantizationTypeE1E13__nv_fp8_e4m3Li32ELb1ELb1ELb1ELb0ESt17integral_constantIbLb0EEEEviiiiPKT0_PKfPvPjN10flashinfer20QuantizationSFLayoutE is out of range. .minnctapersm will be ignored
ptxas warning : Value of threads per SM for entry _ZN12tensorrt_llm7kernels24quantize_with_block_sizeILNS_26BlockScaleQuantizationTypeE1E13__nv_fp8_e4m3Li32ELb1ELb1ELb1ELb1ESt17integral_constantIbLb0EEEEviiiiPKT0_PKfPvPjN10flashinfer20QuantizationSFLayoutE is out of range. .minnctapersm will be ignored
ptxas warning : Value of threads per SM for entry _ZN12tensorrt_llm7kernels24quantize_with_block_sizeILNS_26BlockScaleQuantizationTypeE1E13__nv_fp8_e4m3Li16ELb0ELb0ELb0ELb0ESt17integral_constantIbLb0EEEEviiiiPKT0_PKfPvPjN10flashinfer20QuantizationSFLayoutE is out of range. .minnctapersm will be ignored
ptxas warning : Value of threads per SM for entry _ZN12tensorrt_llm7kernels24quantize_with_block_sizeILNS_26BlockScaleQuantizationTypeE1E13__nv_fp8_e4m3Li16ELb0ELb0ELb0ELb1ESt17integral_constantIbLb0EEEEviiiiPKT0_PKfPvPjN10flashinfer20QuantizationSFLayoutE is out of range. .minnctapersm will be ignored
ptxas warning : Value of threads per SM for entry _ZN12tensorrt_llm7kernels24quantize_with_block_sizeILNS_26BlockScaleQuantizationTypeE1E13__nv_fp8_e4m3Li16ELb1ELb0ELb0ELb0ESt17integral_constantIbLb0EEEEviiiiPKT0_PKfPvPjN10flashinfer20QuantizationSFLayoutE is out of range. .minnctapersm will be ignored
ptxas warning : Value of threads per SM for entry _ZN12tensorrt_llm7kernels24quantize_with_block_sizeILNS_26BlockScaleQuantizationTypeE1E13__nv_fp8_e4m3Li16ELb1ELb0ELb0ELb1ESt17integral_constantIbLb0EEEEviiiiPKT0_PKfPvPjN10flashinfer20QuantizationSFLayoutE is out of range. .minnctapersm will be ignored
ptxas warning : Value of threads per SM for entry _ZN12tensorrt_llm7kernels24quantize_with_block_sizeILNS_26BlockScaleQuantizationTypeE1E13__nv_fp8_e4m3Li16ELb0ELb0ELb1ELb0ESt17integral_constantIbLb0EEEEviiiiPKT0_PKfPvPjN10flashinfer20QuantizationSFLayoutE is out of range. .minnctapersm will be ignored
ptxas warning : Value of threads per SM for entry _ZN12tensorrt_llm7kernels24quantize_with_block_sizeILNS_26BlockScaleQuantizationTypeE1E13__nv_fp8_e4m3Li16ELb0ELb0ELb1ELb1ESt17integral_constantIbLb0EEEEviiiiPKT0_PKfPvPjN10flashinfer20QuantizationSFLayoutE is out of range. .minnctapersm will be ignored
ptxas warning : Value of threads per SM for entry _ZN12tensorrt_llm7kernels24quantize_with_block_sizeILNS_26BlockScaleQuantizationTypeE1E13__nv_fp8_e4m3Li16ELb1ELb0ELb1ELb0ESt17integral_constantIbLb0EEEEviiiiPKT0_PKfPvPjN10flashinfer20QuantizationSFLayoutE is out of range. .minnctapersm will be ignored
ptxas warning : Value of threads per SM for entry _ZN12tensorrt_llm7kernels24quantize_with_block_sizeILNS_26BlockScaleQuantizationTypeE1E13__nv_fp8_e4m3Li16ELb1ELb0ELb1ELb1ESt17integral_constantIbLb0EEEEviiiiPKT0_PKfPvPjN10flashinfer20QuantizationSFLayoutE is out of range. .minnctapersm will be ignored
ptxas warning : Value of threads per SM for entry _ZN12tensorrt_llm7kernels24quantize_with_block_sizeILNS_26BlockScaleQuantizationTypeE1E13__nv_fp8_e4m3Li16ELb0ELb1ELb0ELb0ESt17integral_constantIbLb0EEEEviiiiPKT0_PKfPvPjN10flashinfer20QuantizationSFLayoutE is out of range. .minnctapersm will be ignored
ptxas warning : Value of threads per SM for entry _ZN12tensorrt_llm7kernels24quantize_with_block_sizeILNS_26BlockScaleQuantizationTypeE1E13__nv_fp8_e4m3Li16ELb0ELb1ELb0ELb1ESt17integral_constantIbLb0EEEEviiiiPKT0_PKfPvPjN10flashinfer20QuantizationSFLayoutE is out of range. .minnctapersm will be ignored
ptxas warning : Value of threads per SM for entry _ZN12tensorrt_llm7kernels24quantize_with_block_sizeILNS_26BlockScaleQuantizationTypeE1E13__nv_fp8_e4m3Li16ELb1ELb1ELb0ELb0ESt17integral_constantIbLb0EEEEviiiiPKT0_PKfPvPjN10flashinfer20QuantizationSFLayoutE is out of range. .minnctapersm will be ignored
ptxas warning : Value of threads per SM for entry _ZN12tensorrt_llm7kernels24quantize_with_block_sizeILNS_26BlockScaleQuantizationTypeE1E13__nv_fp8_e4m3Li16ELb1ELb1ELb0ELb1ESt17integral_constantIbLb0EEEEviiiiPKT0_PKfPvPjN10flashinfer20QuantizationSFLayoutE is out of range. .minnctapersm will be ignored
ptxas warning : Value of threads per SM for entry _ZN12tensorrt_llm7kernels24quantize_with_block_sizeILNS_26BlockScaleQuantizationTypeE1E13__nv_fp8_e4m3Li16ELb0ELb1ELb1ELb0ESt17integral_constantIbLb0EEEEviiiiPKT0_PKfPvPjN10flashinfer20QuantizationSFLayoutE is out of range. .minnctapersm will be ignored
ptxas warning : Value of threads per SM for entry _ZN12tensorrt_llm7kernels24quantize_with_block_sizeILNS_26BlockScaleQuantizationTypeE1E13__nv_fp8_e4m3Li16ELb0ELb1ELb1ELb1ESt17integral_constantIbLb0EEEEviiiiPKT0_PKfPvPjN10flashinfer20QuantizationSFLayoutE is out of range. .minnctapersm will be ignored
ptxas warning : Value of threads per SM for entry _ZN12tensorrt_llm7kernels24quantize_with_block_sizeILNS_26BlockScaleQuantizationTypeE1E13__nv_fp8_e4m3Li16ELb1ELb1ELb1ELb0ESt17integral_constantIbLb0EEEEviiiiPKT0_PKfPvPjN10flashinfer20QuantizationSFLayoutE is out of range. .minnctapersm will be ignored
ptxas warning : Value of threads per SM for entry _ZN12tensorrt_llm7kernels24quantize_with_block_sizeILNS_26BlockScaleQuantizationTypeE1E13__nv_fp8_e4m3Li16ELb1ELb1ELb1ELb1ESt17integral_constantIbLb0EEEEviiiiPKT0_PKfPvPjN10flashinfer20QuantizationSFLayoutE is out of range. .minnctapersm will be ignored
ptxas warning : Value of threads per SM for entry _ZN12tensorrt_llm7kernels22cvt_fp16_to_fp4_expertI13__nv_bfloat16Lb0ELb0ESt17integral_constantIbLb0EEEEviiPKT_PKfPjSA_Pibi is out of range. .minnctapersm will be ignored
ptxas warning : Value of threads per SM for entry _ZN12tensorrt_llm7kernels22cvt_fp16_to_fp4_expertI13__nv_bfloat16Lb0ELb1ESt17integral_constantIbLb0EEEEviiPKT_PKfPjSA_Pibi is out of range. .minnctapersm will be ignored
ptxas warning : Value of threads per SM for entry _ZN12tensorrt_llm7kernels22cvt_fp16_to_fp4_expertI13__nv_bfloat16Lb0ELb0ENS_6common17NVFP44Over6ConfigILi448ELNS3_18NVFP44Over6ErrModeE1ELb0EEEEEviiPKT_PKfPjSC_Pibi is out of range. .minnctapersm will be ignored
ptxas warning : Value of threads per SM for entry _ZN12tensorrt_llm7kernels22cvt_fp16_to_fp4_expertI13__nv_bfloat16Lb0ELb0ENS_6common17NVFP44Over6ConfigILi448ELNS3_18NVFP44Over6ErrModeE1ELb1EEEEEviiPKT_PKfPjSC_Pibi is out of range. .minnctapersm will be ignored
ptxas warning : Value of threads per SM for entry _ZN12tensorrt_llm7kernels22cvt_fp16_to_fp4_expertI13__nv_bfloat16Lb0ELb0ENS_6common17NVFP44Over6ConfigILi448ELNS3_18NVFP44Over6ErrModeE0ELb0EEEEEviiPKT_PKfPjSC_Pibi is out of range. .minnctapersm will be ignored
ptxas warning : Value of threads per SM for entry _ZN12tensorrt_llm7kernels22cvt_fp16_to_fp4_expertI13__nv_bfloat16Lb0ELb0ENS_6common17NVFP44Over6ConfigILi448ELNS3_18NVFP44Over6ErrModeE0ELb1EEEEEviiPKT_PKfPjSC_Pibi is out of range. .minnctapersm will be ignored
ptxas warning : Value of threads per SM for entry _ZN12tensorrt_llm7kernels22cvt_fp16_to_fp4_expertI13__nv_bfloat16Lb0ELb0ENS_6common17NVFP44Over6ConfigILi256ELNS3_18NVFP44Over6ErrModeE1ELb0EEEEEviiPKT_PKfPjSC_Pibi is out of range. .minnctapersm will be ignored
ptxas warning : Value of threads per SM for entry _ZN12tensorrt_llm7kernels22cvt_fp16_to_fp4_expertI13__nv_bfloat16Lb0ELb0ENS_6common17NVFP44Over6ConfigILi256ELNS3_18NVFP44Over6ErrModeE1ELb1EEEEEviiPKT_PKfPjSC_Pibi is out of range. .minnctapersm will be ignored
ptxas warning : Value of threads per SM for entry _ZN12tensorrt_llm7kernels22cvt_fp16_to_fp4_expertI13__nv_bfloat16Lb0ELb0ENS_6common17NVFP44Over6ConfigILi256ELNS3_18NVFP44Over6ErrModeE0ELb0EEEEEviiPKT_PKfPjSC_Pibi is out of range. .minnctapersm will be ignored
ptxas warning : Value of threads per SM for entry _ZN12tensorrt_llm7kernels22cvt_fp16_to_fp4_expertI13__nv_bfloat16Lb0ELb0ENS_6common17NVFP44Over6ConfigILi256ELNS3_18NVFP44Over6ErrModeE0ELb1EEEEEviiPKT_PKfPjSC_Pibi is out of range. .minnctapersm will be ignored
ptxas warning : Value of threads per SM for entry _ZN12tensorrt_llm7kernels22cvt_fp16_to_fp4_expertI13__nv_bfloat16Lb0ELb1ENS_6common17NVFP44Over6ConfigILi448ELNS3_18NVFP44Over6ErrModeE1ELb0EEEEEviiPKT_PKfPjSC_Pibi is out of range. .minnctapersm will be ignored
ptxas warning : Value of threads per SM for entry _ZN12tensorrt_llm7kernels22cvt_fp16_to_fp4_expertI13__nv_bfloat16Lb0ELb1ENS_6common17NVFP44Over6ConfigILi448ELNS3_18NVFP44Over6ErrModeE1ELb1EEEEEviiPKT_PKfPjSC_Pibi is out of range. .minnctapersm will be ignored
ptxas warning : Value of threads per SM for entry _ZN12tensorrt_llm7kernels22cvt_fp16_to_fp4_expertI13__nv_bfloat16Lb0ELb1ENS_6common17NVFP44Over6ConfigILi448ELNS3_18NVFP44Over6ErrModeE0ELb0EEEEEviiPKT_PKfPjSC_Pibi is out of range. .minnctapersm will be ignored
ptxas warning : Value of threads per SM for entry _ZN12tensorrt_llm7kernels22cvt_fp16_to_fp4_expertI13__nv_bfloat16Lb0ELb1ENS_6common17NVFP44Over6ConfigILi448ELNS3_18NVFP44Over6ErrModeE0ELb1EEEEEviiPKT_PKfPjSC_Pibi is out of range. .minnctapersm will be ignored
ptxas warning : Value of threads per SM for entry _ZN12tensorrt_llm7kernels22cvt_fp16_to_fp4_expertI13__nv_bfloat16Lb0ELb1ENS_6common17NVFP44Over6ConfigILi256ELNS3_18NVFP44Over6ErrModeE1ELb0EEEEEviiPKT_PKfPjSC_Pibi is out of range. .minnctapersm will be ignored
ptxas warning : Value of threads per SM for entry _ZN12tensorrt_llm7kernels22cvt_fp16_to_fp4_expertI13__nv_bfloat16Lb0ELb1ENS_6common17NVFP44Over6ConfigILi256ELNS3_18NVFP44Over6ErrModeE1ELb1EEEEEviiPKT_PKfPjSC_Pibi is out of range. .minnctapersm will be ignored
ptxas warning : Value of threads per SM for entry _ZN12tensorrt_llm7kernels22cvt_fp16_to_fp4_expertI13__nv_bfloat16Lb0ELb1ENS_6common17NVFP44Over6ConfigILi256ELNS3_18NVFP44Over6ErrModeE0ELb0EEEEEviiPKT_PKfPjSC_Pibi is out of range. .minnctapersm will be ignored
ptxas warning : Value of threads per SM for entry _ZN12tensorrt_llm7kernels22cvt_fp16_to_fp4_expertI13__nv_bfloat16Lb0ELb1ENS_6common17NVFP44Over6ConfigILi256ELNS3_18NVFP44Over6ErrModeE0ELb1EEEEEviiPKT_PKfPjSC_Pibi is out of range. .minnctapersm will be ignored
ptxas warning : Value of threads per SM for entry _ZN12tensorrt_llm7kernels24quantize_with_block_sizeILNS_26BlockScaleQuantizationTypeE2E13__nv_bfloat16Li32ELb1ELb0ELb0ELb0ESt17integral_constantIbLb0EEEEviiiiPKT0_PKfPvPjN10flashinfer20QuantizationSFLayoutE is out of range. .minnctapersm will be ignored
ptxas warning : Value of threads per SM for entry _ZN12tensorrt_llm7kernels24quantize_with_block_sizeILNS_26BlockScaleQuantizationTypeE0E13__nv_bfloat16Li32ELb0ELb0ELb0ELb0ESt17integral_constantIbLb0EEEEviiiiPKT0_PKfPvPjN10flashinfer20QuantizationSFLayoutE is out of range. .minnctapersm will be ignored
ptxas warning : Value of threads per SM for entry _ZN12tensorrt_llm7kernels24quantize_with_block_sizeILNS_26BlockScaleQuantizationTypeE0E13__nv_bfloat16Li32ELb0ELb0ELb0ELb1ESt17integral_constantIbLb0EEEEviiiiPKT0_PKfPvPjN10flashinfer20QuantizationSFLayoutE is out of range. .minnctapersm will be ignored
ptxas warning : Value of threads per SM for entry _ZN12tensorrt_llm7kernels24quantize_with_block_sizeILNS_26BlockScaleQuantizationTypeE0E13__nv_bfloat16Li32ELb1ELb0ELb0ELb0ESt17integral_constantIbLb0EEEEviiiiPKT0_PKfPvPjN10flashinfer20QuantizationSFLayoutE is out of range. .minnctapersm will be ignored
ptxas warning : Value of threads per SM for entry _ZN12tensorrt_llm7kernels24quantize_with_block_sizeILNS_26BlockScaleQuantizationTypeE0E13__nv_bfloat16Li32ELb1ELb0ELb0ELb1ESt17integral_constantIbLb0EEEEviiiiPKT0_PKfPvPjN10flashinfer20QuantizationSFLayoutE is out of range. .minnctapersm will be ignored
ptxas warning : Value of threads per SM for entry _ZN12tensorrt_llm7kernels24quantize_with_block_sizeILNS_26BlockScaleQuantizationTypeE0E13__nv_bfloat16Li32ELb0ELb0ELb1ELb0ESt17integral_constantIbLb0EEEEviiiiPKT0_PKfPvPjN10flashinfer20QuantizationSFLayoutE is out of range. .minnctapersm will be ignored
ptxas warning : Value of threads per SM for entry _ZN12tensorrt_llm7kernels24quantize_with_block_sizeILNS_26BlockScaleQuantizationTypeE0E13__nv_bfloat16Li32ELb0ELb0ELb1ELb1ESt17integral_constantIbLb0EEEEviiiiPKT0_PKfPvPjN10flashinfer20QuantizationSFLayoutE is out of range. .minnctapersm will be ignored
ptxas warning : Value of threads per SM for entry _ZN12tensorrt_llm7kernels24quantize_with_block_sizeILNS_26BlockScaleQuantizationTypeE0E13__nv_bfloat16Li32ELb1ELb0ELb1ELb0ESt17integral_constantIbLb0EEEEviiiiPKT0_PKfPvPjN10flashinfer20QuantizationSFLayoutE is out of range. .minnctapersm will be ignored
ptxas warning : Value of threads per SM for entry _ZN12tensorrt_llm7kernels24quantize_with_block_sizeILNS_26BlockScaleQuantizationTypeE0E13__nv_bfloat16Li32ELb1ELb0ELb1ELb1ESt17integral_constantIbLb0EEEEviiiiPKT0_PKfPvPjN10flashinfer20QuantizationSFLayoutE is out of range. .minnctapersm will be ignored
ptxas warning : Value of threads per SM for entry _ZN12tensorrt_llm7kernels24quantize_with_block_sizeILNS_26BlockScaleQuantizationTypeE0E13__nv_bfloat16Li32ELb0ELb1ELb0ELb0ESt17integral_constantIbLb0EEEEviiiiPKT0_PKfPvPjN10flashinfer20QuantizationSFLayoutE is out of range. .minnctapersm will be ignored
ptxas warning : Value of threads per SM for entry _ZN12tensorrt_llm7kernels24quantize_with_block_sizeILNS_26BlockScaleQuantizationTypeE0E13__nv_bfloat16Li32ELb0ELb1ELb0ELb1ESt17integral_constantIbLb0EEEEviiiiPKT0_PKfPvPjN10flashinfer20QuantizationSFLayoutE is out of range. .minnctapersm will be ignored
ptxas warning : Value of threads per SM for entry _ZN12tensorrt_llm7kernels24quantize_with_block_sizeILNS_26BlockScaleQuantizationTypeE0E13__nv_bfloat16Li32ELb1ELb1ELb0ELb0ESt17integral_constantIbLb0EEEEviiiiPKT0_PKfPvPjN10flashinfer20QuantizationSFLayoutE is out of range. .minnctapersm will be ignored
ptxas warning : Value of threads per SM for entry _ZN12tensorrt_llm7kernels24quantize_with_block_sizeILNS_26BlockScaleQuantizationTypeE0E13__nv_bfloat16Li32ELb1ELb1ELb0ELb1ESt17integral_constantIbLb0EEEEviiiiPKT0_PKfPvPjN10flashinfer20QuantizationSFLayoutE is out of range. .minnctapersm will be ignored
ptxas warning : Value of threads per SM for entry _ZN12tensorrt_llm7kernels24quantize_with_block_sizeILNS_26BlockScaleQuantizationTypeE0E13__nv_bfloat16Li32ELb0ELb1ELb1ELb0ESt17integral_constantIbLb0EEEEviiiiPKT0_PKfPvPjN10flashinfer20QuantizationSFLayoutE is out of range. .minnctapersm will be ignored
ptxas warning : Value of threads per SM for entry _ZN12tensorrt_llm7kernels24quantize_with_block_sizeILNS_26BlockScaleQuantizationTypeE0E13__nv_bfloat16Li32ELb0ELb1ELb1ELb1ESt17integral_constantIbLb0EEEEviiiiPKT0_PKfPvPjN10flashinfer20QuantizationSFLayoutE is out of range. .minnctapersm will be ignored
ptxas warning : Value of threads per SM for entry _ZN12tensorrt_llm7kernels24quantize_with_block_sizeILNS_26BlockScaleQuantizationTypeE0E13__nv_bfloat16Li32ELb1ELb1ELb1ELb0ESt17integral_constantIbLb0EEEEviiiiPKT0_PKfPvPjN10flashinfer20QuantizationSFLayoutE is out of range. .minnctapersm will be ignored
ptxas warning : Value of threads per SM for entry _ZN12tensorrt_llm7kernels24quantize_with_block_sizeILNS_26BlockScaleQuantizationTypeE0E13__nv_bfloat16Li32ELb1ELb1ELb1ELb1ESt17integral_constantIbLb0EEEEviiiiPKT0_PKfPvPjN10flashinfer20QuantizationSFLayoutE is out of range. .minnctapersm will be ignored
ptxas warning : Value of threads per SM for entry _ZN12tensorrt_llm7kernels24quantize_with_block_sizeILNS_26BlockScaleQuantizationTypeE0E13__nv_bfloat16Li16ELb0ELb0ELb0ELb0ENS_6common17NVFP44Over6ConfigILi448ELNS4_18NVFP44Over6ErrModeE1ELb0EEEEEviiiiPKT0_PKfPvPjN10flashinfer20QuantizationSFLayoutE is out of range. .minnctapersm will be ignored
ptxas warning : Value of threads per SM for entry _ZN12tensorrt_llm7kernels24quantize_with_block_sizeILNS_26BlockScaleQuantizationTypeE0E13__nv_bfloat16Li16ELb0ELb0ELb0ELb0ENS_6common17NVFP44Over6ConfigILi448ELNS4_18NVFP44Over6ErrModeE1ELb1EEEEEviiiiPKT0_PKfPvPjN10flashinfer20QuantizationSFLayoutE is out of range. .minnctapersm will be ignored
ptxas warning : Value of threads per SM for entry _ZN12tensorrt_llm7kernels24quantize_with_block_sizeILNS_26BlockScaleQuantizationTypeE0E13__nv_bfloat16Li16ELb0ELb0ELb0ELb0ENS_6common17NVFP44Over6ConfigILi448ELNS4_18NVFP44Over6ErrModeE0ELb0EEEEEviiiiPKT0_PKfPvPjN10flashinfer20QuantizationSFLayoutE is out of range. .minnctapersm will be ignored
ptxas warning : Value of threads per SM for entry _ZN12tensorrt_llm7kernels24quantize_with_block_sizeILNS_26BlockScaleQuantizationTypeE0E13__nv_bfloat16Li16ELb0ELb0ELb0ELb0ENS_6common17NVFP44Over6ConfigILi448ELNS4_18NVFP44Over6ErrModeE0ELb1EEEEEviiiiPKT0_PKfPvPjN10flashinfer20QuantizationSFLayoutE is out of range. .minnctapersm will be ignored
ptxas warning : Value of threads per SM for entry _ZN12tensorrt_llm7kernels24quantize_with_block_sizeILNS_26BlockScaleQuantizationTypeE0E13__nv_bfloat16Li16ELb0ELb0ELb0ELb0ENS_6common17NVFP44Over6ConfigILi256ELNS4_18NVFP44Over6ErrModeE1ELb0EEEEEviiiiPKT0_PKfPvPjN10flashinfer20QuantizationSFLayoutE is out of range. .minnctapersm will be ignored
ptxas warning : Value of threads per SM for entry _ZN12tensorrt_llm7kernels24quantize_with_block_sizeILNS_26BlockScaleQuantizationTypeE0E13__nv_bfloat16Li16ELb0ELb0ELb0ELb0ENS_6common17NVFP44Over6ConfigILi256ELNS4_18NVFP44Over6ErrModeE1ELb1EEEEEviiiiPKT0_PKfPvPjN10flashinfer20QuantizationSFLayoutE is out of range. .minnctapersm will be ignored
ptxas warning : Value of threads per SM for entry _ZN12tensorrt_llm7kernels24quantize_with_block_sizeILNS_26BlockScaleQuantizationTypeE0E13__nv_bfloat16Li16ELb0ELb0ELb0ELb0ENS_6common17NVFP44Over6ConfigILi256ELNS4_18NVFP44Over6ErrModeE0ELb0EEEEEviiiiPKT0_PKfPvPjN10flashinfer20QuantizationSFLayoutE is out of range. .minnctapersm will be ignored
ptxas warning : Value of threads per SM for entry _ZN12tensorrt_llm7kernels24quantize_with_block_sizeILNS_26BlockScaleQuantizationTypeE0E13__nv_bfloat16Li16ELb0ELb0ELb0ELb0ENS_6common17NVFP44Over6ConfigILi256ELNS4_18NVFP44Over6ErrModeE0ELb1EEEEEviiiiPKT0_PKfPvPjN10flashinfer20QuantizationSFLayoutE is out of range. .minnctapersm will be ignored
ptxas warning : Value of threads per SM for entry _ZN12tensorrt_llm7kernels24quantize_with_block_sizeILNS_26BlockScaleQuantizationTypeE0E13__nv_bfloat16Li16ELb0ELb0ELb0ELb1ENS_6common17NVFP44Over6ConfigILi448ELNS4_18NVFP44Over6ErrModeE1ELb0EEEEEviiiiPKT0_PKfPvPjN10flashinfer20QuantizationSFLayoutE is out of range. .minnctapersm will be ignored
ptxas warning : Value of threads per SM for entry _ZN12tensorrt_llm7kernels24quantize_with_block_sizeILNS_26BlockScaleQuantizationTypeE0E13__nv_bfloat16Li16ELb0ELb0ELb0ELb1ENS_6common17NVFP44Over6ConfigILi448ELNS4_18NVFP44Over6ErrModeE1ELb1EEEEEviiiiPKT0_PKfPvPjN10flashinfer20QuantizationSFLayoutE is out of range. .minnctapersm will be ignored
ptxas warning : Value of threads per SM for entry _ZN12tensorrt_llm7kernels24quantize_with_block_sizeILNS_26BlockScaleQuantizationTypeE0E13__nv_bfloat16Li16ELb0ELb0ELb0ELb1ENS_6common17NVFP44Over6ConfigILi448ELNS4_18NVFP44Over6ErrModeE0ELb0EEEEEviiiiPKT0_PKfPvPjN10flashinfer20QuantizationSFLayoutE is out of range. .minnctapersm will be ignored
ptxas warning : Value of threads per SM for entry _ZN12tensorrt_llm7kernels24quantize_with_block_sizeILNS_26BlockScaleQuantizationTypeE0E13__nv_bfloat16Li16ELb0ELb0ELb0ELb1ENS_6common17NVFP44Over6ConfigILi448ELNS4_18NVFP44Over6ErrModeE0ELb1EEEEEviiiiPKT0_PKfPvPjN10flashinfer20QuantizationSFLayoutE is out of range. .minnctapersm will be ignored
ptxas warning : Value of threads per SM for entry _ZN12tensorrt_llm7kernels24quantize_with_block_sizeILNS_26BlockScaleQuantizationTypeE0E13__nv_bfloat16Li16ELb0ELb0ELb0ELb1ENS_6common17NVFP44Over6ConfigILi256ELNS4_18NVFP44Over6ErrModeE1ELb0EEEEEviiiiPKT0_PKfPvPjN10flashinfer20QuantizationSFLayoutE is out of range. .minnctapersm will be ignored
ptxas warning : Value of threads per SM for entry _ZN12tensorrt_llm7kernels24quantize_with_block_sizeILNS_26BlockScaleQuantizationTypeE0E13__nv_bfloat16Li16ELb0ELb0ELb0ELb1ENS_6common17NVFP44Over6ConfigILi256ELNS4_18NVFP44Over6ErrModeE1ELb1EEEEEviiiiPKT0_PKfPvPjN10flashinfer20QuantizationSFLayoutE is out of range. .minnctapersm will be ignored
ptxas warning : Value of threads per SM for entry _ZN12tensorrt_llm7kernels24quantize_with_block_sizeILNS_26BlockScaleQuantizationTypeE0E13__nv_bfloat16Li16ELb0ELb0ELb0ELb1ENS_6common17NVFP44Over6ConfigILi256ELNS4_18NVFP44Over6ErrModeE0ELb0EEEEEviiiiPKT0_PKfPvPjN10flashinfer20QuantizationSFLayoutE is out of range. .minnctapersm will be ignored
ptxas warning : Value of threads per SM for entry _ZN12tensorrt_llm7kernels24quantize_with_block_sizeILNS_26BlockScaleQuantizationTypeE0E13__nv_bfloat16Li16ELb0ELb0ELb0ELb1ENS_6common17NVFP44Over6ConfigILi256ELNS4_18NVFP44Over6ErrModeE0ELb1EEEEEviiiiPKT0_PKfPvPjN10flashinfer20QuantizationSFLayoutE is out of range. .minnctapersm will be ignored
ptxas warning : Value of threads per SM for entry _ZN12tensorrt_llm7kernels24quantize_with_block_sizeILNS_26BlockScaleQuantizationTypeE0E13__nv_bfloat16Li16ELb0ELb0ELb1ELb0ENS_6common17NVFP44Over6ConfigILi448ELNS4_18NVFP44Over6ErrModeE1ELb0EEEEEviiiiPKT0_PKfPvPjN10flashinfer20QuantizationSFLayoutE is out of range. .minnctapersm will be ignored
ptxas warning : Value of threads per SM for entry _ZN12tensorrt_llm7kernels24quantize_with_block_sizeILNS_26BlockScaleQuantizationTypeE0E13__nv_bfloat16Li16ELb0ELb0ELb1ELb0ENS_6common17NVFP44Over6ConfigILi448ELNS4_18NVFP44Over6ErrModeE1ELb1EEEEEviiiiPKT0_PKfPvPjN10flashinfer20QuantizationSFLayoutE is out of range. .minnctapersm will be ignored
ptxas warning : Value of threads per SM for entry _ZN12tensorrt_llm7kernels24quantize_with_block_sizeILNS_26BlockScaleQuantizationTypeE0E13__nv_bfloat16Li16ELb0ELb0ELb1ELb0ENS_6common17NVFP44Over6ConfigILi448ELNS4_18NVFP44Over6ErrModeE0ELb0EEEEEviiiiPKT0_PKfPvPjN10flashinfer20QuantizationSFLayoutE is out of range. .minnctapersm will be ignored
ptxas warning : Value of threads per SM for entry _ZN12tensorrt_llm7kernels24quantize_with_block_sizeILNS_26BlockScaleQuantizationTypeE0E13__nv_bfloat16Li16ELb0ELb0ELb1ELb0ENS_6common17NVFP44Over6ConfigILi448ELNS4_18NVFP44Over6ErrModeE0ELb1EEEEEviiiiPKT0_PKfPvPjN10flashinfer20QuantizationSFLayoutE is out of range. .minnctapersm will be ignored
ptxas warning : Value of threads per SM for entry _ZN12tensorrt_llm7kernels24quantize_with_block_sizeILNS_26BlockScaleQuantizationTypeE0E13__nv_bfloat16Li16ELb0ELb0ELb1ELb0ENS_6common17NVFP44Over6ConfigILi256ELNS4_18NVFP44Over6ErrModeE1ELb0EEEEEviiiiPKT0_PKfPvPjN10flashinfer20QuantizationSFLayoutE is out of range. .minnctapersm will be ignored
ptxas warning : Value of threads per SM for entry _ZN12tensorrt_llm7kernels24quantize_with_block_sizeILNS_26BlockScaleQuantizationTypeE0E13__nv_bfloat16Li16ELb0ELb0ELb1ELb0ENS_6common17NVFP44Over6ConfigILi256ELNS4_18NVFP44Over6ErrModeE1ELb1EEEEEviiiiPKT0_PKfPvPjN10flashinfer20QuantizationSFLayoutE is out of range. .minnctapersm will be ignored
ptxas warning : Value of threads per SM for entry _ZN12tensorrt_llm7kernels24quantize_with_block_sizeILNS_26BlockScaleQuantizationTypeE0E13__nv_bfloat16Li16ELb0ELb0ELb1ELb0ENS_6common17NVFP44Over6ConfigILi256ELNS4_18NVFP44Over6ErrModeE0ELb0EEEEEviiiiPKT0_PKfPvPjN10flashinfer20QuantizationSFLayoutE is out of range. .minnctapersm will be ignored
ptxas warning : Value of threads per SM for entry _ZN12tensorrt_llm7kernels24quantize_with_block_sizeILNS_26BlockScaleQuantizationTypeE0E13__nv_bfloat16Li16ELb0ELb0ELb1ELb0ENS_6common17NVFP44Over6ConfigILi256ELNS4_18NVFP44Over6ErrModeE0ELb1EEEEEviiiiPKT0_PKfPvPjN10flashinfer20QuantizationSFLayoutE is out of range. .minnctapersm will be ignored
ptxas warning : Value of threads per SM for entry _ZN12tensorrt_llm7kernels24quantize_with_block_sizeILNS_26BlockScaleQuantizationTypeE0E13__nv_bfloat16Li16ELb0ELb0ELb1ELb1ENS_6common17NVFP44Over6ConfigILi448ELNS4_18NVFP44Over6ErrModeE1ELb0EEEEEviiiiPKT0_PKfPvPjN10flashinfer20QuantizationSFLayoutE is out of range. .minnctapersm will be ignored
ptxas warning : Value of threads per SM for entry _ZN12tensorrt_llm7kernels24quantize_with_block_sizeILNS_26BlockScaleQuantizationTypeE0E13__nv_bfloat16Li16ELb0ELb0ELb1ELb1ENS_6common17NVFP44Over6ConfigILi448ELNS4_18NVFP44Over6ErrModeE1ELb1EEEEEviiiiPKT0_PKfPvPjN10flashinfer20QuantizationSFLayoutE is out of range. .minnctapersm will be ignored
ptxas warning : Value of threads per SM for entry _ZN12tensorrt_llm7kernels24quantize_with_block_sizeILNS_26BlockScaleQuantizationTypeE0E13__nv_bfloat16Li16ELb0ELb0ELb1ELb1ENS_6common17NVFP44Over6ConfigILi448ELNS4_18NVFP44Over6ErrModeE0ELb0EEEEEviiiiPKT0_PKfPvPjN10flashinfer20QuantizationSFLayoutE is out of range. .minnctapersm will be ignored
ptxas warning : Value of threads per SM for entry _ZN12tensorrt_llm7kernels24quantize_with_block_sizeILNS_26BlockScaleQuantizationTypeE0E13__nv_bfloat16Li16ELb0ELb0ELb1ELb1ENS_6common17NVFP44Over6ConfigILi448ELNS4_18NVFP44Over6ErrModeE0ELb1EEEEEviiiiPKT0_PKfPvPjN10flashinfer20QuantizationSFLayoutE is out of range. .minnctapersm will be ignored
ptxas warning : Value of threads per SM for entry _ZN12tensorrt_llm7kernels24quantize_with_block_sizeILNS_26BlockScaleQuantizationTypeE0E13__nv_bfloat16Li16ELb0ELb0ELb1ELb1ENS_6common17NVFP44Over6ConfigILi256ELNS4_18NVFP44Over6ErrModeE1ELb0EEEEEviiiiPKT0_PKfPvPjN10flashinfer20QuantizationSFLayoutE is out of range. .minnctapersm will be ignored
ptxas warning : Value of threads per SM for entry _ZN12tensorrt_llm7kernels24quantize_with_block_sizeILNS_26BlockScaleQuantizationTypeE0E13__nv_bfloat16Li16ELb0ELb0ELb1ELb1ENS_6common17NVFP44Over6ConfigILi256ELNS4_18NVFP44Over6ErrModeE1ELb1EEEEEviiiiPKT0_PKfPvPjN10flashinfer20QuantizationSFLayoutE is out of range. .minnctapersm will be ignored
ptxas warning : Value of threads per SM for entry _ZN12tensorrt_llm7kernels24quantize_with_block_sizeILNS_26BlockScaleQuantizationTypeE0E13__nv_bfloat16Li16ELb0ELb0ELb1ELb1ENS_6common17NVFP44Over6ConfigILi256ELNS4_18NVFP44Over6ErrModeE0ELb0EEEEEviiiiPKT0_PKfPvPjN10flashinfer20QuantizationSFLayoutE is out of range. .minnctapersm will be ignored
ptxas warning : Value of threads per SM for entry _ZN12tensorrt_llm7kernels24quantize_with_block_sizeILNS_26BlockScaleQuantizationTypeE0E13__nv_bfloat16Li16ELb0ELb0ELb1ELb1ENS_6common17NVFP44Over6ConfigILi256ELNS4_18NVFP44Over6ErrModeE0ELb1EEEEEviiiiPKT0_PKfPvPjN10flashinfer20QuantizationSFLayoutE is out of range. .minnctapersm will be ignored
ptxas warning : Value of threads per SM for entry _ZN12tensorrt_llm7kernels24quantize_with_block_sizeILNS_26BlockScaleQuantizationTypeE0E13__nv_bfloat16Li16ELb0ELb0ELb0ELb0ESt17integral_constantIbLb0EEEEviiiiPKT0_PKfPvPjN10flashinfer20QuantizationSFLayoutE is out of range. .minnctapersm will be ignored
ptxas warning : Value of threads per SM for entry _ZN12tensorrt_llm7kernels24quantize_with_block_sizeILNS_26BlockScaleQuantizationTypeE0E13__nv_bfloat16Li16ELb0ELb0ELb0ELb1ESt17integral_constantIbLb0EEEEviiiiPKT0_PKfPvPjN10flashinfer20QuantizationSFLayoutE is out of range. .minnctapersm will be ignored
ptxas warning : Value of threads per SM for entry _ZN12tensorrt_llm7kernels24quantize_with_block_sizeILNS_26BlockScaleQuantizationTypeE0E13__nv_bfloat16Li16ELb1ELb0ELb0ELb0ESt17integral_constantIbLb0EEEEviiiiPKT0_PKfPvPjN10flashinfer20QuantizationSFLayoutE is out of range. .minnctapersm will be ignored
ptxas warning : Value of threads per SM for entry _ZN12tensorrt_llm7kernels24quantize_with_block_sizeILNS_26BlockScaleQuantizationTypeE0E13__nv_bfloat16Li16ELb1ELb0ELb0ELb1ESt17integral_constantIbLb0EEEEviiiiPKT0_PKfPvPjN10flashinfer20QuantizationSFLayoutE is out of range. .minnctapersm will be ignored
ptxas warning : Value of threads per SM for entry _ZN12tensorrt_llm7kernels24quantize_with_block_sizeILNS_26BlockScaleQuantizationTypeE0E13__nv_bfloat16Li16ELb0ELb0ELb1ELb0ESt17integral_constantIbLb0EEEEviiiiPKT0_PKfPvPjN10flashinfer20QuantizationSFLayoutE is out of range. .minnctapersm will be ignored
ptxas warning : Value of threads per SM for entry _ZN12tensorrt_llm7kernels24quantize_with_block_sizeILNS_26BlockScaleQuantizationTypeE0E13__nv_bfloat16Li16ELb0ELb0ELb1ELb1ESt17integral_constantIbLb0EEEEviiiiPKT0_PKfPvPjN10flashinfer20QuantizationSFLayoutE is out of range. .minnctapersm will be ignored
ptxas warning : Value of threads per SM for entry _ZN12tensorrt_llm7kernels24quantize_with_block_sizeILNS_26BlockScaleQuantizationTypeE0E13__nv_bfloat16Li16ELb1ELb0ELb1ELb0ESt17integral_constantIbLb0EEEEviiiiPKT0_PKfPvPjN10flashinfer20QuantizationSFLayoutE is out of range. .minnctapersm will be ignored
ptxas warning : Value of threads per SM for entry _ZN12tensorrt_llm7kernels24quantize_with_block_sizeILNS_26BlockScaleQuantizationTypeE0E13__nv_bfloat16Li16ELb1ELb0ELb1ELb1ESt17integral_constantIbLb0EEEEviiiiPKT0_PKfPvPjN10flashinfer20QuantizationSFLayoutE is out of range. .minnctapersm will be ignored
ptxas warning : Value of threads per SM for entry _ZN12tensorrt_llm7kernels24quantize_with_block_sizeILNS_26BlockScaleQuantizationTypeE0E13__nv_bfloat16Li16ELb0ELb1ELb0ELb0ENS_6common17NVFP44Over6ConfigILi448ELNS4_18NVFP44Over6ErrModeE1ELb0EEEEEviiiiPKT0_PKfPvPjN10flashinfer20QuantizationSFLayoutE is out of range. .minnctapersm will be ignored
ptxas warning : Value of threads per SM for entry _ZN12tensorrt_llm7kernels24quantize_with_block_sizeILNS_26BlockScaleQuantizationTypeE0E13__nv_bfloat16Li16ELb0ELb1ELb0ELb0ENS_6common17NVFP44Over6ConfigILi448ELNS4_18NVFP44Over6ErrModeE1ELb1EEEEEviiiiPKT0_PKfPvPjN10flashinfer20QuantizationSFLayoutE is out of range. .minnctapersm will be ignored
ptxas warning : Value of threads per SM for entry _ZN12tensorrt_llm7kernels24quantize_with_block_sizeILNS_26BlockScaleQuantizationTypeE0E13__nv_bfloat16Li16ELb0ELb1ELb0ELb0ENS_6common17NVFP44Over6ConfigILi448ELNS4_18NVFP44Over6ErrModeE0ELb0EEEEEviiiiPKT0_PKfPvPjN10flashinfer20QuantizationSFLayoutE is out of range. .minnctapersm will be ignored
ptxas warning : Value of threads per SM for entry _ZN12tensorrt_llm7kernels24quantize_with_block_sizeILNS_26BlockScaleQuantizationTypeE0E13__nv_bfloat16Li16ELb0ELb1ELb0ELb0ENS_6common17NVFP44Over6ConfigILi448ELNS4_18NVFP44Over6ErrModeE0ELb1EEEEEviiiiPKT0_PKfPvPjN10flashinfer20QuantizationSFLayoutE is out of range. .minnctapersm will be ignored
ptxas warning : Value of threads per SM for entry _ZN12tensorrt_llm7kernels24quantize_with_block_sizeILNS_26BlockScaleQuantizationTypeE0E13__nv_bfloat16Li16ELb0ELb1ELb0ELb0ENS_6common17NVFP44Over6ConfigILi256ELNS4_18NVFP44Over6ErrModeE1ELb0EEEEEviiiiPKT0_PKfPvPjN10flashinfer20QuantizationSFLayoutE is out of range. .minnctapersm will be ignored
ptxas warning : Value of threads per SM for entry _ZN12tensorrt_llm7kernels24quantize_with_block_sizeILNS_26BlockScaleQuantizationTypeE0E13__nv_bfloat16Li16ELb0ELb1ELb0ELb0ENS_6common17NVFP44Over6ConfigILi256ELNS4_18NVFP44Over6ErrModeE1ELb1EEEEEviiiiPKT0_PKfPvPjN10flashinfer20QuantizationSFLayoutE is out of range. .minnctapersm will be ignored
ptxas warning : Value of threads per SM for entry _ZN12tensorrt_llm7kernels24quantize_with_block_sizeILNS_26BlockScaleQuantizationTypeE0E13__nv_bfloat16Li16ELb0ELb1ELb0ELb0ENS_6common17NVFP44Over6ConfigILi256ELNS4_18NVFP44Over6ErrModeE0ELb0EEEEEviiiiPKT0_PKfPvPjN10flashinfer20QuantizationSFLayoutE is out of range. .minnctapersm will be ignored
ptxas warning : Value of threads per SM for entry _ZN12tensorrt_llm7kernels24quantize_with_block_sizeILNS_26BlockScaleQuantizationTypeE0E13__nv_bfloat16Li16ELb0ELb1ELb0ELb0ENS_6common17NVFP44Over6ConfigILi256ELNS4_18NVFP44Over6ErrModeE0ELb1EEEEEviiiiPKT0_PKfPvPjN10flashinfer20QuantizationSFLayoutE is out of range. .minnctapersm will be ignored
ptxas warning : Value of threads per SM for entry _ZN12tensorrt_llm7kernels24quantize_with_block_sizeILNS_26BlockScaleQuantizationTypeE0E13__nv_bfloat16Li16ELb0ELb1ELb0ELb1ENS_6common17NVFP44Over6ConfigILi448ELNS4_18NVFP44Over6ErrModeE1ELb0EEEEEviiiiPKT0_PKfPvPjN10flashinfer20QuantizationSFLayoutE is out of range. .minnctapersm will be ignored
ptxas warning : Value of threads per SM for entry _ZN12tensorrt_llm7kernels24quantize_with_block_sizeILNS_26BlockScaleQuantizationTypeE0E13__nv_bfloat16Li16ELb0ELb1ELb0ELb1ENS_6common17NVFP44Over6ConfigILi448ELNS4_18NVFP44Over6ErrModeE1ELb1EEEEEviiiiPKT0_PKfPvPjN10flashinfer20QuantizationSFLayoutE is out of range. .minnctapersm will be ignored
ptxas warning : Value of threads per SM for entry _ZN12tensorrt_llm7kernels24quantize_with_block_sizeILNS_26BlockScaleQuantizationTypeE0E13__nv_bfloat16Li16ELb0ELb1ELb0ELb1ENS_6common17NVFP44Over6ConfigILi448ELNS4_18NVFP44Over6ErrModeE0ELb0EEEEEviiiiPKT0_PKfPvPjN10flashinfer20QuantizationSFLayoutE is out of range. .minnctapersm will be ignored
ptxas warning : Value of threads per SM for entry _ZN12tensorrt_llm7kernels24quantize_with_block_sizeILNS_26BlockScaleQuantizationTypeE0E13__nv_bfloat16Li16ELb0ELb1ELb0ELb1ENS_6common17NVFP44Over6ConfigILi448ELNS4_18NVFP44Over6ErrModeE0ELb1EEEEEviiiiPKT0_PKfPvPjN10flashinfer20QuantizationSFLayoutE is out of range. .minnctapersm will be ignored
ptxas warning : Value of threads per SM for entry _ZN12tensorrt_llm7kernels24quantize_with_block_sizeILNS_26BlockScaleQuantizationTypeE0E13__nv_bfloat16Li16ELb0ELb1ELb0ELb1ENS_6common17NVFP44Over6ConfigILi256ELNS4_18NVFP44Over6ErrModeE1ELb0EEEEEviiiiPKT0_PKfPvPjN10flashinfer20QuantizationSFLayoutE is out of range. .minnctapersm will be ignored
ptxas warning : Value of threads per SM for entry _ZN12tensorrt_llm7kernels24quantize_with_block_sizeILNS_26BlockScaleQuantizationTypeE0E13__nv_bfloat16Li16ELb0ELb1ELb0ELb1ENS_6common17NVFP44Over6ConfigILi256ELNS4_18NVFP44Over6ErrModeE1ELb1EEEEEviiiiPKT0_PKfPvPjN10flashinfer20QuantizationSFLayoutE is out of range. .minnctapersm will be ignored
ptxas warning : Value of threads per SM for entry _ZN12tensorrt_llm7kernels24quantize_with_block_sizeILNS_26BlockScaleQuantizationTypeE0E13__nv_bfloat16Li16ELb0ELb1ELb0ELb1ENS_6common17NVFP44Over6ConfigILi256ELNS4_18NVFP44Over6ErrModeE0ELb0EEEEEviiiiPKT0_PKfPvPjN10flashinfer20QuantizationSFLayoutE is out of range. .minnctapersm will be ignored
ptxas warning : Value of threads per SM for entry _ZN12tensorrt_llm7kernels24quantize_with_block_sizeILNS_26BlockScaleQuantizationTypeE0E13__nv_bfloat16Li16ELb0ELb1ELb0ELb1ENS_6common17NVFP44Over6ConfigILi256ELNS4_18NVFP44Over6ErrModeE0ELb1EEEEEviiiiPKT0_PKfPvPjN10flashinfer20QuantizationSFLayoutE is out of range. .minnctapersm will be ignored
ptxas warning : Value of threads per SM for entry _ZN12tensorrt_llm7kernels24quantize_with_block_sizeILNS_26BlockScaleQuantizationTypeE0E13__nv_bfloat16Li16ELb0ELb1ELb1ELb0ENS_6common17NVFP44Over6ConfigILi448ELNS4_18NVFP44Over6ErrModeE1ELb0EEEEEviiiiPKT0_PKfPvPjN10flashinfer20QuantizationSFLayoutE is out of range. .minnctapersm will be ignored
ptxas warning : Value of threads per SM for entry _ZN12tensorrt_llm7kernels24quantize_with_block_sizeILNS_26BlockScaleQuantizationTypeE0E13__nv_bfloat16Li16ELb0ELb1ELb1ELb0ENS_6common17NVFP44Over6ConfigILi448ELNS4_18NVFP44Over6ErrModeE1ELb1EEEEEviiiiPKT0_PKfPvPjN10flashinfer20QuantizationSFLayoutE is out of range. .minnctapersm will be ignored
ptxas warning : Value of threads per SM for entry _ZN12tensorrt_llm7kernels24quantize_with_block_sizeILNS_26BlockScaleQuantizationTypeE0E13__nv_bfloat16Li16ELb0ELb1ELb1ELb0ENS_6common17NVFP44Over6ConfigILi448ELNS4_18NVFP44Over6ErrModeE0ELb0EEEEEviiiiPKT0_PKfPvPjN10flashinfer20QuantizationSFLayoutE is out of range. .minnctapersm will be ignored
ptxas warning : Value of threads per SM for entry _ZN12tensorrt_llm7kernels24quantize_with_block_sizeILNS_26BlockScaleQuantizationTypeE0E13__nv_bfloat16Li16ELb0ELb1ELb1ELb0ENS_6common17NVFP44Over6ConfigILi448ELNS4_18NVFP44Over6ErrModeE0ELb1EEEEEviiiiPKT0_PKfPvPjN10flashinfer20QuantizationSFLayoutE is out of range. .minnctapersm will be ignored
ptxas warning : Value of threads per SM for entry _ZN12tensorrt_llm7kernels24quantize_with_block_sizeILNS_26BlockScaleQuantizationTypeE0E13__nv_bfloat16Li16ELb0ELb1ELb1ELb0ENS_6common17NVFP44Over6ConfigILi256ELNS4_18NVFP44Over6ErrModeE1ELb0EEEEEviiiiPKT0_PKfPvPjN10flashinfer20QuantizationSFLayoutE is out of range. .minnctapersm will be ignored
ptxas warning : Value of threads per SM for entry _ZN12tensorrt_llm7kernels24quantize_with_block_sizeILNS_26BlockScaleQuantizationTypeE0E13__nv_bfloat16Li16ELb0ELb1ELb1ELb0ENS_6common17NVFP44Over6ConfigILi256ELNS4_18NVFP44Over6ErrModeE1ELb1EEEEEviiiiPKT0_PKfPvPjN10flashinfer20QuantizationSFLayoutE is out of range. .minnctapersm will be ignored
ptxas warning : Value of threads per SM for entry _ZN12tensorrt_llm7kernels24quantize_with_block_sizeILNS_26BlockScaleQuantizationTypeE0E13__nv_bfloat16Li16ELb0ELb1ELb1ELb0ENS_6common17NVFP44Over6ConfigILi256ELNS4_18NVFP44Over6ErrModeE0ELb0EEEEEviiiiPKT0_PKfPvPjN10flashinfer20QuantizationSFLayoutE is out of range. .minnctapersm will be ignored
ptxas warning : Value of threads per SM for entry _ZN12tensorrt_llm7kernels24quantize_with_block_sizeILNS_26BlockScaleQuantizationTypeE0E13__nv_bfloat16Li16ELb0ELb1ELb1ELb0ENS_6common17NVFP44Over6ConfigILi256ELNS4_18NVFP44Over6ErrModeE0ELb1EEEEEviiiiPKT0_PKfPvPjN10flashinfer20QuantizationSFLayoutE is out of range. .minnctapersm will be ignored
ptxas warning : Value of threads per SM for entry _ZN12tensorrt_llm7kernels24quantize_with_block_sizeILNS_26BlockScaleQuantizationTypeE0E13__nv_bfloat16Li16ELb0ELb1ELb1ELb1ENS_6common17NVFP44Over6ConfigILi448ELNS4_18NVFP44Over6ErrModeE1ELb0EEEEEviiiiPKT0_PKfPvPjN10flashinfer20QuantizationSFLayoutE is out of range. .minnctapersm will be ignored
ptxas warning : Value of threads per SM for entry _ZN12tensorrt_llm7kernels24quantize_with_block_sizeILNS_26BlockScaleQuantizationTypeE0E13__nv_bfloat16Li16ELb0ELb1ELb1ELb1ENS_6common17NVFP44Over6ConfigILi448ELNS4_18NVFP44Over6ErrModeE1ELb1EEEEEviiiiPKT0_PKfPvPjN10flashinfer20QuantizationSFLayoutE is out of range. .minnctapersm will be ignored
ptxas warning : Value of threads per SM for entry _ZN12tensorrt_llm7kernels24quantize_with_block_sizeILNS_26BlockScaleQuantizationTypeE0E13__nv_bfloat16Li16ELb0ELb1ELb1ELb1ENS_6common17NVFP44Over6ConfigILi448ELNS4_18NVFP44Over6ErrModeE0ELb0EEEEEviiiiPKT0_PKfPvPjN10flashinfer20QuantizationSFLayoutE is out of range. .minnctapersm will be ignored
ptxas warning : Value of threads per SM for entry _ZN12tensorrt_llm7kernels24quantize_with_block_sizeILNS_26BlockScaleQuantizationTypeE0E13__nv_bfloat16Li16ELb0ELb1ELb1ELb1ENS_6common17NVFP44Over6ConfigILi448ELNS4_18NVFP44Over6ErrModeE0ELb1EEEEEviiiiPKT0_PKfPvPjN10flashinfer20QuantizationSFLayoutE is out of range. .minnctapersm will be ignored
ptxas warning : Value of threads per SM for entry _ZN12tensorrt_llm7kernels24quantize_with_block_sizeILNS_26BlockScaleQuantizationTypeE0E13__nv_bfloat16Li16ELb0ELb1ELb1ELb1ENS_6common17NVFP44Over6ConfigILi256ELNS4_18NVFP44Over6ErrModeE1ELb0EEEEEviiiiPKT0_PKfPvPjN10flashinfer20QuantizationSFLayoutE is out of range. .minnctapersm will be ignored
ptxas warning : Value of threads per SM for entry _ZN12tensorrt_llm7kernels24quantize_with_block_sizeILNS_26BlockScaleQuantizationTypeE0E13__nv_bfloat16Li16ELb0ELb1ELb1ELb1ENS_6common17NVFP44Over6ConfigILi256ELNS4_18NVFP44Over6ErrModeE1ELb1EEEEEviiiiPKT0_PKfPvPjN10flashinfer20QuantizationSFLayoutE is out of range. .minnctapersm will be ignored
ptxas warning : Value of threads per SM for entry _ZN12tensorrt_llm7kernels24quantize_with_block_sizeILNS_26BlockScaleQuantizationTypeE0E13__nv_bfloat16Li16ELb0ELb1ELb1ELb1ENS_6common17NVFP44Over6ConfigILi256ELNS4_18NVFP44Over6ErrModeE0ELb0EEEEEviiiiPKT0_PKfPvPjN10flashinfer20QuantizationSFLayoutE is out of range. .minnctapersm will be ignored
ptxas warning : Value of threads per SM for entry _ZN12tensorrt_llm7kernels24quantize_with_block_sizeILNS_26BlockScaleQuantizationTypeE0E13__nv_bfloat16Li16ELb0ELb1ELb1ELb1ENS_6common17NVFP44Over6ConfigILi256ELNS4_18NVFP44Over6ErrModeE0ELb1EEEEEviiiiPKT0_PKfPvPjN10flashinfer20QuantizationSFLayoutE is out of range. .minnctapersm will be ignored
ptxas warning : Value of threads per SM for entry _ZN12tensorrt_llm7kernels24quantize_with_block_sizeILNS_26BlockScaleQuantizationTypeE0E13__nv_bfloat16Li16ELb0ELb1ELb0ELb0ESt17integral_constantIbLb0EEEEviiiiPKT0_PKfPvPjN10flashinfer20QuantizationSFLayoutE is out of range. .minnctapersm will be ignored
ptxas warning : Value of threads per SM for entry _ZN12tensorrt_llm7kernels24quantize_with_block_sizeILNS_26BlockScaleQuantizationTypeE0E13__nv_bfloat16Li16ELb0ELb1ELb0ELb1ESt17integral_constantIbLb0EEEEviiiiPKT0_PKfPvPjN10flashinfer20QuantizationSFLayoutE is out of range. .minnctapersm will be ignored
ptxas warning : Value of threads per SM for entry _ZN12tensorrt_llm7kernels24quantize_with_block_sizeILNS_26BlockScaleQuantizationTypeE0E13__nv_bfloat16Li16ELb1ELb1ELb0ELb0ESt17integral_constantIbLb0EEEEviiiiPKT0_PKfPvPjN10flashinfer20QuantizationSFLayoutE is out of range. .minnctapersm will be ignored
ptxas warning : Value of threads per SM for entry _ZN12tensorrt_llm7kernels24quantize_with_block_sizeILNS_26BlockScaleQuantizationTypeE0E13__nv_bfloat16Li16ELb1ELb1ELb0ELb1ESt17integral_constantIbLb0EEEEviiiiPKT0_PKfPvPjN10flashinfer20QuantizationSFLayoutE is out of range. .minnctapersm will be ignored
ptxas warning : Value of threads per SM for entry _ZN12tensorrt_llm7kernels24quantize_with_block_sizeILNS_26BlockScaleQuantizationTypeE0E13__nv_bfloat16Li16ELb0ELb1ELb1ELb0ESt17integral_constantIbLb0EEEEviiiiPKT0_PKfPvPjN10flashinfer20QuantizationSFLayoutE is out of range. .minnctapersm will be ignored
ptxas warning : Value of threads per SM for entry _ZN12tensorrt_llm7kernels24quantize_with_block_sizeILNS_26BlockScaleQuantizationTypeE0E13__nv_bfloat16Li16ELb0ELb1ELb1ELb1ESt17integral_constantIbLb0EEEEviiiiPKT0_PKfPvPjN10flashinfer20QuantizationSFLayoutE is out of range. .minnctapersm will be ignored
ptxas warning : Value of threads per SM for entry _ZN12tensorrt_llm7kernels24quantize_with_block_sizeILNS_26BlockScaleQuantizationTypeE0E13__nv_bfloat16Li16ELb1ELb1ELb1ELb0ESt17integral_constantIbLb0EEEEviiiiPKT0_PKfPvPjN10flashinfer20QuantizationSFLayoutE is out of range. .minnctapersm will be ignored
ptxas warning : Value of threads per SM for entry _ZN12tensorrt_llm7kernels24quantize_with_block_sizeILNS_26BlockScaleQuantizationTypeE0E13__nv_bfloat16Li16ELb1ELb1ELb1ELb1ESt17integral_constantIbLb0EEEEviiiiPKT0_PKfPvPjN10flashinfer20QuantizationSFLayoutE is out of range. .minnctapersm will be ignored
ptxas warning : Value of threads per SM for entry _ZN12tensorrt_llm7kernels22cvt_fp16_to_fp4_expertI6__halfLb0ELb0ESt17integral_constantIbLb0EEEEviiPKT_PKfPjSA_Pibi is out of range. .minnctapersm will be ignored
ptxas warning : Value of threads per SM for entry _ZN12tensorrt_llm7kernels22cvt_fp16_to_fp4_expertI6__halfLb0ELb1ESt17integral_constantIbLb0EEEEviiPKT_PKfPjSA_Pibi is out of range. .minnctapersm will be ignored
ptxas warning : Value of threads per SM for entry _ZN12tensorrt_llm7kernels22cvt_fp16_to_fp4_expertI6__halfLb0ELb0ENS_6common17NVFP44Over6ConfigILi448ELNS3_18NVFP44Over6ErrModeE1ELb0EEEEEviiPKT_PKfPjSC_Pibi is out of range. .minnctapersm will be ignored
ptxas warning : Value of threads per SM for entry _ZN12tensorrt_llm7kernels22cvt_fp16_to_fp4_expertI6__halfLb0ELb0ENS_6common17NVFP44Over6ConfigILi448ELNS3_18NVFP44Over6ErrModeE1ELb1EEEEEviiPKT_PKfPjSC_Pibi is out of range. .minnctapersm will be ignored
ptxas warning : Value of threads per SM for entry _ZN12tensorrt_llm7kernels22cvt_fp16_to_fp4_expertI6__halfLb0ELb0ENS_6common17NVFP44Over6ConfigILi448ELNS3_18NVFP44Over6ErrModeE0ELb0EEEEEviiPKT_PKfPjSC_Pibi is out of range. .minnctapersm will be ignored
ptxas warning : Value of threads per SM for entry _ZN12tensorrt_llm7kernels22cvt_fp16_to_fp4_expertI6__halfLb0ELb0ENS_6common17NVFP44Over6ConfigILi448ELNS3_18NVFP44Over6ErrModeE0ELb1EEEEEviiPKT_PKfPjSC_Pibi is out of range. .minnctapersm will be ignored
ptxas warning : Value of threads per SM for entry _ZN12tensorrt_llm7kernels22cvt_fp16_to_fp4_expertI6__halfLb0ELb0ENS_6common17NVFP44Over6ConfigILi256ELNS3_18NVFP44Over6ErrModeE1ELb0EEEEEviiPKT_PKfPjSC_Pibi is out of range. .minnctapersm will be ignored
ptxas warning : Value of threads per SM for entry _ZN12tensorrt_llm7kernels22cvt_fp16_to_fp4_expertI6__halfLb0ELb0ENS_6common17NVFP44Over6ConfigILi256ELNS3_18NVFP44Over6ErrModeE1ELb1EEEEEviiPKT_PKfPjSC_Pibi is out of range. .minnctapersm will be ignored
ptxas warning : Value of threads per SM for entry _ZN12tensorrt_llm7kernels22cvt_fp16_to_fp4_expertI6__halfLb0ELb0ENS_6common17NVFP44Over6ConfigILi256ELNS3_18NVFP44Over6ErrModeE0ELb0EEEEEviiPKT_PKfPjSC_Pibi is out of range. .minnctapersm will be ignored
ptxas warning : Value of threads per SM for entry _ZN12tensorrt_llm7kernels22cvt_fp16_to_fp4_expertI6__halfLb0ELb0ENS_6common17NVFP44Over6ConfigILi256ELNS3_18NVFP44Over6ErrModeE0ELb1EEEEEviiPKT_PKfPjSC_Pibi is out of range. .minnctapersm will be ignored
ptxas warning : Value of threads per SM for entry _ZN12tensorrt_llm7kernels22cvt_fp16_to_fp4_expertI6__halfLb0ELb1ENS_6common17NVFP44Over6ConfigILi448ELNS3_18NVFP44Over6ErrModeE1ELb0EEEEEviiPKT_PKfPjSC_Pibi is out of range. .minnctapersm will be ignored
ptxas warning : Value of threads per SM for entry _ZN12tensorrt_llm7kernels22cvt_fp16_to_fp4_expertI6__halfLb0ELb1ENS_6common17NVFP44Over6ConfigILi448ELNS3_18NVFP44Over6ErrModeE1ELb1EEEEEviiPKT_PKfPjSC_Pibi is out of range. .minnctapersm will be ignored
ptxas warning : Value of threads per SM for entry _ZN12tensorrt_llm7kernels22cvt_fp16_to_fp4_expertI6__halfLb0ELb1ENS_6common17NVFP44Over6ConfigILi448ELNS3_18NVFP44Over6ErrModeE0ELb0EEEEEviiPKT_PKfPjSC_Pibi is out of range. .minnctapersm will be ignored
ptxas warning : Value of threads per SM for entry _ZN12tensorrt_llm7kernels22cvt_fp16_to_fp4_expertI6__halfLb0ELb1ENS_6common17NVFP44Over6ConfigILi448ELNS3_18NVFP44Over6ErrModeE0ELb1EEEEEviiPKT_PKfPjSC_Pibi is out of range. .minnctapersm will be ignored
ptxas warning : Value of threads per SM for entry _ZN12tensorrt_llm7kernels22cvt_fp16_to_fp4_expertI6__halfLb0ELb1ENS_6common17NVFP44Over6ConfigILi256ELNS3_18NVFP44Over6ErrModeE1ELb0EEEEEviiPKT_PKfPjSC_Pibi is out of range. .minnctapersm will be ignored
ptxas warning : Value of threads per SM for entry _ZN12tensorrt_llm7kernels22cvt_fp16_to_fp4_expertI6__halfLb0ELb1ENS_6common17NVFP44Over6ConfigILi256ELNS3_18NVFP44Over6ErrModeE1ELb1EEEEEviiPKT_PKfPjSC_Pibi is out of range. .minnctapersm will be ignored
ptxas warning : Value of threads per SM for entry _ZN12tensorrt_llm7kernels22cvt_fp16_to_fp4_expertI6__halfLb0ELb1ENS_6common17NVFP44Over6ConfigILi256ELNS3_18NVFP44Over6ErrModeE0ELb0EEEEEviiPKT_PKfPjSC_Pibi is out of range. .minnctapersm will be ignored
ptxas warning : Value of threads per SM for entry _ZN12tensorrt_llm7kernels22cvt_fp16_to_fp4_expertI6__halfLb0ELb1ENS_6common17NVFP44Over6ConfigILi256ELNS3_18NVFP44Over6ErrModeE0ELb1EEEEEviiPKT_PKfPjSC_Pibi is out of range. .minnctapersm will be ignored
ptxas warning : Value of threads per SM for entry _ZN12tensorrt_llm7kernels24quantize_with_block_sizeILNS_26BlockScaleQuantizationTypeE2E6__halfLi32ELb1ELb0ELb0ELb0ESt17integral_constantIbLb0EEEEviiiiPKT0_PKfPvPjN10flashinfer20QuantizationSFLayoutE is out of range. .minnctapersm will be ignored
ptxas warning : Value of threads per SM for entry _ZN12tensorrt_llm7kernels24quantize_with_block_sizeILNS_26BlockScaleQuantizationTypeE0E6__halfLi32ELb0ELb0ELb0ELb0ESt17integral_constantIbLb0EEEEviiiiPKT0_PKfPvPjN10flashinfer20QuantizationSFLayoutE is out of range. .minnctapersm will be ignored
ptxas warning : Value of threads per SM for entry _ZN12tensorrt_llm7kernels24quantize_with_block_sizeILNS_26BlockScaleQuantizationTypeE0E6__halfLi32ELb0ELb0ELb0ELb1ESt17integral_constantIbLb0EEEEviiiiPKT0_PKfPvPjN10flashinfer20QuantizationSFLayoutE is out of range. .minnctapersm will be ignored
ptxas warning : Value of threads per SM for entry _ZN12tensorrt_llm7kernels24quantize_with_block_sizeILNS_26BlockScaleQuantizationTypeE0E6__halfLi32ELb1ELb0ELb0ELb0ESt17integral_constantIbLb0EEEEviiiiPKT0_PKfPvPjN10flashinfer20QuantizationSFLayoutE is out of range. .minnctapersm will be ignored
ptxas warning : Value of threads per SM for entry _ZN12tensorrt_llm7kernels24quantize_with_block_sizeILNS_26BlockScaleQuantizationTypeE0E6__halfLi32ELb1ELb0ELb0ELb1ESt17integral_constantIbLb0EEEEviiiiPKT0_PKfPvPjN10flashinfer20QuantizationSFLayoutE is out of range. .minnctapersm will be ignored
ptxas warning : Value of threads per SM for entry _ZN12tensorrt_llm7kernels24quantize_with_block_sizeILNS_26BlockScaleQuantizationTypeE0E6__halfLi32ELb0ELb0ELb1ELb0ESt17integral_constantIbLb0EEEEviiiiPKT0_PKfPvPjN10flashinfer20QuantizationSFLayoutE is out of range. .minnctapersm will be ignored
ptxas warning : Value of threads per SM for entry _ZN12tensorrt_llm7kernels24quantize_with_block_sizeILNS_26BlockScaleQuantizationTypeE0E6__halfLi32ELb0ELb0ELb1ELb1ESt17integral_constantIbLb0EEEEviiiiPKT0_PKfPvPjN10flashinfer20QuantizationSFLayoutE is out of range. .minnctapersm will be ignored
ptxas warning : Value of threads per SM for entry _ZN12tensorrt_llm7kernels24quantize_with_block_sizeILNS_26BlockScaleQuantizationTypeE0E6__halfLi32ELb1ELb0ELb1ELb0ESt17integral_constantIbLb0EEEEviiiiPKT0_PKfPvPjN10flashinfer20QuantizationSFLayoutE is out of range. .minnctapersm will be ignored
ptxas warning : Value of threads per SM for entry _ZN12tensorrt_llm7kernels24quantize_with_block_sizeILNS_26BlockScaleQuantizationTypeE0E6__halfLi32ELb1ELb0ELb1ELb1ESt17integral_constantIbLb0EEEEviiiiPKT0_PKfPvPjN10flashinfer20QuantizationSFLayoutE is out of range. .minnctapersm will be ignored
ptxas warning : Value of threads per SM for entry _ZN12tensorrt_llm7kernels24quantize_with_block_sizeILNS_26BlockScaleQuantizationTypeE0E6__halfLi32ELb0ELb1ELb0ELb0ESt17integral_constantIbLb0EEEEviiiiPKT0_PKfPvPjN10flashinfer20QuantizationSFLayoutE is out of range. .minnctapersm will be ignored
ptxas warning : Value of threads per SM for entry _ZN12tensorrt_llm7kernels24quantize_with_block_sizeILNS_26BlockScaleQuantizationTypeE0E6__halfLi32ELb0ELb1ELb0ELb1ESt17integral_constantIbLb0EEEEviiiiPKT0_PKfPvPjN10flashinfer20QuantizationSFLayoutE is out of range. .minnctapersm will be ignored
ptxas warning : Value of threads per SM for entry _ZN12tensorrt_llm7kernels24quantize_with_block_sizeILNS_26BlockScaleQuantizationTypeE0E6__halfLi32ELb1ELb1ELb0ELb0ESt17integral_constantIbLb0EEEEviiiiPKT0_PKfPvPjN10flashinfer20QuantizationSFLayoutE is out of range. .minnctapersm will be ignored
ptxas warning : Value of threads per SM for entry _ZN12tensorrt_llm7kernels24quantize_with_block_sizeILNS_26BlockScaleQuantizationTypeE0E6__halfLi32ELb1ELb1ELb0ELb1ESt17integral_constantIbLb0EEEEviiiiPKT0_PKfPvPjN10flashinfer20QuantizationSFLayoutE is out of range. .minnctapersm will be ignored
ptxas warning : Value of threads per SM for entry _ZN12tensorrt_llm7kernels24quantize_with_block_sizeILNS_26BlockScaleQuantizationTypeE0E6__halfLi32ELb0ELb1ELb1ELb0ESt17integral_constantIbLb0EEEEviiiiPKT0_PKfPvPjN10flashinfer20QuantizationSFLayoutE is out of range. .minnctapersm will be ignored
ptxas warning : Value of threads per SM for entry _ZN12tensorrt_llm7kernels24quantize_with_block_sizeILNS_26BlockScaleQuantizationTypeE0E6__halfLi32ELb0ELb1ELb1ELb1ESt17integral_constantIbLb0EEEEviiiiPKT0_PKfPvPjN10flashinfer20QuantizationSFLayoutE is out of range. .minnctapersm will be ignored
ptxas warning : Value of threads per SM for entry _ZN12tensorrt_llm7kernels24quantize_with_block_sizeILNS_26BlockScaleQuantizationTypeE0E6__halfLi32ELb1ELb1ELb1ELb0ESt17integral_constantIbLb0EEEEviiiiPKT0_PKfPvPjN10flashinfer20QuantizationSFLayoutE is out of range. .minnctapersm will be ignored
ptxas warning : Value of threads per SM for entry _ZN12tensorrt_llm7kernels24quantize_with_block_sizeILNS_26BlockScaleQuantizationTypeE0E6__halfLi32ELb1ELb1ELb1ELb1ESt17integral_constantIbLb0EEEEviiiiPKT0_PKfPvPjN10flashinfer20QuantizationSFLayoutE is out of range. .minnctapersm will be ignored
ptxas warning : Value of threads per SM for entry _ZN12tensorrt_llm7kernels24quantize_with_block_sizeILNS_26BlockScaleQuantizationTypeE0E6__halfLi16ELb0ELb0ELb0ELb0ENS_6common17NVFP44Over6ConfigILi448ELNS4_18NVFP44Over6ErrModeE1ELb0EEEEEviiiiPKT0_PKfPvPjN10flashinfer20QuantizationSFLayoutE is out of range. .minnctapersm will be ignored
ptxas warning : Value of threads per SM for entry _ZN12tensorrt_llm7kernels24quantize_with_block_sizeILNS_26BlockScaleQuantizationTypeE0E6__halfLi16ELb0ELb0ELb0ELb0ENS_6common17NVFP44Over6ConfigILi448ELNS4_18NVFP44Over6ErrModeE1ELb1EEEEEviiiiPKT0_PKfPvPjN10flashinfer20QuantizationSFLayoutE is out of range. .minnctapersm will be ignored
ptxas warning : Value of threads per SM for entry _ZN12tensorrt_llm7kernels24quantize_with_block_sizeILNS_26BlockScaleQuantizationTypeE0E6__halfLi16ELb0ELb0ELb0ELb0ENS_6common17NVFP44Over6ConfigILi448ELNS4_18NVFP44Over6ErrModeE0ELb0EEEEEviiiiPKT0_PKfPvPjN10flashinfer20QuantizationSFLayoutE is out of range. .minnctapersm will be ignored
ptxas warning : Value of threads per SM for entry _ZN12tensorrt_llm7kernels24quantize_with_block_sizeILNS_26BlockScaleQuantizationTypeE0E6__halfLi16ELb0ELb0ELb0ELb0ENS_6common17NVFP44Over6ConfigILi448ELNS4_18NVFP44Over6ErrModeE0ELb1EEEEEviiiiPKT0_PKfPvPjN10flashinfer20QuantizationSFLayoutE is out of range. .minnctapersm will be ignored
ptxas warning : Value of threads per SM for entry _ZN12tensorrt_llm7kernels24quantize_with_block_sizeILNS_26BlockScaleQuantizationTypeE0E6__halfLi16ELb0ELb0ELb0ELb0ENS_6common17NVFP44Over6ConfigILi256ELNS4_18NVFP44Over6ErrModeE1ELb0EEEEEviiiiPKT0_PKfPvPjN10flashinfer20QuantizationSFLayoutE is out of range. .minnctapersm will be ignored
ptxas warning : Value of threads per SM for entry _ZN12tensorrt_llm7kernels24quantize_with_block_sizeILNS_26BlockScaleQuantizationTypeE0E6__halfLi16ELb0ELb0ELb0ELb0ENS_6common17NVFP44Over6ConfigILi256ELNS4_18NVFP44Over6ErrModeE1ELb1EEEEEviiiiPKT0_PKfPvPjN10flashinfer20QuantizationSFLayoutE is out of range. .minnctapersm will be ignored
ptxas warning : Value of threads per SM for entry _ZN12tensorrt_llm7kernels24quantize_with_block_sizeILNS_26BlockScaleQuantizationTypeE0E6__halfLi16ELb0ELb0ELb0ELb0ENS_6common17NVFP44Over6ConfigILi256ELNS4_18NVFP44Over6ErrModeE0ELb0EEEEEviiiiPKT0_PKfPvPjN10flashinfer20QuantizationSFLayoutE is out of range. .minnctapersm will be ignored
ptxas warning : Value of threads per SM for entry _ZN12tensorrt_llm7kernels24quantize_with_block_sizeILNS_26BlockScaleQuantizationTypeE0E6__halfLi16ELb0ELb0ELb0ELb0ENS_6common17NVFP44Over6ConfigILi256ELNS4_18NVFP44Over6ErrModeE0ELb1EEEEEviiiiPKT0_PKfPvPjN10flashinfer20QuantizationSFLayoutE is out of range. .minnctapersm will be ignored
ptxas warning : Value of threads per SM for entry _ZN12tensorrt_llm7kernels24quantize_with_block_sizeILNS_26BlockScaleQuantizationTypeE0E6__halfLi16ELb0ELb0ELb0ELb1ENS_6common17NVFP44Over6ConfigILi448ELNS4_18NVFP44Over6ErrModeE1ELb0EEEEEviiiiPKT0_PKfPvPjN10flashinfer20QuantizationSFLayoutE is out of range. .minnctapersm will be ignored
ptxas warning : Value of threads per SM for entry _ZN12tensorrt_llm7kernels24quantize_with_block_sizeILNS_26BlockScaleQuantizationTypeE0E6__halfLi16ELb0ELb0ELb0ELb1ENS_6common17NVFP44Over6ConfigILi448ELNS4_18NVFP44Over6ErrModeE1ELb1EEEEEviiiiPKT0_PKfPvPjN10flashinfer20QuantizationSFLayoutE is out of range. .minnctapersm will be ignored
ptxas warning : Value of threads per SM for entry _ZN12tensorrt_llm7kernels24quantize_with_block_sizeILNS_26BlockScaleQuantizationTypeE0E6__halfLi16ELb0ELb0ELb0ELb1ENS_6common17NVFP44Over6ConfigILi448ELNS4_18NVFP44Over6ErrModeE0ELb0EEEEEviiiiPKT0_PKfPvPjN10flashinfer20QuantizationSFLayoutE is out of range. .minnctapersm will be ignored
ptxas warning : Value of threads per SM for entry _ZN12tensorrt_llm7kernels24quantize_with_block_sizeILNS_26BlockScaleQuantizationTypeE0E6__halfLi16ELb0ELb0ELb0ELb1ENS_6common17NVFP44Over6ConfigILi448ELNS4_18NVFP44Over6ErrModeE0ELb1EEEEEviiiiPKT0_PKfPvPjN10flashinfer20QuantizationSFLayoutE is out of range. .minnctapersm will be ignored
ptxas warning : Value of threads per SM for entry _ZN12tensorrt_llm7kernels24quantize_with_block_sizeILNS_26BlockScaleQuantizationTypeE0E6__halfLi16ELb0ELb0ELb0ELb1ENS_6common17NVFP44Over6ConfigILi256ELNS4_18NVFP44Over6ErrModeE1ELb0EEEEEviiiiPKT0_PKfPvPjN10flashinfer20QuantizationSFLayoutE is out of range. .minnctapersm will be ignored
ptxas warning : Value of threads per SM for entry _ZN12tensorrt_llm7kernels24quantize_with_block_sizeILNS_26BlockScaleQuantizationTypeE0E6__halfLi16ELb0ELb0ELb0ELb1ENS_6common17NVFP44Over6ConfigILi256ELNS4_18NVFP44Over6ErrModeE1ELb1EEEEEviiiiPKT0_PKfPvPjN10flashinfer20QuantizationSFLayoutE is out of range. .minnctapersm will be ignored
ptxas warning : Value of threads per SM for entry _ZN12tensorrt_llm7kernels24quantize_with_block_sizeILNS_26BlockScaleQuantizationTypeE0E6__halfLi16ELb0ELb0ELb0ELb1ENS_6common17NVFP44Over6ConfigILi256ELNS4_18NVFP44Over6ErrModeE0ELb0EEEEEviiiiPKT0_PKfPvPjN10flashinfer20QuantizationSFLayoutE is out of range. .minnctapersm will be ignored
ptxas warning : Value of threads per SM for entry _ZN12tensorrt_llm7kernels24quantize_with_block_sizeILNS_26BlockScaleQuantizationTypeE0E6__halfLi16ELb0ELb0ELb0ELb1ENS_6common17NVFP44Over6ConfigILi256ELNS4_18NVFP44Over6ErrModeE0ELb1EEEEEviiiiPKT0_PKfPvPjN10flashinfer20QuantizationSFLayoutE is out of range. .minnctapersm will be ignored
ptxas warning : Value of threads per SM for entry _ZN12tensorrt_llm7kernels24quantize_with_block_sizeILNS_26BlockScaleQuantizationTypeE0E6__halfLi16ELb0ELb0ELb1ELb0ENS_6common17NVFP44Over6ConfigILi448ELNS4_18NVFP44Over6ErrModeE1ELb0EEEEEviiiiPKT0_PKfPvPjN10flashinfer20QuantizationSFLayoutE is out of range. .minnctapersm will be ignored
ptxas warning : Value of threads per SM for entry _ZN12tensorrt_llm7kernels24quantize_with_block_sizeILNS_26BlockScaleQuantizationTypeE0E6__halfLi16ELb0ELb0ELb1ELb0ENS_6common17NVFP44Over6ConfigILi448ELNS4_18NVFP44Over6ErrModeE1ELb1EEEEEviiiiPKT0_PKfPvPjN10flashinfer20QuantizationSFLayoutE is out of range. .minnctapersm will be ignored
ptxas warning : Value of threads per SM for entry _ZN12tensorrt_llm7kernels24quantize_with_block_sizeILNS_26BlockScaleQuantizationTypeE0E6__halfLi16ELb0ELb0ELb1ELb0ENS_6common17NVFP44Over6ConfigILi448ELNS4_18NVFP44Over6ErrModeE0ELb0EEEEEviiiiPKT0_PKfPvPjN10flashinfer20QuantizationSFLayoutE is out of range. .minnctapersm will be ignored
ptxas warning : Value of threads per SM for entry _ZN12tensorrt_llm7kernels24quantize_with_block_sizeILNS_26BlockScaleQuantizationTypeE0E6__halfLi16ELb0ELb0ELb1ELb0ENS_6common17NVFP44Over6ConfigILi448ELNS4_18NVFP44Over6ErrModeE0ELb1EEEEEviiiiPKT0_PKfPvPjN10flashinfer20QuantizationSFLayoutE is out of range. .minnctapersm will be ignored
ptxas warning : Value of threads per SM for entry _ZN12tensorrt_llm7kernels24quantize_with_block_sizeILNS_26BlockScaleQuantizationTypeE0E6__halfLi16ELb0ELb0ELb1ELb0ENS_6common17NVFP44Over6ConfigILi256ELNS4_18NVFP44Over6ErrModeE1ELb0EEEEEviiiiPKT0_PKfPvPjN10flashinfer20QuantizationSFLayoutE is out of range. .minnctapersm will be ignored
ptxas warning : Value of threads per SM for entry _ZN12tensorrt_llm7kernels24quantize_with_block_sizeILNS_26BlockScaleQuantizationTypeE0E6__halfLi16ELb0ELb0ELb1ELb0ENS_6common17NVFP44Over6ConfigILi256ELNS4_18NVFP44Over6ErrModeE1ELb1EEEEEviiiiPKT0_PKfPvPjN10flashinfer20QuantizationSFLayoutE is out of range. .minnctapersm will be ignored
ptxas warning : Value of threads per SM for entry _ZN12tensorrt_llm7kernels24quantize_with_block_sizeILNS_26BlockScaleQuantizationTypeE0E6__halfLi16ELb0ELb0ELb1ELb0ENS_6common17NVFP44Over6ConfigILi256ELNS4_18NVFP44Over6ErrModeE0ELb0EEEEEviiiiPKT0_PKfPvPjN10flashinfer20QuantizationSFLayoutE is out of range. .minnctapersm will be ignored
ptxas warning : Value of threads per SM for entry _ZN12tensorrt_llm7kernels24quantize_with_block_sizeILNS_26BlockScaleQuantizationTypeE0E6__halfLi16ELb0ELb0ELb1ELb0ENS_6common17NVFP44Over6ConfigILi256ELNS4_18NVFP44Over6ErrModeE0ELb1EEEEEviiiiPKT0_PKfPvPjN10flashinfer20QuantizationSFLayoutE is out of range. .minnctapersm will be ignored
ptxas warning : Value of threads per SM for entry _ZN12tensorrt_llm7kernels24quantize_with_block_sizeILNS_26BlockScaleQuantizationTypeE0E6__halfLi16ELb0ELb0ELb1ELb1ENS_6common17NVFP44Over6ConfigILi448ELNS4_18NVFP44Over6ErrModeE1ELb0EEEEEviiiiPKT0_PKfPvPjN10flashinfer20QuantizationSFLayoutE is out of range. .minnctapersm will be ignored
ptxas warning : Value of threads per SM for entry _ZN12tensorrt_llm7kernels24quantize_with_block_sizeILNS_26BlockScaleQuantizationTypeE0E6__halfLi16ELb0ELb0ELb1ELb1ENS_6common17NVFP44Over6ConfigILi448ELNS4_18NVFP44Over6ErrModeE1ELb1EEEEEviiiiPKT0_PKfPvPjN10flashinfer20QuantizationSFLayoutE is out of range. .minnctapersm will be ignored
ptxas warning : Value of threads per SM for entry _ZN12tensorrt_llm7kernels24quantize_with_block_sizeILNS_26BlockScaleQuantizationTypeE0E6__halfLi16ELb0ELb0ELb1ELb1ENS_6common17NVFP44Over6ConfigILi448ELNS4_18NVFP44Over6ErrModeE0ELb0EEEEEviiiiPKT0_PKfPvPjN10flashinfer20QuantizationSFLayoutE is out of range. .minnctapersm will be ignored
ptxas warning : Value of threads per SM for entry _ZN12tensorrt_llm7kernels24quantize_with_block_sizeILNS_26BlockScaleQuantizationTypeE0E6__halfLi16ELb0ELb0ELb1ELb1ENS_6common17NVFP44Over6ConfigILi448ELNS4_18NVFP44Over6ErrModeE0ELb1EEEEEviiiiPKT0_PKfPvPjN10flashinfer20QuantizationSFLayoutE is out of range. .minnctapersm will be ignored
ptxas warning : Value of threads per SM for entry _ZN12tensorrt_llm7kernels24quantize_with_block_sizeILNS_26BlockScaleQuantizationTypeE0E6__halfLi16ELb0ELb0ELb1ELb1ENS_6common17NVFP44Over6ConfigILi256ELNS4_18NVFP44Over6ErrModeE1ELb0EEEEEviiiiPKT0_PKfPvPjN10flashinfer20QuantizationSFLayoutE is out of range. .minnctapersm will be ignored
ptxas warning : Value of threads per SM for entry _ZN12tensorrt_llm7kernels24quantize_with_block_sizeILNS_26BlockScaleQuantizationTypeE0E6__halfLi16ELb0ELb0ELb1ELb1ENS_6common17NVFP44Over6ConfigILi256ELNS4_18NVFP44Over6ErrModeE1ELb1EEEEEviiiiPKT0_PKfPvPjN10flashinfer20QuantizationSFLayoutE is out of range. .minnctapersm will be ignored
ptxas warning : Value of threads per SM for entry _ZN12tensorrt_llm7kernels24quantize_with_block_sizeILNS_26BlockScaleQuantizationTypeE0E6__halfLi16ELb0ELb0ELb1ELb1ENS_6common17NVFP44Over6ConfigILi256ELNS4_18NVFP44Over6ErrModeE0ELb0EEEEEviiiiPKT0_PKfPvPjN10flashinfer20QuantizationSFLayoutE is out of range. .minnctapersm will be ignored
ptxas warning : Value of threads per SM for entry _ZN12tensorrt_llm7kernels24quantize_with_block_sizeILNS_26BlockScaleQuantizationTypeE0E6__halfLi16ELb0ELb0ELb1ELb1ENS_6common17NVFP44Over6ConfigILi256ELNS4_18NVFP44Over6ErrModeE0ELb1EEEEEviiiiPKT0_PKfPvPjN10flashinfer20QuantizationSFLayoutE is out of range. .minnctapersm will be ignored
ptxas warning : Value of threads per SM for entry _ZN12tensorrt_llm7kernels24quantize_with_block_sizeILNS_26BlockScaleQuantizationTypeE0E6__halfLi16ELb0ELb0ELb0ELb0ESt17integral_constantIbLb0EEEEviiiiPKT0_PKfPvPjN10flashinfer20QuantizationSFLayoutE is out of range. .minnctapersm will be ignored
ptxas warning : Value of threads per SM for entry _ZN12tensorrt_llm7kernels24quantize_with_block_sizeILNS_26BlockScaleQuantizationTypeE0E6__halfLi16ELb0ELb0ELb0ELb1ESt17integral_constantIbLb0EEEEviiiiPKT0_PKfPvPjN10flashinfer20QuantizationSFLayoutE is out of range. .minnctapersm will be ignored
ptxas warning : Value of threads per SM for entry _ZN12tensorrt_llm7kernels24quantize_with_block_sizeILNS_26BlockScaleQuantizationTypeE0E6__halfLi16ELb1ELb0ELb0ELb0ESt17integral_constantIbLb0EEEEviiiiPKT0_PKfPvPjN10flashinfer20QuantizationSFLayoutE is out of range. .minnctapersm will be ignored
ptxas warning : Value of threads per SM for entry _ZN12tensorrt_llm7kernels24quantize_with_block_sizeILNS_26BlockScaleQuantizationTypeE0E6__halfLi16ELb1ELb0ELb0ELb1ESt17integral_constantIbLb0EEEEviiiiPKT0_PKfPvPjN10flashinfer20QuantizationSFLayoutE is out of range. .minnctapersm will be ignored
ptxas warning : Value of threads per SM for entry _ZN12tensorrt_llm7kernels24quantize_with_block_sizeILNS_26BlockScaleQuantizationTypeE0E6__halfLi16ELb0ELb0ELb1ELb0ESt17integral_constantIbLb0EEEEviiiiPKT0_PKfPvPjN10flashinfer20QuantizationSFLayoutE is out of range. .minnctapersm will be ignored
ptxas warning : Value of threads per SM for entry _ZN12tensorrt_llm7kernels24quantize_with_block_sizeILNS_26BlockScaleQuantizationTypeE0E6__halfLi16ELb0ELb0ELb1ELb1ESt17integral_constantIbLb0EEEEviiiiPKT0_PKfPvPjN10flashinfer20QuantizationSFLayoutE is out of range. .minnctapersm will be ignored
ptxas warning : Value of threads per SM for entry _ZN12tensorrt_llm7kernels24quantize_with_block_sizeILNS_26BlockScaleQuantizationTypeE0E6__halfLi16ELb1ELb0ELb1ELb0ESt17integral_constantIbLb0EEEEviiiiPKT0_PKfPvPjN10flashinfer20QuantizationSFLayoutE is out of range. .minnctapersm will be ignored
ptxas warning : Value of threads per SM for entry _ZN12tensorrt_llm7kernels24quantize_with_block_sizeILNS_26BlockScaleQuantizationTypeE0E6__halfLi16ELb1ELb0ELb1ELb1ESt17integral_constantIbLb0EEEEviiiiPKT0_PKfPvPjN10flashinfer20QuantizationSFLayoutE is out of range. .minnctapersm will be ignored
ptxas warning : Value of threads per SM for entry _ZN12tensorrt_llm7kernels24quantize_with_block_sizeILNS_26BlockScaleQuantizationTypeE0E6__halfLi16ELb0ELb1ELb0ELb0ENS_6common17NVFP44Over6ConfigILi448ELNS4_18NVFP44Over6ErrModeE1ELb0EEEEEviiiiPKT0_PKfPvPjN10flashinfer20QuantizationSFLayoutE is out of range. .minnctapersm will be ignored
ptxas warning : Value of threads per SM for entry _ZN12tensorrt_llm7kernels24quantize_with_block_sizeILNS_26BlockScaleQuantizationTypeE0E6__halfLi16ELb0ELb1ELb0ELb0ENS_6common17NVFP44Over6ConfigILi448ELNS4_18NVFP44Over6ErrModeE1ELb1EEEEEviiiiPKT0_PKfPvPjN10flashinfer20QuantizationSFLayoutE is out of range. .minnctapersm will be ignored
ptxas warning : Value of threads per SM for entry _ZN12tensorrt_llm7kernels24quantize_with_block_sizeILNS_26BlockScaleQuantizationTypeE0E6__halfLi16ELb0ELb1ELb0ELb0ENS_6common17NVFP44Over6ConfigILi448ELNS4_18NVFP44Over6ErrModeE0ELb0EEEEEviiiiPKT0_PKfPvPjN10flashinfer20QuantizationSFLayoutE is out of range. .minnctapersm will be ignored
ptxas warning : Value of threads per SM for entry _ZN12tensorrt_llm7kernels24quantize_with_block_sizeILNS_26BlockScaleQuantizationTypeE0E6__halfLi16ELb0ELb1ELb0ELb0ENS_6common17NVFP44Over6ConfigILi448ELNS4_18NVFP44Over6ErrModeE0ELb1EEEEEviiiiPKT0_PKfPvPjN10flashinfer20QuantizationSFLayoutE is out of range. .minnctapersm will be ignored
ptxas warning : Value of threads per SM for entry _ZN12tensorrt_llm7kernels24quantize_with_block_sizeILNS_26BlockScaleQuantizationTypeE0E6__halfLi16ELb0ELb1ELb0ELb0ENS_6common17NVFP44Over6ConfigILi256ELNS4_18NVFP44Over6ErrModeE1ELb0EEEEEviiiiPKT0_PKfPvPjN10flashinfer20QuantizationSFLayoutE is out of range. .minnctapersm will be ignored
ptxas warning : Value of threads per SM for entry _ZN12tensorrt_llm7kernels24quantize_with_block_sizeILNS_26BlockScaleQuantizationTypeE0E6__halfLi16ELb0ELb1ELb0ELb0ENS_6common17NVFP44Over6ConfigILi256ELNS4_18NVFP44Over6ErrModeE1ELb1EEEEEviiiiPKT0_PKfPvPjN10flashinfer20QuantizationSFLayoutE is out of range. .minnctapersm will be ignored
ptxas warning : Value of threads per SM for entry _ZN12tensorrt_llm7kernels24quantize_with_block_sizeILNS_26BlockScaleQuantizationTypeE0E6__halfLi16ELb0ELb1ELb0ELb0ENS_6common17NVFP44Over6ConfigILi256ELNS4_18NVFP44Over6ErrModeE0ELb0EEEEEviiiiPKT0_PKfPvPjN10flashinfer20QuantizationSFLayoutE is out of range. .minnctapersm will be ignored
ptxas warning : Value of threads per SM for entry _ZN12tensorrt_llm7kernels24quantize_with_block_sizeILNS_26BlockScaleQuantizationTypeE0E6__halfLi16ELb0ELb1ELb0ELb0ENS_6common17NVFP44Over6ConfigILi256ELNS4_18NVFP44Over6ErrModeE0ELb1EEEEEviiiiPKT0_PKfPvPjN10flashinfer20QuantizationSFLayoutE is out of range. .minnctapersm will be ignored
ptxas warning : Value of threads per SM for entry _ZN12tensorrt_llm7kernels24quantize_with_block_sizeILNS_26BlockScaleQuantizationTypeE0E6__halfLi16ELb0ELb1ELb0ELb1ENS_6common17NVFP44Over6ConfigILi448ELNS4_18NVFP44Over6ErrModeE1ELb0EEEEEviiiiPKT0_PKfPvPjN10flashinfer20QuantizationSFLayoutE is out of range. .minnctapersm will be ignored
ptxas warning : Value of threads per SM for entry _ZN12tensorrt_llm7kernels24quantize_with_block_sizeILNS_26BlockScaleQuantizationTypeE0E6__halfLi16ELb0ELb1ELb0ELb1ENS_6common17NVFP44Over6ConfigILi448ELNS4_18NVFP44Over6ErrModeE1ELb1EEEEEviiiiPKT0_PKfPvPjN10flashinfer20QuantizationSFLayoutE is out of range. .minnctapersm will be ignored
ptxas warning : Value of threads per SM for entry _ZN12tensorrt_llm7kernels24quantize_with_block_sizeILNS_26BlockScaleQuantizationTypeE0E6__halfLi16ELb0ELb1ELb0ELb1ENS_6common17NVFP44Over6ConfigILi448ELNS4_18NVFP44Over6ErrModeE0ELb0EEEEEviiiiPKT0_PKfPvPjN10flashinfer20QuantizationSFLayoutE is out of range. .minnctapersm will be ignored
ptxas warning : Value of threads per SM for entry _ZN12tensorrt_llm7kernels24quantize_with_block_sizeILNS_26BlockScaleQuantizationTypeE0E6__halfLi16ELb0ELb1ELb0ELb1ENS_6common17NVFP44Over6ConfigILi448ELNS4_18NVFP44Over6ErrModeE0ELb1EEEEEviiiiPKT0_PKfPvPjN10flashinfer20QuantizationSFLayoutE is out of range. .minnctapersm will be ignored
ptxas warning : Value of threads per SM for entry _ZN12tensorrt_llm7kernels24quantize_with_block_sizeILNS_26BlockScaleQuantizationTypeE0E6__halfLi16ELb0ELb1ELb0ELb1ENS_6common17NVFP44Over6ConfigILi256ELNS4_18NVFP44Over6ErrModeE1ELb0EEEEEviiiiPKT0_PKfPvPjN10flashinfer20QuantizationSFLayoutE is out of range. .minnctapersm will be ignored
ptxas warning : Value of threads per SM for entry _ZN12tensorrt_llm7kernels24quantize_with_block_sizeILNS_26BlockScaleQuantizationTypeE0E6__halfLi16ELb0ELb1ELb0ELb1ENS_6common17NVFP44Over6ConfigILi256ELNS4_18NVFP44Over6ErrModeE1ELb1EEEEEviiiiPKT0_PKfPvPjN10flashinfer20QuantizationSFLayoutE is out of range. .minnctapersm will be ignored
ptxas warning : Value of threads per SM for entry _ZN12tensorrt_llm7kernels24quantize_with_block_sizeILNS_26BlockScaleQuantizationTypeE0E6__halfLi16ELb0ELb1ELb0ELb1ENS_6common17NVFP44Over6ConfigILi256ELNS4_18NVFP44Over6ErrModeE0ELb0EEEEEviiiiPKT0_PKfPvPjN10flashinfer20QuantizationSFLayoutE is out of range. .minnctapersm will be ignored
ptxas warning : Value of threads per SM for entry _ZN12tensorrt_llm7kernels24quantize_with_block_sizeILNS_26BlockScaleQuantizationTypeE0E6__halfLi16ELb0ELb1ELb0ELb1ENS_6common17NVFP44Over6ConfigILi256ELNS4_18NVFP44Over6ErrModeE0ELb1EEEEEviiiiPKT0_PKfPvPjN10flashinfer20QuantizationSFLayoutE is out of range. .minnctapersm will be ignored
ptxas warning : Value of threads per SM for entry _ZN12tensorrt_llm7kernels24quantize_with_block_sizeILNS_26BlockScaleQuantizationTypeE0E6__halfLi16ELb0ELb1ELb1ELb0ENS_6common17NVFP44Over6ConfigILi448ELNS4_18NVFP44Over6ErrModeE1ELb0EEEEEviiiiPKT0_PKfPvPjN10flashinfer20QuantizationSFLayoutE is out of range. .minnctapersm will be ignored
ptxas warning : Value of threads per SM for entry _ZN12tensorrt_llm7kernels24quantize_with_block_sizeILNS_26BlockScaleQuantizationTypeE0E6__halfLi16ELb0ELb1ELb1ELb0ENS_6common17NVFP44Over6ConfigILi448ELNS4_18NVFP44Over6ErrModeE1ELb1EEEEEviiiiPKT0_PKfPvPjN10flashinfer20QuantizationSFLayoutE is out of range. .minnctapersm will be ignored
ptxas warning : Value of threads per SM for entry _ZN12tensorrt_llm7kernels24quantize_with_block_sizeILNS_26BlockScaleQuantizationTypeE0E6__halfLi16ELb0ELb1ELb1ELb0ENS_6common17NVFP44Over6ConfigILi448ELNS4_18NVFP44Over6ErrModeE0ELb0EEEEEviiiiPKT0_PKfPvPjN10flashinfer20QuantizationSFLayoutE is out of range. .minnctapersm will be ignored
ptxas warning : Value of threads per SM for entry _ZN12tensorrt_llm7kernels24quantize_with_block_sizeILNS_26BlockScaleQuantizationTypeE0E6__halfLi16ELb0ELb1ELb1ELb0ENS_6common17NVFP44Over6ConfigILi448ELNS4_18NVFP44Over6ErrModeE0ELb1EEEEEviiiiPKT0_PKfPvPjN10flashinfer20QuantizationSFLayoutE is out of range. .minnctapersm will be ignored
ptxas warning : Value of threads per SM for entry _ZN12tensorrt_llm7kernels24quantize_with_block_sizeILNS_26BlockScaleQuantizationTypeE0E6__halfLi16ELb0ELb1ELb1ELb0ENS_6common17NVFP44Over6ConfigILi256ELNS4_18NVFP44Over6ErrModeE1ELb0EEEEEviiiiPKT0_PKfPvPjN10flashinfer20QuantizationSFLayoutE is out of range. .minnctapersm will be ignored
ptxas warning : Value of threads per SM for entry _ZN12tensorrt_llm7kernels24quantize_with_block_sizeILNS_26BlockScaleQuantizationTypeE0E6__halfLi16ELb0ELb1ELb1ELb0ENS_6common17NVFP44Over6ConfigILi256ELNS4_18NVFP44Over6ErrModeE1ELb1EEEEEviiiiPKT0_PKfPvPjN10flashinfer20QuantizationSFLayoutE is out of range. .minnctapersm will be ignored
ptxas warning : Value of threads per SM for entry _ZN12tensorrt_llm7kernels24quantize_with_block_sizeILNS_26BlockScaleQuantizationTypeE0E6__halfLi16ELb0ELb1ELb1ELb0ENS_6common17NVFP44Over6ConfigILi256ELNS4_18NVFP44Over6ErrModeE0ELb0EEEEEviiiiPKT0_PKfPvPjN10flashinfer20QuantizationSFLayoutE is out of range. .minnctapersm will be ignored
ptxas warning : Value of threads per SM for entry _ZN12tensorrt_llm7kernels24quantize_with_block_sizeILNS_26BlockScaleQuantizationTypeE0E6__halfLi16ELb0ELb1ELb1ELb0ENS_6common17NVFP44Over6ConfigILi256ELNS4_18NVFP44Over6ErrModeE0ELb1EEEEEviiiiPKT0_PKfPvPjN10flashinfer20QuantizationSFLayoutE is out of range. .minnctapersm will be ignored
ptxas warning : Value of threads per SM for entry _ZN12tensorrt_llm7kernels24quantize_with_block_sizeILNS_26BlockScaleQuantizationTypeE0E6__halfLi16ELb0ELb1ELb1ELb1ENS_6common17NVFP44Over6ConfigILi448ELNS4_18NVFP44Over6ErrModeE1ELb0EEEEEviiiiPKT0_PKfPvPjN10flashinfer20QuantizationSFLayoutE is out of range. .minnctapersm will be ignored
ptxas warning : Value of threads per SM for entry _ZN12tensorrt_llm7kernels24quantize_with_block_sizeILNS_26BlockScaleQuantizationTypeE0E6__halfLi16ELb0ELb1ELb1ELb1ENS_6common17NVFP44Over6ConfigILi448ELNS4_18NVFP44Over6ErrModeE1ELb1EEEEEviiiiPKT0_PKfPvPjN10flashinfer20QuantizationSFLayoutE is out of range. .minnctapersm will be ignored
ptxas warning : Value of threads per SM for entry _ZN12tensorrt_llm7kernels24quantize_with_block_sizeILNS_26BlockScaleQuantizationTypeE0E6__halfLi16ELb0ELb1ELb1ELb1ENS_6common17NVFP44Over6ConfigILi448ELNS4_18NVFP44Over6ErrModeE0ELb0EEEEEviiiiPKT0_PKfPvPjN10flashinfer20QuantizationSFLayoutE is out of range. .minnctapersm will be ignored
ptxas warning : Value of threads per SM for entry _ZN12tensorrt_llm7kernels24quantize_with_block_sizeILNS_26BlockScaleQuantizationTypeE0E6__halfLi16ELb0ELb1ELb1ELb1ENS_6common17NVFP44Over6ConfigILi448ELNS4_18NVFP44Over6ErrModeE0ELb1EEEEEviiiiPKT0_PKfPvPjN10flashinfer20QuantizationSFLayoutE is out of range. .minnctapersm will be ignored
ptxas warning : Value of threads per SM for entry _ZN12tensorrt_llm7kernels24quantize_with_block_sizeILNS_26BlockScaleQuantizationTypeE0E6__halfLi16ELb0ELb1ELb1ELb1ENS_6common17NVFP44Over6ConfigILi256ELNS4_18NVFP44Over6ErrModeE1ELb0EEEEEviiiiPKT0_PKfPvPjN10flashinfer20QuantizationSFLayoutE is out of range. .minnctapersm will be ignored
ptxas warning : Value of threads per SM for entry _ZN12tensorrt_llm7kernels24quantize_with_block_sizeILNS_26BlockScaleQuantizationTypeE0E6__halfLi16ELb0ELb1ELb1ELb1ENS_6common17NVFP44Over6ConfigILi256ELNS4_18NVFP44Over6ErrModeE1ELb1EEEEEviiiiPKT0_PKfPvPjN10flashinfer20QuantizationSFLayoutE is out of range. .minnctapersm will be ignored
ptxas warning : Value of threads per SM for entry _ZN12tensorrt_llm7kernels24quantize_with_block_sizeILNS_26BlockScaleQuantizationTypeE0E6__halfLi16ELb0ELb1ELb1ELb1ENS_6common17NVFP44Over6ConfigILi256ELNS4_18NVFP44Over6ErrModeE0ELb0EEEEEviiiiPKT0_PKfPvPjN10flashinfer20QuantizationSFLayoutE is out of range. .minnctapersm will be ignored
ptxas warning : Value of threads per SM for entry _ZN12tensorrt_llm7kernels24quantize_with_block_sizeILNS_26BlockScaleQuantizationTypeE0E6__halfLi16ELb0ELb1ELb1ELb1ENS_6common17NVFP44Over6ConfigILi256ELNS4_18NVFP44Over6ErrModeE0ELb1EEEEEviiiiPKT0_PKfPvPjN10flashinfer20QuantizationSFLayoutE is out of range. .minnctapersm will be ignored
ptxas warning : Value of threads per SM for entry _ZN12tensorrt_llm7kernels24quantize_with_block_sizeILNS_26BlockScaleQuantizationTypeE0E6__halfLi16ELb0ELb1ELb0ELb0ESt17integral_constantIbLb0EEEEviiiiPKT0_PKfPvPjN10flashinfer20QuantizationSFLayoutE is out of range. .minnctapersm will be ignored
ptxas warning : Value of threads per SM for entry _ZN12tensorrt_llm7kernels24quantize_with_block_sizeILNS_26BlockScaleQuantizationTypeE0E6__halfLi16ELb0ELb1ELb0ELb1ESt17integral_constantIbLb0EEEEviiiiPKT0_PKfPvPjN10flashinfer20QuantizationSFLayoutE is out of range. .minnctapersm will be ignored
ptxas warning : Value of threads per SM for entry _ZN12tensorrt_llm7kernels24quantize_with_block_sizeILNS_26BlockScaleQuantizationTypeE0E6__halfLi16ELb1ELb1ELb0ELb0ESt17integral_constantIbLb0EEEEviiiiPKT0_PKfPvPjN10flashinfer20QuantizationSFLayoutE is out of range. .minnctapersm will be ignored
ptxas warning : Value of threads per SM for entry _ZN12tensorrt_llm7kernels24quantize_with_block_sizeILNS_26BlockScaleQuantizationTypeE0E6__halfLi16ELb1ELb1ELb0ELb1ESt17integral_constantIbLb0EEEEviiiiPKT0_PKfPvPjN10flashinfer20QuantizationSFLayoutE is out of range. .minnctapersm will be ignored
ptxas warning : Value of threads per SM for entry _ZN12tensorrt_llm7kernels24quantize_with_block_sizeILNS_26BlockScaleQuantizationTypeE0E6__halfLi16ELb0ELb1ELb1ELb0ESt17integral_constantIbLb0EEEEviiiiPKT0_PKfPvPjN10flashinfer20QuantizationSFLayoutE is out of range. .minnctapersm will be ignored
ptxas warning : Value of threads per SM for entry _ZN12tensorrt_llm7kernels24quantize_with_block_sizeILNS_26BlockScaleQuantizationTypeE0E6__halfLi16ELb0ELb1ELb1ELb1ESt17integral_constantIbLb0EEEEviiiiPKT0_PKfPvPjN10flashinfer20QuantizationSFLayoutE is out of range. .minnctapersm will be ignored
ptxas warning : Value of threads per SM for entry _ZN12tensorrt_llm7kernels24quantize_with_block_sizeILNS_26BlockScaleQuantizationTypeE0E6__halfLi16ELb1ELb1ELb1ELb0ESt17integral_constantIbLb0EEEEviiiiPKT0_PKfPvPjN10flashinfer20QuantizationSFLayoutE is out of range. .minnctapersm will be ignored
ptxas warning : Value of threads per SM for entry _ZN12tensorrt_llm7kernels24quantize_with_block_sizeILNS_26BlockScaleQuantizationTypeE0E6__halfLi16ELb1ELb1ELb1ELb1ESt17integral_constantIbLb0EEEEviiiiPKT0_PKfPvPjN10flashinfer20QuantizationSFLayoutE is out of range. .minnctapersm will be ignored
[8/8] c++ /tmp/vj0-n05-flashinfer/.cache/flashinfer/0.6.18.post1/120f/cached_ops/fp4_quantization_120f/thop_fp4Quantize.o /tmp/vj0-n05-flashinfer/.cache/flashinfer/0.6.18.post1/120f/cached_ops/fp4_quantization_120f/thop_fp4Op.o /tmp/vj0-n05-flashinfer/.cache/flashinfer/0.6.18.post1/120f/cached_ops/fp4_quantization_120f/kernels_quantization.cuda.o /tmp/vj0-n05-flashinfer/.cache/flashinfer/0.6.18.post1/120f/cached_ops/fp4_quantization_120f/common_envUtils.o /tmp/vj0-n05-flashinfer/.cache/flashinfer/0.6.18.post1/120f/cached_ops/fp4_quantization_120f/common_logger.o /tmp/vj0-n05-flashinfer/.cache/flashinfer/0.6.18.post1/120f/cached_ops/fp4_quantization_120f/common_stringUtils.o /tmp/vj0-n05-flashinfer/.cache/flashinfer/0.6.18.post1/120f/cached_ops/fp4_quantization_120f/common_tllmException.o -shared -L/workspace/cuda-13.2/lib64 -L/workspace/cuda-13.2/lib64/stubs -lcudart -lcuda -o /tmp/vj0-n05-flashinfer/.cache/flashinfer/0.6.18.post1/120f/cached_ops/fp4_quantization_120f/fp4_quantization_120f.so
FAILED: [code=1] /tmp/vj0-n05-flashinfer/.cache/flashinfer/0.6.18.post1/120f/cached_ops/fp4_quantization_120f/fp4_quantization_120f.so 
c++ /tmp/vj0-n05-flashinfer/.cache/flashinfer/0.6.18.post1/120f/cached_ops/fp4_quantization_120f/thop_fp4Quantize.o /tmp/vj0-n05-flashinfer/.cache/flashinfer/0.6.18.post1/120f/cached_ops/fp4_quantization_120f/thop_fp4Op.o /tmp/vj0-n05-flashinfer/.cache/flashinfer/0.6.18.post1/120f/cached_ops/fp4_quantization_120f/kernels_quantization.cuda.o /tmp/vj0-n05-flashinfer/.cache/flashinfer/0.6.18.post1/120f/cached_ops/fp4_quantization_120f/common_envUtils.o /tmp/vj0-n05-flashinfer/.cache/flashinfer/0.6.18.post1/120f/cached_ops/fp4_quantization_120f/common_logger.o /tmp/vj0-n05-flashinfer/.cache/flashinfer/0.6.18.post1/120f/cached_ops/fp4_quantization_120f/common_stringUtils.o /tmp/vj0-n05-flashinfer/.cache/flashinfer/0.6.18.post1/120f/cached_ops/fp4_quantization_120f/common_tllmException.o -shared -L/workspace/cuda-13.2/lib64 -L/workspace/cuda-13.2/lib64/stubs -lcudart -lcuda -o /tmp/vj0-n05-flashinfer/.cache/flashinfer/0.6.18.post1/120f/cached_ops/fp4_quantization_120f/fp4_quantization_120f.so
/usr/bin/ld: cannot find -lcudart: No such file or directory
collect2: error: ld returned 1 exit status
ninja: build stopped: subcommand failed.

