artifact,artifact_sha256,status,error,width,height,steps,input_quality,output_quality,mode,variant,active_workers,pending_per_worker,received_fps,drawn_fps,elapsed_seconds,capture_to_draw_p50_ms,capture_to_draw_p95_ms,capture_to_draw_p99_ms,worker_queue_p95_ms,worker_total_p95_ms,input_mbps,output_mbps,received_frames,drawn_frames,decode_skips,encode_skips,input_buffer_skips,output_buffer_drops,measurement,frame_age,config_json,counts_json,server_counters_json,transport_json,observed_variants_json,measurement_status,continuity_status,validation_status,assessment_json
baseline-webrtc-512x288-2step-single-telemetry-off.json,9cd1daeb7475d5fb44c79bb87d471d2b3db7134077bd06906c0265a2854775a2,measured,,512,288,2,0.85,,single,,,,6.1662144776196754,6.1662144776196754,30.002199999928475,150.5,200.88000006675716,298.48000000476827,,51.264,0.4896848897759172,2.0529646492639486,185,185,0,2,0,,browser receive/decode/offscreen 2D draw; excludes application upscaler/projector and audio capture,one request in flight; measured on client clock,"{""alpha"":0.1,""height"":288,""inputQuality"":0.85,""maxBufferedBytes"":262144,""mode"":""single"",""outputQuality"":null,""prompt"":""colorful abstract art, vibrant neon lights, psychedelic patterns"",""seconds"":30,""seed"":42,""sendFps"":60,""server"":""https://0pxb4bss2jmbhg-3000.proxy.runpod.net"",""steps"":2,""telemetryEveryMs"":0,""warmupFrames"":20,""width"":512}","{""bytesReceived"":7699182,""bytesSent"":1836453,""compileDuringMeasurement"":false,""decodeErrors"":0,""decodeSkips"":0,""decodedDrawn"":185,""encodeSkips"":2,""errors"":[],""maxBufferedBytes"":0,""received"":185,""sendBufferSkips"":0,""sendErrors"":0,""sent"":185,""telemetryErrors"":0}",{},"[{""currentRoundTripTime"":0.019,""localCandidate"":""srflx"",""remoteCandidate"":""srflx""}]",null,measured,,,{}
baseline-webrtc-512x288-2step-stream-telemetry-off.json,59135b9f445cef8be1aad9f8e2206bc118d71221467ec19a9150122f1787d79d,measured,,512,288,2,0.85,,stream,,,,27.429493204295632,24.42991314550267,30.00419999998808,,,,,41.044,4.940574186282551,9.134281733894218,823,733,90,9,0,,browser receive/decode/offscreen 2D draw; excludes application upscaler/projector and audio capture,unknown: baseline does not echo frame IDs,"{""alpha"":0.1,""height"":288,""inputQuality"":0.85,""maxBufferedBytes"":262144,""mode"":""stream"",""outputQuality"":null,""prompt"":""colorful abstract art, vibrant neon lights, psychedelic patterns"",""seconds"":30,""seed"":42,""sendFps"":60,""server"":""https://0pxb4bss2jmbhg-3000.proxy.runpod.net"",""steps"":2,""telemetryEveryMs"":0,""warmupFrames"":20,""width"":512}","{""bytesReceived"":34258352,""bytesSent"":18529747,""compileDuringMeasurement"":false,""decodeErrors"":0,""decodeSkips"":90,""decodedDrawn"":733,""encodeSkips"":9,""errors"":[],""maxBufferedBytes"":69956,""received"":823,""sendBufferSkips"":0,""sendErrors"":0,""sent"":1865,""telemetryErrors"":0}",{},"[{""currentRoundTripTime"":0.021,""localCandidate"":""srflx"",""remoteCandidate"":""srflx""}]",null,measured,,,{}
baseline-webrtc-512x288-2step-stream-telemetry-on.json,e47e270b9ffd155e1c38b9bbcdb68ee3dcba5a40e06de8b6427225d19e9ba664,measured,,512,288,2,0.85,,stream,,,,25.59752557254833,22.69780587878309,30.00289999997616,,,,,55.75149999999999,4.938094917495233,8.531341703642095,768,681,87,10,0,,browser receive/decode/offscreen 2D draw; excludes application upscaler/projector and audio capture,unknown: baseline does not echo frame IDs,"{""alpha"":0.1,""height"":288,""inputQuality"":0.85,""maxBufferedBytes"":262144,""mode"":""stream"",""outputQuality"":null,""prompt"":""colorful abstract art, vibrant neon lights, psychedelic patterns"",""seconds"":30,""seed"":42,""sendFps"":60,""server"":""https://0pxb4bss2jmbhg-3000.proxy.runpod.net"",""steps"":2,""telemetryEveryMs"":2000,""warmupFrames"":20,""width"":512}","{""bytesReceived"":31995624,""bytesSent"":18519646,""compileDuringMeasurement"":false,""decodeErrors"":0,""decodeSkips"":87,""decodedDrawn"":681,""encodeSkips"":10,""errors"":[],""maxBufferedBytes"":108164,""received"":768,""sendBufferSkips"":0,""sendErrors"":0,""sent"":1864,""telemetryErrors"":0}",{},"[{""currentRoundTripTime"":0.019,""localCandidate"":""srflx"",""remoteCandidate"":""srflx""}]",null,measured,,,{}
browser-discovery/async-telemetry-r0.json,67b28742deb9c3c2e08ab587297048ce7a992d19aaf07798ff910d8a6bcb4566,measured,,512,288,2,0.85,80,stream,,,,26.794908967360087,23.82880586027669,30.00569999992847,168,320.52999998330904,1173.8459999966622,,51.78449999999993,4.869792339467112,8.920252618690382,804,715,89,34,0,,browser receive/decode/offscreen 2D draw; excludes application upscaler/projector and audio capture,correlated by echoed frame ID; measured on client clock,"{""alpha"":0.1,""channelOptions"":{},""frameIds"":true,""height"":288,""inputQuality"":0.85,""maxBufferedBytes"":262144,""mode"":""stream"",""outputQuality"":80,""prompt"":""colorful abstract art, vibrant neon lights, psychedelic patterns"",""seconds"":30,""seed"":42,""sendFps"":60,""server"":""https://0pxb4bss2jmbhg-3001.proxy.runpod.net"",""steps"":2,""telemetryEveryMs"":2000,""warmupFrames"":20,""width"":512}","{""bytesReceived"":33457303,""bytesSent"":18265191,""compileDuringMeasurement"":false,""decodeErrors"":0,""decodeSkips"":89,""decodedDrawn"":715,""encodeSkips"":34,""errors"":[],""maxBufferedBytes"":206401,""received"":804,""sendBufferSkips"":0,""sendErrors"":0,""sent"":1837,""telemetryErrors"":0}",{},"[{""currentRoundTripTime"":0.02,""localCandidate"":""srflx"",""remoteCandidate"":""srflx""}]",null,measured,,,{}
browser-discovery/async-telemetry-r1.json,d3dcaf705c3df7fa1749d61d8ae2cdafc0ed053407c4f756bb611fbcf6f6bf5d,measured,,512,288,2,0.85,80,stream,,,,26.026046040462685,22.560349768749344,30.00839999997616,178.5,806.5199999809265,903.0359999227524,,57.8,4.874568187578019,8.670321909872126,781,677,104,33,0,,browser receive/decode/offscreen 2D draw; excludes application upscaler/projector and audio capture,correlated by echoed frame ID; measured on client clock,"{""alpha"":0.1,""channelOptions"":{},""frameIds"":true,""height"":288,""inputQuality"":0.85,""maxBufferedBytes"":262144,""mode"":""stream"",""outputQuality"":80,""prompt"":""colorful abstract art, vibrant neon lights, psychedelic patterns"",""seconds"":30,""seed"":42,""sendFps"":60,""server"":""https://0pxb4bss2jmbhg-3001.proxy.runpod.net"",""steps"":2,""telemetryEveryMs"":2000,""warmupFrames"":20,""width"":512}","{""bytesReceived"":32522811,""bytesSent"":18284749,""compileDuringMeasurement"":false,""decodeErrors"":0,""decodeSkips"":104,""decodedDrawn"":677,""encodeSkips"":33,""errors"":[],""maxBufferedBytes"":190092,""received"":781,""sendBufferSkips"":0,""sendErrors"":0,""sent"":1839,""telemetryErrors"":0}",{},"[{""currentRoundTripTime"":0.02,""localCandidate"":""srflx"",""remoteCandidate"":""srflx""}]",null,measured,,,{}
browser-discovery/async-telemetry-r2.json,eca8930206abfffcd04db4477dabda52b6e00959a8f8dab94288c8156ee6dbc5,measured,,512,288,2,0.85,80,stream,,,,27.898419089651437,24.731931857253723,30.001699999928473,165.64999997615814,213.6900000452995,236.86300002813357,,39.87799999999999,4.778101774244185,9.293322178432046,837,742,94,71,0,,browser receive/decode/offscreen 2D draw; excludes application upscaler/projector and audio capture,correlated by echoed frame ID; measured on client clock,"{""alpha"":0.1,""channelOptions"":{},""frameIds"":true,""height"":288,""inputQuality"":0.85,""maxBufferedBytes"":262144,""mode"":""stream"",""outputQuality"":80,""prompt"":""colorful abstract art, vibrant neon lights, psychedelic patterns"",""seconds"":30,""seed"":42,""sendFps"":60,""server"":""https://0pxb4bss2jmbhg-3001.proxy.runpod.net"",""steps"":2,""telemetryEveryMs"":2000,""warmupFrames"":20,""width"":512}","{""bytesReceived"":34851933,""bytesSent"":17918897,""compileDuringMeasurement"":false,""decodeErrors"":0,""decodeSkips"":94,""decodedDrawn"":742,""encodeSkips"":71,""errors"":[],""maxBufferedBytes"":20435,""received"":837,""sendBufferSkips"":0,""sendErrors"":0,""sent"":1802,""telemetryErrors"":0}",{},"[{""currentRoundTripTime"":0.019,""localCandidate"":""srflx"",""remoteCandidate"":""srflx""}]",null,measured,,,{}
browser-discovery/ids-single-raw-r0.json,5db4547f9181b5d5439733dbc59b9dbb11914877d5f60f1ca59a52805590b591,measured,,512,288,2,0.85,80,single,,,,6.499631687553202,6.499631687553202,30.001699999928473,148.79999995231628,158.08999998569487,164.90600008964535,,42.273,0.5186583426951505,2.1602618518335466,195,195,0,2,0,,browser receive/decode/offscreen 2D draw; excludes application upscaler/projector and audio capture,one request in flight; measured on client clock,"{""alpha"":0.1,""channelOptions"":{},""frameIds"":false,""height"":288,""inputQuality"":0.85,""maxBufferedBytes"":262144,""mode"":""single"",""outputQuality"":80,""prompt"":""colorful abstract art, vibrant neon lights, psychedelic patterns"",""seconds"":30,""seed"":42,""sendFps"":60,""server"":""https://0pxb4bss2jmbhg-3001.proxy.runpod.net"",""steps"":2,""telemetryEveryMs"":0,""warmupFrames"":20,""width"":512}","{""bytesReceived"":8101441,""bytesSent"":1945079,""compileDuringMeasurement"":false,""decodeErrors"":0,""decodeSkips"":0,""decodedDrawn"":195,""encodeSkips"":2,""errors"":[],""maxBufferedBytes"":0,""received"":195,""sendBufferSkips"":0,""sendErrors"":0,""sent"":196,""telemetryErrors"":0}",{},"[{""currentRoundTripTime"":0.018,""localCandidate"":""srflx"",""remoteCandidate"":""srflx""}]",null,measured,,,{}
browser-discovery/ids-single-raw-r1.json,813ce309df108ca73d92cb5a86599f5aaeb09b80cb2a887a36be396eb8d42b18,measured,,512,288,2,0.85,80,single,,,,6.1330675670818415,6.1330675670818415,30.001299999952316,156.39999997615814,170.16999993920325,183.6039999878404,,42.95249999999999,0.48969957968565864,2.0395910843895853,184,184,0,3,0,,browser receive/decode/offscreen 2D draw; excludes application upscaler/projector and audio capture,one request in flight; measured on client clock,"{""alpha"":0.1,""channelOptions"":{},""frameIds"":false,""height"":288,""inputQuality"":0.85,""maxBufferedBytes"":262144,""mode"":""single"",""outputQuality"":80,""prompt"":""colorful abstract art, vibrant neon lights, psychedelic patterns"",""seconds"":30,""seed"":42,""sendFps"":60,""server"":""https://0pxb4bss2jmbhg-3001.proxy.runpod.net"",""steps"":2,""telemetryEveryMs"":0,""warmupFrames"":20,""width"":512}","{""bytesReceived"":7648798,""bytesSent"":1836453,""compileDuringMeasurement"":false,""decodeErrors"":0,""decodeSkips"":0,""decodedDrawn"":184,""encodeSkips"":3,""errors"":[],""maxBufferedBytes"":0,""received"":184,""sendBufferSkips"":0,""sendErrors"":0,""sent"":185,""telemetryErrors"":0}",{},"[{""currentRoundTripTime"":0.02,""localCandidate"":""srflx"",""remoteCandidate"":""srflx""}]",null,measured,,,{}
browser-discovery/ids-single-raw-r2.json,e8083c2d395091dc2381ec2eeb960465ec68bcab5b57b900efd13d1a7502c24a,measured,,512,288,2,0.85,80,single,,,,6.199690015499225,6.199690015499225,30.0015,152.79999995231628,167.12500005960464,175.44000003337862,,41.9725,0.49496298518407417,2.06103881472593,186,186,0,3,0,,browser receive/decode/offscreen 2D draw; excludes application upscaler/projector and audio capture,one request in flight; measured on client clock,"{""alpha"":0.1,""channelOptions"":{},""frameIds"":false,""height"":288,""inputQuality"":0.85,""maxBufferedBytes"":262144,""mode"":""single"",""outputQuality"":80,""prompt"":""colorful abstract art, vibrant neon lights, psychedelic patterns"",""seconds"":30,""seed"":42,""sendFps"":60,""server"":""https://0pxb4bss2jmbhg-3001.proxy.runpod.net"",""steps"":2,""telemetryEveryMs"":0,""warmupFrames"":20,""width"":512}","{""bytesReceived"":7729282,""bytesSent"":1856204,""compileDuringMeasurement"":false,""decodeErrors"":0,""decodeSkips"":0,""decodedDrawn"":186,""encodeSkips"":3,""errors"":[],""maxBufferedBytes"":0,""received"":186,""sendBufferSkips"":0,""sendErrors"":0,""sent"":187,""telemetryErrors"":0}",{},"[{""currentRoundTripTime"":0.019,""localCandidate"":""srflx"",""remoteCandidate"":""srflx""}]",null,measured,,,{}
browser-discovery/ids-single-tagged-r0.json,dbb8c72275e12e993f4fbbc1b8d05c0f30b941e106b8ae2c9d44b5f6f72fb786,measured,,512,288,2,0.85,80,single,,,,6.232980131140763,6.232980131140763,30.001699999928473,152.90000009536743,163.3299999475479,166.8440000510215,,43.661,0.4979733815095685,2.072506024663544,187,187,0,4,0,,browser receive/decode/offscreen 2D draw; excludes application upscaler/projector and audio capture,correlated by echoed frame ID; measured on client clock,"{""alpha"":0.1,""channelOptions"":{},""frameIds"":true,""height"":288,""inputQuality"":0.85,""maxBufferedBytes"":262144,""mode"":""single"",""outputQuality"":80,""prompt"":""colorful abstract art, vibrant neon lights, psychedelic patterns"",""seconds"":30,""seed"":42,""sendFps"":60,""server"":""https://0pxb4bss2jmbhg-3001.proxy.runpod.net"",""steps"":2,""telemetryEveryMs"":0,""warmupFrames"":20,""width"":512}","{""bytesReceived"":7772338,""bytesSent"":1867506,""compileDuringMeasurement"":false,""decodeErrors"":0,""decodeSkips"":0,""decodedDrawn"":187,""encodeSkips"":4,""errors"":[],""maxBufferedBytes"":0,""received"":187,""sendBufferSkips"":0,""sendErrors"":0,""sent"":188,""telemetryErrors"":0}",{},"[{""currentRoundTripTime"":0.019,""localCandidate"":""srflx"",""remoteCandidate"":""srflx""}]",null,measured,,,{}
browser-discovery/ids-single-tagged-r1.json,eb455a83721edc8eea686eab467cd81da22f6cce6e95eeaf6716acfed4df3644,measured,,512,288,2,0.85,80,single,,,,6.166378902298291,6.166378902298291,30.00140000009537,154.79999995231628,169.95999994277952,201.1839999961853,,43.462,0.4927268727443722,2.0507405654337605,185,185,0,5,0,,browser receive/decode/offscreen 2D draw; excludes application upscaler/projector and audio capture,correlated by echoed frame ID; measured on client clock,"{""alpha"":0.1,""channelOptions"":{},""frameIds"":true,""height"":288,""inputQuality"":0.85,""maxBufferedBytes"":262144,""mode"":""single"",""outputQuality"":80,""prompt"":""colorful abstract art, vibrant neon lights, psychedelic patterns"",""seconds"":30,""seed"":42,""sendFps"":60,""server"":""https://0pxb4bss2jmbhg-3001.proxy.runpod.net"",""steps"":2,""telemetryEveryMs"":0,""warmupFrames"":20,""width"":512}","{""bytesReceived"":7690636,""bytesSent"":1847812,""compileDuringMeasurement"":false,""decodeErrors"":0,""decodeSkips"":0,""decodedDrawn"":185,""encodeSkips"":5,""errors"":[],""maxBufferedBytes"":0,""received"":185,""sendBufferSkips"":0,""sendErrors"":0,""sent"":186,""telemetryErrors"":0}",{},"[{""currentRoundTripTime"":0.019,""localCandidate"":""srflx"",""remoteCandidate"":""srflx""}]",null,measured,,,{}
browser-discovery/ids-single-tagged-r2.json,726a5cea452a6a8d178da8c062022a2eb02d76901dc734faa5a40de8eeeed0ae,measured,,512,288,2,0.85,80,single,,,,6.532963132104757,6.532963132104757,30.001699999928473,148.10000002384186,154.32500004768372,159.13999990820886,,43.2275,0.5217717662678222,2.17171906925792,196,196,0,1,0,,browser receive/decode/offscreen 2D draw; excludes application upscaler/projector and audio capture,correlated by echoed frame ID; measured on client clock,"{""alpha"":0.1,""channelOptions"":{},""frameIds"":true,""height"":288,""inputQuality"":0.85,""maxBufferedBytes"":262144,""mode"":""single"",""outputQuality"":80,""prompt"":""colorful abstract art, vibrant neon lights, psychedelic patterns"",""seconds"":30,""seed"":42,""sendFps"":60,""server"":""https://0pxb4bss2jmbhg-3001.proxy.runpod.net"",""steps"":2,""telemetryEveryMs"":0,""warmupFrames"":20,""width"":512}","{""bytesReceived"":8144408,""bytesSent"":1956755,""compileDuringMeasurement"":false,""decodeErrors"":0,""decodeSkips"":0,""decodedDrawn"":196,""encodeSkips"":1,""errors"":[],""maxBufferedBytes"":0,""received"":196,""sendBufferSkips"":0,""sendErrors"":0,""sent"":197,""telemetryErrors"":0}",{},"[{""currentRoundTripTime"":0.019,""localCandidate"":""srflx"",""remoteCandidate"":""srflx""}]",null,measured,,,{}
browser-discovery/ids-stream-raw-r0.json,70ee7d984a3a4a3cfbd7f98149524847c35ca892af7063718fe95e666e1665e5,measured,,512,288,2,0.85,80,stream,,,,27.86397314928438,25.464205126857973,30.00289999997616,,,,,39.865,4.946037616367682,9.271564015485872,836,764,72,7,0,,browser receive/decode/offscreen 2D draw; excludes application upscaler/projector and audio capture,unknown: baseline does not echo frame IDs,"{""alpha"":0.1,""channelOptions"":{},""frameIds"":false,""height"":288,""inputQuality"":0.85,""maxBufferedBytes"":262144,""mode"":""stream"",""outputQuality"":80,""prompt"":""colorful abstract art, vibrant neon lights, psychedelic patterns"",""seconds"":30,""seed"":42,""sendFps"":60,""server"":""https://0pxb4bss2jmbhg-3001.proxy.runpod.net"",""steps"":2,""telemetryEveryMs"":0,""warmupFrames"":20,""width"":512}","{""bytesReceived"":34771726,""bytesSent"":18549434,""compileDuringMeasurement"":false,""decodeErrors"":0,""decodeSkips"":72,""decodedDrawn"":764,""encodeSkips"":7,""errors"":[],""maxBufferedBytes"":20016,""received"":836,""sendBufferSkips"":0,""sendErrors"":0,""sent"":1867,""telemetryErrors"":0}",{},"[{""currentRoundTripTime"":0.023,""localCandidate"":""srflx"",""remoteCandidate"":""srflx""}]",null,measured,,,{}
browser-discovery/ids-stream-raw-r1.json,33e8a64955b45c6fc698d90ae5c4d12616b70e2722ad055243c9b1221f17f9a4,measured,,512,288,2,0.85,80,stream,,,,26.530591838822236,23.56423169603935,30.00310000002384,,,,,42.12,4.932766014174615,8.83572964126338,796,707,89,11,0,,browser receive/decode/offscreen 2D draw; excludes application upscaler/projector and audio capture,unknown: baseline does not echo frame IDs,"{""alpha"":0.1,""channelOptions"":{},""frameIds"":false,""height"":288,""inputQuality"":0.85,""maxBufferedBytes"":262144,""mode"":""stream"",""outputQuality"":80,""prompt"":""colorful abstract art, vibrant neon lights, psychedelic patterns"",""seconds"":30,""seed"":42,""sendFps"":60,""server"":""https://0pxb4bss2jmbhg-3001.proxy.runpod.net"",""steps"":2,""telemetryEveryMs"":0,""warmupFrames"":20,""width"":512}","{""bytesReceived"":33137410,""bytesSent"":18499784,""compileDuringMeasurement"":false,""decodeErrors"":0,""decodeSkips"":89,""decodedDrawn"":707,""encodeSkips"":11,""errors"":[],""maxBufferedBytes"":197467,""received"":796,""sendBufferSkips"":0,""sendErrors"":0,""sent"":1862,""telemetryErrors"":0}",{},"[{""currentRoundTripTime"":0.02,""localCandidate"":""srflx"",""remoteCandidate"":""srflx""}]",null,measured,,,{}
browser-discovery/ids-stream-raw-r2.json,7d0a56d65afb3c9ec598bee544c13e1af79f56df187d251e258c49c1093d44f8,measured,,512,288,2,0.85,80,stream,,,,24.730365689430947,21.764054980051764,30.00360000002384,,,,,59.986999999999995,4.924569851613893,8.236182591415817,742,653,89,15,0,,browser receive/decode/offscreen 2D draw; excludes application upscaler/projector and audio capture,unknown: baseline does not echo frame IDs,"{""alpha"":0.1,""channelOptions"":{},""frameIds"":false,""height"":288,""inputQuality"":0.85,""maxBufferedBytes"":262144,""mode"":""stream"",""outputQuality"":80,""prompt"":""colorful abstract art, vibrant neon lights, psychedelic patterns"",""seconds"":30,""seed"":42,""sendFps"":60,""server"":""https://0pxb4bss2jmbhg-3001.proxy.runpod.net"",""steps"":2,""telemetryEveryMs"":0,""warmupFrames"":20,""width"":512}","{""bytesReceived"":30889391,""bytesSent"":18469353,""compileDuringMeasurement"":false,""decodeErrors"":0,""decodeSkips"":89,""decodedDrawn"":653,""encodeSkips"":15,""errors"":[],""maxBufferedBytes"":227509,""received"":742,""sendBufferSkips"":0,""sendErrors"":0,""sent"":1859,""telemetryErrors"":0}",{},"[{""currentRoundTripTime"":0.019,""localCandidate"":""srflx"",""remoteCandidate"":""srflx""}]",null,measured,,,{}
browser-discovery/ids-stream-tagged-r0.json,4a911f7f4264bdc613700190bb299f49f4429102a1ee81e4101cc28cc24d30ae,measured,,512,288,2,0.85,80,stream,,,,26.597694866423772,24.13124195901104,30.002600000023843,166.05000001192093,883.7949999868872,1309.0779999852175,,49.626,4.936820142250415,8.856902801750142,798,724,74,12,0,,browser receive/decode/offscreen 2D draw; excludes application upscaler/projector and audio capture,correlated by echoed frame ID; measured on client clock,"{""alpha"":0.1,""channelOptions"":{},""frameIds"":true,""height"":288,""inputQuality"":0.85,""maxBufferedBytes"":262144,""mode"":""stream"",""outputQuality"":80,""prompt"":""colorful abstract art, vibrant neon lights, psychedelic patterns"",""seconds"":30,""seed"":42,""sendFps"":60,""server"":""https://0pxb4bss2jmbhg-3001.proxy.runpod.net"",""steps"":2,""telemetryEveryMs"":0,""warmupFrames"":20,""width"":512}","{""bytesReceived"":33216264,""bytesSent"":18514680,""compileDuringMeasurement"":false,""decodeErrors"":0,""decodeSkips"":74,""decodedDrawn"":724,""encodeSkips"":12,""errors"":[],""maxBufferedBytes"":99914,""received"":798,""sendBufferSkips"":0,""sendErrors"":0,""sent"":1862,""telemetryErrors"":0}",{},"[{""currentRoundTripTime"":0.02,""localCandidate"":""srflx"",""remoteCandidate"":""srflx""}]",null,measured,,,{}
browser-discovery/ids-stream-tagged-r1.json,2737bbfafba307744845cd53baee2fd349e98f296da65145bbfe9d4fa289aa91,measured,,512,288,2,0.85,80,stream,,,,25.230810252308103,22.264440222644403,30.003,173.8499999642372,793.0549999833086,1224.5999999439716,,58.53599999999999,4.952649535046495,8.40278105522781,757,668,89,6,0,,browser receive/decode/offscreen 2D draw; excludes application upscaler/projector and audio capture,correlated by echoed frame ID; measured on client clock,"{""alpha"":0.1,""channelOptions"":{},""frameIds"":true,""height"":288,""inputQuality"":0.85,""maxBufferedBytes"":262144,""mode"":""stream"",""outputQuality"":80,""prompt"":""colorful abstract art, vibrant neon lights, psychedelic patterns"",""seconds"":30,""seed"":42,""sendFps"":60,""server"":""https://0pxb4bss2jmbhg-3001.proxy.runpod.net"",""steps"":2,""telemetryEveryMs"":0,""warmupFrames"":20,""width"":512}","{""bytesReceived"":31513580,""bytesSent"":18574293,""compileDuringMeasurement"":false,""decodeErrors"":0,""decodeSkips"":89,""decodedDrawn"":668,""encodeSkips"":6,""errors"":[],""maxBufferedBytes"":199310,""received"":757,""sendBufferSkips"":0,""sendErrors"":0,""sent"":1868,""telemetryErrors"":0}",{},"[{""currentRoundTripTime"":0.019,""localCandidate"":""srflx"",""remoteCandidate"":""srflx""}]",null,measured,,,{}
browser-discovery/ids-stream-tagged-r2.json,41f8008a06efea991b62ba921c735399d8fb8b8d509deda0701dec945bd515a7,measured,,512,288,2,0.85,80,stream,,,,20.23171479616572,17.931898781445067,30.00239999997616,173.1500000357628,259.9250000476837,393.8260000026226,,58.36499999999999,4.003074954006861,6.739128069759775,607,538,69,14,348,,browser receive/decode/offscreen 2D draw; excludes application upscaler/projector and audio capture,correlated by echoed frame ID; measured on client clock,"{""alpha"":0.1,""channelOptions"":{},""frameIds"":true,""height"":288,""inputQuality"":0.85,""maxBufferedBytes"":262144,""mode"":""stream"",""outputQuality"":80,""prompt"":""colorful abstract art, vibrant neon lights, psychedelic patterns"",""seconds"":30,""seed"":42,""sendFps"":60,""server"":""https://0pxb4bss2jmbhg-3001.proxy.runpod.net"",""steps"":2,""telemetryEveryMs"":0,""warmupFrames"":20,""width"":512}","{""bytesReceived"":25273752,""bytesSent"":15012732,""compileDuringMeasurement"":false,""decodeErrors"":0,""decodeSkips"":69,""decodedDrawn"":538,""encodeSkips"":14,""errors"":[],""maxBufferedBytes"":268205,""received"":607,""sendBufferSkips"":348,""sendErrors"":0,""sent"":1510,""telemetryErrors"":0}",{},"[{""currentRoundTripTime"":0.039,""localCandidate"":""srflx"",""remoteCandidate"":""srflx""}]",null,measured,,,{}
browser-discovery/input-buffer-16384.json,0cf5c993b12c14b661f8237acda94ec48edd0103cc8d33cbbfdf2373789c71da,measured,,512,288,2,0.85,80,stream,,,,26.896862032762844,23.497258653157132,30.0035,165.80000007152557,222.87999997138976,261.65999997615836,,50.457999999999984,4.785793124135518,8.959909343909878,807,705,102,22,44,,browser receive/decode/offscreen 2D draw; excludes application upscaler/projector and audio capture,correlated by echoed frame ID; measured on client clock,"{""alpha"":0.1,""channelOptions"":{},""frameIds"":true,""height"":288,""inputQuality"":0.85,""maxBufferedBytes"":16384,""mode"":""stream"",""outputQuality"":80,""prompt"":""colorful abstract art, vibrant neon lights, psychedelic patterns"",""seconds"":30,""seed"":42,""sendFps"":60,""server"":""https://0pxb4bss2jmbhg-3001.proxy.runpod.net"",""steps"":2,""telemetryEveryMs"":0,""warmupFrames"":20,""width"":512}","{""bytesReceived"":33603580,""bytesSent"":17948818,""compileDuringMeasurement"":false,""decodeErrors"":0,""decodeSkips"":102,""decodedDrawn"":705,""encodeSkips"":22,""errors"":[],""maxBufferedBytes"":20293,""received"":807,""sendBufferSkips"":44,""sendErrors"":0,""sent"":1805,""telemetryErrors"":0}",{},"[{""currentRoundTripTime"":0.019,""localCandidate"":""srflx"",""remoteCandidate"":""srflx""}]",null,measured,,,{}
browser-discovery/input-buffer-65536.json,8b131053c7437200703b3bb67ac2999837eea0d10861fd2b1a7861305d823eb3,measured,,512,288,2,0.85,80,stream,,,,27.096748390171644,23.93046167791297,30.00360000002384,166.8499999642372,218.91499997973443,252.37700003147137,,50.291999999999994,4.917794398001665,9.021101734451364,813,718,95,19,0,,browser receive/decode/offscreen 2D draw; excludes application upscaler/projector and audio capture,correlated by echoed frame ID; measured on client clock,"{""alpha"":0.1,""channelOptions"":{},""frameIds"":true,""height"":288,""inputQuality"":0.85,""maxBufferedBytes"":65536,""mode"":""stream"",""outputQuality"":80,""prompt"":""colorful abstract art, vibrant neon lights, psychedelic patterns"",""seconds"":30,""seed"":42,""sendFps"":60,""server"":""https://0pxb4bss2jmbhg-3001.proxy.runpod.net"",""steps"":2,""telemetryEveryMs"":0,""warmupFrames"":20,""width"":512}","{""bytesReceived"":33833191,""bytesSent"":18443942,""compileDuringMeasurement"":false,""decodeErrors"":0,""decodeSkips"":95,""decodedDrawn"":718,""encodeSkips"":19,""errors"":[],""maxBufferedBytes"":29819,""received"":813,""sendBufferSkips"":0,""sendErrors"":0,""sent"":1855,""telemetryErrors"":0}",{},"[{""currentRoundTripTime"":0.02,""localCandidate"":""srflx"",""remoteCandidate"":""srflx""}]",null,measured,,,{}
browser-discovery/input-jpeg-60.json,6e826b69bf3b0ee4d59aab36779d55fa0db64bc754a22c24ef97786292816aa3,measured,,512,288,2,0.6,80,stream,,,,27.99757354360397,25.064494410464505,30.002600000023843,157.20000004768372,203.00500001311295,316.79499995231697,,39.098999999999975,3.5152900081964957,9.524449214393847,840,752,88,15,0,,browser receive/decode/offscreen 2D draw; excludes application upscaler/projector and audio capture,correlated by echoed frame ID; measured on client clock,"{""alpha"":0.1,""channelOptions"":{},""frameIds"":true,""height"":288,""inputQuality"":0.6,""maxBufferedBytes"":262144,""mode"":""stream"",""outputQuality"":80,""prompt"":""colorful abstract art, vibrant neon lights, psychedelic patterns"",""seconds"":30,""seed"":42,""sendFps"":60,""server"":""https://0pxb4bss2jmbhg-3001.proxy.runpod.net"",""steps"":2,""telemetryEveryMs"":0,""warmupFrames"":20,""width"":512}","{""bytesReceived"":35719780,""bytesSent"":13183480,""compileDuringMeasurement"":false,""decodeErrors"":0,""decodeSkips"":88,""decodedDrawn"":752,""encodeSkips"":15,""errors"":[],""maxBufferedBytes"":42580,""received"":840,""sendBufferSkips"":0,""sendErrors"":0,""sent"":1858,""telemetryErrors"":0}",{},"[{""currentRoundTripTime"":0.019,""localCandidate"":""srflx"",""remoteCandidate"":""srflx""}]",null,measured,,,{}
browser-discovery/input-jpeg-70.json,57a11846c2389fa45547ffcea42e8f7d593bc19f0fda08cc7a0e9ad9b6d8250a,measured,,512,288,2,0.7,80,stream,,,,25.831439027763572,23.031644346044683,30.002200000047683,170,243.8500000834465,318.60000000000014,,59.209,3.9035193419087224,8.553143169487308,775,691,84,14,0,,browser receive/decode/offscreen 2D draw; excludes application upscaler/projector and audio capture,correlated by echoed frame ID; measured on client clock,"{""alpha"":0.1,""channelOptions"":{},""frameIds"":true,""height"":288,""inputQuality"":0.7,""maxBufferedBytes"":262144,""mode"":""stream"",""outputQuality"":80,""prompt"":""colorful abstract art, vibrant neon lights, psychedelic patterns"",""seconds"":30,""seed"":42,""sendFps"":60,""server"":""https://0pxb4bss2jmbhg-3001.proxy.runpod.net"",""steps"":2,""telemetryEveryMs"":0,""warmupFrames"":20,""width"":512}","{""bytesReceived"":32076639,""bytesSent"":14639271,""compileDuringMeasurement"":false,""decodeErrors"":0,""decodeSkips"":84,""decodedDrawn"":691,""encodeSkips"":14,""errors"":[],""maxBufferedBytes"":39423,""received"":775,""sendBufferSkips"":0,""sendErrors"":0,""sent"":1858,""telemetryErrors"":0}",{},"[{""currentRoundTripTime"":0.019,""localCandidate"":""srflx"",""remoteCandidate"":""srflx""}]",null,measured,,,{}
browser-discovery/input-jpeg-95.json,264f5d91a35da0bf036273081b64581f4baf73a66b9e6d06287233bf758be4e0,measured,,512,288,2,0.95,80,stream,,,,26.731551229918008,23.631757882807815,30.002,177.19999992847443,318.98000001907354,592.9119999980926,,52.30399999999991,6.493702286514233,9.081808412772482,802,709,93,9,25,,browser receive/decode/offscreen 2D draw; excludes application upscaler/projector and audio capture,correlated by echoed frame ID; measured on client clock,"{""alpha"":0.1,""channelOptions"":{},""frameIds"":true,""height"":288,""inputQuality"":0.95,""maxBufferedBytes"":262144,""mode"":""stream"",""outputQuality"":80,""prompt"":""colorful abstract art, vibrant neon lights, psychedelic patterns"",""seconds"":30,""seed"":42,""sendFps"":60,""server"":""https://0pxb4bss2jmbhg-3001.proxy.runpod.net"",""steps"":2,""telemetryEveryMs"":0,""warmupFrames"":20,""width"":512}","{""bytesReceived"":34059052,""bytesSent"":24353007,""compileDuringMeasurement"":false,""decodeErrors"":0,""decodeSkips"":93,""decodedDrawn"":709,""encodeSkips"":9,""errors"":[],""maxBufferedBytes"":268901,""received"":802,""sendBufferSkips"":25,""sendErrors"":0,""sent"":1839,""telemetryErrors"":0}",{},"[{""currentRoundTripTime"":0.021,""localCandidate"":""srflx"",""remoteCandidate"":""srflx""}]",null,measured,,,{}
browser-discovery/output-jpeg-50.json,a7b3bb02b612f2bf0174ee474320b5bb0ecb5782726d15f5eb25a67a5b6f4898,measured,,512,288,2,0.85,50,stream,,,,26.19711831692268,25.13056897068664,30.00330000007153,167,991.764999997616,1366.3100000321865,,42.192499999999995,4.265295350834572,5.304062153150507,786,754,32,10,254,,browser receive/decode/offscreen 2D draw; excludes application upscaler/projector and audio capture,correlated by echoed frame ID; measured on client clock,"{""alpha"":0.1,""channelOptions"":{},""frameIds"":true,""height"":288,""inputQuality"":0.85,""maxBufferedBytes"":262144,""mode"":""stream"",""outputQuality"":50,""prompt"":""colorful abstract art, vibrant neon lights, psychedelic patterns"",""seconds"":30,""seed"":42,""sendFps"":60,""server"":""https://0pxb4bss2jmbhg-3001.proxy.runpod.net"",""steps"":2,""telemetryEveryMs"":0,""warmupFrames"":20,""width"":512}","{""bytesReceived"":19892421,""bytesSent"":15996617,""compileDuringMeasurement"":false,""decodeErrors"":0,""decodeSkips"":32,""decodedDrawn"":754,""encodeSkips"":10,""errors"":[],""maxBufferedBytes"":271516,""received"":786,""sendBufferSkips"":254,""sendErrors"":0,""sent"":1609,""telemetryErrors"":0}",{},"[{""currentRoundTripTime"":0.02,""localCandidate"":""srflx"",""remoteCandidate"":""srflx""}]",null,measured,,,{}
browser-discovery/output-jpeg-60.json,48b9407c146f838b5bef425ca72fb65804353553c99d4f8d15191cc46b938b5b,measured,,512,288,2,0.85,60,stream,,,,28.0971902809719,26.397360263973603,30.003,167.19999998807907,208.35500001311271,235.0590000259878,,39.318,4.920554077925541,6.421723427657234,843,792,51,16,0,,browser receive/decode/offscreen 2D draw; excludes application upscaler/projector and audio capture,correlated by echoed frame ID; measured on client clock,"{""alpha"":0.1,""channelOptions"":{},""frameIds"":true,""height"":288,""inputQuality"":0.85,""maxBufferedBytes"":262144,""mode"":""stream"",""outputQuality"":60,""prompt"":""colorful abstract art, vibrant neon lights, psychedelic patterns"",""seconds"":30,""seed"":42,""sendFps"":60,""server"":""https://0pxb4bss2jmbhg-3001.proxy.runpod.net"",""steps"":2,""telemetryEveryMs"":0,""warmupFrames"":20,""width"":512}","{""bytesReceived"":24083871,""bytesSent"":18453923,""compileDuringMeasurement"":false,""decodeErrors"":0,""decodeSkips"":51,""decodedDrawn"":792,""encodeSkips"":16,""errors"":[],""maxBufferedBytes"":40275,""received"":843,""sendBufferSkips"":0,""sendErrors"":0,""sent"":1856,""telemetryErrors"":0}",{},"[{""currentRoundTripTime"":0.022,""localCandidate"":""srflx"",""remoteCandidate"":""srflx""}]",null,measured,,,{}
browser-discovery/output-jpeg-70.json,3338c9f53661509b751cc4aab9591e22368d2f9907859c78091fd430f2707480,measured,,512,288,2,0.85,70,stream,,,,25.263635030543313,24.730365689529204,30.003599999904633,185.5999999642372,505.11999998092614,717.0150000238425,,60.8345,4.939328347280695,6.777531496241996,758,742,16,10,0,,browser receive/decode/offscreen 2D draw; excludes application upscaler/projector and audio capture,correlated by echoed frame ID; measured on client clock,"{""alpha"":0.1,""channelOptions"":{},""frameIds"":true,""height"":288,""inputQuality"":0.85,""maxBufferedBytes"":262144,""mode"":""stream"",""outputQuality"":70,""prompt"":""colorful abstract art, vibrant neon lights, psychedelic patterns"",""seconds"":30,""seed"":42,""sendFps"":60,""server"":""https://0pxb4bss2jmbhg-3001.proxy.runpod.net"",""steps"":2,""telemetryEveryMs"":0,""warmupFrames"":20,""width"":512}","{""bytesReceived"":25418793,""bytesSent"":18524704,""compileDuringMeasurement"":false,""decodeErrors"":0,""decodeSkips"":16,""decodedDrawn"":742,""encodeSkips"":10,""errors"":[],""maxBufferedBytes"":30571,""received"":758,""sendBufferSkips"":0,""sendErrors"":0,""sent"":1863,""telemetryErrors"":0}",{},"[{""currentRoundTripTime"":0.04,""localCandidate"":""srflx"",""remoteCandidate"":""srflx""}]",null,measured,,,{}
browser-discovery/output-jpeg-85.json,ea21de66792f5212b2ac52f7b77ed96ccb56f2ca71400ad36c11f738f1a16201,measured,,512,288,2,0.85,85,stream,,,,25.83169732575392,24.265129875030777,30.001900000095368,199.5,668.780000001192,953.3600000631808,,58.553,4.94223579171748,10.014559611192787,775,728,47,10,0,,browser receive/decode/offscreen 2D draw; excludes application upscaler/projector and audio capture,correlated by echoed frame ID; measured on client clock,"{""alpha"":0.1,""channelOptions"":{},""frameIds"":true,""height"":288,""inputQuality"":0.85,""maxBufferedBytes"":262144,""mode"":""stream"",""outputQuality"":85,""prompt"":""colorful abstract art, vibrant neon lights, psychedelic patterns"",""seconds"":30,""seed"":42,""sendFps"":60,""server"":""https://0pxb4bss2jmbhg-3001.proxy.runpod.net"",""steps"":2,""telemetryEveryMs"":0,""warmupFrames"":20,""width"":512}","{""bytesReceived"":37556977,""bytesSent"":18534558,""compileDuringMeasurement"":false,""decodeErrors"":0,""decodeSkips"":47,""decodedDrawn"":728,""encodeSkips"":10,""errors"":[],""maxBufferedBytes"":49951,""received"":775,""sendBufferSkips"":0,""sendErrors"":0,""sent"":1864,""telemetryErrors"":0}",{},"[{""currentRoundTripTime"":0.02,""localCandidate"":""srflx"",""remoteCandidate"":""srflx""}]",null,measured,,,{}
browser-discovery/output-jpeg-95.json,c65e8f421eba3d41d37c84051c01e0ddd40d222e41fe33d51482b4fca8245b20,measured,,512,288,2,0.85,95,stream,,,,25.163898637756517,24.26399762686986,30.00330000007153,214.89999997615817,391.44999999999993,502.28200002193455,,59.648,4.939377735104029,17.05229544746012,755,728,27,9,0,,browser receive/decode/offscreen 2D draw; excludes application upscaler/projector and audio capture,correlated by echoed frame ID; measured on client clock,"{""alpha"":0.1,""channelOptions"":{},""frameIds"":true,""height"":288,""inputQuality"":0.85,""maxBufferedBytes"":262144,""mode"":""stream"",""outputQuality"":95,""prompt"":""colorful abstract art, vibrant neon lights, psychedelic patterns"",""seconds"":30,""seed"":42,""sendFps"":60,""server"":""https://0pxb4bss2jmbhg-3001.proxy.runpod.net"",""steps"":2,""telemetryEveryMs"":0,""warmupFrames"":20,""width"":512}","{""bytesReceived"":63953142,""bytesSent"":18524704,""compileDuringMeasurement"":false,""decodeErrors"":0,""decodeSkips"":27,""decodedDrawn"":728,""encodeSkips"":9,""errors"":[],""maxBufferedBytes"":60310,""received"":755,""sendBufferSkips"":0,""sendErrors"":0,""sent"":1863,""telemetryErrors"":0}",{},"[{""currentRoundTripTime"":0.039,""localCandidate"":""srflx"",""remoteCandidate"":""srflx""}]",null,measured,,,{}
browser-discovery/resolution-1024x576.json,71a2af380cb76b7f8ae6e199945e3cc94b7d2be42217f21b03b9b1363cccf850,measured,,1024,576,2,0.85,80,stream,,,,8.098947136878643,8.098947136878643,30.00389999997616,446.60000002384186,487.7700000286101,503.32800001382816,,130.452,11.114521512212244,1.5443379027405375,243,243,0,233,0,,browser receive/decode/offscreen 2D draw; excludes application upscaler/projector and audio capture,correlated by echoed frame ID; measured on client clock,"{""alpha"":0.1,""channelOptions"":{},""frameIds"":true,""height"":576,""inputQuality"":0.85,""maxBufferedBytes"":262144,""mode"":""stream"",""outputQuality"":80,""prompt"":""colorful abstract art, vibrant neon lights, psychedelic patterns"",""seconds"":30,""seed"":42,""sendFps"":60,""server"":""https://0pxb4bss2jmbhg-3001.proxy.runpod.net"",""steps"":2,""telemetryEveryMs"":0,""warmupFrames"":20,""width"":1024}","{""bytesReceived"":5792020,""bytesSent"":41684874,""compileDuringMeasurement"":false,""decodeErrors"":0,""decodeSkips"":0,""decodedDrawn"":243,""encodeSkips"":233,""errors"":[],""maxBufferedBytes"":103429,""received"":243,""sendBufferSkips"":0,""sendErrors"":0,""sent"":1641,""telemetryErrors"":0}",{},"[{""currentRoundTripTime"":0.022,""localCandidate"":""srflx"",""remoteCandidate"":""srflx""}]",null,measured,,,{}
browser-discovery/resolution-768x448.json,bf32deb31495239a2d73d36fb92c24d1b6a6945ff7d192fa64e67f22900befbf,measured,,768,448,2,0.85,80,stream,,,,14.031789836417872,14.031789836417872,30.00330000007153,295,323.5,381.35999996662144,,76.52,7.999416864125874,3.8281170404497566,421,421,0,143,0,,browser receive/decode/offscreen 2D draw; excludes application upscaler/projector and audio capture,correlated by echoed frame ID; measured on client clock,"{""alpha"":0.1,""channelOptions"":{},""frameIds"":true,""height"":448,""inputQuality"":0.85,""maxBufferedBytes"":262144,""mode"":""stream"",""outputQuality"":80,""prompt"":""colorful abstract art, vibrant neon lights, psychedelic patterns"",""seconds"":30,""seed"":42,""sendFps"":60,""server"":""https://0pxb4bss2jmbhg-3001.proxy.runpod.net"",""steps"":2,""telemetryEveryMs"":0,""warmupFrames"":20,""width"":768}","{""bytesReceived"":14357018,""bytesSent"":30001113,""compileDuringMeasurement"":false,""decodeErrors"":0,""decodeSkips"":0,""decodedDrawn"":421,""encodeSkips"":143,""errors"":[],""maxBufferedBytes"":197267,""received"":421,""sendBufferSkips"":0,""sendErrors"":0,""sent"":1729,""telemetryErrors"":0}",{},"[{""currentRoundTripTime"":0.02,""localCandidate"":""srflx"",""remoteCandidate"":""srflx""}]",null,measured,,,{}
browser-discovery/send-fps-120.json,a8f9d47910a2bfbde9865862efabe5be2d702a1ff06a2bc15f9d93f44dd11785,measured,,512,288,2,0.85,80,stream,,,,25.794239286518344,22.828235027474246,30.006700000047683,176.09999990463257,241.17999999523155,262.95999997615803,,60.13099999999999,7.869787214176325,8.585188241279134,774,685,89,763,0,,browser receive/decode/offscreen 2D draw; excludes application upscaler/projector and audio capture,correlated by echoed frame ID; measured on client clock,"{""alpha"":0.1,""channelOptions"":{},""frameIds"":true,""height"":288,""inputQuality"":0.85,""maxBufferedBytes"":262144,""mode"":""stream"",""outputQuality"":80,""prompt"":""colorful abstract art, vibrant neon lights, psychedelic patterns"",""seconds"":30,""seed"":42,""sendFps"":120,""server"":""https://0pxb4bss2jmbhg-3001.proxy.runpod.net"",""steps"":2,""telemetryEveryMs"":0,""warmupFrames"":20,""width"":512}","{""bytesReceived"":32201646,""bytesSent"":29518293,""compileDuringMeasurement"":false,""decodeErrors"":0,""decodeSkips"":89,""decodedDrawn"":685,""encodeSkips"":763,""errors"":[],""maxBufferedBytes"":60572,""received"":774,""sendBufferSkips"":0,""sendErrors"":0,""sent"":2969,""telemetryErrors"":0}",{},"[{""currentRoundTripTime"":0.02,""localCandidate"":""srflx"",""remoteCandidate"":""srflx""}]",null,measured,,,{}
browser-discovery/send-fps-30.json,138846a94795028510b75146a624f7cd35ad5e9e52e3cb196f6bf6e1bf890c8d,measured,,512,288,2,0.85,80,stream,,,,27.925793369101484,25.65973853724122,30.00810000002384,151.75,200.02500004768365,222.3539999449251,,39.983,2.4062351165166285,9.302735994607396,838,770,68,0,0,,browser receive/decode/offscreen 2D draw; excludes application upscaler/projector and audio capture,correlated by echoed frame ID; measured on client clock,"{""alpha"":0.1,""channelOptions"":{},""frameIds"":true,""height"":288,""inputQuality"":0.85,""maxBufferedBytes"":262144,""mode"":""stream"",""outputQuality"":80,""prompt"":""colorful abstract art, vibrant neon lights, psychedelic patterns"",""seconds"":30,""seed"":42,""sendFps"":30,""server"":""https://0pxb4bss2jmbhg-3001.proxy.runpod.net"",""steps"":2,""telemetryEveryMs"":0,""warmupFrames"":20,""width"":512}","{""bytesReceived"":34894679,""bytesSent"":9025818,""compileDuringMeasurement"":false,""decodeErrors"":0,""decodeSkips"":68,""decodedDrawn"":770,""encodeSkips"":0,""errors"":[],""maxBufferedBytes"":10185,""received"":838,""sendBufferSkips"":0,""sendErrors"":0,""sent"":908,""telemetryErrors"":0}",{},"[{""currentRoundTripTime"":0.019,""localCandidate"":""srflx"",""remoteCandidate"":""srflx""}]",null,measured,,,{}
browser-discovery/unordered-reliable.json,fe3eb31441ed703b310d7bc181e10a101017a0d60ff21c0eabfce74c17787516,measured,,512,288,2,0.85,80,stream,,,,23.365031114470085,21.098523103366,30.00210000002384,165.70000004768372,1121.2599999666213,3662.2120000553127,,44.64,4.366688198489302,7.779488769113313,701,633,68,12,215,,browser receive/decode/offscreen 2D draw; excludes application upscaler/projector and audio capture,correlated by echoed frame ID; measured on client clock,"{""alpha"":0.1,""channelOptions"":{""ordered"":false},""frameIds"":true,""height"":288,""inputQuality"":0.85,""maxBufferedBytes"":262144,""mode"":""stream"",""outputQuality"":80,""prompt"":""colorful abstract art, vibrant neon lights, psychedelic patterns"",""seconds"":30,""seed"":42,""sendFps"":60,""server"":""https://0pxb4bss2jmbhg-3001.proxy.runpod.net"",""steps"":2,""telemetryEveryMs"":0,""warmupFrames"":20,""width"":512}","{""bytesReceived"":29175125,""bytesSent"":16376227,""compileDuringMeasurement"":false,""decodeErrors"":0,""decodeSkips"":68,""decodedDrawn"":633,""encodeSkips"":12,""errors"":[],""maxBufferedBytes"":263110,""received"":701,""sendBufferSkips"":215,""sendErrors"":0,""sent"":1647,""telemetryErrors"":0}",{},"[{""currentRoundTripTime"":0.019,""localCandidate"":""srflx"",""remoteCandidate"":""srflx""}]",null,measured,,,{}
browser-entropy/high-entropy-default.json,676c8198dcb73f25534b976c7ec88bdf6ff199fb8acfd2c6b43536bb785e32e4,measured,,512,288,2,0.85,80,stream,baseline,,3,25.329871584297333,24.72995357309029,30.004099999904632,198.75000005960464,248.68000004887577,268.54399996757513,,54.991,49.07246862944331,12.461588649590835,760,742,18,5,139,,browser receive/decode/offscreen 2D draw; excludes application upscaler/projector and audio capture,correlated by echoed frame ID; measured on client clock,"{""alpha"":0.1,""channelOptions"":{},""frameIds"":true,""height"":288,""inputQuality"":0.85,""inputScene"":""high-entropy"",""maxBufferedBytes"":262144,""mode"":""stream"",""outputQuality"":80,""prompt"":""colorful abstract art, vibrant neon lights, psychedelic patterns"",""seconds"":30,""seed"":42,""sendFps"":60,""server"":""https://0pxb4bss2jmbhg-3001.proxy.runpod.net"",""serverConfig"":{""benchmarkVariant"":""baseline"",""maxOutboundBytes"":1048576,""maxPending"":3},""steps"":2,""telemetryEveryMs"":0,""warmupFrames"":20,""width"":512}","{""bytesReceived"":46737344,""bytesSent"":184046907,""compileDuringMeasurement"":false,""decodeErrors"":0,""decodeSkips"":18,""decodedDrawn"":742,""encodeSkips"":5,""errors"":[],""maxBufferedBytes"":367354,""received"":760,""sendBufferSkips"":139,""sendErrors"":0,""sent"":1730,""telemetryErrors"":0}",{},"[{""currentRoundTripTime"":0.022,""localCandidate"":""srflx"",""remoteCandidate"":""srflx""}]","[{""clock"":""wall-clock"",""variant"":""baseline"",""worker"":0}]",measured,,,{}
browser-entropy/high-entropy-input16k.json,a9b89a9613cdf31fb36b0b64f00533d6bbd5efd44adb494ea19e29f8ae1259d8,measured,,512,288,2,0.85,80,stream,baseline,,3,21.69746862865999,21.29751528988285,30.0035,163.79999995231628,222.52999998331072,252.10599999666215,,57.78,21.33040398620161,10.6734718282867,651,639,12,3,1119,,browser receive/decode/offscreen 2D draw; excludes application upscaler/projector and audio capture,correlated by echoed frame ID; measured on client clock,"{""alpha"":0.1,""channelOptions"":{},""frameIds"":true,""height"":288,""inputQuality"":0.85,""inputScene"":""high-entropy"",""maxBufferedBytes"":16384,""mode"":""stream"",""outputQuality"":80,""prompt"":""colorful abstract art, vibrant neon lights, psychedelic patterns"",""seconds"":30,""seed"":42,""sendFps"":60,""server"":""https://0pxb4bss2jmbhg-3001.proxy.runpod.net"",""serverConfig"":{""benchmarkVariant"":""baseline"",""maxOutboundBytes"":1048576,""maxPending"":3},""steps"":2,""telemetryEveryMs"":0,""warmupFrames"":20,""width"":512}","{""bytesReceived"":40030189,""bytesSent"":79998347,""compileDuringMeasurement"":false,""decodeErrors"":0,""decodeSkips"":12,""decodedDrawn"":639,""encodeSkips"":3,""errors"":[],""maxBufferedBytes"":106591,""received"":651,""sendBufferSkips"":1119,""sendErrors"":0,""sent"":752,""telemetryErrors"":0}",{},"[{""currentRoundTripTime"":0.025,""localCandidate"":""srflx"",""remoteCandidate"":""srflx""}]","[{""clock"":""wall-clock"",""variant"":""baseline"",""worker"":0}]",measured,,,{}
browser-entropy/high-entropy-input60.json,aefffdc0a0c56baafaaefbc1a932170a1f523059cd2e140ed675a2180fdc1eda,measured,,512,288,2,0.6,80,stream,baseline,,3,24.43072738903967,23.89745093852857,30.003200000047684,199.80000007152557,508.07999994754726,641.1239999198915,,59.91,28.686068952599463,12.05928354306957,733,717,15,14,247,,browser receive/decode/offscreen 2D draw; excludes application upscaler/projector and audio capture,correlated by echoed frame ID; measured on client clock,"{""alpha"":0.1,""channelOptions"":{},""frameIds"":true,""height"":288,""inputQuality"":0.6,""inputScene"":""high-entropy"",""maxBufferedBytes"":262144,""mode"":""stream"",""outputQuality"":80,""prompt"":""colorful abstract art, vibrant neon lights, psychedelic patterns"",""seconds"":30,""seed"":42,""sendFps"":60,""server"":""https://0pxb4bss2jmbhg-3001.proxy.runpod.net"",""serverConfig"":{""benchmarkVariant"":""baseline"",""maxOutboundBytes"":1048576,""maxPending"":3},""steps"":2,""telemetryEveryMs"":0,""warmupFrames"":20,""width"":512}","{""bytesReceived"":45227137,""bytesSent"":107584233,""compileDuringMeasurement"":false,""decodeErrors"":0,""decodeSkips"":15,""decodedDrawn"":717,""encodeSkips"":14,""errors"":[],""maxBufferedBytes"":327847,""received"":733,""sendBufferSkips"":247,""sendErrors"":0,""sent"":1613,""telemetryErrors"":0}",{},"[{""currentRoundTripTime"":0.052,""localCandidate"":""srflx"",""remoteCandidate"":""srflx""}]","[{""clock"":""wall-clock"",""variant"":""baseline"",""worker"":0}]",measured,,,{}
browser-live-compute/compute-1024x576-all-constants-r0.json,c068534d3c576ebfce64740b7ec5325b6d5347ef051377f88b9927b304a77b3d,measured,,1024,576,2,0.85,80,stream,all-constants,,3,8.199494364523963,8.149497447667109,60.00369999992847,430.2000000476837,568.0399999856944,698.3399999523162,,130.218,12.47044405596475,1.5879699418554785,492,489,3,50,15,,browser receive/decode/offscreen 2D draw; excludes application upscaler/projector and audio capture,correlated by echoed frame ID; measured on client clock,"{""alpha"":0.1,""channelOptions"":{},""frameIds"":true,""height"":576,""inputQuality"":0.85,""inputScene"":""waveform"",""maxBufferedBytes"":262144,""mode"":""stream"",""outputQuality"":80,""prompt"":""colorful abstract art, vibrant neon lights, psychedelic patterns"",""seconds"":60,""seed"":42,""sendFps"":60,""server"":""https://0pxb4bss2jmbhg-3001.proxy.runpod.net"",""serverConfig"":{""benchmarkVariant"":""all-constants"",""maxOutboundBytes"":1048576,""maxPending"":3},""steps"":2,""telemetryEveryMs"":0,""warmupFrames"":20,""width"":1024}","{""bytesReceived"":11910509,""bytesSent"":93534098,""compileDuringMeasurement"":false,""decodeErrors"":0,""decodeSkips"":3,""decodedDrawn"":489,""encodeSkips"":50,""errors"":[],""maxBufferedBytes"":285763,""received"":492,""sendBufferSkips"":15,""sendErrors"":0,""sent"":3682,""telemetryErrors"":0}",{},"[{""currentRoundTripTime"":0.019,""localCandidate"":""srflx"",""remoteCandidate"":""srflx""}]","[{""clock"":""cuda-events"",""variant"":""all-constants"",""worker"":0}]",measured,,,{}
browser-live-compute/compute-1024x576-all-constants-r1.json,84dd2d3d911679181180973e6edfd9a3ff9bb0fdc353a8e7bb276ebeec87939c,measured,,1024,576,2,0.85,80,stream,all-constants,,3,8.23271587964236,8.18271962936113,60.0045,426.59999990463257,525.5499999523163,671.1400000572205,,122.628,12.588707313618146,1.5892950695364514,494,491,3,26,6,,browser receive/decode/offscreen 2D draw; excludes application upscaler/projector and audio capture,correlated by echoed frame ID; measured on client clock,"{""alpha"":0.1,""channelOptions"":{},""frameIds"":true,""height"":576,""inputQuality"":0.85,""inputScene"":""waveform"",""maxBufferedBytes"":262144,""mode"":""stream"",""outputQuality"":80,""prompt"":""colorful abstract art, vibrant neon lights, psychedelic patterns"",""seconds"":60,""seed"":42,""sendFps"":60,""server"":""https://0pxb4bss2jmbhg-3001.proxy.runpod.net"",""serverConfig"":{""benchmarkVariant"":""all-constants"",""maxOutboundBytes"":1048576,""maxPending"":3},""steps"":2,""telemetryEveryMs"":0,""warmupFrames"":20,""width"":1024}","{""bytesReceived"":11920607,""bytesSent"":94422386,""compileDuringMeasurement"":false,""decodeErrors"":0,""decodeSkips"":3,""decodedDrawn"":491,""encodeSkips"":26,""errors"":[],""maxBufferedBytes"":278630,""received"":494,""sendBufferSkips"":6,""sendErrors"":0,""sent"":3717,""telemetryErrors"":0}",{},"[{""currentRoundTripTime"":0.02,""localCandidate"":""srflx"",""remoteCandidate"":""srflx""}]","[{""clock"":""cuda-events"",""variant"":""all-constants"",""worker"":0}]",measured,,,{}
browser-live-compute/compute-1024x576-all-constants-r2.json,433b0f646c80f305603915c37f757bf962d0c3d556e80e11a6fc42c829485db7,measured,,1024,576,2,0.85,80,stream,all-constants,,3,7.966069211475806,7.79941504387171,60.0045,428.7999999523163,1544.1599999845027,1971.777999951839,,122.43,10.404186619336883,1.5231724287345116,478,468,10,36,640,,browser receive/decode/offscreen 2D draw; excludes application upscaler/projector and audio capture,correlated by echoed frame ID; measured on client clock,"{""alpha"":0.1,""channelOptions"":{},""frameIds"":true,""height"":576,""inputQuality"":0.85,""inputScene"":""waveform"",""maxBufferedBytes"":262144,""mode"":""stream"",""outputQuality"":80,""prompt"":""colorful abstract art, vibrant neon lights, psychedelic patterns"",""seconds"":60,""seed"":42,""sendFps"":60,""server"":""https://0pxb4bss2jmbhg-3001.proxy.runpod.net"",""serverConfig"":{""benchmarkVariant"":""all-constants"",""maxOutboundBytes"":1048576,""maxPending"":3},""steps"":2,""telemetryEveryMs"":0,""warmupFrames"":20,""width"":1024}","{""bytesReceived"":11424650,""bytesSent"":78037252,""compileDuringMeasurement"":false,""decodeErrors"":0,""decodeSkips"":10,""decodedDrawn"":468,""encodeSkips"":36,""errors"":[],""maxBufferedBytes"":285993,""received"":478,""sendBufferSkips"":640,""sendErrors"":0,""sent"":3072,""telemetryErrors"":0}",{},"[{""currentRoundTripTime"":0.018,""localCandidate"":""srflx"",""remoteCandidate"":""srflx""}]","[{""clock"":""cuda-events"",""variant"":""all-constants"",""worker"":0}]",measured,,,{}
browser-live-compute/compute-1024x576-baseline-r0.json,a931a215f27058edab0c299042b7db50958f140177e8ca127a926adeea11e60d,measured,,1024,576,2,0.85,80,stream,baseline,,3,7.949470035330978,7.882807812812479,60.004,433.2999999523163,508.499999976158,2320.503999972343,,130.65200000000002,11.833166855542965,1.5363686420905274,477,473,4,81,172,,browser receive/decode/offscreen 2D draw; excludes application upscaler/projector and audio capture,correlated by echoed frame ID; measured on client clock,"{""alpha"":0.1,""channelOptions"":{},""frameIds"":true,""height"":576,""inputQuality"":0.85,""inputScene"":""waveform"",""maxBufferedBytes"":262144,""mode"":""stream"",""outputQuality"":80,""prompt"":""colorful abstract art, vibrant neon lights, psychedelic patterns"",""seconds"":60,""seed"":42,""sendFps"":60,""server"":""https://0pxb4bss2jmbhg-3001.proxy.runpod.net"",""serverConfig"":{""benchmarkVariant"":""baseline"",""maxOutboundBytes"":1048576,""maxPending"":3},""steps"":2,""telemetryEveryMs"":0,""warmupFrames"":20,""width"":1024}","{""bytesReceived"":11523533,""bytesSent"":88754668,""compileDuringMeasurement"":false,""decodeErrors"":0,""decodeSkips"":4,""decodedDrawn"":473,""encodeSkips"":81,""errors"":[],""maxBufferedBytes"":280038,""received"":477,""sendBufferSkips"":172,""sendErrors"":0,""sent"":3494,""telemetryErrors"":0}",{},"[{""currentRoundTripTime"":0.024,""localCandidate"":""srflx"",""remoteCandidate"":""srflx""}]","[{""clock"":""wall-clock"",""variant"":""baseline"",""worker"":0}]",measured,,,{}
browser-live-compute/compute-1024x576-baseline-r1.json,9486411ab481d760d176b88822c16806f5911b6e7bdcc794fe94b538392b1bd4,measured,,1024,576,2,0.85,80,stream,baseline,,3,8.149375214563646,8.149375214563646,60.00460000002384,430.2000000476837,459.5600000143051,478.9959999847412,,125.888,12.5246199124684,1.5577761704929765,489,489,0,49,0,,browser receive/decode/offscreen 2D draw; excludes application upscaler/projector and audio capture,correlated by echoed frame ID; measured on client clock,"{""alpha"":0.1,""channelOptions"":{},""frameIds"":true,""height"":576,""inputQuality"":0.85,""inputScene"":""waveform"",""maxBufferedBytes"":262144,""mode"":""stream"",""outputQuality"":80,""prompt"":""colorful abstract art, vibrant neon lights, psychedelic patterns"",""seconds"":60,""seed"":42,""sendFps"":60,""server"":""https://0pxb4bss2jmbhg-3001.proxy.runpod.net"",""serverConfig"":{""benchmarkVariant"":""baseline"",""maxOutboundBytes"":1048576,""maxPending"":3},""steps"":2,""telemetryEveryMs"":0,""warmupFrames"":20,""width"":1024}","{""bytesReceived"":11684217,""bytesSent"":93941851,""compileDuringMeasurement"":false,""decodeErrors"":0,""decodeSkips"":0,""decodedDrawn"":489,""encodeSkips"":49,""errors"":[],""maxBufferedBytes"":150521,""received"":489,""sendBufferSkips"":0,""sendErrors"":0,""sent"":3698,""telemetryErrors"":0}",{},"[{""currentRoundTripTime"":0.023,""localCandidate"":""srflx"",""remoteCandidate"":""srflx""}]","[{""clock"":""wall-clock"",""variant"":""baseline"",""worker"":0}]",measured,,,{}
browser-live-compute/compute-1024x576-baseline-r2.json,fc72c84a169214a13c154c9f1f0bc02938bef7127584596d17a7204240923f9f,measured,,1024,576,2,0.85,80,stream,baseline,,3,8.116301433095728,7.999640016192914,60.00270000004768,430.89999997615814,591.4749999821181,1161.8810000288486,,124.89,12.440156592943431,1.5639449558090792,487,480,7,29,47,,browser receive/decode/offscreen 2D draw; excludes application upscaler/projector and audio capture,correlated by echoed frame ID; measured on client clock,"{""alpha"":0.1,""channelOptions"":{},""frameIds"":true,""height"":576,""inputQuality"":0.85,""inputScene"":""waveform"",""maxBufferedBytes"":262144,""mode"":""stream"",""outputQuality"":80,""prompt"":""colorful abstract art, vibrant neon lights, psychedelic patterns"",""seconds"":60,""seed"":42,""sendFps"":60,""server"":""https://0pxb4bss2jmbhg-3001.proxy.runpod.net"",""serverConfig"":{""benchmarkVariant"":""baseline"",""maxOutboundBytes"":1048576,""maxPending"":3},""steps"":2,""telemetryEveryMs"":0,""warmupFrames"":20,""width"":1024}","{""bytesReceived"":11730115,""bytesSent"":93305373,""compileDuringMeasurement"":false,""decodeErrors"":0,""decodeSkips"":7,""decodedDrawn"":480,""encodeSkips"":29,""errors"":[],""maxBufferedBytes"":285247,""received"":487,""sendBufferSkips"":47,""sendErrors"":0,""sent"":3673,""telemetryErrors"":0}",{},"[{""currentRoundTripTime"":0.02,""localCandidate"":""srflx"",""remoteCandidate"":""srflx""}]","[{""clock"":""wall-clock"",""variant"":""baseline"",""worker"":0}]",measured,,,{}
browser-live-compute/compute-1024x576-combined-r0.json,6fe1c0ae075d36c0a9d944968a7c9f0652a10fe816ccdf7494122d3ce645ffc7,measured,,1024,576,2,0.85,80,stream,combined,,3,8.232729599832616,8.232729599832616,60.00439999997616,424.550000011921,445.00500000119206,456.83499995231625,,127.3575,12.558366253146426,1.5800765277219282,494,494,0,40,0,,browser receive/decode/offscreen 2D draw; excludes application upscaler/projector and audio capture,correlated by echoed frame ID; measured on client clock,"{""alpha"":0.1,""channelOptions"":{},""frameIds"":true,""height"":576,""inputQuality"":0.85,""inputScene"":""waveform"",""maxBufferedBytes"":262144,""mode"":""stream"",""outputQuality"":80,""prompt"":""colorful abstract art, vibrant neon lights, psychedelic patterns"",""seconds"":60,""seed"":42,""sendFps"":60,""server"":""https://0pxb4bss2jmbhg-3001.proxy.runpod.net"",""serverConfig"":{""benchmarkVariant"":""combined"",""maxOutboundBytes"":1048576,""maxPending"":3},""steps"":2,""telemetryEveryMs"":0,""warmupFrames"":20,""width"":1024}","{""bytesReceived"":11851443,""bytesSent"":94194654,""compileDuringMeasurement"":false,""decodeErrors"":0,""decodeSkips"":0,""decodedDrawn"":494,""encodeSkips"":40,""errors"":[],""maxBufferedBytes"":224068,""received"":494,""sendBufferSkips"":0,""sendErrors"":0,""sent"":3708,""telemetryErrors"":0}",{},"[{""currentRoundTripTime"":0.018,""localCandidate"":""srflx"",""remoteCandidate"":""srflx""}]","[{""clock"":""cuda-events"",""variant"":""combined"",""worker"":0}]",measured,,,{}
browser-live-compute/compute-1024x576-combined-r1.json,853e3cf9476c099991aa7b12c0a5aafc076191b39710bd8c777bbb54bd570654,measured,,1024,576,2,0.85,80,stream,combined,,3,8.11615264367235,8.082821421316407,60.003799999952314,442.89999997615814,1012.020000004768,1468.3639999246575,,126.443,11.234161169801506,1.5709053093316576,487,485,2,33,399,,browser receive/decode/offscreen 2D draw; excludes application upscaler/projector and audio capture,correlated by echoed frame ID; measured on client clock,"{""alpha"":0.1,""channelOptions"":{},""frameIds"":true,""height"":576,""inputQuality"":0.85,""inputScene"":""waveform"",""maxBufferedBytes"":262144,""mode"":""stream"",""outputQuality"":80,""prompt"":""colorful abstract art, vibrant neon lights, psychedelic patterns"",""seconds"":60,""seed"":42,""sendFps"":60,""server"":""https://0pxb4bss2jmbhg-3001.proxy.runpod.net"",""serverConfig"":{""benchmarkVariant"":""combined"",""maxOutboundBytes"":1048576,""maxPending"":3},""steps"":2,""telemetryEveryMs"":0,""warmupFrames"":20,""width"":1024}","{""bytesReceived"":11782536,""bytesSent"":84261545,""compileDuringMeasurement"":false,""decodeErrors"":0,""decodeSkips"":2,""decodedDrawn"":485,""encodeSkips"":33,""errors"":[],""maxBufferedBytes"":287765,""received"":487,""sendBufferSkips"":399,""sendErrors"":0,""sent"":3317,""telemetryErrors"":0}",{},"[{""currentRoundTripTime"":0.018,""localCandidate"":""srflx"",""remoteCandidate"":""srflx""}]","[{""clock"":""cuda-events"",""variant"":""combined"",""worker"":0}]",measured,,,{}
browser-live-compute/compute-1024x576-combined-r2.json,7d22ad67fecacf832c46865d41f009ab9d562f8682a6fc07782873cc7da76196,measured,,1024,576,2,0.85,80,stream,combined,,3,8.2659778351804,8.2659778351804,60.005,426.14999997615814,448.14999997615814,457.4199999809265,,122.6175,12.561554270477458,1.596432030664111,496,496,0,40,0,,browser receive/decode/offscreen 2D draw; excludes application upscaler/projector and audio capture,correlated by echoed frame ID; measured on client clock,"{""alpha"":0.1,""channelOptions"":{},""frameIds"":true,""height"":576,""inputQuality"":0.85,""inputScene"":""waveform"",""maxBufferedBytes"":262144,""mode"":""stream"",""outputQuality"":80,""prompt"":""colorful abstract art, vibrant neon lights, psychedelic patterns"",""seconds"":60,""seed"":42,""sendFps"":60,""server"":""https://0pxb4bss2jmbhg-3001.proxy.runpod.net"",""serverConfig"":{""benchmarkVariant"":""combined"",""maxOutboundBytes"":1048576,""maxPending"":3},""steps"":2,""telemetryEveryMs"":0,""warmupFrames"":20,""width"":1024}","{""bytesReceived"":11974238,""bytesSent"":94219508,""compileDuringMeasurement"":false,""decodeErrors"":0,""decodeSkips"":0,""decodedDrawn"":496,""encodeSkips"":40,""errors"":[],""maxBufferedBytes"":127458,""received"":496,""sendBufferSkips"":0,""sendErrors"":0,""sent"":3709,""telemetryErrors"":0}",{},"[{""currentRoundTripTime"":0.02,""localCandidate"":""srflx"",""remoteCandidate"":""srflx""}]","[{""clock"":""cuda-events"",""variant"":""combined"",""worker"":0}]",measured,,,{}
browser-live-compute/compute-1024x576-events-r0.json,c63a189bd341354146d3f21a145841dea9cd6b3e8591161b5e0bd0e105e01ee5,measured,,1024,576,2,0.85,80,stream,events,,3,6.266144487959337,6.199483376385301,60.005,649.6999999284744,2963.3350000083447,5356.076000040771,,131.8925,5.310187217731856,1.2052623614698774,376,372,4,32,2148,,browser receive/decode/offscreen 2D draw; excludes application upscaler/projector and audio capture,correlated by echoed frame ID; measured on client clock,"{""alpha"":0.1,""channelOptions"":{},""frameIds"":true,""height"":576,""inputQuality"":0.85,""inputScene"":""waveform"",""maxBufferedBytes"":262144,""mode"":""stream"",""outputQuality"":80,""prompt"":""colorful abstract art, vibrant neon lights, psychedelic patterns"",""seconds"":60,""seed"":42,""sendFps"":60,""server"":""https://0pxb4bss2jmbhg-3001.proxy.runpod.net"",""serverConfig"":{""benchmarkVariant"":""events"",""maxOutboundBytes"":1048576,""maxPending"":3},""steps"":2,""telemetryEveryMs"":0,""warmupFrames"":20,""width"":1024}","{""bytesReceived"":9040221,""bytesSent"":39829723,""compileDuringMeasurement"":false,""decodeErrors"":0,""decodeSkips"":4,""decodedDrawn"":372,""encodeSkips"":32,""errors"":[],""maxBufferedBytes"":287320,""received"":376,""sendBufferSkips"":2148,""sendErrors"":0,""sent"":1568,""telemetryErrors"":0}",{},"[{""currentRoundTripTime"":0.021,""localCandidate"":""srflx"",""remoteCandidate"":""srflx""}]","[{""clock"":""cuda-events"",""variant"":""events"",""worker"":0}]",measured,,,{}
browser-live-compute/compute-1024x576-events-r1.json,452aaafbb2690e5c95ec0cad7f6e3954b49f81da04ad88e6c79218f4b32c3276,measured,,1024,576,2,0.85,80,stream,events,,3,8.232729599816262,8.199398710748179,60.004400000095366,427.60000002384186,597.7699999868869,866.9570000195481,,125.3835,12.310834805428035,1.575304077698465,494,492,2,26,88,,browser receive/decode/offscreen 2D draw; excludes application upscaler/projector and audio capture,correlated by echoed frame ID; measured on client clock,"{""alpha"":0.1,""channelOptions"":{},""frameIds"":true,""height"":576,""inputQuality"":0.85,""inputScene"":""waveform"",""maxBufferedBytes"":262144,""mode"":""stream"",""outputQuality"":80,""prompt"":""colorful abstract art, vibrant neon lights, psychedelic patterns"",""seconds"":60,""seed"":42,""sendFps"":60,""server"":""https://0pxb4bss2jmbhg-3001.proxy.runpod.net"",""serverConfig"":{""benchmarkVariant"":""events"",""maxOutboundBytes"":1048576,""maxPending"":3},""steps"":2,""telemetryEveryMs"":0,""warmupFrames"":20,""width"":1024}","{""bytesReceived"":11815647,""bytesSent"":92338032,""compileDuringMeasurement"":false,""decodeErrors"":0,""decodeSkips"":2,""decodedDrawn"":492,""encodeSkips"":26,""errors"":[],""maxBufferedBytes"":283694,""received"":494,""sendBufferSkips"":88,""sendErrors"":0,""sent"":3635,""telemetryErrors"":0}",{},"[{""currentRoundTripTime"":0.118,""localCandidate"":""srflx"",""remoteCandidate"":""srflx""}]","[{""clock"":""cuda-events"",""variant"":""events"",""worker"":0}]",measured,,,{}
browser-live-compute/compute-1024x576-events-r2.json,954e8c585be5f0da5946bf671504ca6baaddc01adbf368888044e6b20c5fe233,measured,,1024,576,2,0.85,80,stream,events,,3,8.249463784857262,8.23279820145351,60.00389999997616,425.550000011921,458.41500004529945,702.0619999063015,,122.774,12.59218777446633,1.5814274738814929,495,494,1,23,8,,browser receive/decode/offscreen 2D draw; excludes application upscaler/projector and audio capture,correlated by echoed frame ID; measured on client clock,"{""alpha"":0.1,""channelOptions"":{},""frameIds"":true,""height"":576,""inputQuality"":0.85,""inputScene"":""waveform"",""maxBufferedBytes"":262144,""mode"":""stream"",""outputQuality"":80,""prompt"":""colorful abstract art, vibrant neon lights, psychedelic patterns"",""seconds"":60,""seed"":42,""sendFps"":60,""server"":""https://0pxb4bss2jmbhg-3001.proxy.runpod.net"",""serverConfig"":{""benchmarkVariant"":""events"",""maxOutboundBytes"":1048576,""maxPending"":3},""steps"":2,""telemetryEveryMs"":0,""warmupFrames"":20,""width"":1024}","{""bytesReceived"":11861477,""bytesSent"":94447547,""compileDuringMeasurement"":false,""decodeErrors"":0,""decodeSkips"":1,""decodedDrawn"":494,""encodeSkips"":23,""errors"":[],""maxBufferedBytes"":278527,""received"":495,""sendBufferSkips"":8,""sendErrors"":0,""sent"":3718,""telemetryErrors"":0}",{},"[{""currentRoundTripTime"":0.02,""localCandidate"":""srflx"",""remoteCandidate"":""srflx""}]","[{""clock"":""cuda-events"",""variant"":""events"",""worker"":0}]",measured,,,{}
browser-live-compute/compute-512x288-all-constants-r0.json,7b36d491d0c4744cd2727f98aca6e2a9d3e03cd6c9721910108356d7407028a8,measured,,512,288,2,0.85,80,stream,all-constants,,3,28.214174414559743,28.08085285796407,60.00530000007153,150.90000009536743,189.7799999475479,231.21599993228912,,44.70399999999988,4.92311752461279,9.395784039065347,1693,1685,8,31,0,,browser receive/decode/offscreen 2D draw; excludes application upscaler/projector and audio capture,correlated by echoed frame ID; measured on client clock,"{""alpha"":0.1,""channelOptions"":{},""frameIds"":true,""height"":288,""inputQuality"":0.85,""inputScene"":""waveform"",""maxBufferedBytes"":262144,""mode"":""stream"",""outputQuality"":80,""prompt"":""colorful abstract art, vibrant neon lights, psychedelic patterns"",""seconds"":60,""seed"":42,""sendFps"":60,""server"":""https://0pxb4bss2jmbhg-3001.proxy.runpod.net"",""serverConfig"":{""benchmarkVariant"":""all-constants"",""maxOutboundBytes"":1048576,""maxPending"":3},""steps"":2,""telemetryEveryMs"":0,""warmupFrames"":20,""width"":512}","{""bytesReceived"":70474605,""bytesSent"":36926643,""compileDuringMeasurement"":false,""decodeErrors"":0,""decodeSkips"":8,""decodedDrawn"":1685,""encodeSkips"":31,""errors"":[],""maxBufferedBytes"":29829,""received"":1693,""sendBufferSkips"":0,""sendErrors"":0,""sent"":3714,""telemetryErrors"":0}",{},"[{""currentRoundTripTime"":0.023,""localCandidate"":""srflx"",""remoteCandidate"":""srflx""}]","[{""clock"":""cuda-events"",""variant"":""all-constants"",""worker"":0}]",measured,,,{}
browser-live-compute/compute-512x288-all-constants-r1.json,ac5992f4e5ee176dde794b7e66367f920bf6e637cff63dedc94940c8222696b7,measured,,512,288,2,0.85,80,stream,all-constants,,3,28.54828710276249,28.131645434596077,60.003600000023845,154.59999990463257,192.36499996781347,224.38499995231575,,41.34599999999999,4.852896026236497,9.504216013702068,1713,1688,25,85,0,,browser receive/decode/offscreen 2D draw; excludes application upscaler/projector and audio capture,correlated by echoed frame ID; measured on client clock,"{""alpha"":0.1,""channelOptions"":{},""frameIds"":true,""height"":288,""inputQuality"":0.85,""inputScene"":""waveform"",""maxBufferedBytes"":262144,""mode"":""stream"",""outputQuality"":80,""prompt"":""colorful abstract art, vibrant neon lights, psychedelic patterns"",""seconds"":60,""seed"":42,""sendFps"":60,""server"":""https://0pxb4bss2jmbhg-3001.proxy.runpod.net"",""serverConfig"":{""benchmarkVariant"":""all-constants"",""maxOutboundBytes"":1048576,""maxPending"":3},""steps"":2,""telemetryEveryMs"":0,""warmupFrames"":20,""width"":512}","{""bytesReceived"":71285897,""bytesSent"":36398904,""compileDuringMeasurement"":false,""decodeErrors"":0,""decodeSkips"":25,""decodedDrawn"":1688,""encodeSkips"":85,""errors"":[],""maxBufferedBytes"":20499,""received"":1713,""sendBufferSkips"":0,""sendErrors"":0,""sent"":3661,""telemetryErrors"":0}",{},"[{""currentRoundTripTime"":0.02,""localCandidate"":""srflx"",""remoteCandidate"":""srflx""}]","[{""clock"":""cuda-events"",""variant"":""all-constants"",""worker"":0}]",measured,,,{}
browser-live-compute/compute-512x288-all-constants-r2.json,5e6a7a4be688488487069f0ba5741663eb339b1473e9e667bd2a10439565a219,measured,,512,288,2,0.85,80,stream,all-constants,,3,28.07972976799079,27.89641995941637,60.00770000004768,152.04999995231628,214.5050000786781,477.72000002384175,,44.522,4.86593007230352,9.35020619019816,1685,1674,11,58,19,,browser receive/decode/offscreen 2D draw; excludes application upscaler/projector and audio capture,correlated by echoed frame ID; measured on client clock,"{""alpha"":0.1,""channelOptions"":{},""frameIds"":true,""height"":288,""inputQuality"":0.85,""inputScene"":""waveform"",""maxBufferedBytes"":262144,""mode"":""stream"",""outputQuality"":80,""prompt"":""colorful abstract art, vibrant neon lights, psychedelic patterns"",""seconds"":60,""seed"":42,""sendFps"":60,""server"":""https://0pxb4bss2jmbhg-3001.proxy.runpod.net"",""serverConfig"":{""benchmarkVariant"":""all-constants"",""maxOutboundBytes"":1048576,""maxPending"":3},""steps"":2,""telemetryEveryMs"":0,""warmupFrames"":20,""width"":512}","{""bytesReceived"":70135546,""bytesSent"":36499159,""compileDuringMeasurement"":false,""decodeErrors"":0,""decodeSkips"":11,""decodedDrawn"":1674,""encodeSkips"":58,""errors"":[],""maxBufferedBytes"":268808,""received"":1685,""sendBufferSkips"":19,""sendErrors"":0,""sent"":3671,""telemetryErrors"":0}",{},"[{""currentRoundTripTime"":0.018,""localCandidate"":""srflx"",""remoteCandidate"":""srflx""}]","[{""clock"":""cuda-events"",""variant"":""all-constants"",""worker"":0}]",measured,,,{}
browser-live-compute/compute-512x288-baseline-r0.json,5e3e02ed0f961c95323f0bcc9d2f36cd6d5deed7985065db3c4536fbd1c294e7,measured,,512,288,2,0.85,80,stream,baseline,,3,27.72829602623292,27.461677795211447,60.01089999997616,162.14999997615814,193.69999992847443,212.70100003361696,,40.79599999999995,4.885658838646253,9.232795908746914,1664,1648,16,60,0,,browser receive/decode/offscreen 2D draw; excludes application upscaler/projector and audio capture,correlated by echoed frame ID; measured on client clock,"{""alpha"":0.1,""channelOptions"":{},""frameIds"":true,""height"":288,""inputQuality"":0.85,""inputScene"":""waveform"",""maxBufferedBytes"":262144,""mode"":""stream"",""outputQuality"":80,""prompt"":""colorful abstract art, vibrant neon lights, psychedelic patterns"",""seconds"":60,""seed"":42,""sendFps"":60,""server"":""https://0pxb4bss2jmbhg-3001.proxy.runpod.net"",""serverConfig"":{""benchmarkVariant"":""baseline"",""maxOutboundBytes"":1048576,""maxPending"":3},""steps"":2,""telemetryEveryMs"":0,""warmupFrames"":20,""width"":512}","{""bytesReceived"":69258549,""bytesSent"":36649098,""compileDuringMeasurement"":false,""decodeErrors"":0,""decodeSkips"":16,""decodedDrawn"":1648,""encodeSkips"":60,""errors"":[],""maxBufferedBytes"":39364,""received"":1664,""sendBufferSkips"":0,""sendErrors"":0,""sent"":3686,""telemetryErrors"":0}",{},"[{""currentRoundTripTime"":0.021,""localCandidate"":""srflx"",""remoteCandidate"":""srflx""}]","[{""clock"":""wall-clock"",""variant"":""baseline"",""worker"":0}]",measured,,,{}
browser-live-compute/compute-512x288-baseline-r1.json,3d0048954f56781abeee29882417f4dfdf07ca53ce0e88c4187fb0b6c295063d,measured,,512,288,2,0.85,80,stream,baseline,,3,27.92928358719099,27.745976833337117,60.00870000004768,157,188.39999997615817,220.2800000238418,,39.71,4.914925469136403,9.30398252252684,1676,1665,11,36,0,,browser receive/decode/offscreen 2D draw; excludes application upscaler/projector and audio capture,correlated by echoed frame ID; measured on client clock,"{""alpha"":0.1,""channelOptions"":{},""frameIds"":true,""height"":288,""inputQuality"":0.85,""inputScene"":""waveform"",""maxBufferedBytes"":262144,""mode"":""stream"",""outputQuality"":80,""prompt"":""colorful abstract art, vibrant neon lights, psychedelic patterns"",""seconds"":60,""seed"":42,""sendFps"":60,""server"":""https://0pxb4bss2jmbhg-3001.proxy.runpod.net"",""serverConfig"":{""benchmarkVariant"":""baseline"",""maxOutboundBytes"":1048576,""maxPending"":3},""steps"":2,""telemetryEveryMs"":0,""warmupFrames"":20,""width"":512}","{""bytesReceived"":69789987,""bytesSent"":36867286,""compileDuringMeasurement"":false,""decodeErrors"":0,""decodeSkips"":11,""decodedDrawn"":1665,""encodeSkips"":36,""errors"":[],""maxBufferedBytes"":20449,""received"":1676,""sendBufferSkips"":0,""sendErrors"":0,""sent"":3708,""telemetryErrors"":0}",{},"[{""currentRoundTripTime"":0.019,""localCandidate"":""srflx"",""remoteCandidate"":""srflx""}]","[{""clock"":""wall-clock"",""variant"":""baseline"",""worker"":0}]",measured,,,{}
browser-live-compute/compute-512x288-baseline-r2.json,5926c9c5643827eb9dc3b9325036ecdccb3305f8f428d249f45b738cb26c6bab,measured,,512,288,2,0.85,80,stream,baseline,,3,26.197947827399368,25.914636686772273,60.00470000004768,166.79999995231628,221.2300000190735,431.5839999890333,,58.4645,4.805338515145828,8.722835111242688,1572,1555,17,105,18,,browser receive/decode/offscreen 2D draw; excludes application upscaler/projector and audio capture,correlated by echoed frame ID; measured on client clock,"{""alpha"":0.1,""channelOptions"":{},""frameIds"":true,""height"":288,""inputQuality"":0.85,""inputScene"":""waveform"",""maxBufferedBytes"":262144,""mode"":""stream"",""outputQuality"":80,""prompt"":""colorful abstract art, vibrant neon lights, psychedelic patterns"",""seconds"":60,""seed"":42,""sendFps"":60,""server"":""https://0pxb4bss2jmbhg-3001.proxy.runpod.net"",""serverConfig"":{""benchmarkVariant"":""baseline"",""maxOutboundBytes"":1048576,""maxPending"":3},""steps"":2,""telemetryEveryMs"":0,""warmupFrames"":20,""width"":512}","{""bytesReceived"":65426388,""bytesSent"":36042862,""compileDuringMeasurement"":false,""decodeErrors"":0,""decodeSkips"":17,""decodedDrawn"":1555,""encodeSkips"":105,""errors"":[],""maxBufferedBytes"":268497,""received"":1572,""sendBufferSkips"":18,""sendErrors"":0,""sent"":3625,""telemetryErrors"":0}",{},"[{""currentRoundTripTime"":0.054,""localCandidate"":""srflx"",""remoteCandidate"":""srflx""}]","[{""clock"":""wall-clock"",""variant"":""baseline"",""worker"":0}]",measured,,,{}
browser-live-compute/compute-512x288-combined-r0.json,03682f91ac17e4d61b6d07ac84e677a541c9679c38c3cefdad4eaaa97bbbfcaf,measured,,512,288,2,0.85,80,stream,combined,,3,29.081733837937577,28.898410587383243,60.003300000071526,151.5,182,201.33399996042252,,38.046,4.925927340657058,9.685110252257914,1745,1734,10,32,0,,browser receive/decode/offscreen 2D draw; excludes application upscaler/projector and audio capture,correlated by echoed frame ID; measured on client clock,"{""alpha"":0.1,""channelOptions"":{},""frameIds"":true,""height"":288,""inputQuality"":0.85,""inputScene"":""waveform"",""maxBufferedBytes"":262144,""mode"":""stream"",""outputQuality"":80,""prompt"":""colorful abstract art, vibrant neon lights, psychedelic patterns"",""seconds"":60,""seed"":42,""sendFps"":60,""server"":""https://0pxb4bss2jmbhg-3001.proxy.runpod.net"",""serverConfig"":{""benchmarkVariant"":""combined"",""maxOutboundBytes"":1048576,""maxPending"":3},""steps"":2,""telemetryEveryMs"":0,""warmupFrames"":20,""width"":512}","{""bytesReceived"":72642322,""bytesSent"":36946487,""compileDuringMeasurement"":false,""decodeErrors"":0,""decodeSkips"":10,""decodedDrawn"":1734,""encodeSkips"":32,""errors"":[],""maxBufferedBytes"":29853,""received"":1745,""sendBufferSkips"":0,""sendErrors"":0,""sent"":3716,""telemetryErrors"":0}",{},[],"[{""clock"":""cuda-events"",""variant"":""combined"",""worker"":0}]",measured,,,{}
browser-live-compute/compute-512x288-combined-r1.json,71f9c37750dc2d02c4bfe7d66577fc8c79304e019d1fafddc5b3c8027be5f6d8,measured,,512,288,2,0.85,80,stream,combined,,3,27.99827343983792,27.781620133458222,60.00369999992847,154.10000002384186,198.7400000572204,220.90800001621236,,52.09449999999998,4.920610562354521,9.324640580508651,1680,1667,13,35,0,,browser receive/decode/offscreen 2D draw; excludes application upscaler/projector and audio capture,correlated by echoed frame ID; measured on client clock,"{""alpha"":0.1,""channelOptions"":{},""frameIds"":true,""height"":288,""inputQuality"":0.85,""inputScene"":""waveform"",""maxBufferedBytes"":262144,""mode"":""stream"",""outputQuality"":80,""prompt"":""colorful abstract art, vibrant neon lights, psychedelic patterns"",""seconds"":60,""seed"":42,""sendFps"":60,""server"":""https://0pxb4bss2jmbhg-3001.proxy.runpod.net"",""serverConfig"":{""benchmarkVariant"":""combined"",""maxOutboundBytes"":1048576,""maxPending"":3},""steps"":2,""telemetryEveryMs"":0,""warmupFrames"":20,""width"":512}","{""bytesReceived"":69939117,""bytesSent"":36906855,""compileDuringMeasurement"":false,""decodeErrors"":0,""decodeSkips"":13,""decodedDrawn"":1667,""encodeSkips"":35,""errors"":[],""maxBufferedBytes"":29935,""received"":1680,""sendBufferSkips"":0,""sendErrors"":0,""sent"":3712,""telemetryErrors"":0}",{},"[{""currentRoundTripTime"":0.023,""localCandidate"":""srflx"",""remoteCandidate"":""srflx""}]","[{""clock"":""cuda-events"",""variant"":""combined"",""worker"":0}]",measured,,,{}
browser-live-compute/compute-512x288-combined-r2.json,5013d82a6692eb1265ab2b07fbadac5548dd047fb66dc5bc50b5b6719fad636f,measured,,512,288,2,0.85,80,stream,combined,,3,28.24444525906538,27.89451407886457,60.01180000007152,152.70000004768372,202.2050000071525,239.9849999999999,,42.566,4.806077738039123,9.40405586900122,1695,1674,21,120,0,,browser receive/decode/offscreen 2D draw; excludes application upscaler/projector and audio capture,correlated by echoed frame ID; measured on client clock,"{""alpha"":0.1,""channelOptions"":{},""frameIds"":true,""height"":288,""inputQuality"":0.85,""inputScene"":""waveform"",""maxBufferedBytes"":262144,""mode"":""stream"",""outputQuality"":80,""prompt"":""colorful abstract art, vibrant neon lights, psychedelic patterns"",""seconds"":60,""seed"":42,""sendFps"":60,""server"":""https://0pxb4bss2jmbhg-3001.proxy.runpod.net"",""serverConfig"":{""benchmarkVariant"":""combined"",""maxOutboundBytes"":1048576,""maxPending"":3},""steps"":2,""telemetryEveryMs"":0,""warmupFrames"":20,""width"":512}","{""bytesReceived"":70544290,""bytesSent"":36052672,""compileDuringMeasurement"":false,""decodeErrors"":0,""decodeSkips"":21,""decodedDrawn"":1674,""encodeSkips"":120,""errors"":[],""maxBufferedBytes"":128915,""received"":1695,""sendBufferSkips"":0,""sendErrors"":0,""sent"":3626,""telemetryErrors"":0}",{},"[{""currentRoundTripTime"":0.018,""localCandidate"":""srflx"",""remoteCandidate"":""srflx""}]","[{""clock"":""cuda-events"",""variant"":""combined"",""worker"":0}]",measured,,,{}
browser-live-compute/compute-512x288-events-r0.json,1579e3b0a46924bbdd39b2418234ef6455a608d018ee17c311b36fae308f04fb,measured,,512,288,2,0.85,80,stream,events,,3,29.165305619094287,28.981980840917124,60.00279999995232,149.5,179.20000004768372,202.8720000147819,,37.7865,4.910188857857202,9.714270400722352,1750,1739,11,40,0,,browser receive/decode/offscreen 2D draw; excludes application upscaler/projector and audio capture,correlated by echoed frame ID; measured on client clock,"{""alpha"":0.1,""channelOptions"":{},""frameIds"":true,""height"":288,""inputQuality"":0.85,""inputScene"":""waveform"",""maxBufferedBytes"":262144,""mode"":""stream"",""outputQuality"":80,""prompt"":""colorful abstract art, vibrant neon lights, psychedelic patterns"",""seconds"":60,""seed"":42,""sendFps"":60,""server"":""https://0pxb4bss2jmbhg-3001.proxy.runpod.net"",""serverConfig"":{""benchmarkVariant"":""events"",""maxOutboundBytes"":1048576,""maxPending"":3},""steps"":2,""telemetryEveryMs"":0,""warmupFrames"":20,""width"":512}","{""bytesReceived"":72860428,""bytesSent"":36828135,""compileDuringMeasurement"":false,""decodeErrors"":0,""decodeSkips"":11,""decodedDrawn"":1739,""encodeSkips"":40,""errors"":[],""maxBufferedBytes"":20435,""received"":1750,""sendBufferSkips"":0,""sendErrors"":0,""sent"":3704,""telemetryErrors"":0}",{},"[{""currentRoundTripTime"":0.018,""localCandidate"":""srflx"",""remoteCandidate"":""srflx""}]","[{""clock"":""cuda-events"",""variant"":""events"",""worker"":0}]",measured,,,{}
browser-live-compute/compute-512x288-events-r1.json,20ebc93ba681f3b72d1600a2e55e93ae20c2ea1696ed2d07a5c986472526dde0,measured,,512,288,2,0.85,80,stream,events,,3,28.965314951991928,28.615331284562796,60.00279999995232,152.5,184.29999997615815,210.7519999599457,,38.0315,4.899558020629597,9.645592272368289,1738,1717,21,53,0,,browser receive/decode/offscreen 2D draw; excludes application upscaler/projector and audio capture,correlated by echoed frame ID; measured on client clock,"{""alpha"":0.1,""channelOptions"":{},""frameIds"":true,""height"":288,""inputQuality"":0.85,""inputScene"":""waveform"",""maxBufferedBytes"":262144,""mode"":""stream"",""outputQuality"":80,""prompt"":""colorful abstract art, vibrant neon lights, psychedelic patterns"",""seconds"":60,""seed"":42,""sendFps"":60,""server"":""https://0pxb4bss2jmbhg-3001.proxy.runpod.net"",""serverConfig"":{""benchmarkVariant"":""events"",""maxOutboundBytes"":1048576,""maxPending"":3},""steps"":2,""telemetryEveryMs"":0,""warmupFrames"":20,""width"":512}","{""bytesReceived"":72345318,""bytesSent"":36748400,""compileDuringMeasurement"":false,""decodeErrors"":0,""decodeSkips"":21,""decodedDrawn"":1717,""encodeSkips"":53,""errors"":[],""maxBufferedBytes"":20444,""received"":1738,""sendBufferSkips"":0,""sendErrors"":0,""sent"":3696,""telemetryErrors"":0}",{},"[{""currentRoundTripTime"":0.019,""localCandidate"":""srflx"",""remoteCandidate"":""srflx""}]","[{""clock"":""cuda-events"",""variant"":""events"",""worker"":0}]",measured,,,{}
browser-live-compute/compute-512x288-events-r2.json,3913f492f7aa4a00b152af0bfbb058c34e637c35c66ef14dbfc04270e983a7de,measured,,512,288,2,0.85,80,stream,events,,3,24.881011105620257,23.647792872655824,60.00560000002384,178.80000007152557,1039.5200000286086,1965.6560000348088,,54.407999999999944,4.3303986294595305,8.2812744143847,1493,1419,74,136,345,,browser receive/decode/offscreen 2D draw; excludes application upscaler/projector and audio capture,correlated by echoed frame ID; measured on client clock,"{""alpha"":0.1,""channelOptions"":{},""frameIds"":true,""height"":288,""inputQuality"":0.85,""inputScene"":""waveform"",""maxBufferedBytes"":262144,""mode"":""stream"",""outputQuality"":80,""prompt"":""colorful abstract art, vibrant neon lights, psychedelic patterns"",""seconds"":60,""seed"":42,""sendFps"":60,""server"":""https://0pxb4bss2jmbhg-3001.proxy.runpod.net"",""serverConfig"":{""benchmarkVariant"":""events"",""maxOutboundBytes"":1048576,""maxPending"":3},""steps"":2,""telemetryEveryMs"":0,""warmupFrames"":20,""width"":512}","{""bytesReceived"":62115355,""bytesSent"":32481021,""compileDuringMeasurement"":false,""decodeErrors"":0,""decodeSkips"":74,""decodedDrawn"":1419,""encodeSkips"":136,""errors"":[],""maxBufferedBytes"":270203,""received"":1493,""sendBufferSkips"":345,""sendErrors"":0,""sent"":3267,""telemetryErrors"":0}",{},"[{""currentRoundTripTime"":0.021,""localCandidate"":""srflx"",""remoteCandidate"":""srflx""}]","[{""clock"":""cuda-events"",""variant"":""events"",""worker"":0}]",measured,,,{}
browser-live-compute/compute-768x448-all-constants-r0.json,ea7ae8addb70d22d9b876ac7d0c41111597c21575b7e63c38aee9c8d876f4114,measured,,768,448,2,0.85,80,stream,all-constants,,3,14.148915249825224,14.148915249825224,60.00460000002384,287.09999990463257,313.2000000476837,327.5159999990463,,77.118,8.431743299677008,3.852675694861863,849,849,0,104,0,,browser receive/decode/offscreen 2D draw; excludes application upscaler/projector and audio capture,correlated by echoed frame ID; measured on client clock,"{""alpha"":0.1,""channelOptions"":{},""frameIds"":true,""height"":448,""inputQuality"":0.85,""inputScene"":""waveform"",""maxBufferedBytes"":262144,""mode"":""stream"",""outputQuality"":80,""prompt"":""colorful abstract art, vibrant neon lights, psychedelic patterns"",""seconds"":60,""seed"":42,""sendFps"":60,""server"":""https://0pxb4bss2jmbhg-3001.proxy.runpod.net"",""serverConfig"":{""benchmarkVariant"":""all-constants"",""maxOutboundBytes"":1048576,""maxPending"":3},""steps"":2,""telemetryEveryMs"":0,""warmupFrames"":20,""width"":768}","{""bytesReceived"":28897283,""bytesSent"":63242923,""compileDuringMeasurement"":false,""decodeErrors"":0,""decodeSkips"":0,""decodedDrawn"":849,""encodeSkips"":104,""errors"":[],""maxBufferedBytes"":102965,""received"":849,""sendBufferSkips"":0,""sendErrors"":0,""sent"":3645,""telemetryErrors"":0}",{},"[{""currentRoundTripTime"":0.02,""localCandidate"":""srflx"",""remoteCandidate"":""srflx""}]","[{""clock"":""cuda-events"",""variant"":""all-constants"",""worker"":0}]",measured,,,{}
browser-live-compute/compute-768x448-all-constants-r1.json,2b6de9a8261e46235e15800f4d6b4395f3163b8d4421dd0c9e64f51c8ff31d39,measured,,768,448,2,0.85,80,stream,all-constants,,3,14.165368174583996,14.165368174583996,60.0055,288.94999998807907,317.39999997615814,328.20399998784063,,77.062,7.684489855096617,3.858026480905917,850,850,0,425,0,,browser receive/decode/offscreen 2D draw; excludes application upscaler/projector and audio capture,correlated by echoed frame ID; measured on client clock,"{""alpha"":0.1,""channelOptions"":{},""frameIds"":true,""height"":448,""inputQuality"":0.85,""inputScene"":""waveform"",""maxBufferedBytes"":262144,""mode"":""stream"",""outputQuality"":80,""prompt"":""colorful abstract art, vibrant neon lights, psychedelic patterns"",""seconds"":60,""seed"":42,""sendFps"":60,""server"":""https://0pxb4bss2jmbhg-3001.proxy.runpod.net"",""serverConfig"":{""benchmarkVariant"":""all-constants"",""maxOutboundBytes"":1048576,""maxPending"":3},""steps"":2,""telemetryEveryMs"":0,""warmupFrames"":20,""width"":768}","{""bytesReceived"":28937851,""bytesSent"":57638957,""compileDuringMeasurement"":false,""decodeErrors"":0,""decodeSkips"":0,""decodedDrawn"":850,""encodeSkips"":425,""errors"":[],""maxBufferedBytes"":70827,""received"":850,""sendBufferSkips"":0,""sendErrors"":0,""sent"":3322,""telemetryErrors"":0}",{},"[{""currentRoundTripTime"":0.02,""localCandidate"":""srflx"",""remoteCandidate"":""srflx""}]","[{""clock"":""cuda-events"",""variant"":""all-constants"",""worker"":0}]",measured,,,{}
browser-live-compute/compute-768x448-all-constants-r2.json,f3b390d910a9ee23a59c9d535774fd39814efc2f792655edc27ee5ca203b94dd,measured,,768,448,2,0.85,80,stream,all-constants,,3,14.06549454212149,14.06549454212149,60.005,285.5,314.7699999630451,332.0419999933242,,80.22499999999998,8.175115940338305,3.825229364219648,844,844,0,214,0,,browser receive/decode/offscreen 2D draw; excludes application upscaler/projector and audio capture,correlated by echoed frame ID; measured on client clock,"{""alpha"":0.1,""channelOptions"":{},""frameIds"":true,""height"":448,""inputQuality"":0.85,""inputScene"":""waveform"",""maxBufferedBytes"":262144,""mode"":""stream"",""outputQuality"":80,""prompt"":""colorful abstract art, vibrant neon lights, psychedelic patterns"",""seconds"":60,""seed"":42,""sendFps"":60,""server"":""https://0pxb4bss2jmbhg-3001.proxy.runpod.net"",""serverConfig"":{""benchmarkVariant"":""all-constants"",""maxOutboundBytes"":1048576,""maxPending"":3},""steps"":2,""telemetryEveryMs"":0,""warmupFrames"":20,""width"":768}","{""bytesReceived"":28691611,""bytesSent"":61318479,""compileDuringMeasurement"":false,""decodeErrors"":0,""decodeSkips"":0,""decodedDrawn"":844,""encodeSkips"":214,""errors"":[],""maxBufferedBytes"":70642,""received"":844,""sendBufferSkips"":0,""sendErrors"":0,""sent"":3534,""telemetryErrors"":0}",{},"[{""currentRoundTripTime"":0.021,""localCandidate"":""srflx"",""remoteCandidate"":""srflx""}]","[{""clock"":""cuda-events"",""variant"":""all-constants"",""worker"":0}]",measured,,,{}
browser-live-compute/compute-768x448-baseline-r0.json,05a17c7f12a1551488fecae97484409d760dab80a6be123962c2b2be75d19b24,measured,,768,448,2,0.85,80,stream,baseline,,3,13.832457277689256,13.832457277689256,60.00380000007153,294.8000000715256,321.2999999523163,331.11299994230274,,81.212,7.9206032951152,3.7655917791828295,830,830,0,324,0,,browser receive/decode/offscreen 2D draw; excludes application upscaler/projector and audio capture,correlated by echoed frame ID; measured on client clock,"{""alpha"":0.1,""channelOptions"":{},""frameIds"":true,""height"":448,""inputQuality"":0.85,""inputScene"":""waveform"",""maxBufferedBytes"":262144,""mode"":""stream"",""outputQuality"":80,""prompt"":""colorful abstract art, vibrant neon lights, psychedelic patterns"",""seconds"":60,""seed"":42,""sendFps"":60,""server"":""https://0pxb4bss2jmbhg-3001.proxy.runpod.net"",""serverConfig"":{""benchmarkVariant"":""baseline"",""maxOutboundBytes"":1048576,""maxPending"":3},""steps"":2,""telemetryEveryMs"":0,""warmupFrames"":20,""width"":768}","{""bytesReceived"":28243727,""bytesSent"":59408287,""compileDuringMeasurement"":false,""decodeErrors"":0,""decodeSkips"":0,""decodedDrawn"":830,""encodeSkips"":324,""errors"":[],""maxBufferedBytes"":70767,""received"":830,""sendBufferSkips"":0,""sendErrors"":0,""sent"":3424,""telemetryErrors"":0}",{},"[{""currentRoundTripTime"":0.02,""localCandidate"":""srflx"",""remoteCandidate"":""srflx""}]","[{""clock"":""wall-clock"",""variant"":""baseline"",""worker"":0}]",measured,,,{}
browser-live-compute/compute-768x448-baseline-r1.json,e45e5a28ecbbf387124df3ddee93526a6beac8d17784b62ab201b087a7a818c4,measured,,768,448,2,0.85,80,stream,baseline,,3,13.81565351872,13.81565351872,60.004400000095366,295.2000000476837,318.460000038147,333.76400004386903,,81.472,8.29053736058038,3.765194819040619,829,829,0,165,0,,browser receive/decode/offscreen 2D draw; excludes application upscaler/projector and audio capture,correlated by echoed frame ID; measured on client clock,"{""alpha"":0.1,""channelOptions"":{},""frameIds"":true,""height"":448,""inputQuality"":0.85,""inputScene"":""waveform"",""maxBufferedBytes"":262144,""mode"":""stream"",""outputQuality"":80,""prompt"":""colorful abstract art, vibrant neon lights, psychedelic patterns"",""seconds"":60,""seed"":42,""sendFps"":60,""server"":""https://0pxb4bss2jmbhg-3001.proxy.runpod.net"",""serverConfig"":{""benchmarkVariant"":""baseline"",""maxOutboundBytes"":1048576,""maxPending"":3},""steps"":2,""telemetryEveryMs"":0,""warmupFrames"":20,""width"":768}","{""bytesReceived"":28241032,""bytesSent"":62183590,""compileDuringMeasurement"":false,""decodeErrors"":0,""decodeSkips"":0,""decodedDrawn"":829,""encodeSkips"":165,""errors"":[],""maxBufferedBytes"":70083,""received"":829,""sendBufferSkips"":0,""sendErrors"":0,""sent"":3584,""telemetryErrors"":0}",{},"[{""currentRoundTripTime"":0.019,""localCandidate"":""srflx"",""remoteCandidate"":""srflx""}]","[{""clock"":""wall-clock"",""variant"":""baseline"",""worker"":0}]",measured,,,{}
browser-live-compute/compute-768x448-baseline-r2.json,d41f4473b495a4ee62f8cf3d3f5a13b2bb4df20eecb061162b0fa67aa6717630,measured,,768,448,2,0.85,80,stream,baseline,,3,13.713421156981948,13.713421156981948,60.01420000004769,296.7000000476837,326.789999961853,347.5560000395775,,84.46999999999998,7.658181696992292,3.74106461470488,823,823,0,436,0,,browser receive/decode/offscreen 2D draw; excludes application upscaler/projector and audio capture,correlated by echoed frame ID; measured on client clock,"{""alpha"":0.1,""channelOptions"":{},""frameIds"":true,""height"":448,""inputQuality"":0.85,""inputScene"":""waveform"",""maxBufferedBytes"":262144,""mode"":""stream"",""outputQuality"":80,""prompt"":""colorful abstract art, vibrant neon lights, psychedelic patterns"",""seconds"":60,""seed"":42,""sendFps"":60,""server"":""https://0pxb4bss2jmbhg-3001.proxy.runpod.net"",""serverConfig"":{""benchmarkVariant"":""baseline"",""maxOutboundBytes"":1048576,""maxPending"":3},""steps"":2,""telemetryEveryMs"":0,""warmupFrames"":20,""width"":768}","{""bytesReceived"":28064625,""bytesSent"":57449956,""compileDuringMeasurement"":false,""decodeErrors"":0,""decodeSkips"":0,""decodedDrawn"":823,""encodeSkips"":436,""errors"":[],""maxBufferedBytes"":70595,""received"":823,""sendBufferSkips"":0,""sendErrors"":0,""sent"":3311,""telemetryErrors"":0}",{},"[{""currentRoundTripTime"":0.02,""localCandidate"":""srflx"",""remoteCandidate"":""srflx""}]","[{""clock"":""wall-clock"",""variant"":""baseline"",""worker"":0}]",measured,,,{}
browser-live-compute/compute-768x448-combined-r0.json,91f177c54daa045273f6c819399c1e8022dde17bc9862f46ec707c578ff40854,measured,,768,448,2,0.85,80,stream,combined,,3,14.08244144535834,14.08244144535834,60.00380000007153,283.6999999284744,306.45999999046325,317.0559999465942,,78.11999999999999,8.508495661931267,3.846573850318227,845,845,0,71,0,,browser receive/decode/offscreen 2D draw; excludes application upscaler/projector and audio capture,correlated by echoed frame ID; measured on client clock,"{""alpha"":0.1,""channelOptions"":{},""frameIds"":true,""height"":448,""inputQuality"":0.85,""inputScene"":""waveform"",""maxBufferedBytes"":262144,""mode"":""stream"",""outputQuality"":80,""prompt"":""colorful abstract art, vibrant neon lights, psychedelic patterns"",""seconds"":60,""seed"":42,""sendFps"":60,""server"":""https://0pxb4bss2jmbhg-3001.proxy.runpod.net"",""serverConfig"":{""benchmarkVariant"":""combined"",""maxOutboundBytes"":1048576,""maxPending"":3},""steps"":2,""telemetryEveryMs"":0,""warmupFrames"":20,""width"":768}","{""bytesReceived"":28851131,""bytesSent"":63817759,""compileDuringMeasurement"":false,""decodeErrors"":0,""decodeSkips"":0,""decodedDrawn"":845,""encodeSkips"":71,""errors"":[],""maxBufferedBytes"":70444,""received"":845,""sendBufferSkips"":0,""sendErrors"":0,""sent"":3678,""telemetryErrors"":0}",{},"[{""currentRoundTripTime"":0.024,""localCandidate"":""srflx"",""remoteCandidate"":""srflx""}]","[{""clock"":""cuda-events"",""variant"":""combined"",""worker"":0}]",measured,,,{}
browser-live-compute/compute-768x448-combined-r1.json,858df9e57b5ce78132f81877bb6c50586e3ea6468c4d634eb0aa67b097be8ad2,measured,,768,448,2,0.85,80,stream,combined,,3,14.216666666666669,14.216666666666669,60,285.1999999284744,312.89999997615814,322.10000002384186,,76.376,7.749899066666666,3.877004666666666,853,853,0,397,0,,browser receive/decode/offscreen 2D draw; excludes application upscaler/projector and audio capture,correlated by echoed frame ID; measured on client clock,"{""alpha"":0.1,""channelOptions"":{},""frameIds"":true,""height"":448,""inputQuality"":0.85,""inputScene"":""waveform"",""maxBufferedBytes"":262144,""mode"":""stream"",""outputQuality"":80,""prompt"":""colorful abstract art, vibrant neon lights, psychedelic patterns"",""seconds"":60,""seed"":42,""sendFps"":60,""server"":""https://0pxb4bss2jmbhg-3001.proxy.runpod.net"",""serverConfig"":{""benchmarkVariant"":""combined"",""maxOutboundBytes"":1048576,""maxPending"":3},""steps"":2,""telemetryEveryMs"":0,""warmupFrames"":20,""width"":768}","{""bytesReceived"":29077535,""bytesSent"":58124243,""compileDuringMeasurement"":false,""decodeErrors"":0,""decodeSkips"":0,""decodedDrawn"":853,""encodeSkips"":397,""errors"":[],""maxBufferedBytes"":70777,""received"":853,""sendBufferSkips"":0,""sendErrors"":0,""sent"":3350,""telemetryErrors"":0}",{},"[{""currentRoundTripTime"":0.02,""localCandidate"":""srflx"",""remoteCandidate"":""srflx""}]","[{""clock"":""cuda-events"",""variant"":""combined"",""worker"":0}]",measured,,,{}
browser-live-compute/compute-768x448-combined-r2.json,cd025f2d44a0d9bc2d76b62e9998879ccf681285130b9435fc2c0c58483112b3,measured,,768,448,2,0.85,80,stream,combined,,3,13.949046815128757,13.932381287273166,60.00410000002384,290.5,324.4749999642372,347.86500000953674,,83.118,8.01350334393498,3.801178519466326,837,836,0,283,0,,browser receive/decode/offscreen 2D draw; excludes application upscaler/projector and audio capture,correlated by echoed frame ID; measured on client clock,"{""alpha"":0.1,""channelOptions"":{},""frameIds"":true,""height"":448,""inputQuality"":0.85,""inputScene"":""waveform"",""maxBufferedBytes"":262144,""mode"":""stream"",""outputQuality"":80,""prompt"":""colorful abstract art, vibrant neon lights, psychedelic patterns"",""seconds"":60,""seed"":42,""sendFps"":60,""server"":""https://0pxb4bss2jmbhg-3001.proxy.runpod.net"",""serverConfig"":{""benchmarkVariant"":""combined"",""maxOutboundBytes"":1048576,""maxPending"":3},""steps"":2,""telemetryEveryMs"":0,""warmupFrames"":20,""width"":768}","{""bytesReceived"":28510787,""bytesSent"":60105382,""compileDuringMeasurement"":false,""decodeErrors"":0,""decodeSkips"":0,""decodedDrawn"":836,""encodeSkips"":283,""errors"":[],""maxBufferedBytes"":103125,""received"":837,""sendBufferSkips"":0,""sendErrors"":0,""sent"":3464,""telemetryErrors"":0}",{},"[{""currentRoundTripTime"":0.019,""localCandidate"":""srflx"",""remoteCandidate"":""srflx""}]","[{""clock"":""cuda-events"",""variant"":""combined"",""worker"":0}]",measured,,,{}
browser-live-compute/compute-768x448-events-r0.json,5c21e5aea742073008e9b9ad16babe2280d8feff6fe3cb0fb24071ec0f972bef,measured,,768,448,2,0.85,80,stream,events,,3,14.182482384384636,14.182482384384636,60.003600000023845,285.2999999523163,311.39999997615814,328.0499999523163,,76.58500000000001,8.494646587868019,3.86811031337966,851,851,0,74,0,,browser receive/decode/offscreen 2D draw; excludes application upscaler/projector and audio capture,correlated by echoed frame ID; measured on client clock,"{""alpha"":0.1,""channelOptions"":{},""frameIds"":true,""height"":448,""inputQuality"":0.85,""inputScene"":""waveform"",""maxBufferedBytes"":262144,""mode"":""stream"",""outputQuality"":80,""prompt"":""colorful abstract art, vibrant neon lights, psychedelic patterns"",""seconds"":60,""seed"":42,""sendFps"":60,""server"":""https://0pxb4bss2jmbhg-3001.proxy.runpod.net"",""serverConfig"":{""benchmarkVariant"":""events"",""maxOutboundBytes"":1048576,""maxPending"":3},""steps"":2,""telemetryEveryMs"":0,""warmupFrames"":20,""width"":768}","{""bytesReceived"":29012568,""bytesSent"":63713672,""compileDuringMeasurement"":false,""decodeErrors"":0,""decodeSkips"":0,""decodedDrawn"":851,""encodeSkips"":74,""errors"":[],""maxBufferedBytes"":70731,""received"":851,""sendBufferSkips"":0,""sendErrors"":0,""sent"":3672,""telemetryErrors"":0}",{},"[{""currentRoundTripTime"":0.021,""localCandidate"":""srflx"",""remoteCandidate"":""srflx""}]","[{""clock"":""cuda-events"",""variant"":""events"",""worker"":0}]",measured,,,{}
browser-live-compute/compute-768x448-events-r1.json,84329d0adecb2d207c35ef00890796c6c955090d126017841880665cec3a13e4,measured,,768,448,2,0.85,80,stream,events,,3,14.199124387346377,14.199124387346377,60.00369999992847,285.5999999642372,304.9349999964237,315.5490000116825,,75.27749999999997,8.441009337767568,3.869799362377267,852,852,0,99,0,,browser receive/decode/offscreen 2D draw; excludes application upscaler/projector and audio capture,correlated by echoed frame ID; measured on client clock,"{""alpha"":0.1,""channelOptions"":{},""frameIds"":true,""height"":448,""inputQuality"":0.85,""inputScene"":""waveform"",""maxBufferedBytes"":262144,""mode"":""stream"",""outputQuality"":80,""prompt"":""colorful abstract art, vibrant neon lights, psychedelic patterns"",""seconds"":60,""seed"":42,""sendFps"":60,""server"":""https://0pxb4bss2jmbhg-3001.proxy.runpod.net"",""serverConfig"":{""benchmarkVariant"":""events"",""maxOutboundBytes"":1048576,""maxPending"":3},""steps"":2,""telemetryEveryMs"":0,""warmupFrames"":20,""width"":768}","{""bytesReceived"":29025285,""bytesSent"":63311474,""compileDuringMeasurement"":false,""decodeErrors"":0,""decodeSkips"":0,""decodedDrawn"":852,""encodeSkips"":99,""errors"":[],""maxBufferedBytes"":70827,""received"":852,""sendBufferSkips"":0,""sendErrors"":0,""sent"":3649,""telemetryErrors"":0}",{},"[{""currentRoundTripTime"":0.019,""localCandidate"":""srflx"",""remoteCandidate"":""srflx""}]","[{""clock"":""cuda-events"",""variant"":""events"",""worker"":0}]",measured,,,{}
browser-live-compute/compute-768x448-events-r2.json,9d2bc9948f15f95c87d6ff3941cc533a8fc22c58939e0149ebe4a58f43034ca9,measured,,768,448,2,0.85,80,stream,events,,3,14.13135494364684,14.13135494364684,60.00839999997616,286.75,316.1650000393391,330.2709999382496,,78.1655,7.860008265512619,3.85135201072003,848,848,0,351,0,,browser receive/decode/offscreen 2D draw; excludes application upscaler/projector and audio capture,correlated by echoed frame ID; measured on client clock,"{""alpha"":0.1,""channelOptions"":{},""frameIds"":true,""height"":448,""inputQuality"":0.85,""inputScene"":""waveform"",""maxBufferedBytes"":262144,""mode"":""stream"",""outputQuality"":80,""prompt"":""colorful abstract art, vibrant neon lights, psychedelic patterns"",""seconds"":60,""seed"":42,""sendFps"":60,""server"":""https://0pxb4bss2jmbhg-3001.proxy.runpod.net"",""serverConfig"":{""benchmarkVariant"":""events"",""maxOutboundBytes"":1048576,""maxPending"":3},""steps"":2,""telemetryEveryMs"":0,""warmupFrames"":20,""width"":768}","{""bytesReceived"":28889184,""bytesSent"":58958315,""compileDuringMeasurement"":false,""decodeErrors"":0,""decodeSkips"":0,""decodedDrawn"":848,""encodeSkips"":351,""errors"":[],""maxBufferedBytes"":70636,""received"":848,""sendBufferSkips"":0,""sendErrors"":0,""sent"":3398,""telemetryErrors"":0}",{},"[{""currentRoundTripTime"":0.02,""localCandidate"":""srflx"",""remoteCandidate"":""srflx""}]","[{""clock"":""cuda-events"",""variant"":""events"",""worker"":0}]",measured,,,{}
browser-responsive/combination-1024x576-responsive-events-jpeg60.json,87f6f5674dae256688de01a432cec5b9abe446e88722ef25f55b1b266a980d12,measured,,1024,576,2,0.85,60,stream,events,,2,8.231933904563016,8.231933904563016,30.00510000002384,297.5,329.30999999046327,354.64799998521795,,124.101,12.638069928102178,1.1939077023563174,247,247,0,8,0,,browser receive/decode/offscreen 2D draw; excludes application upscaler/projector and audio capture,correlated by echoed frame ID; measured on client clock,"{""alpha"":0.1,""channelOptions"":{},""frameIds"":true,""height"":576,""inputQuality"":0.85,""inputScene"":""waveform"",""maxBufferedBytes"":262144,""mode"":""stream"",""outputQuality"":60,""prompt"":""colorful abstract art, vibrant neon lights, psychedelic patterns"",""seconds"":30,""seed"":42,""sendFps"":60,""server"":""https://0pxb4bss2jmbhg-3001.proxy.runpod.net"",""serverConfig"":{""benchmarkVariant"":""events"",""maxOutboundBytes"":1048576,""maxPending"":2},""steps"":2,""telemetryEveryMs"":0,""warmupFrames"":20,""width"":1024}","{""bytesReceived"":4477915,""bytesSent"":47400819,""compileDuringMeasurement"":false,""decodeErrors"":0,""decodeSkips"":0,""decodedDrawn"":247,""encodeSkips"":8,""errors"":[],""maxBufferedBytes"":257456,""received"":247,""sendBufferSkips"":0,""sendErrors"":0,""sent"":1866,""telemetryErrors"":0}",{},"[{""currentRoundTripTime"":0.019,""localCandidate"":""srflx"",""remoteCandidate"":""srflx""}]","[{""clock"":""cuda-events"",""variant"":""events"",""worker"":0}]",measured,,,{}
browser-responsive/combination-1024x576-responsive-events-jpeg80.json,56f48d00e08b82394a5c817c11fe31fc6af6f51169ccb7036211c08c58c96933,measured,,1024,576,2,0.85,80,stream,events,,2,8.199234738104142,8.199234738104142,30.002799999952316,306.75,331.0750000178814,352.0999999761582,,123.54,12.577361846247674,1.58144946471914,246,246,0,17,0,,browser receive/decode/offscreen 2D draw; excludes application upscaler/projector and audio capture,correlated by echoed frame ID; measured on client clock,"{""alpha"":0.1,""channelOptions"":{},""frameIds"":true,""height"":576,""inputQuality"":0.85,""inputScene"":""waveform"",""maxBufferedBytes"":262144,""mode"":""stream"",""outputQuality"":80,""prompt"":""colorful abstract art, vibrant neon lights, psychedelic patterns"",""seconds"":30,""seed"":42,""sendFps"":60,""server"":""https://0pxb4bss2jmbhg-3001.proxy.runpod.net"",""serverConfig"":{""benchmarkVariant"":""events"",""maxOutboundBytes"":1048576,""maxPending"":2},""steps"":2,""telemetryEveryMs"":0,""warmupFrames"":20,""width"":1024}","{""bytesReceived"":5930989,""bytesSent"":47169509,""compileDuringMeasurement"":false,""decodeErrors"":0,""decodeSkips"":0,""decodedDrawn"":246,""encodeSkips"":17,""errors"":[],""maxBufferedBytes"":153157,""received"":246,""sendBufferSkips"":0,""sendErrors"":0,""sent"":1857,""telemetryErrors"":0}",{},"[{""currentRoundTripTime"":0.021,""localCandidate"":""srflx"",""remoteCandidate"":""srflx""}]","[{""clock"":""cuda-events"",""variant"":""events"",""worker"":0}]",measured,,,{}
browser-responsive/combination-512x288-baseline-r0.json,a96da52ac325ad3e041a71ee81b15b49dd6e7b33fdba925723942eca97ea8994,measured,,512,288,2,0.85,80,stream,baseline,,3,25.448515503262307,25.16519869674269,60.0035,165.4000000357628,229.40000009536743,316.2410000455384,,58.807,4.941704667227745,8.476770855033456,1527,1510,17,19,0,,browser receive/decode/offscreen 2D draw; excludes application upscaler/projector and audio capture,correlated by echoed frame ID; measured on client clock,"{""alpha"":0.1,""channelOptions"":{},""frameIds"":true,""height"":288,""inputQuality"":0.85,""inputScene"":""waveform"",""maxBufferedBytes"":262144,""mode"":""stream"",""outputQuality"":80,""prompt"":""colorful abstract art, vibrant neon lights, psychedelic patterns"",""seconds"":60,""seed"":42,""sendFps"":60,""server"":""https://0pxb4bss2jmbhg-3001.proxy.runpod.net"",""serverConfig"":{""benchmarkVariant"":""baseline"",""maxOutboundBytes"":1048576,""maxPending"":3},""steps"":2,""telemetryEveryMs"":0,""warmupFrames"":20,""width"":512}","{""bytesReceived"":63579490,""bytesSent"":37064947,""compileDuringMeasurement"":false,""decodeErrors"":0,""decodeSkips"":17,""decodedDrawn"":1510,""encodeSkips"":19,""errors"":[],""maxBufferedBytes"":159890,""received"":1527,""sendBufferSkips"":0,""sendErrors"":0,""sent"":3728,""telemetryErrors"":0}",{},"[{""currentRoundTripTime"":0.033,""localCandidate"":""srflx"",""remoteCandidate"":""srflx""}]","[{""clock"":""wall-clock"",""variant"":""baseline"",""worker"":0}]",measured,,,{}
browser-responsive/combination-512x288-baseline-r1.json,e119ee7d3296aae2e5be1ef8a3b8319c469ded4da11f069c510039a0dc86330f,measured,,512,288,2,0.85,80,stream,baseline,,3,25.53218438501572,25.01554096730326,60.00270000004768,157.70000004768372,916.7000000476836,1675.2999999523165,,49.297500000000014,4.893014214356465,8.504407968301335,1532,1501,30,29,25,,browser receive/decode/offscreen 2D draw; excludes application upscaler/projector and audio capture,correlated by echoed frame ID; measured on client clock,"{""alpha"":0.1,""channelOptions"":{},""frameIds"":true,""height"":288,""inputQuality"":0.85,""inputScene"":""waveform"",""maxBufferedBytes"":262144,""mode"":""stream"",""outputQuality"":80,""prompt"":""colorful abstract art, vibrant neon lights, psychedelic patterns"",""seconds"":60,""seed"":42,""sendFps"":60,""server"":""https://0pxb4bss2jmbhg-3001.proxy.runpod.net"",""serverConfig"":{""benchmarkVariant"":""baseline"",""maxOutboundBytes"":1048576,""maxPending"":3},""steps"":2,""telemetryEveryMs"":0,""warmupFrames"":20,""width"":512}","{""bytesReceived"":63785930,""bytesSent"":36699258,""compileDuringMeasurement"":false,""decodeErrors"":0,""decodeSkips"":30,""decodedDrawn"":1501,""encodeSkips"":29,""errors"":[],""maxBufferedBytes"":263432,""received"":1532,""sendBufferSkips"":25,""sendErrors"":0,""sent"":3691,""telemetryErrors"":0}",{},"[{""currentRoundTripTime"":0.05,""localCandidate"":""srflx"",""remoteCandidate"":""srflx""}]","[{""clock"":""wall-clock"",""variant"":""baseline"",""worker"":0}]",measured,,,{}
browser-responsive/combination-512x288-baseline-r2.json,2f0220c5fe542857d9745a735995d0ca5f04bb6723183a3ad4bccf099d51d530,measured,,512,288,2,0.85,80,stream,baseline,,3,25.648546582370525,25.565217970991803,60.00339999997616,158.75,214.79999999403952,249.53400000810623,,59.782,4.916670188691262,8.538808534186456,1539,1534,5,24,0,,browser receive/decode/offscreen 2D draw; excludes application upscaler/projector and audio capture,correlated by echoed frame ID; measured on client clock,"{""alpha"":0.1,""channelOptions"":{},""frameIds"":true,""height"":288,""inputQuality"":0.85,""inputScene"":""waveform"",""maxBufferedBytes"":262144,""mode"":""stream"",""outputQuality"":80,""prompt"":""colorful abstract art, vibrant neon lights, psychedelic patterns"",""seconds"":60,""seed"":42,""sendFps"":60,""server"":""https://0pxb4bss2jmbhg-3001.proxy.runpod.net"",""serverConfig"":{""benchmarkVariant"":""baseline"",""maxOutboundBytes"":1048576,""maxPending"":3},""steps"":2,""telemetryEveryMs"":0,""warmupFrames"":20,""width"":512}","{""bytesReceived"":64044693,""bytesSent"":36877116,""compileDuringMeasurement"":false,""decodeErrors"":0,""decodeSkips"":5,""decodedDrawn"":1534,""encodeSkips"":24,""errors"":[],""maxBufferedBytes"":29793,""received"":1539,""sendBufferSkips"":0,""sendErrors"":0,""sent"":3709,""telemetryErrors"":0}",{},"[{""currentRoundTripTime"":0.018,""localCandidate"":""srflx"",""remoteCandidate"":""srflx""}]","[{""clock"":""wall-clock"",""variant"":""baseline"",""worker"":0}]",measured,,,{}
browser-responsive/combination-512x288-responsive-events-jpeg60-r0.json,2079f2ab07436c05271b67f2671948cc859b506f104b6510d4399dcaeb402d83,measured,,512,288,2,0.85,60,stream,events,,2,27.231699431410732,26.66506676270329,60.00359999990463,115.85000002384186,166.90999997854232,534.3069999527931,,46.201999999999956,4.951041204202284,6.222920491447072,1634,1600,34,14,0,,browser receive/decode/offscreen 2D draw; excludes application upscaler/projector and audio capture,correlated by echoed frame ID; measured on client clock,"{""alpha"":0.1,""channelOptions"":{},""frameIds"":true,""height"":288,""inputQuality"":0.85,""inputScene"":""waveform"",""maxBufferedBytes"":262144,""mode"":""stream"",""outputQuality"":60,""prompt"":""colorful abstract art, vibrant neon lights, psychedelic patterns"",""seconds"":60,""seed"":42,""sendFps"":60,""server"":""https://0pxb4bss2jmbhg-3001.proxy.runpod.net"",""serverConfig"":{""benchmarkVariant"":""events"",""maxOutboundBytes"":1048576,""maxPending"":2},""steps"":2,""telemetryEveryMs"":0,""warmupFrames"":20,""width"":512}","{""bytesReceived"":46674704,""bytesSent"":37135037,""compileDuringMeasurement"":false,""decodeErrors"":0,""decodeSkips"":34,""decodedDrawn"":1600,""encodeSkips"":14,""errors"":[],""maxBufferedBytes"":159429,""received"":1634,""sendBufferSkips"":0,""sendErrors"":0,""sent"":3735,""telemetryErrors"":0}",{},"[{""currentRoundTripTime"":0.019,""localCandidate"":""srflx"",""remoteCandidate"":""srflx""}]","[{""clock"":""cuda-events"",""variant"":""events"",""worker"":0}]",measured,,,{}
browser-responsive/combination-512x288-responsive-events-jpeg60-r1.json,42b2a9fbed4f40afd5b3c891b73d51fefd5b6e45c4cecf492488f32d0f260ccc,measured,,512,288,2,0.85,60,stream,events,,2,26.53134348257214,26.13137348032231,60.0045,118.60000002384186,156.49500004053112,194.66399999976153,,60.65299999999998,4.938944379171563,6.059833645809897,1592,1568,24,23,0,,browser receive/decode/offscreen 2D draw; excludes application upscaler/projector and audio capture,correlated by echoed frame ID; measured on client clock,"{""alpha"":0.1,""channelOptions"":{},""frameIds"":true,""height"":288,""inputQuality"":0.85,""inputScene"":""waveform"",""maxBufferedBytes"":262144,""mode"":""stream"",""outputQuality"":60,""prompt"":""colorful abstract art, vibrant neon lights, psychedelic patterns"",""seconds"":60,""seed"":42,""sendFps"":60,""server"":""https://0pxb4bss2jmbhg-3001.proxy.runpod.net"",""serverConfig"":{""benchmarkVariant"":""events"",""maxOutboundBytes"":1048576,""maxPending"":2},""steps"":2,""telemetryEveryMs"":0,""warmupFrames"":20,""width"":512}","{""bytesReceived"":45452161,""bytesSent"":37044861,""compileDuringMeasurement"":false,""decodeErrors"":0,""decodeSkips"":24,""decodedDrawn"":1568,""encodeSkips"":23,""errors"":[],""maxBufferedBytes"":39598,""received"":1592,""sendBufferSkips"":0,""sendErrors"":0,""sent"":3726,""telemetryErrors"":0}",{},"[{""currentRoundTripTime"":0.022,""localCandidate"":""srflx"",""remoteCandidate"":""srflx""}]","[{""clock"":""cuda-events"",""variant"":""events"",""worker"":0}]",measured,,,{}
browser-responsive/combination-512x288-responsive-events-jpeg60-r2.json,de84b7a804e5858bb85e66abf6469d6d13c92fda89c5afee57dc6b7826082461,measured,,512,288,2,0.85,60,stream,events,,2,28.148451835171436,27.78180533406204,60.00329999995232,115.59999990463255,142.17999999523155,177.0039999532695,,44.34199999999993,4.925927340666845,6.431073224311107,1689,1667,22,32,0,,browser receive/decode/offscreen 2D draw; excludes application upscaler/projector and audio capture,correlated by echoed frame ID; measured on client clock,"{""alpha"":0.1,""channelOptions"":{},""frameIds"":true,""height"":288,""inputQuality"":0.85,""inputScene"":""waveform"",""maxBufferedBytes"":262144,""mode"":""stream"",""outputQuality"":60,""prompt"":""colorful abstract art, vibrant neon lights, psychedelic patterns"",""seconds"":60,""seed"":42,""sendFps"":60,""server"":""https://0pxb4bss2jmbhg-3001.proxy.runpod.net"",""serverConfig"":{""benchmarkVariant"":""events"",""maxOutboundBytes"":1048576,""maxPending"":2},""steps"":2,""telemetryEveryMs"":0,""warmupFrames"":20,""width"":512}","{""bytesReceived"":48235702,""bytesSent"":36946487,""compileDuringMeasurement"":false,""decodeErrors"":0,""decodeSkips"":22,""decodedDrawn"":1667,""encodeSkips"":32,""errors"":[],""maxBufferedBytes"":30301,""received"":1689,""sendBufferSkips"":0,""sendErrors"":0,""sent"":3716,""telemetryErrors"":0}",{},"[{""currentRoundTripTime"":0.018,""localCandidate"":""srflx"",""remoteCandidate"":""srflx""}]","[{""clock"":""cuda-events"",""variant"":""events"",""worker"":0}]",measured,,,{}
browser-responsive/combination-512x288-responsive-events-r0.json,5cf4692868054012aae8a463fae4e963991d9dc9fc26e588a641d063ca1b1d09,measured,,512,288,2,0.85,80,stream,events,,2,27.298180121325245,26.648223451769883,60.004,119.20000004768372,200.3500000596046,769.7040000009525,,42.43799999999996,4.940310112659156,9.09091367242184,1638,1599,39,20,0,,browser receive/decode/offscreen 2D draw; excludes application upscaler/projector and audio capture,correlated by echoed frame ID; measured on client clock,"{""alpha"":0.1,""channelOptions"":{},""frameIds"":true,""height"":288,""inputQuality"":0.85,""inputScene"":""waveform"",""maxBufferedBytes"":262144,""mode"":""stream"",""outputQuality"":80,""prompt"":""colorful abstract art, vibrant neon lights, psychedelic patterns"",""seconds"":60,""seed"":42,""sendFps"":60,""server"":""https://0pxb4bss2jmbhg-3001.proxy.runpod.net"",""serverConfig"":{""benchmarkVariant"":""events"",""maxOutboundBytes"":1048576,""maxPending"":2},""steps"":2,""telemetryEveryMs"":0,""warmupFrames"":20,""width"":512}","{""bytesReceived"":68186398,""bytesSent"":37054796,""compileDuringMeasurement"":false,""decodeErrors"":0,""decodeSkips"":39,""decodedDrawn"":1599,""encodeSkips"":20,""errors"":[],""maxBufferedBytes"":140588,""received"":1638,""sendBufferSkips"":0,""sendErrors"":0,""sent"":3727,""telemetryErrors"":0}",{},"[{""currentRoundTripTime"":0.019,""localCandidate"":""srflx"",""remoteCandidate"":""srflx""}]","[{""clock"":""cuda-events"",""variant"":""events"",""worker"":0}]",measured,,,{}
browser-responsive/combination-512x288-responsive-events-r1.json,cc0078dc41dae5350c5cc734768222e966e11fb1eb76e3b1a7a6a6a58ae29afc,measured,,512,288,2,0.85,80,stream,events,,2,27.63213594076492,27.532140273910525,60.00260000002384,116,163.21499994397152,196.24899994015695,,53.51199999999993,4.925984807323059,9.19866725774851,1658,1652,5,29,0,,browser receive/decode/offscreen 2D draw; excludes application upscaler/projector and audio capture,correlated by echoed frame ID; measured on client clock,"{""alpha"":0.1,""channelOptions"":{},""frameIds"":true,""height"":288,""inputQuality"":0.85,""inputScene"":""waveform"",""maxBufferedBytes"":262144,""mode"":""stream"",""outputQuality"":80,""prompt"":""colorful abstract art, vibrant neon lights, psychedelic patterns"",""seconds"":60,""seed"":42,""sendFps"":60,""server"":""https://0pxb4bss2jmbhg-3001.proxy.runpod.net"",""serverConfig"":{""benchmarkVariant"":""events"",""maxOutboundBytes"":1048576,""maxPending"":2},""steps"":2,""telemetryEveryMs"":0,""warmupFrames"":20,""width"":512}","{""bytesReceived"":68992994,""bytesSent"":36946487,""compileDuringMeasurement"":false,""decodeErrors"":0,""decodeSkips"":5,""decodedDrawn"":1652,""encodeSkips"":29,""errors"":[],""maxBufferedBytes"":29839,""received"":1658,""sendBufferSkips"":0,""sendErrors"":0,""sent"":3716,""telemetryErrors"":0}",{},"[{""currentRoundTripTime"":0.018,""localCandidate"":""srflx"",""remoteCandidate"":""srflx""}]","[{""clock"":""cuda-events"",""variant"":""events"",""worker"":0}]",measured,,,{}
browser-responsive/combination-512x288-responsive-events-r2.json,96c4f0f2c3f97e6aae305590fb52e7209d2a411e1906ab6f121dca06541a0662,measured,,512,288,2,0.85,80,stream,events,,2,25.832041731246772,25.482059230371817,60.003,127.10000002384186,198.95999999046325,1063.61199997902,,60.5785,4.927284569104878,8.601876706164692,1550,1529,21,29,0,,browser receive/decode/offscreen 2D draw; excludes application upscaler/projector and audio capture,correlated by echoed frame ID; measured on client clock,"{""alpha"":0.1,""channelOptions"":{},""frameIds"":true,""height"":288,""inputQuality"":0.85,""inputScene"":""waveform"",""maxBufferedBytes"":262144,""mode"":""stream"",""outputQuality"":80,""prompt"":""colorful abstract art, vibrant neon lights, psychedelic patterns"",""seconds"":60,""seed"":42,""sendFps"":60,""server"":""https://0pxb4bss2jmbhg-3001.proxy.runpod.net"",""serverConfig"":{""benchmarkVariant"":""events"",""maxOutboundBytes"":1048576,""maxPending"":2},""steps"":2,""telemetryEveryMs"":0,""warmupFrames"":20,""width"":512}","{""bytesReceived"":64517301,""bytesSent"":36956482,""compileDuringMeasurement"":false,""decodeErrors"":0,""decodeSkips"":21,""decodedDrawn"":1529,""encodeSkips"":29,""errors"":[],""maxBufferedBytes"":179518,""received"":1550,""sendBufferSkips"":0,""sendErrors"":0,""sent"":3717,""telemetryErrors"":0}",{},"[{""currentRoundTripTime"":0.019,""localCandidate"":""srflx"",""remoteCandidate"":""srflx""}]","[{""clock"":""cuda-events"",""variant"":""events"",""worker"":0}]",measured,,,{}
browser-responsive/combination-768x448-responsive-events-jpeg60.json,5a864fbac59ac527c2ec60a7c11a232430111531ea8f666474eb897840571315,measured,,768,448,2,0.85,60,stream,events,,2,14.265097505963684,14.265097505963684,30.003299999952315,197.25,215.42000002264976,231.71400002837183,,72.93349999999998,8.571975749347864,2.6691607923170877,428,428,0,20,0,,browser receive/decode/offscreen 2D draw; excludes application upscaler/projector and audio capture,correlated by echoed frame ID; measured on client clock,"{""alpha"":0.1,""channelOptions"":{},""frameIds"":true,""height"":448,""inputQuality"":0.85,""inputScene"":""waveform"",""maxBufferedBytes"":262144,""mode"":""stream"",""outputQuality"":60,""prompt"":""colorful abstract art, vibrant neon lights, psychedelic patterns"",""seconds"":30,""seed"":42,""sendFps"":60,""server"":""https://0pxb4bss2jmbhg-3001.proxy.runpod.net"",""serverConfig"":{""benchmarkVariant"":""events"",""maxOutboundBytes"":1048576,""maxPending"":2},""steps"":2,""telemetryEveryMs"":0,""warmupFrames"":20,""width"":768}","{""bytesReceived"":10010454,""bytesSent"":32148445,""compileDuringMeasurement"":false,""decodeErrors"":0,""decodeSkips"":0,""decodedDrawn"":428,""encodeSkips"":20,""errors"":[],""maxBufferedBytes"":191044,""received"":428,""sendBufferSkips"":0,""sendErrors"":0,""sent"":1853,""telemetryErrors"":0}",{},"[{""currentRoundTripTime"":0.018,""localCandidate"":""srflx"",""remoteCandidate"":""srflx""}]","[{""clock"":""cuda-events"",""variant"":""events"",""worker"":0}]",measured,,,{}
browser-responsive/combination-768x448-responsive-events-jpeg80.json,7987a6921c71669a53922ad9fce2b76d5f118dc2572bf7225eb7fdaf7ff5581e,measured,,768,448,2,0.85,80,stream,events,,2,14.365134385642698,14.365134385642698,30.003200000047684,215,231.9000000357628,237.5700000166893,,74.455,8.59530236773378,3.915770051188315,431,431,0,16,0,,browser receive/decode/offscreen 2D draw; excludes application upscaler/projector and audio capture,correlated by echoed frame ID; measured on client clock,"{""alpha"":0.1,""channelOptions"":{},""frameIds"":true,""height"":448,""inputQuality"":0.85,""inputScene"":""waveform"",""maxBufferedBytes"":262144,""mode"":""stream"",""outputQuality"":80,""prompt"":""colorful abstract art, vibrant neon lights, psychedelic patterns"",""seconds"":30,""seed"":42,""sendFps"":60,""server"":""https://0pxb4bss2jmbhg-3001.proxy.runpod.net"",""serverConfig"":{""benchmarkVariant"":""events"",""maxOutboundBytes"":1048576,""maxPending"":2},""steps"":2,""telemetryEveryMs"":0,""warmupFrames"":20,""width"":768}","{""bytesReceived"":14685704,""bytesSent"":32235822,""compileDuringMeasurement"":false,""decodeErrors"":0,""decodeSkips"":0,""decodedDrawn"":431,""encodeSkips"":16,""errors"":[],""maxBufferedBytes"":87050,""received"":431,""sendBufferSkips"":0,""sendErrors"":0,""sent"":1858,""telemetryErrors"":0}",{},"[{""currentRoundTripTime"":0.019,""localCandidate"":""srflx"",""remoteCandidate"":""srflx""}]","[{""clock"":""cuda-events"",""variant"":""events"",""worker"":0}]",measured,,,{}
browser-scaling-before-idle-fix/scaling-512x288-active1-r0.json,14167ddac558e1052b481584123e926dc1bb839480bef0d13b6657ca069382be,measured,,512,288,2,0.85,80,stream,baseline,1,3,23.53203907120312,22.99873506958945,60.00329999995232,191.89999997615817,1958.0800000905988,2917.8490000188363,67.857,36.35,3.642821111508429,7.835848761657669,1412,1380,32,12,989,0,browser receive/decode/offscreen 2D draw; excludes application upscaler/projector and audio capture,correlated by echoed frame ID; measured on client clock,"{""alpha"":0.1,""channelOptions"":{},""frameIds"":true,""height"":288,""inputQuality"":0.85,""inputScene"":""waveform"",""maxBufferedBytes"":262144,""mode"":""stream"",""outputQuality"":80,""prompt"":""colorful abstract art, vibrant neon lights, psychedelic patterns"",""recordServerCounters"":true,""requireQueueTiming"":true,""seconds"":60,""seed"":42,""sendFps"":60,""server"":""https://9vj8k6guaxsbhw-3001.proxy.runpod.net"",""serverConfig"":{""activeWorkers"":1,""benchmarkVariant"":""baseline"",""maxOutboundBytes"":1048576,""maxPending"":3},""steps"":2,""telemetryEveryMs"":0,""warmupFrames"":20,""width"":512}","{""bytesReceived"":58772098,""bytesSent"":27322661,""compileDuringMeasurement"":false,""decodeErrors"":0,""decodeSkips"":32,""decodedDrawn"":1380,""encodeSkips"":12,""errors"":[],""maxBufferedBytes"":271832,""received"":1412,""sendBufferSkips"":989,""sendErrors"":0,""sent"":2748,""telemetryErrors"":0}","{""after"":{""clientAtMs"":11322796.799999952,""stats"":{""benchmarkBudgetMaxBytes"":1048576,""benchmarkBudgetMinBytes"":1048576,""benchmarkOutboundMaxBytes"":0,""channelBufferedAmount"":0,""channelState"":""open"",""droppedByWorker"":2,""droppedInbound"":15440,""droppedOutbound"":0,""eventLoopChecks"":2385,""eventLoopLagMs"":1,""eventLoopLagTotal"":1471,""framesFromClient"":29110,""framesFromWorker"":13666,""framesToClient"":13646,""framesToWorker"":13670,""lastClientFrameAt"":1789651067935,""lastSentToClientAt"":1789651067955,""lastWorkerFrameAt"":1789651067954,""outboundBudgetBytes"":1048576,""startedAt"":1789649874195}},""before"":{""clientAtMs"":11262735.899999976,""serverTimeMs"":1789651007920,""stats"":{""benchmarkBudgetMaxBytes"":0,""benchmarkBudgetMinBytes"":null,""benchmarkOutboundMaxBytes"":0,""channelBufferedAmount"":0,""channelState"":""open"",""droppedByWorker"":0,""droppedInbound"":14110,""droppedOutbound"":0,""eventLoopChecks"":2264,""eventLoopLagMs"":1,""eventLoopLagTotal"":1430,""framesFromClient"":26362,""framesFromWorker"":12252,""framesToClient"":12232,""framesToWorker"":12252,""lastClientFrameAt"":1789651005538,""lastSentToClientAt"":1789651005638,""lastWorkerFrameAt"":1789651005637,""outboundBudgetBytes"":1048576,""startedAt"":1789649874195}},""deltas"":{""droppedByWorker"":2,""droppedInbound"":1330,""droppedOutbound"":0,""framesFromClient"":2748,""framesFromWorker"":1414,""framesToClient"":1414,""framesToWorker"":1418},""interval"":""server snapshots bracket the client timed window and may include final in-flight work""}","[{""currentRoundTripTime"":0.022,""localCandidate"":""srflx"",""remoteCandidate"":""srflx""}]","[{""clock"":""wall-clock"",""variant"":""baseline"",""worker"":0}]",measured,,,{}
browser-scaling-before-idle-fix/scaling-512x288-active1-r1.json,856adb80b46f0a59b34408d3821fdf450941cbeb1f3cf9fb48e5815f69f073ba,measured,,512,288,2,0.85,80,stream,baseline,1,3,29.01478070593231,28.864790455298543,60.00389999997616,152.5,180.70000004768372,186.34500000000003,67.982,34.69,4.945689596844837,9.661003368118244,1741,1732,9,16,0,0,browser receive/decode/offscreen 2D draw; excludes application upscaler/projector and audio capture,correlated by echoed frame ID; measured on client clock,"{""alpha"":0.1,""channelOptions"":{},""frameIds"":true,""height"":288,""inputQuality"":0.85,""inputScene"":""waveform"",""maxBufferedBytes"":262144,""mode"":""stream"",""outputQuality"":80,""prompt"":""colorful abstract art, vibrant neon lights, psychedelic patterns"",""recordServerCounters"":true,""requireQueueTiming"":true,""seconds"":60,""seed"":42,""sendFps"":60,""server"":""https://9vj8k6guaxsbhw-3001.proxy.runpod.net"",""serverConfig"":{""activeWorkers"":1,""benchmarkVariant"":""baseline"",""maxOutboundBytes"":1048576,""maxPending"":3},""steps"":2,""telemetryEveryMs"":0,""warmupFrames"":20,""width"":512}","{""bytesReceived"":72462235,""bytesSent"":37095083,""compileDuringMeasurement"":false,""decodeErrors"":0,""decodeSkips"":9,""decodedDrawn"":1732,""encodeSkips"":16,""errors"":[],""maxBufferedBytes"":110589,""received"":1741,""sendBufferSkips"":0,""sendErrors"":0,""sent"":3731,""telemetryErrors"":0}","{""after"":{""clientAtMs"":11472928.5,""stats"":{""benchmarkBudgetMaxBytes"":1048576,""benchmarkBudgetMinBytes"":1048576,""benchmarkOutboundMaxBytes"":0,""channelBufferedAmount"":0,""channelState"":""open"",""droppedByWorker"":2,""droppedInbound"":17845,""droppedOutbound"":0,""eventLoopChecks"":2685,""eventLoopLagMs"":1,""eventLoopLagTotal"":1554,""framesFromClient"":36653,""framesFromWorker"":18806,""framesToClient"":18785,""framesToWorker"":18808,""lastClientFrameAt"":1789651217951,""lastSentToClientAt"":1789651218054,""lastWorkerFrameAt"":1789651218054,""outboundBudgetBytes"":1048576,""startedAt"":1789649874195}},""before"":{""clientAtMs"":11412748.399999976,""serverTimeMs"":1789651157935,""stats"":{""benchmarkBudgetMaxBytes"":0,""benchmarkBudgetMinBytes"":null,""benchmarkOutboundMaxBytes"":0,""channelBufferedAmount"":0,""channelState"":""open"",""droppedByWorker"":2,""droppedInbound"":15859,""droppedOutbound"":0,""eventLoopChecks"":2564,""eventLoopLagMs"":1,""eventLoopLagTotal"":1534,""framesFromClient"":32922,""framesFromWorker"":17061,""framesToClient"":17040,""framesToWorker"":17063,""lastClientFrameAt"":1789651155707,""lastSentToClientAt"":1789651155787,""lastWorkerFrameAt"":1789651155787,""outboundBudgetBytes"":1048576,""startedAt"":1789649874195}},""deltas"":{""droppedByWorker"":0,""droppedInbound"":1986,""droppedOutbound"":0,""framesFromClient"":3731,""framesFromWorker"":1745,""framesToClient"":1745,""framesToWorker"":1745},""interval"":""server snapshots bracket the client timed window and may include final in-flight work""}","[{""currentRoundTripTime"":0.02,""localCandidate"":""srflx"",""remoteCandidate"":""srflx""}]","[{""clock"":""wall-clock"",""variant"":""baseline"",""worker"":0}]",measured,,,{}
browser-scaling-before-idle-fix/scaling-512x288-active1-r2.json,c8a7d80db4682019895c35696ddd3a8cc5be0703a3f877085c55d15ff86affcb,measured,,512,288,2,0.85,80,stream,baseline,1,3,28.664660140434055,28.26468813847451,60.00420000004768,157.89999997615814,264.375,506.605000001192,68.1404,35.270500000000006,4.878113065414878,9.542663213567469,1720,1696,24,13,55,0,browser receive/decode/offscreen 2D draw; excludes application upscaler/projector and audio capture,correlated by echoed frame ID; measured on client clock,"{""alpha"":0.1,""channelOptions"":{},""frameIds"":true,""height"":288,""inputQuality"":0.85,""inputScene"":""waveform"",""maxBufferedBytes"":262144,""mode"":""stream"",""outputQuality"":80,""prompt"":""colorful abstract art, vibrant neon lights, psychedelic patterns"",""recordServerCounters"":true,""requireQueueTiming"":true,""seconds"":60,""seed"":42,""sendFps"":60,""server"":""https://9vj8k6guaxsbhw-3001.proxy.runpod.net"",""serverConfig"":{""activeWorkers"":1,""benchmarkVariant"":""baseline"",""maxOutboundBytes"":1048576,""maxPending"":3},""steps"":2,""telemetryEveryMs"":0,""warmupFrames"":20,""width"":512}","{""bytesReceived"":71574984,""bytesSent"":36588409,""compileDuringMeasurement"":false,""decodeErrors"":0,""decodeSkips"":24,""decodedDrawn"":1696,""encodeSkips"":13,""errors"":[],""maxBufferedBytes"":268057,""received"":1720,""sendBufferSkips"":55,""sendErrors"":0,""sent"":3680,""telemetryErrors"":0}","{""after"":{""clientAtMs"":11626028.299999952,""stats"":{""benchmarkBudgetMaxBytes"":1048576,""benchmarkBudgetMinBytes"":1048576,""benchmarkOutboundMaxBytes"":0,""channelBufferedAmount"":0,""channelState"":""open"",""droppedByWorker"":2,""droppedInbound"":20168,""droppedOutbound"":0,""eventLoopChecks"":2991,""eventLoopLagMs"":0,""eventLoopLagTotal"":1629,""framesFromClient"":44068,""framesFromWorker"":23898,""framesToClient"":23876,""framesToWorker"":23900,""lastClientFrameAt"":1789651371104,""lastSentToClientAt"":1789651371191,""lastWorkerFrameAt"":1789651371191,""outboundBudgetBytes"":1048576,""startedAt"":1789649874195}},""before"":{""clientAtMs"":11565865.899999976,""serverTimeMs"":1789651311051,""stats"":{""benchmarkBudgetMaxBytes"":0,""benchmarkBudgetMinBytes"":null,""benchmarkOutboundMaxBytes"":0,""channelBufferedAmount"":0,""channelState"":""open"",""droppedByWorker"":2,""droppedInbound"":18213,""droppedOutbound"":0,""eventLoopChecks"":2871,""eventLoopLagMs"":1,""eventLoopLagTotal"":1610,""framesFromClient"":40388,""framesFromWorker"":22173,""framesToClient"":22151,""framesToWorker"":22175,""lastClientFrameAt"":1789651308613,""lastSentToClientAt"":1789651308689,""lastWorkerFrameAt"":1789651308689,""outboundBudgetBytes"":1048576,""startedAt"":1789649874195}},""deltas"":{""droppedByWorker"":0,""droppedInbound"":1955,""droppedOutbound"":0,""framesFromClient"":3680,""framesFromWorker"":1725,""framesToClient"":1725,""framesToWorker"":1725},""interval"":""server snapshots bracket the client timed window and may include final in-flight work""}","[{""currentRoundTripTime"":0.041,""localCandidate"":""srflx"",""remoteCandidate"":""srflx""}]","[{""clock"":""wall-clock"",""variant"":""baseline"",""worker"":0}]",measured,,,{}
browser-scaling-before-idle-fix/scaling-512x288-active2-r0.json,c91f6c62e3655782191be2dc27e1d9939b02aca5c799bf0578cc2e8258e7f2ba,measured,,512,288,2,0.85,80,stream,baseline,2,3,55.58073956553111,52.21423000264137,60.00279999995232,141.40000009536743,171.39999997615814,245.09200000762868,72.22929999999995,41.73899999999999,4.941762317762431,18.509892338372257,3335,3133,201,21,0,0,browser receive/decode/offscreen 2D draw; excludes application upscaler/projector and audio capture,correlated by echoed frame ID; measured on client clock,"{""alpha"":0.1,""channelOptions"":{},""frameIds"":true,""height"":288,""inputQuality"":0.85,""inputScene"":""waveform"",""maxBufferedBytes"":262144,""mode"":""stream"",""outputQuality"":80,""prompt"":""colorful abstract art, vibrant neon lights, psychedelic patterns"",""recordServerCounters"":true,""requireQueueTiming"":true,""seconds"":60,""seed"":42,""sendFps"":60,""server"":""https://9vj8k6guaxsbhw-3001.proxy.runpod.net"",""serverConfig"":{""activeWorkers"":2,""benchmarkVariant"":""baseline"",""maxOutboundBytes"":1048576,""maxPending"":3},""steps"":2,""telemetryEveryMs"":0,""warmupFrames"":20,""width"":512}","{""bytesReceived"":138830671,""bytesSent"":37064947,""compileDuringMeasurement"":false,""decodeErrors"":0,""decodeSkips"":201,""decodedDrawn"":3133,""encodeSkips"":21,""errors"":[],""maxBufferedBytes"":30403,""received"":3335,""sendBufferSkips"":0,""sendErrors"":0,""sent"":3728,""telemetryErrors"":0}","{""after"":{""clientAtMs"":11397959.600000024,""stats"":{""benchmarkBudgetMaxBytes"":1048576,""benchmarkBudgetMinBytes"":1048576,""benchmarkOutboundMaxBytes"":0,""channelBufferedAmount"":0,""channelState"":""open"",""droppedByWorker"":2,""droppedInbound"":15834,""droppedOutbound"":0,""eventLoopChecks"":2535,""eventLoopLagMs"":1,""eventLoopLagTotal"":1522,""framesFromClient"":32873,""framesFromWorker"":17034,""framesToClient"":17013,""framesToWorker"":17039,""lastClientFrameAt"":1789651143099,""lastSentToClientAt"":1789651143137,""lastWorkerFrameAt"":1789651143137,""outboundBudgetBytes"":1048576,""startedAt"":1789649874195}},""before"":{""clientAtMs"":11337897.5,""serverTimeMs"":1789651083083,""stats"":{""benchmarkBudgetMaxBytes"":0,""benchmarkBudgetMinBytes"":null,""benchmarkOutboundMaxBytes"":0,""channelBufferedAmount"":0,""channelState"":""open"",""droppedByWorker"":2,""droppedInbound"":15448,""droppedOutbound"":0,""eventLoopChecks"":2415,""eventLoopLagMs"":1,""eventLoopLagTotal"":1483,""framesFromClient"":29145,""framesFromWorker"":13695,""framesToClient"":13674,""framesToWorker"":13697,""lastClientFrameAt"":1789651080850,""lastSentToClientAt"":1789651080968,""lastWorkerFrameAt"":1789651080968,""outboundBudgetBytes"":1048576,""startedAt"":1789649874195}},""deltas"":{""droppedByWorker"":0,""droppedInbound"":386,""droppedOutbound"":0,""framesFromClient"":3728,""framesFromWorker"":3339,""framesToClient"":3339,""framesToWorker"":3342},""interval"":""server snapshots bracket the client timed window and may include final in-flight work""}","[{""currentRoundTripTime"":0.02,""localCandidate"":""srflx"",""remoteCandidate"":""srflx""}]","[{""clock"":""wall-clock"",""variant"":""baseline"",""worker"":0},{""clock"":""wall-clock"",""variant"":""baseline"",""worker"":1}]",measured,,,{}
browser-scaling-before-idle-fix/scaling-512x288-active2-r1.json,8d5513f7a80c790a622486bd5cade8ffaccadab7b0ef8c7fd683e10ab2ab26d9,measured,,512,288,2,0.85,80,stream,baseline,2,3,55.08039571218491,51.5972481467245,60.00320000004768,141.59999990463257,182.62500002980232,270.51499999761586,69.66420000000001,37.907999999999994,4.8462839315198005,18.34194496292073,3305,3096,209,13,79,0,browser receive/decode/offscreen 2D draw; excludes application upscaler/projector and audio capture,correlated by echoed frame ID; measured on client clock,"{""alpha"":0.1,""channelOptions"":{},""frameIds"":true,""height"":288,""inputQuality"":0.85,""inputScene"":""waveform"",""maxBufferedBytes"":262144,""mode"":""stream"",""outputQuality"":80,""prompt"":""colorful abstract art, vibrant neon lights, psychedelic patterns"",""recordServerCounters"":true,""requireQueueTiming"":true,""seconds"":60,""seed"":42,""sendFps"":60,""server"":""https://9vj8k6guaxsbhw-3001.proxy.runpod.net"",""serverConfig"":{""activeWorkers"":2,""benchmarkVariant"":""baseline"",""maxOutboundBytes"":1048576,""maxPending"":3},""steps"":2,""telemetryEveryMs"":0,""warmupFrames"":20,""width"":512}","{""bytesReceived"":137571924,""bytesSent"":36349068,""compileDuringMeasurement"":false,""decodeErrors"":0,""decodeSkips"":209,""decodedDrawn"":3096,""encodeSkips"":13,""errors"":[],""maxBufferedBytes"":266755,""received"":3305,""sendBufferSkips"":79,""sendErrors"":0,""sent"":3656,""telemetryErrors"":0}","{""after"":{""clientAtMs"":11547864.100000024,""stats"":{""benchmarkBudgetMaxBytes"":1048576,""benchmarkBudgetMinBytes"":1048576,""benchmarkOutboundMaxBytes"":0,""channelBufferedAmount"":0,""channelState"":""open"",""droppedByWorker"":2,""droppedInbound"":18188,""droppedOutbound"":0,""eventLoopChecks"":2835,""eventLoopLagMs"":1,""eventLoopLagTotal"":1594,""framesFromClient"":40339,""framesFromWorker"":22146,""framesToClient"":22125,""framesToWorker"":22151,""lastClientFrameAt"":1789651292999,""lastSentToClientAt"":1789651293035,""lastWorkerFrameAt"":1789651293035,""outboundBudgetBytes"":1048576,""startedAt"":1789649874195}},""before"":{""clientAtMs"":11487802.299999952,""serverTimeMs"":1789651232987,""stats"":{""benchmarkBudgetMaxBytes"":0,""benchmarkBudgetMinBytes"":null,""benchmarkOutboundMaxBytes"":0,""channelBufferedAmount"":0,""channelState"":""open"",""droppedByWorker"":2,""droppedInbound"":17846,""droppedOutbound"":0,""eventLoopChecks"":2714,""eventLoopLagMs"":0,""eventLoopLagTotal"":1568,""framesFromClient"":36683,""framesFromWorker"":18835,""framesToClient"":18814,""framesToWorker"":18837,""lastClientFrameAt"":1789651230752,""lastSentToClientAt"":1789651230850,""lastWorkerFrameAt"":1789651230849,""outboundBudgetBytes"":1048576,""startedAt"":1789649874195}},""deltas"":{""droppedByWorker"":0,""droppedInbound"":342,""droppedOutbound"":0,""framesFromClient"":3656,""framesFromWorker"":3311,""framesToClient"":3311,""framesToWorker"":3314},""interval"":""server snapshots bracket the client timed window and may include final in-flight work""}","[{""currentRoundTripTime"":0.019,""localCandidate"":""srflx"",""remoteCandidate"":""srflx""}]","[{""clock"":""wall-clock"",""variant"":""baseline"",""worker"":1},{""clock"":""wall-clock"",""variant"":""baseline"",""worker"":0}]",measured,,,{}
browser-scaling-before-idle-fix/scaling-512x288-active2-r2.json,082c7ba093b3d2fb53de839e1f9b90845289cbb7013937d8b2a2836454d1931d,measured,,512,288,2,0.85,80,stream,baseline,2,3,55.6796213585761,53.14645690287314,60.004,142.39999997615814,175.16000003814696,243.2520000028608,72.037,39.42,4.944343177121525,18.540642757149524,3341,3189,152,19,0,0,browser receive/decode/offscreen 2D draw; excludes application upscaler/projector and audio capture,correlated by echoed frame ID; measured on client clock,"{""alpha"":0.1,""channelOptions"":{},""frameIds"":true,""height"":288,""inputQuality"":0.85,""inputScene"":""waveform"",""maxBufferedBytes"":262144,""mode"":""stream"",""outputQuality"":80,""prompt"":""colorful abstract art, vibrant neon lights, psychedelic patterns"",""recordServerCounters"":true,""requireQueueTiming"":true,""seconds"":60,""seed"":42,""sendFps"":60,""server"":""https://9vj8k6guaxsbhw-3001.proxy.runpod.net"",""serverConfig"":{""activeWorkers"":2,""benchmarkVariant"":""baseline"",""maxOutboundBytes"":1048576,""maxPending"":3},""steps"":2,""telemetryEveryMs"":0,""warmupFrames"":20,""width"":512}","{""bytesReceived"":139064091,""bytesSent"":37085046,""compileDuringMeasurement"":false,""decodeErrors"":0,""decodeSkips"":152,""decodedDrawn"":3189,""encodeSkips"":19,""errors"":[],""maxBufferedBytes"":29991,""received"":3341,""sendBufferSkips"":0,""sendErrors"":0,""sent"":3730,""telemetryErrors"":0}","{""after"":{""clientAtMs"":11700887.100000024,""stats"":{""benchmarkBudgetMaxBytes"":1048576,""benchmarkBudgetMinBytes"":1048576,""benchmarkOutboundMaxBytes"":0,""channelBufferedAmount"":0,""channelState"":""open"",""droppedByWorker"":2,""droppedInbound"":20561,""droppedOutbound"":0,""eventLoopChecks"":3140,""eventLoopLagMs"":1,""eventLoopLagTotal"":1717,""framesFromClient"":47839,""framesFromWorker"":27273,""framesToClient"":27251,""framesToWorker"":27278,""lastClientFrameAt"":1789651446019,""lastSentToClientAt"":1789651446067,""lastWorkerFrameAt"":1789651446067,""outboundBudgetBytes"":1048576,""startedAt"":1789649874195}},""before"":{""clientAtMs"":11640820.600000024,""serverTimeMs"":1789651386005,""stats"":{""benchmarkBudgetMaxBytes"":0,""benchmarkBudgetMinBytes"":null,""benchmarkOutboundMaxBytes"":0,""channelBufferedAmount"":0,""channelState"":""open"",""droppedByWorker"":2,""droppedInbound"":20181,""droppedOutbound"":0,""eventLoopChecks"":3020,""eventLoopLagMs"":0,""eventLoopLagTotal"":1682,""framesFromClient"":44109,""framesFromWorker"":23926,""framesToClient"":23904,""framesToWorker"":23928,""lastClientFrameAt"":1789651383745,""lastSentToClientAt"":1789651383854,""lastWorkerFrameAt"":1789651383854,""outboundBudgetBytes"":1048576,""startedAt"":1789649874195}},""deltas"":{""droppedByWorker"":0,""droppedInbound"":380,""droppedOutbound"":0,""framesFromClient"":3730,""framesFromWorker"":3347,""framesToClient"":3347,""framesToWorker"":3350},""interval"":""server snapshots bracket the client timed window and may include final in-flight work""}","[{""currentRoundTripTime"":0.02,""localCandidate"":""srflx"",""remoteCandidate"":""srflx""}]","[{""clock"":""wall-clock"",""variant"":""baseline"",""worker"":1},{""clock"":""wall-clock"",""variant"":""baseline"",""worker"":0}]",measured,,,{}
browser-scaling-before-idle-fix/scaling-768x448-active1-r0.json,7da1dcab6470712cf3c4de8f4f6d57fa3b58e83e4a3ddd2156c4b5ab19641889,measured,,768,448,2,0.85,80,stream,baseline,1,3,13.798850095825347,13.798850095825347,60.005,296.6999999284744,312.0650000154972,317.03799995422366,143.8596,74.193,8.598470127489374,3.763363586367803,828,828,0,31,0,0,browser receive/decode/offscreen 2D draw; excludes application upscaler/projector and audio capture,correlated by echoed frame ID; measured on client clock,"{""alpha"":0.1,""channelOptions"":{},""frameIds"":true,""height"":448,""inputQuality"":0.85,""inputScene"":""waveform"",""maxBufferedBytes"":262144,""mode"":""stream"",""outputQuality"":80,""prompt"":""colorful abstract art, vibrant neon lights, psychedelic patterns"",""recordServerCounters"":true,""requireQueueTiming"":true,""seconds"":60,""seed"":42,""sendFps"":60,""server"":""https://9vj8k6guaxsbhw-3001.proxy.runpod.net"",""serverConfig"":{""activeWorkers"":1,""benchmarkVariant"":""baseline"",""maxOutboundBytes"":1048576,""maxPending"":3},""steps"":2,""telemetryEveryMs"":0,""warmupFrames"":20,""width"":768}","{""bytesReceived"":28227579,""bytesSent"":64493900,""compileDuringMeasurement"":false,""decodeErrors"":0,""decodeSkips"":0,""decodedDrawn"":828,""encodeSkips"":31,""errors"":[],""maxBufferedBytes"":70927,""received"":828,""sendBufferSkips"":0,""sendErrors"":0,""sent"":3717,""telemetryErrors"":0}","{""after"":{""clientAtMs"":11776748.399999976,""stats"":{""benchmarkBudgetMaxBytes"":1048576,""benchmarkBudgetMinBytes"":1048576,""benchmarkOutboundMaxBytes"":0,""channelBufferedAmount"":0,""channelState"":""open"",""droppedByWorker"":2,""droppedInbound"":23522,""droppedOutbound"":0,""eventLoopChecks"":3292,""eventLoopLagMs"":0,""eventLoopLagTotal"":1738,""framesFromClient"":51656,""framesFromWorker"":28130,""framesToClient"":28107,""framesToWorker"":28134,""lastClientFrameAt"":1789651521885,""lastSentToClientAt"":1789651521909,""lastWorkerFrameAt"":1789651521909,""outboundBudgetBytes"":1048576,""startedAt"":1789649874195}},""before"":{""clientAtMs"":11716678.799999952,""serverTimeMs"":1789651461863,""stats"":{""benchmarkBudgetMaxBytes"":0,""benchmarkBudgetMinBytes"":null,""benchmarkOutboundMaxBytes"":0,""channelBufferedAmount"":0,""channelState"":""open"",""droppedByWorker"":2,""droppedInbound"":20637,""droppedOutbound"":0,""eventLoopChecks"":3172,""eventLoopLagMs"":1,""eventLoopLagTotal"":1730,""framesFromClient"":47939,""framesFromWorker"":27300,""framesToClient"":27277,""framesToWorker"":27302,""lastClientFrameAt"":1789651459593,""lastSentToClientAt"":1789651459795,""lastWorkerFrameAt"":1789651459795,""outboundBudgetBytes"":1048576,""startedAt"":1789649874195}},""deltas"":{""droppedByWorker"":0,""droppedInbound"":2885,""droppedOutbound"":0,""framesFromClient"":3717,""framesFromWorker"":830,""framesToClient"":830,""framesToWorker"":832},""interval"":""server snapshots bracket the client timed window and may include final in-flight work""}","[{""currentRoundTripTime"":0.022,""localCandidate"":""srflx"",""remoteCandidate"":""srflx""}]","[{""clock"":""wall-clock"",""variant"":""baseline"",""worker"":0}]",measured,,,{}
browser-scaling-before-idle-fix/scaling-768x448-active2-r0.json,f9a691709ceb2e791d29aec4ec377821715a4fb83b430e6c9cd7848a2a31c7de,failed,Error: Timeout verifying server/transport warmup drain,768,448,2,0.85,80,stream,baseline,2,3,,,,,,,,,,,,,,,,,,,"{""alpha"":0.1,""frameIds"":true,""height"":448,""inputQuality"":0.85,""mode"":""stream"",""outputQuality"":80,""recordServerCounters"":true,""requireQueueTiming"":true,""seconds"":60,""seed"":42,""sendFps"":60,""server"":""https://9vj8k6guaxsbhw-3001.proxy.runpod.net"",""serverConfig"":{""activeWorkers"":2,""benchmarkVariant"":""baseline"",""maxOutboundBytes"":1048576,""maxPending"":3},""steps"":2,""telemetryEveryMs"":0,""warmupFrames"":20,""width"":768}",{},{},null,null,failed,,,{}
browser-scaling-idle-fixed/scaling-1024x576-active1-r0.json,9a0fc0c4fc8b8262f49ddc94fc22b7f29c305f72b302a2d15e79e306a81a19dd,measured,,1024,576,2,0.85,80,stream,baseline,1,3,8.199467034629716,8.132804701014841,60.00390000009537,427.85000002384186,524.9799999594688,694.2980000269412,243.66615,124.567,12.555144715573531,1.5755805205969902,492,488,4,34,8,0,browser receive/decode/offscreen 2D draw; excludes application upscaler/projector and audio capture,correlated by echoed frame ID; measured on client clock,"{""alpha"":0.1,""channelOptions"":{},""frameIds"":true,""height"":576,""inputQuality"":0.85,""inputScene"":""waveform"",""maxBufferedBytes"":262144,""mode"":""stream"",""outputQuality"":80,""prompt"":""colorful abstract art, vibrant neon lights, psychedelic patterns"",""recordServerCounters"":true,""requireQueueTiming"":true,""seconds"":60,""seed"":42,""sendFps"":60,""server"":""https://9vj8k6guaxsbhw-3001.proxy.runpod.net"",""serverConfig"":{""activeWorkers"":1,""benchmarkVariant"":""baseline"",""maxOutboundBytes"":1048576,""maxPending"":3},""steps"":2,""telemetryEveryMs"":0,""warmupFrames"":20,""width"":1024}","{""bytesReceived"":11817622,""bytesSent"":94169706,""compileDuringMeasurement"":false,""decodeErrors"":0,""decodeSkips"":4,""decodedDrawn"":488,""encodeSkips"":34,""errors"":[],""maxBufferedBytes"":283172,""received"":492,""sendBufferSkips"":8,""sendErrors"":0,""sent"":3707,""telemetryErrors"":0}","{""after"":{""clientAtMs"":13272725.899999976,""stats"":{""benchmarkBudgetMaxBytes"":1048576,""benchmarkBudgetMinBytes"":1048576,""benchmarkOutboundMaxBytes"":0,""channelBufferedAmount"":0,""channelState"":""open"",""droppedByWorker"":2,""droppedInbound"":24275,""droppedOutbound"":0,""eventLoopChecks"":2467,""eventLoopLagMs"":1,""eventLoopLagTotal"":1354,""framesFromClient"":47403,""framesFromWorker"":23126,""framesToClient"":23114,""framesToWorker"":23128,""lastClientFrameAt"":1789653017468,""lastSentToClientAt"":1789653017770,""lastWorkerFrameAt"":1789653017770,""outboundBudgetBytes"":1048576,""startedAt"":1789651782929}},""before"":{""clientAtMs"":13212259.299999952,""serverTimeMs"":1789652957441,""stats"":{""benchmarkBudgetMaxBytes"":0,""benchmarkBudgetMinBytes"":null,""benchmarkOutboundMaxBytes"":0,""channelBufferedAmount"":0,""channelState"":""open"",""droppedByWorker"":2,""droppedInbound"":21063,""droppedOutbound"":0,""eventLoopChecks"":2346,""eventLoopLagMs"":1,""eventLoopLagTotal"":1326,""framesFromClient"":43696,""framesFromWorker"":22631,""framesToClient"":22619,""framesToWorker"":22633,""lastClientFrameAt"":1789652954992,""lastSentToClientAt"":1789652955285,""lastWorkerFrameAt"":1789652955284,""outboundBudgetBytes"":1048576,""startedAt"":1789651782929}},""deltas"":{""droppedByWorker"":0,""droppedInbound"":3212,""droppedOutbound"":0,""framesFromClient"":3707,""framesFromWorker"":495,""framesToClient"":495,""framesToWorker"":495},""interval"":""server snapshots bracket the client timed window and may include final in-flight work""}","[{""currentRoundTripTime"":0.023,""localCandidate"":""srflx"",""remoteCandidate"":""srflx""}]","[{""clock"":""wall-clock"",""variant"":""baseline"",""worker"":0}]",measured,,,{}
browser-scaling-idle-fixed/scaling-1024x576-active1-r1.json,5d81cb773328bec5dccaa05e873cac50a7ccbcc3b7ffa547d07f9596eb26b6ae,measured,,1024,576,2,0.85,80,stream,baseline,1,3,8.149497447667109,8.149497447667109,60.00369999992847,428.8000000715256,459.3599999666214,491.07600001811994,246.2146,127.25,12.59893586563664,1.5648272356556667,489,489,0,27,2,0,browser receive/decode/offscreen 2D draw; excludes application upscaler/projector and audio capture,correlated by echoed frame ID; measured on client clock,"{""alpha"":0.1,""channelOptions"":{},""frameIds"":true,""height"":576,""inputQuality"":0.85,""inputScene"":""waveform"",""maxBufferedBytes"":262144,""mode"":""stream"",""outputQuality"":80,""prompt"":""colorful abstract art, vibrant neon lights, psychedelic patterns"",""recordServerCounters"":true,""requireQueueTiming"":true,""seconds"":60,""seed"":42,""sendFps"":60,""server"":""https://9vj8k6guaxsbhw-3001.proxy.runpod.net"",""serverConfig"":{""activeWorkers"":1,""benchmarkVariant"":""baseline"",""maxOutboundBytes"":1048576,""maxPending"":3},""steps"":2,""telemetryEveryMs"":0,""warmupFrames"":20,""width"":1024}","{""bytesReceived"":11736928,""bytesSent"":94497846,""compileDuringMeasurement"":false,""decodeErrors"":0,""decodeSkips"":0,""decodedDrawn"":489,""encodeSkips"":27,""errors"":[],""maxBufferedBytes"":282463,""received"":489,""sendBufferSkips"":2,""sendErrors"":0,""sent"":3720,""telemetryErrors"":0}","{""after"":{""clientAtMs"":13426682.5,""stats"":{""benchmarkBudgetMaxBytes"":1048576,""benchmarkBudgetMinBytes"":1048576,""benchmarkOutboundMaxBytes"":0,""channelBufferedAmount"":0,""channelState"":""open"",""droppedByWorker"":2,""droppedInbound"":30415,""droppedOutbound"":0,""eventLoopChecks"":2775,""eventLoopLagMs"":1,""eventLoopLagTotal"":1400,""framesFromClient"":55078,""framesFromWorker"":24658,""framesToClient"":24646,""framesToWorker"":24663,""lastClientFrameAt"":1789653171823,""lastSentToClientAt"":1789653171741,""lastWorkerFrameAt"":1789653171741,""outboundBudgetBytes"":1048576,""startedAt"":1789651782929}},""before"":{""clientAtMs"":13366623,""serverTimeMs"":1789653111805,""stats"":{""benchmarkBudgetMaxBytes"":0,""benchmarkBudgetMinBytes"":null,""benchmarkOutboundMaxBytes"":0,""channelBufferedAmount"":0,""channelState"":""open"",""droppedByWorker"":2,""droppedInbound"":27187,""droppedOutbound"":0,""eventLoopChecks"":2655,""eventLoopLagMs"":1,""eventLoopLagTotal"":1394,""framesFromClient"":51358,""framesFromWorker"":24169,""framesToClient"":24157,""framesToWorker"":24171,""lastClientFrameAt"":1789653108915,""lastSentToClientAt"":1789653109222,""lastWorkerFrameAt"":1789653109222,""outboundBudgetBytes"":1048576,""startedAt"":1789651782929}},""deltas"":{""droppedByWorker"":0,""droppedInbound"":3228,""droppedOutbound"":0,""framesFromClient"":3720,""framesFromWorker"":489,""framesToClient"":489,""framesToWorker"":492},""interval"":""server snapshots bracket the client timed window and may include final in-flight work""}","[{""currentRoundTripTime"":0.021,""localCandidate"":""srflx"",""remoteCandidate"":""srflx""}]","[{""clock"":""wall-clock"",""variant"":""baseline"",""worker"":0}]",measured,,,{}
browser-scaling-idle-fixed/scaling-1024x576-active1-r2.json,7aef53649b6d380ff227e672185c6ef7dbcd5de8d9d1b9e3f4d18d297cbc0b73,measured,,1024,576,2,0.85,80,stream,baseline,1,3,8.199207409956887,8.199207409956887,60.00579999995232,428.550000011921,458.7449999392032,486.6829999434938,242.9884,123.36,12.544752673918158,1.569769322300092,492,492,0,42,3,0,browser receive/decode/offscreen 2D draw; excludes application upscaler/projector and audio capture,correlated by echoed frame ID; measured on client clock,"{""alpha"":0.1,""channelOptions"":{},""frameIds"":true,""height"":576,""inputQuality"":0.85,""inputScene"":""waveform"",""maxBufferedBytes"":262144,""mode"":""stream"",""outputQuality"":80,""prompt"":""colorful abstract art, vibrant neon lights, psychedelic patterns"",""recordServerCounters"":true,""requireQueueTiming"":true,""seconds"":60,""seed"":42,""sendFps"":60,""server"":""https://9vj8k6guaxsbhw-3001.proxy.runpod.net"",""serverConfig"":{""activeWorkers"":1,""benchmarkVariant"":""baseline"",""maxOutboundBytes"":1048576,""maxPending"":3},""steps"":2,""telemetryEveryMs"":0,""warmupFrames"":20,""width"":1024}","{""bytesReceived"":11774408,""bytesSent"":94094740,""compileDuringMeasurement"":false,""decodeErrors"":0,""decodeSkips"":0,""decodedDrawn"":492,""encodeSkips"":42,""errors"":[],""maxBufferedBytes"":282452,""received"":492,""sendBufferSkips"":3,""sendErrors"":0,""sent"":3704,""telemetryErrors"":0}","{""after"":{""clientAtMs"":13580802.799999952,""stats"":{""benchmarkBudgetMaxBytes"":1048576,""benchmarkBudgetMinBytes"":1048576,""benchmarkOutboundMaxBytes"":0,""channelBufferedAmount"":0,""channelState"":""open"",""droppedByWorker"":2,""droppedInbound"":36522,""droppedOutbound"":0,""eventLoopChecks"":3083,""eventLoopLagMs"":1,""eventLoopLagTotal"":1446,""framesFromClient"":62718,""framesFromWorker"":26194,""framesToClient"":26180,""framesToWorker"":26196,""lastClientFrameAt"":1789653325549,""lastSentToClientAt"":1789653325798,""lastWorkerFrameAt"":1789653325798,""outboundBudgetBytes"":1048576,""startedAt"":1789651782929}},""before"":{""clientAtMs"":13520342,""serverTimeMs"":1789653265524,""stats"":{""benchmarkBudgetMaxBytes"":0,""benchmarkBudgetMinBytes"":null,""benchmarkOutboundMaxBytes"":0,""channelBufferedAmount"":0,""channelState"":""open"",""droppedByWorker"":2,""droppedInbound"":33313,""droppedOutbound"":0,""eventLoopChecks"":2962,""eventLoopLagMs"":1,""eventLoopLagTotal"":1440,""framesFromClient"":59014,""framesFromWorker"":25699,""framesToClient"":25685,""framesToWorker"":25701,""lastClientFrameAt"":1789653262593,""lastSentToClientAt"":1789653262890,""lastWorkerFrameAt"":1789653262890,""outboundBudgetBytes"":1048576,""startedAt"":1789651782929}},""deltas"":{""droppedByWorker"":0,""droppedInbound"":3209,""droppedOutbound"":0,""framesFromClient"":3704,""framesFromWorker"":495,""framesToClient"":495,""framesToWorker"":495},""interval"":""server snapshots bracket the client timed window and may include final in-flight work""}","[{""currentRoundTripTime"":0.022,""localCandidate"":""srflx"",""remoteCandidate"":""srflx""}]","[{""clock"":""wall-clock"",""variant"":""baseline"",""worker"":0}]",measured,,,{}
browser-scaling-idle-fixed/scaling-1024x576-active2-r0.json,f5460313f60e08ad8e6cb130697fe89e71139e3a1395f105e6c87c2fbabb58ee,measured,,1024,576,2,0.85,80,stream,baseline,2,3,16.382323090095642,15.63236933724284,60.00369999992847,421.449999988079,441,475.0929999911785,242.5498,124.769,12.561826420719033,3.1325160281819966,983,938,45,36,4,0,browser receive/decode/offscreen 2D draw; excludes application upscaler/projector and audio capture,correlated by echoed frame ID; measured on client clock,"{""alpha"":0.1,""channelOptions"":{},""frameIds"":true,""height"":576,""inputQuality"":0.85,""inputScene"":""waveform"",""maxBufferedBytes"":262144,""mode"":""stream"",""outputQuality"":80,""prompt"":""colorful abstract art, vibrant neon lights, psychedelic patterns"",""recordServerCounters"":true,""requireQueueTiming"":true,""seconds"":60,""seed"":42,""sendFps"":60,""server"":""https://9vj8k6guaxsbhw-3001.proxy.runpod.net"",""serverConfig"":{""activeWorkers"":2,""benchmarkVariant"":""baseline"",""maxOutboundBytes"":1048576,""maxPending"":3},""steps"":2,""telemetryEveryMs"":0,""warmupFrames"":20,""width"":1024}","{""bytesReceived"":23495319,""bytesSent"":94219508,""compileDuringMeasurement"":false,""decodeErrors"":0,""decodeSkips"":45,""decodedDrawn"":938,""encodeSkips"":36,""errors"":[],""maxBufferedBytes"":279879,""received"":983,""sendBufferSkips"":4,""sendErrors"":0,""sent"":3709,""telemetryErrors"":0}","{""after"":{""clientAtMs"":13348975.899999976,""stats"":{""benchmarkBudgetMaxBytes"":1048576,""benchmarkBudgetMinBytes"":1048576,""benchmarkOutboundMaxBytes"":0,""channelBufferedAmount"":0,""channelState"":""open"",""droppedByWorker"":2,""droppedInbound"":27051,""droppedOutbound"":0,""eventLoopChecks"":2620,""eventLoopLagMs"":0,""eventLoopLagTotal"":1378,""framesFromClient"":51199,""framesFromWorker"":24146,""framesToClient"":24134,""framesToWorker"":24148,""lastClientFrameAt"":1789653093668,""lastSentToClientAt"":1789653093934,""lastWorkerFrameAt"":1789653093934,""outboundBudgetBytes"":1048576,""startedAt"":1789651782929}},""before"":{""clientAtMs"":13288292.5,""serverTimeMs"":1789653033474,""stats"":{""benchmarkBudgetMaxBytes"":0,""benchmarkBudgetMinBytes"":null,""benchmarkOutboundMaxBytes"":0,""channelBufferedAmount"":0,""channelState"":""open"",""droppedByWorker"":2,""droppedInbound"":24336,""droppedOutbound"":0,""eventLoopChecks"":2498,""eventLoopLagMs"":0,""eventLoopLagTotal"":1367,""framesFromClient"":47490,""framesFromWorker"":23152,""framesToClient"":23140,""framesToWorker"":23154,""lastClientFrameAt"":1789653031041,""lastSentToClientAt"":1789653031325,""lastWorkerFrameAt"":1789653031325,""outboundBudgetBytes"":1048576,""startedAt"":1789651782929}},""deltas"":{""droppedByWorker"":0,""droppedInbound"":2715,""droppedOutbound"":0,""framesFromClient"":3709,""framesFromWorker"":994,""framesToClient"":994,""framesToWorker"":994},""interval"":""server snapshots bracket the client timed window and may include final in-flight work""}","[{""currentRoundTripTime"":0.019,""localCandidate"":""srflx"",""remoteCandidate"":""srflx""}]","[{""clock"":""wall-clock"",""variant"":""baseline"",""worker"":0},{""clock"":""wall-clock"",""variant"":""baseline"",""worker"":1}]",measured,,,{}
browser-scaling-idle-fixed/scaling-1024x576-active2-r1.json,137639fa3c9a50fcbb251abc66f5fb1f35502769eff7d595702eceba993ae6be,measured,,1024,576,2,0.85,80,stream,baseline,2,3,16.348801087926716,15.415536194018564,60.00439999997616,422.90000009536743,450.26000001430504,985.4840000247956,243.774,125.24,12.504375279151164,3.1666092486563566,981,925,56,45,12,0,browser receive/decode/offscreen 2D draw; excludes application upscaler/projector and audio capture,correlated by echoed frame ID; measured on client clock,"{""alpha"":0.1,""channelOptions"":{},""frameIds"":true,""height"":576,""inputQuality"":0.85,""inputScene"":""waveform"",""maxBufferedBytes"":262144,""mode"":""stream"",""outputQuality"":80,""prompt"":""colorful abstract art, vibrant neon lights, psychedelic patterns"",""recordServerCounters"":true,""requireQueueTiming"":true,""seconds"":60,""seed"":42,""sendFps"":60,""server"":""https://9vj8k6guaxsbhw-3001.proxy.runpod.net"",""serverConfig"":{""activeWorkers"":2,""benchmarkVariant"":""baseline"",""maxOutboundBytes"":1048576,""maxPending"":3},""steps"":2,""telemetryEveryMs"":0,""warmupFrames"":20,""width"":1024}","{""bytesReceived"":23751311,""bytesSent"":93789692,""compileDuringMeasurement"":false,""decodeErrors"":0,""decodeSkips"":56,""decodedDrawn"":925,""encodeSkips"":45,""errors"":[],""maxBufferedBytes"":282513,""received"":981,""sendBufferSkips"":12,""sendErrors"":0,""sent"":3692,""telemetryErrors"":0}","{""after"":{""clientAtMs"":13503078.899999976,""stats"":{""benchmarkBudgetMaxBytes"":1048576,""benchmarkBudgetMinBytes"":1048576,""benchmarkOutboundMaxBytes"":0,""channelBufferedAmount"":0,""channelState"":""open"",""droppedByWorker"":2,""droppedInbound"":33178,""droppedOutbound"":0,""eventLoopChecks"":2928,""eventLoopLagMs"":0,""eventLoopLagTotal"":1425,""framesFromClient"":58856,""framesFromWorker"":25676,""framesToClient"":25662,""framesToWorker"":25678,""lastClientFrameAt"":1789653247831,""lastSentToClientAt"":1789653248178,""lastWorkerFrameAt"":1789653248178,""outboundBudgetBytes"":1048576,""startedAt"":1789651782929}},""before"":{""clientAtMs"":13442621.399999976,""serverTimeMs"":1789653187802,""stats"":{""benchmarkBudgetMaxBytes"":0,""benchmarkBudgetMinBytes"":null,""benchmarkOutboundMaxBytes"":0,""channelBufferedAmount"":0,""channelState"":""open"",""droppedByWorker"":2,""droppedInbound"":30475,""droppedOutbound"":0,""eventLoopChecks"":2807,""eventLoopLagMs"":1,""eventLoopLagTotal"":1414,""framesFromClient"":55164,""framesFromWorker"":24687,""framesToClient"":24673,""framesToWorker"":24689,""lastClientFrameAt"":1789653185395,""lastSentToClientAt"":1789653185688,""lastWorkerFrameAt"":1789653185688,""outboundBudgetBytes"":1048576,""startedAt"":1789651782929}},""deltas"":{""droppedByWorker"":0,""droppedInbound"":2703,""droppedOutbound"":0,""framesFromClient"":3692,""framesFromWorker"":989,""framesToClient"":989,""framesToWorker"":989},""interval"":""server snapshots bracket the client timed window and may include final in-flight work""}","[{""currentRoundTripTime"":0.02,""localCandidate"":""srflx"",""remoteCandidate"":""srflx""}]","[{""clock"":""wall-clock"",""variant"":""baseline"",""worker"":1},{""clock"":""wall-clock"",""variant"":""baseline"",""worker"":0}]",measured,,,{}
browser-scaling-idle-fixed/scaling-1024x576-active2-r2.json,babcf51c7efcca42dd317cbb42e26f5d375a940553d87109df8ac65ae1d0a131,measured,,1024,576,2,0.85,80,stream,baseline,2,3,16.4321009257639,15.348848836337275,60.0045,423.10000002384186,450.5,646.1399999380105,242.5265,124.4575,12.50435444008366,3.1586910981676373,986,921,65,40,17,0,browser receive/decode/offscreen 2D draw; excludes application upscaler/projector and audio capture,correlated by echoed frame ID; measured on client clock,"{""alpha"":0.1,""channelOptions"":{},""frameIds"":true,""height"":576,""inputQuality"":0.85,""inputScene"":""waveform"",""maxBufferedBytes"":262144,""mode"":""stream"",""outputQuality"":80,""prompt"":""colorful abstract art, vibrant neon lights, psychedelic patterns"",""recordServerCounters"":true,""requireQueueTiming"":true,""seconds"":60,""seed"":42,""sendFps"":60,""server"":""https://9vj8k6guaxsbhw-3001.proxy.runpod.net"",""serverConfig"":{""activeWorkers"":2,""benchmarkVariant"":""baseline"",""maxOutboundBytes"":1048576,""maxPending"":3},""steps"":2,""telemetryEveryMs"":0,""warmupFrames"":20,""width"":1024}","{""bytesReceived"":23691960,""bytesSent"":93789692,""compileDuringMeasurement"":false,""decodeErrors"":0,""decodeSkips"":65,""decodedDrawn"":921,""encodeSkips"":40,""errors"":[],""maxBufferedBytes"":287146,""received"":986,""sendBufferSkips"":17,""sendErrors"":0,""sent"":3692,""telemetryErrors"":0}","{""after"":{""clientAtMs"":13656994.399999976,""stats"":{""benchmarkBudgetMaxBytes"":1048576,""benchmarkBudgetMinBytes"":1048576,""benchmarkOutboundMaxBytes"":0,""channelBufferedAmount"":0,""channelState"":""open"",""droppedByWorker"":2,""droppedInbound"":39286,""droppedOutbound"":0,""eventLoopChecks"":3236,""eventLoopLagMs"":1,""eventLoopLagTotal"":1468,""framesFromClient"":66500,""framesFromWorker"":27212,""framesToClient"":27198,""framesToWorker"":27214,""lastClientFrameAt"":1789653401741,""lastSentToClientAt"":1789653402027,""lastWorkerFrameAt"":1789653402027,""outboundBudgetBytes"":1048576,""startedAt"":1789651782929}},""before"":{""clientAtMs"":13596541.5,""serverTimeMs"":1789653341722,""stats"":{""benchmarkBudgetMaxBytes"":0,""benchmarkBudgetMinBytes"":null,""benchmarkOutboundMaxBytes"":0,""channelBufferedAmount"":0,""channelState"":""open"",""droppedByWorker"":2,""droppedInbound"":36586,""droppedOutbound"":0,""eventLoopChecks"":3115,""eventLoopLagMs"":1,""eventLoopLagTotal"":1457,""framesFromClient"":62808,""framesFromWorker"":26220,""framesToClient"":26206,""framesToWorker"":26222,""lastClientFrameAt"":1789653339244,""lastSentToClientAt"":1789653339568,""lastWorkerFrameAt"":1789653339568,""outboundBudgetBytes"":1048576,""startedAt"":1789651782929}},""deltas"":{""droppedByWorker"":0,""droppedInbound"":2700,""droppedOutbound"":0,""framesFromClient"":3692,""framesFromWorker"":992,""framesToClient"":992,""framesToWorker"":992},""interval"":""server snapshots bracket the client timed window and may include final in-flight work""}","[{""currentRoundTripTime"":0.019,""localCandidate"":""srflx"",""remoteCandidate"":""srflx""}]","[{""clock"":""wall-clock"",""variant"":""baseline"",""worker"":1},{""clock"":""wall-clock"",""variant"":""baseline"",""worker"":0}]",measured,,,{}
browser-scaling-idle-fixed/scaling-512x288-active1-r0.json,85be0e3ad88390afa6dc8e75155a8145f37443ad1a10323adcaa87928e995842,measured,,512,288,2,0.85,80,stream,baseline,1,3,28.048223612471105,27.614917721844694,60.00380000007153,162.30000007152557,550.5600000143046,899.0839999914175,68.7457,36.07599999999999,4.670249417531322,9.339071992096033,1683,1657,26,20,204,0,browser receive/decode/offscreen 2D draw; excludes application upscaler/projector and audio capture,correlated by echoed frame ID; measured on client clock,"{""alpha"":0.1,""channelOptions"":{},""frameIds"":true,""height"":288,""inputQuality"":0.85,""inputScene"":""waveform"",""maxBufferedBytes"":262144,""mode"":""stream"",""outputQuality"":80,""prompt"":""colorful abstract art, vibrant neon lights, psychedelic patterns"",""recordServerCounters"":true,""requireQueueTiming"":true,""seconds"":60,""seed"":42,""sendFps"":60,""server"":""https://9vj8k6guaxsbhw-3001.proxy.runpod.net"",""serverConfig"":{""activeWorkers"":1,""benchmarkVariant"":""baseline"",""maxOutboundBytes"":1048576,""maxPending"":3},""steps"":2,""telemetryEveryMs"":0,""warmupFrames"":20,""width"":512}","{""bytesReceived"":70047476,""bytesSent"":35029089,""compileDuringMeasurement"":false,""decodeErrors"":0,""decodeSkips"":26,""decodedDrawn"":1657,""encodeSkips"":20,""errors"":[],""maxBufferedBytes"":271578,""received"":1683,""sendBufferSkips"":204,""sendErrors"":0,""sent"":3523,""telemetryErrors"":0}","{""after"":{""clientAtMs"":12362512.200000048,""stats"":{""benchmarkBudgetMaxBytes"":1048576,""benchmarkBudgetMinBytes"":1048576,""benchmarkOutboundMaxBytes"":0,""channelBufferedAmount"":0,""channelState"":""open"",""droppedByWorker"":1,""droppedInbound"":1862,""droppedOutbound"":0,""eventLoopChecks"":647,""eventLoopLagMs"":1,""eventLoopLagTotal"":817,""framesFromClient"":3574,""framesFromWorker"":1709,""framesToClient"":1709,""framesToWorker"":1712,""lastClientFrameAt"":1789652107646,""lastSentToClientAt"":1789652107676,""lastWorkerFrameAt"":1789652107676,""outboundBudgetBytes"":1048576,""startedAt"":1789651782929}},""before"":{""clientAtMs"":12302451.299999952,""serverTimeMs"":1789652047634,""stats"":{""benchmarkBudgetMaxBytes"":0,""benchmarkBudgetMinBytes"":null,""benchmarkOutboundMaxBytes"":0,""channelBufferedAmount"":0,""channelState"":""open"",""droppedByWorker"":0,""droppedInbound"":27,""droppedOutbound"":0,""eventLoopChecks"":527,""eventLoopLagMs"":1,""eventLoopLagTotal"":784,""framesFromClient"":51,""framesFromWorker"":24,""framesToClient"":24,""framesToWorker"":24,""lastClientFrameAt"":1789652045005,""lastSentToClientAt"":1789652045099,""lastWorkerFrameAt"":1789652045098,""outboundBudgetBytes"":1048576,""startedAt"":1789651782929}},""deltas"":{""droppedByWorker"":1,""droppedInbound"":1835,""droppedOutbound"":0,""framesFromClient"":3523,""framesFromWorker"":1685,""framesToClient"":1685,""framesToWorker"":1688},""interval"":""server snapshots bracket the client timed window and may include final in-flight work""}","[{""currentRoundTripTime"":0.019,""localCandidate"":""srflx"",""remoteCandidate"":""srflx""}]","[{""clock"":""wall-clock"",""variant"":""baseline"",""worker"":0}]",measured,,,{}
browser-scaling-idle-fixed/scaling-512x288-active1-r1.json,9c0c60b00424b70c2f94b2b6b3f671a42bbd2388531972c1fa75cb46fe1b8cb4,measured,,512,288,2,0.85,80,stream,baseline,1,3,28.86493477056896,28.73160943675571,60.003600000023845,151.79999995231628,176.78500006794928,184.35399999260903,68.37835,35.14,4.943041284187651,9.60863308201126,1732,1724,8,20,0,0,browser receive/decode/offscreen 2D draw; excludes application upscaler/projector and audio capture,correlated by echoed frame ID; measured on client clock,"{""alpha"":0.1,""channelOptions"":{},""frameIds"":true,""height"":288,""inputQuality"":0.85,""inputScene"":""waveform"",""maxBufferedBytes"":262144,""mode"":""stream"",""outputQuality"":80,""prompt"":""colorful abstract art, vibrant neon lights, psychedelic patterns"",""recordServerCounters"":true,""requireQueueTiming"":true,""seconds"":60,""seed"":42,""sendFps"":60,""server"":""https://9vj8k6guaxsbhw-3001.proxy.runpod.net"",""serverConfig"":{""activeWorkers"":1,""benchmarkVariant"":""baseline"",""maxOutboundBytes"":1048576,""maxPending"":3},""steps"":2,""telemetryEveryMs"":0,""warmupFrames"":20,""width"":512}","{""bytesReceived"":72069072,""bytesSent"":37075034,""compileDuringMeasurement"":false,""decodeErrors"":0,""decodeSkips"":8,""decodedDrawn"":1724,""encodeSkips"":20,""errors"":[],""maxBufferedBytes"":50050,""received"":1732,""sendBufferSkips"":0,""sendErrors"":0,""sent"":3729,""telemetryErrors"":0}","{""after"":{""clientAtMs"":12512421.200000048,""stats"":{""benchmarkBudgetMaxBytes"":1048576,""benchmarkBudgetMinBytes"":1048576,""benchmarkOutboundMaxBytes"":0,""channelBufferedAmount"":0,""channelState"":""open"",""droppedByWorker"":1,""droppedInbound"":4241,""droppedOutbound"":0,""eventLoopChecks"":947,""eventLoopLagMs"":1,""eventLoopLagTotal"":925,""framesFromClient"":11096,""framesFromWorker"":6853,""framesToClient"":6850,""framesToWorker"":6855,""lastClientFrameAt"":1789652257554,""lastSentToClientAt"":1789652257598,""lastWorkerFrameAt"":1789652257598,""outboundBudgetBytes"":1048576,""startedAt"":1789651782929}},""before"":{""clientAtMs"":12452356.600000024,""serverTimeMs"":1789652197540,""stats"":{""benchmarkBudgetMaxBytes"":0,""benchmarkBudgetMinBytes"":null,""benchmarkOutboundMaxBytes"":0,""channelBufferedAmount"":0,""channelState"":""open"",""droppedByWorker"":1,""droppedInbound"":2248,""droppedOutbound"":0,""eventLoopChecks"":827,""eventLoopLagMs"":1,""eventLoopLagTotal"":890,""framesFromClient"":7367,""framesFromWorker"":5118,""framesToClient"":5115,""framesToWorker"":5119,""lastClientFrameAt"":1789652195239,""lastSentToClientAt"":1789652195344,""lastWorkerFrameAt"":1789652195344,""outboundBudgetBytes"":1048576,""startedAt"":1789651782929}},""deltas"":{""droppedByWorker"":0,""droppedInbound"":1993,""droppedOutbound"":0,""framesFromClient"":3729,""framesFromWorker"":1735,""framesToClient"":1735,""framesToWorker"":1736},""interval"":""server snapshots bracket the client timed window and may include final in-flight work""}","[{""currentRoundTripTime"":0.02,""localCandidate"":""srflx"",""remoteCandidate"":""srflx""}]","[{""clock"":""wall-clock"",""variant"":""baseline"",""worker"":0}]",measured,,,{}
browser-scaling-idle-fixed/scaling-512x288-active1-r2.json,dc92dd4c81ac4df26b8c81a67b901bc31cd098d18d8f4eea7332c390fe759110,measured,,512,288,2,0.85,80,stream,baseline,1,3,28.997873489288978,28.881215377550458,60.00439999997616,150.69999992847443,172.07999997138975,182,67.98705,35.1405,4.928488577506275,9.65505462933102,1740,1733,7,31,0,0,browser receive/decode/offscreen 2D draw; excludes application upscaler/projector and audio capture,correlated by echoed frame ID; measured on client clock,"{""alpha"":0.1,""channelOptions"":{},""frameIds"":true,""height"":288,""inputQuality"":0.85,""inputScene"":""waveform"",""maxBufferedBytes"":262144,""mode"":""stream"",""outputQuality"":80,""prompt"":""colorful abstract art, vibrant neon lights, psychedelic patterns"",""recordServerCounters"":true,""requireQueueTiming"":true,""seconds"":60,""seed"":42,""sendFps"":60,""server"":""https://9vj8k6guaxsbhw-3001.proxy.runpod.net"",""serverConfig"":{""activeWorkers"":1,""benchmarkVariant"":""baseline"",""maxOutboundBytes"":1048576,""maxPending"":3},""steps"":2,""telemetryEveryMs"":0,""warmupFrames"":20,""width"":512}","{""bytesReceived"":72418220,""bytesSent"":36966375,""compileDuringMeasurement"":false,""decodeErrors"":0,""decodeSkips"":7,""decodedDrawn"":1733,""encodeSkips"":31,""errors"":[],""maxBufferedBytes"":20186,""received"":1740,""sendBufferSkips"":0,""sendErrors"":0,""sent"":3718,""telemetryErrors"":0}","{""after"":{""clientAtMs"":12663455.700000048,""stats"":{""benchmarkBudgetMaxBytes"":1048576,""benchmarkBudgetMinBytes"":1048576,""benchmarkOutboundMaxBytes"":0,""channelBufferedAmount"":0,""channelState"":""open"",""droppedByWorker"":1,""droppedInbound"":6582,""droppedOutbound"":0,""eventLoopChecks"":1249,""eventLoopLagMs"":0,""eventLoopLagTotal"":1023,""framesFromClient"":18615,""framesFromWorker"":12031,""framesToClient"":12027,""framesToWorker"":12033,""lastClientFrameAt"":1789652408586,""lastSentToClientAt"":1789652408622,""lastWorkerFrameAt"":1789652408622,""outboundBudgetBytes"":1048576,""startedAt"":1789651782929}},""before"":{""clientAtMs"":12603390.100000024,""serverTimeMs"":1789652348572,""stats"":{""benchmarkBudgetMaxBytes"":0,""benchmarkBudgetMinBytes"":null,""benchmarkOutboundMaxBytes"":0,""channelBufferedAmount"":0,""channelState"":""open"",""droppedByWorker"":1,""droppedInbound"":4607,""droppedOutbound"":0,""eventLoopChecks"":1129,""eventLoopLagMs"":0,""eventLoopLagTotal"":983,""framesFromClient"":14897,""framesFromWorker"":10289,""framesToClient"":10285,""framesToWorker"":10290,""lastClientFrameAt"":1789652346316,""lastSentToClientAt"":1789652346391,""lastWorkerFrameAt"":1789652346391,""outboundBudgetBytes"":1048576,""startedAt"":1789651782929}},""deltas"":{""droppedByWorker"":0,""droppedInbound"":1975,""droppedOutbound"":0,""framesFromClient"":3718,""framesFromWorker"":1742,""framesToClient"":1742,""framesToWorker"":1743},""interval"":""server snapshots bracket the client timed window and may include final in-flight work""}","[{""currentRoundTripTime"":0.02,""localCandidate"":""srflx"",""remoteCandidate"":""srflx""}]","[{""clock"":""wall-clock"",""variant"":""baseline"",""worker"":0}]",measured,,,{}
browser-scaling-idle-fixed/scaling-512x288-active2-r0.json,d130d89b47c320f66d2a75fa5fba1fd889ca743c10f6bed4fb69e48b334c23a2,measured,,512,288,2,0.85,80,stream,baseline,2,3,55.797210139493025,53.09734513274336,60.003,142.39999997615814,164.2000000178814,227.2449999392033,71.09919999999997,38.492999999999995,4.92463616819159,18.580036064863425,3348,3186,162,33,0,0,browser receive/decode/offscreen 2D draw; excludes application upscaler/projector and audio capture,correlated by echoed frame ID; measured on client clock,"{""alpha"":0.1,""channelOptions"":{},""frameIds"":true,""height"":288,""inputQuality"":0.85,""inputScene"":""waveform"",""maxBufferedBytes"":262144,""mode"":""stream"",""outputQuality"":80,""prompt"":""colorful abstract art, vibrant neon lights, psychedelic patterns"",""recordServerCounters"":true,""requireQueueTiming"":true,""seconds"":60,""seed"":42,""sendFps"":60,""server"":""https://9vj8k6guaxsbhw-3001.proxy.runpod.net"",""serverConfig"":{""activeWorkers"":2,""benchmarkVariant"":""baseline"",""maxOutboundBytes"":1048576,""maxPending"":3},""steps"":2,""telemetryEveryMs"":0,""warmupFrames"":20,""width"":512}","{""bytesReceived"":139357238,""bytesSent"":36936618,""compileDuringMeasurement"":false,""decodeErrors"":0,""decodeSkips"":162,""decodedDrawn"":3186,""encodeSkips"":33,""errors"":[],""maxBufferedBytes"":120020,""received"":3348,""sendBufferSkips"":0,""sendErrors"":0,""sent"":3715,""telemetryErrors"":0}","{""after"":{""clientAtMs"":12437488.600000024,""stats"":{""benchmarkBudgetMaxBytes"":1048576,""benchmarkBudgetMinBytes"":1048576,""benchmarkOutboundMaxBytes"":0,""channelBufferedAmount"":0,""channelState"":""open"",""droppedByWorker"":1,""droppedInbound"":2224,""droppedOutbound"":0,""eventLoopChecks"":797,""eventLoopLagMs"":1,""eventLoopLagTotal"":876,""framesFromClient"":7319,""framesFromWorker"":5090,""framesToClient"":5089,""framesToWorker"":5095,""lastClientFrameAt"":1789652182629,""lastSentToClientAt"":1789652182650,""lastWorkerFrameAt"":1789652182650,""outboundBudgetBytes"":1048576,""startedAt"":1789651782929}},""before"":{""clientAtMs"":12377434.799999952,""serverTimeMs"":1789652122617,""stats"":{""benchmarkBudgetMaxBytes"":0,""benchmarkBudgetMinBytes"":null,""benchmarkOutboundMaxBytes"":0,""channelBufferedAmount"":0,""channelState"":""open"",""droppedByWorker"":1,""droppedInbound"":1864,""droppedOutbound"":0,""eventLoopChecks"":677,""eventLoopLagMs"":1,""eventLoopLagTotal"":829,""framesFromClient"":3604,""framesFromWorker"":1739,""framesToClient"":1738,""framesToWorker"":1740,""lastClientFrameAt"":1789652120370,""lastSentToClientAt"":1789652120475,""lastWorkerFrameAt"":1789652120475,""outboundBudgetBytes"":1048576,""startedAt"":1789651782929}},""deltas"":{""droppedByWorker"":0,""droppedInbound"":360,""droppedOutbound"":0,""framesFromClient"":3715,""framesFromWorker"":3351,""framesToClient"":3351,""framesToWorker"":3355},""interval"":""server snapshots bracket the client timed window and may include final in-flight work""}","[{""currentRoundTripTime"":0.021,""localCandidate"":""srflx"",""remoteCandidate"":""srflx""}]","[{""clock"":""wall-clock"",""variant"":""baseline"",""worker"":0},{""clock"":""wall-clock"",""variant"":""baseline"",""worker"":1}]",measured,,,{}
browser-scaling-idle-fixed/scaling-512x288-active2-r1.json,7d83f74ff6890db93091ad9c53cb113cd13bd2b95eb3b035d4e4850a552fc7bc,measured,,512,288,2,0.85,80,stream,baseline,2,3,56.2640410113524,51.630923890156915,60.00280000007152,144.60000002384186,170.21499993205066,246.71799992918952,70.38525,38.72,4.935130893885735,18.729977134378068,3376,3098,278,25,0,0,browser receive/decode/offscreen 2D draw; excludes application upscaler/projector and audio capture,correlated by echoed frame ID; measured on client clock,"{""alpha"":0.1,""channelOptions"":{},""frameIds"":true,""height"":288,""inputQuality"":0.85,""inputScene"":""waveform"",""maxBufferedBytes"":262144,""mode"":""stream"",""outputQuality"":80,""prompt"":""colorful abstract art, vibrant neon lights, psychedelic patterns"",""recordServerCounters"":true,""requireQueueTiming"":true,""seconds"":60,""seed"":42,""sendFps"":60,""server"":""https://9vj8k6guaxsbhw-3001.proxy.runpod.net"",""serverConfig"":{""activeWorkers"":2,""benchmarkVariant"":""baseline"",""maxOutboundBytes"":1048576,""maxPending"":3},""steps"":2,""telemetryEveryMs"":0,""warmupFrames"":20,""width"":512}","{""bytesReceived"":140481384,""bytesSent"":37015209,""compileDuringMeasurement"":false,""decodeErrors"":0,""decodeSkips"":278,""decodedDrawn"":3098,""encodeSkips"":25,""errors"":[],""maxBufferedBytes"":40367,""received"":3376,""sendBufferSkips"":0,""sendErrors"":0,""sent"":3723,""telemetryErrors"":0}","{""after"":{""clientAtMs"":12588145.600000024,""stats"":{""benchmarkBudgetMaxBytes"":1048576,""benchmarkBudgetMinBytes"":1048576,""benchmarkOutboundMaxBytes"":0,""channelBufferedAmount"":0,""channelState"":""open"",""droppedByWorker"":1,""droppedInbound"":4582,""droppedOutbound"":0,""eventLoopChecks"":1099,""eventLoopLagMs"":0,""eventLoopLagTotal"":970,""framesFromClient"":14849,""framesFromWorker"":10262,""framesToClient"":10259,""framesToWorker"":10267,""lastClientFrameAt"":1789652333279,""lastSentToClientAt"":1789652333309,""lastWorkerFrameAt"":1789652333309,""outboundBudgetBytes"":1048576,""startedAt"":1789651782929}},""before"":{""clientAtMs"":12528080.299999952,""serverTimeMs"":1789652273264,""stats"":{""benchmarkBudgetMaxBytes"":0,""benchmarkBudgetMinBytes"":null,""benchmarkOutboundMaxBytes"":0,""channelBufferedAmount"":0,""channelState"":""open"",""droppedByWorker"":1,""droppedInbound"":4243,""droppedOutbound"":0,""eventLoopChecks"":978,""eventLoopLagMs"":0,""eventLoopLagTotal"":940,""framesFromClient"":11126,""framesFromWorker"":6882,""framesToClient"":6879,""framesToWorker"":6883,""lastClientFrameAt"":1789652270652,""lastSentToClientAt"":1789652270751,""lastWorkerFrameAt"":1789652270751,""outboundBudgetBytes"":1048576,""startedAt"":1789651782929}},""deltas"":{""droppedByWorker"":0,""droppedInbound"":339,""droppedOutbound"":0,""framesFromClient"":3723,""framesFromWorker"":3380,""framesToClient"":3380,""framesToWorker"":3384},""interval"":""server snapshots bracket the client timed window and may include final in-flight work""}","[{""currentRoundTripTime"":0.023,""localCandidate"":""srflx"",""remoteCandidate"":""srflx""}]","[{""clock"":""wall-clock"",""variant"":""baseline"",""worker"":1},{""clock"":""wall-clock"",""variant"":""baseline"",""worker"":0}]",measured,,,{}
browser-scaling-idle-fixed/scaling-512x288-active2-r2.json,96cb1d2a40528cf7675e542ae943291da58d9cd432184272e2cf7b12d32e76a7,measured,,512,288,2,0.85,80,stream,baseline,2,3,53.29786808529777,48.98137407838966,60.00239999997616,149,453.7099999427795,620.5540000295637,68.5983,38.80299999999999,4.679623481729257,17.750329586823582,3198,2939,259,26,190,0,browser receive/decode/offscreen 2D draw; excludes application upscaler/projector and audio capture,correlated by echoed frame ID; measured on client clock,"{""alpha"":0.1,""channelOptions"":{},""frameIds"":true,""height"":288,""inputQuality"":0.85,""inputScene"":""waveform"",""maxBufferedBytes"":262144,""mode"":""stream"",""outputQuality"":80,""prompt"":""colorful abstract art, vibrant neon lights, psychedelic patterns"",""recordServerCounters"":true,""requireQueueTiming"":true,""seconds"":60,""seed"":42,""sendFps"":60,""server"":""https://9vj8k6guaxsbhw-3001.proxy.runpod.net"",""serverConfig"":{""activeWorkers"":2,""benchmarkVariant"":""baseline"",""maxOutboundBytes"":1048576,""maxPending"":3},""steps"":2,""telemetryEveryMs"":0,""warmupFrames"":20,""width"":512}","{""bytesReceived"":133132797,""bytesSent"":35098580,""compileDuringMeasurement"":false,""decodeErrors"":0,""decodeSkips"":259,""decodedDrawn"":2939,""encodeSkips"":26,""errors"":[],""maxBufferedBytes"":271419,""received"":3198,""sendBufferSkips"":190,""sendErrors"":0,""sent"":3530,""telemetryErrors"":0}","{""after"":{""clientAtMs"":12738777.399999976,""stats"":{""benchmarkBudgetMaxBytes"":1048576,""benchmarkBudgetMinBytes"":1048576,""benchmarkOutboundMaxBytes"":0,""channelBufferedAmount"":0,""channelState"":""open"",""droppedByWorker"":2,""droppedInbound"":6897,""droppedOutbound"":0,""eventLoopChecks"":1400,""eventLoopLagMs"":1,""eventLoopLagTotal"":1092,""framesFromClient"":22172,""framesFromWorker"":15271,""framesToClient"":15267,""framesToWorker"":15275,""lastClientFrameAt"":1789652483951,""lastSentToClientAt"":1789652483942,""lastWorkerFrameAt"":1789652483942,""outboundBudgetBytes"":1048576,""startedAt"":1789651782929}},""before"":{""clientAtMs"":12678320.799999952,""serverTimeMs"":1789652423503,""stats"":{""benchmarkBudgetMaxBytes"":0,""benchmarkBudgetMinBytes"":null,""benchmarkOutboundMaxBytes"":0,""channelBufferedAmount"":0,""channelState"":""open"",""droppedByWorker"":1,""droppedInbound"":6583,""droppedOutbound"":0,""eventLoopChecks"":1279,""eventLoopLagMs"":0,""eventLoopLagTotal"":1035,""framesFromClient"":18644,""framesFromWorker"":12060,""framesToClient"":12056,""framesToWorker"":12061,""lastClientFrameAt"":1789652421248,""lastSentToClientAt"":1789652421337,""lastWorkerFrameAt"":1789652421337,""outboundBudgetBytes"":1048576,""startedAt"":1789651782929}},""deltas"":{""droppedByWorker"":1,""droppedInbound"":314,""droppedOutbound"":0,""framesFromClient"":3528,""framesFromWorker"":3211,""framesToClient"":3211,""framesToWorker"":3214},""interval"":""server snapshots bracket the client timed window and may include final in-flight work""}","[{""currentRoundTripTime"":0.026,""localCandidate"":""srflx"",""remoteCandidate"":""srflx""}]","[{""clock"":""wall-clock"",""variant"":""baseline"",""worker"":1},{""clock"":""wall-clock"",""variant"":""baseline"",""worker"":0}]",measured,,,{}
browser-scaling-idle-fixed/scaling-768x448-active1-r0.json,bb49a90b5049aa21ddba35a0a3b9d9b245f6995be8200ebc1eaf4f46f6f6308c,invalid,,768,448,2,0.85,80,stream,baseline,1,3,13.915530231703274,13.83220370336972,60.00489999997616,299.35000002384186,1614.5200000107272,3359.41699997306,142.28889999999998,72.24,8.304312747795564,3.799601032583849,835,830,5,34,125,0,browser receive/decode/offscreen 2D draw; excludes application upscaler/projector and audio capture,correlated by echoed frame ID; measured on client clock,"{""alpha"":0.1,""channelOptions"":{},""frameIds"":true,""height"":448,""inputQuality"":0.85,""inputScene"":""waveform"",""maxBufferedBytes"":262144,""mode"":""stream"",""outputQuality"":80,""prompt"":""colorful abstract art, vibrant neon lights, psychedelic patterns"",""recordServerCounters"":true,""requireQueueTiming"":true,""seconds"":60,""seed"":42,""sendFps"":60,""server"":""https://9vj8k6guaxsbhw-3001.proxy.runpod.net"",""serverConfig"":{""activeWorkers"":1,""benchmarkVariant"":""baseline"",""maxOutboundBytes"":1048576,""maxPending"":3},""steps"":2,""telemetryEveryMs"":0,""warmupFrames"":20,""width"":768}","{""bytesReceived"":28499335,""bytesSent"":62287432,""compileDuringMeasurement"":false,""decodeErrors"":0,""decodeSkips"":5,""decodedDrawn"":830,""encodeSkips"":34,""errors"":[""Worker 0 had an output gap over two seconds or was not ready at completion""],""maxBufferedBytes"":279822,""received"":835,""sendBufferSkips"":125,""sendErrors"":0,""sent"":3590,""telemetryErrors"":0}","{""after"":{""clientAtMs"":12815979.399999976,""stats"":{""benchmarkBudgetMaxBytes"":1048576,""benchmarkBudgetMinBytes"":1048576,""benchmarkOutboundMaxBytes"":0,""channelBufferedAmount"":0,""channelState"":""open"",""droppedByWorker"":2,""droppedInbound"":9723,""droppedOutbound"":0,""eventLoopChecks"":1554,""eventLoopLagMs"":1,""eventLoopLagTotal"":1154,""framesFromClient"":25863,""framesFromWorker"":16138,""framesToClient"":16132,""framesToWorker"":16140,""lastClientFrameAt"":1789652560725,""lastSentToClientAt"":1789652560912,""lastWorkerFrameAt"":1789652560912,""outboundBudgetBytes"":1048576,""startedAt"":1789651782929}},""before"":{""clientAtMs"":12755521.200000048,""serverTimeMs"":1789652500704,""stats"":{""benchmarkBudgetMaxBytes"":0,""benchmarkBudgetMinBytes"":null,""benchmarkOutboundMaxBytes"":0,""channelBufferedAmount"":0,""channelState"":""open"",""droppedByWorker"":2,""droppedInbound"":6972,""droppedOutbound"":0,""eventLoopChecks"":1433,""eventLoopLagMs"":1,""eventLoopLagTotal"":1108,""framesFromClient"":22273,""framesFromWorker"":15299,""framesToClient"":15293,""framesToWorker"":15301,""lastClientFrameAt"":1789652498334,""lastSentToClientAt"":1789652498527,""lastWorkerFrameAt"":1789652498527,""outboundBudgetBytes"":1048576,""startedAt"":1789651782929}},""deltas"":{""droppedByWorker"":0,""droppedInbound"":2751,""droppedOutbound"":0,""framesFromClient"":3590,""framesFromWorker"":839,""framesToClient"":839,""framesToWorker"":839},""interval"":""server snapshots bracket the client timed window and may include final in-flight work""}","[{""currentRoundTripTime"":0.019,""localCandidate"":""srflx"",""remoteCandidate"":""srflx""}]","[{""clock"":""wall-clock"",""variant"":""baseline"",""worker"":0}]",measured,failed,failed,"{""artifact"":""browser-scaling-idle-fixed/scaling-768x448-active1-r0.json"",""sha256"":""bb49a90b5049aa21ddba35a0a3b9d9b245f6995be8200ebc1eaf4f46f6f6308c"",""raw_status"":""invalid"",""measurement_status"":""measured"",""continuity_status"":""failed"",""validation_status"":""failed"",""threshold_ms"":2000,""failing_workers"":[{""worker"":0,""client_observed_stat_arrival_gap_ms"":3216.5}],""reason"":""Only the old combined continuity/health guard failed. All requested workers were ready; no compile/decode/send errors; rate arithmetic and required counts reconciled. Retain measured performance with failed continuity. This is not evidence of a GPU processing stall or eligibility for promotion.""}"
browser-scaling-idle-fixed/scaling-768x448-active1-r1.json,d1134f51fa54899d84d107e059d274af75a0e155accaac759bc2820ff6626f83,measured,,768,448,2,0.85,80,stream,baseline,1,3,13.732188984251312,13.532205649529203,60.005,295.10000002384186,430.6349999845024,848.524000021218,143.12435,73.23,8.355679160069993,3.741874043829681,824,812,12,41,95,0,browser receive/decode/offscreen 2D draw; excludes application upscaler/projector and audio capture,correlated by echoed frame ID; measured on client clock,"{""alpha"":0.1,""channelOptions"":{},""frameIds"":true,""height"":448,""inputQuality"":0.85,""inputScene"":""waveform"",""maxBufferedBytes"":262144,""mode"":""stream"",""outputQuality"":80,""prompt"":""colorful abstract art, vibrant neon lights, psychedelic patterns"",""recordServerCounters"":true,""requireQueueTiming"":true,""seconds"":60,""seed"":42,""sendFps"":60,""server"":""https://9vj8k6guaxsbhw-3001.proxy.runpod.net"",""serverConfig"":{""activeWorkers"":1,""benchmarkVariant"":""baseline"",""maxOutboundBytes"":1048576,""maxPending"":3},""steps"":2,""telemetryEveryMs"":0,""warmupFrames"":20,""width"":768}","{""bytesReceived"":28066394,""bytesSent"":62672816,""compileDuringMeasurement"":false,""decodeErrors"":0,""decodeSkips"":12,""decodedDrawn"":812,""encodeSkips"":41,""errors"":[],""maxBufferedBytes"":278343,""received"":824,""sendBufferSkips"":95,""sendErrors"":0,""sent"":3612,""telemetryErrors"":0}","{""after"":{""clientAtMs"":12967759.299999952,""stats"":{""benchmarkBudgetMaxBytes"":1048576,""benchmarkBudgetMinBytes"":1048576,""benchmarkOutboundMaxBytes"":0,""channelBufferedAmount"":0,""channelState"":""open"",""droppedByWorker"":2,""droppedInbound"":13899,""droppedOutbound"":0,""eventLoopChecks"":1857,""eventLoopLagMs"":0,""eventLoopLagTotal"":1230,""framesFromClient"":32270,""framesFromWorker"":18369,""framesToClient"":18363,""framesToWorker"":18371,""lastClientFrameAt"":1789652712494,""lastSentToClientAt"":1789652712684,""lastWorkerFrameAt"":1789652712684,""outboundBudgetBytes"":1048576,""startedAt"":1789651782929}},""before"":{""clientAtMs"":12907290.100000024,""serverTimeMs"":1789652652471,""stats"":{""benchmarkBudgetMaxBytes"":0,""benchmarkBudgetMinBytes"":null,""benchmarkOutboundMaxBytes"":0,""channelBufferedAmount"":0,""channelState"":""open"",""droppedByWorker"":2,""droppedInbound"":11115,""droppedOutbound"":0,""eventLoopChecks"":1737,""eventLoopLagMs"":1,""eventLoopLagTotal"":1213,""framesFromClient"":28658,""framesFromWorker"":17541,""framesToClient"":17535,""framesToWorker"":17543,""lastClientFrameAt"":1789652650058,""lastSentToClientAt"":1789652650259,""lastWorkerFrameAt"":1789652650259,""outboundBudgetBytes"":1048576,""startedAt"":1789651782929}},""deltas"":{""droppedByWorker"":0,""droppedInbound"":2784,""droppedOutbound"":0,""framesFromClient"":3612,""framesFromWorker"":828,""framesToClient"":828,""framesToWorker"":828},""interval"":""server snapshots bracket the client timed window and may include final in-flight work""}","[{""currentRoundTripTime"":0.023,""localCandidate"":""srflx"",""remoteCandidate"":""srflx""}]","[{""clock"":""wall-clock"",""variant"":""baseline"",""worker"":0}]",measured,,,{}
browser-scaling-idle-fixed/scaling-768x448-active1-r2.json,20b9c5bda41ef7db84c2252b9330bbe5e25b55f4f71df4564ea6d1b2c963abd0,measured,,768,448,2,0.85,80,stream,baseline,1,3,13.865603637048984,13.81560747008847,60.00460000002384,294.1999999284744,309.80000002384185,804.3680000066838,142.6419,72.3745,8.550186219053142,3.7801676538117057,832,829,3,36,17,0,browser receive/decode/offscreen 2D draw; excludes application upscaler/projector and audio capture,correlated by echoed frame ID; measured on client clock,"{""alpha"":0.1,""channelOptions"":{},""frameIds"":true,""height"":448,""inputQuality"":0.85,""inputScene"":""waveform"",""maxBufferedBytes"":262144,""mode"":""stream"",""outputQuality"":80,""prompt"":""colorful abstract art, vibrant neon lights, psychedelic patterns"",""recordServerCounters"":true,""requireQueueTiming"":true,""seconds"":60,""seed"":42,""sendFps"":60,""server"":""https://9vj8k6guaxsbhw-3001.proxy.runpod.net"",""serverConfig"":{""activeWorkers"":1,""benchmarkVariant"":""baseline"",""maxOutboundBytes"":1048576,""maxPending"":3},""steps"":2,""telemetryEveryMs"":0,""warmupFrames"":20,""width"":768}","{""bytesReceived"":28353431,""bytesSent"":64131313,""compileDuringMeasurement"":false,""decodeErrors"":0,""decodeSkips"":3,""decodedDrawn"":829,""encodeSkips"":36,""errors"":[],""maxBufferedBytes"":278369,""received"":832,""sendBufferSkips"":17,""sendErrors"":0,""sent"":3696,""telemetryErrors"":0}","{""after"":{""clientAtMs"":13119684.899999976,""stats"":{""benchmarkBudgetMaxBytes"":1048576,""benchmarkBudgetMinBytes"":1048576,""benchmarkOutboundMaxBytes"":0,""channelBufferedAmount"":0,""channelState"":""open"",""droppedByWorker"":2,""droppedInbound"":18874,""droppedOutbound"":0,""eventLoopChecks"":2161,""eventLoopLagMs"":0,""eventLoopLagTotal"":1287,""framesFromClient"":39793,""framesFromWorker"":20915,""framesToClient"":20905,""framesToWorker"":20919,""lastClientFrameAt"":1789652864825,""lastSentToClientAt"":1789652864850,""lastWorkerFrameAt"":1789652864850,""outboundBudgetBytes"":1048576,""startedAt"":1789651782929}},""before"":{""clientAtMs"":13059614.200000048,""serverTimeMs"":1789652804796,""stats"":{""benchmarkBudgetMaxBytes"":0,""benchmarkBudgetMinBytes"":null,""benchmarkOutboundMaxBytes"":0,""channelBufferedAmount"":0,""channelState"":""open"",""droppedByWorker"":2,""droppedInbound"":16014,""droppedOutbound"":0,""eventLoopChecks"":2041,""eventLoopLagMs"":1,""eventLoopLagTotal"":1276,""framesFromClient"":36097,""framesFromWorker"":20081,""framesToClient"":20071,""framesToWorker"":20083,""lastClientFrameAt"":1789652802444,""lastSentToClientAt"":1789652802626,""lastWorkerFrameAt"":1789652802625,""outboundBudgetBytes"":1048576,""startedAt"":1789651782929}},""deltas"":{""droppedByWorker"":0,""droppedInbound"":2860,""droppedOutbound"":0,""framesFromClient"":3696,""framesFromWorker"":834,""framesToClient"":834,""framesToWorker"":836},""interval"":""server snapshots bracket the client timed window and may include final in-flight work""}","[{""currentRoundTripTime"":0.019,""localCandidate"":""srflx"",""remoteCandidate"":""srflx""}]","[{""clock"":""wall-clock"",""variant"":""baseline"",""worker"":0}]",measured,,,{}
browser-scaling-idle-fixed/scaling-768x448-active2-r0.json,1e6f237cab2b1c68bbc6aaeb33a15c8c2f1bfc6466367f057846c3b5570fa8d3,measured,,768,448,2,0.85,80,stream,baseline,2,3,22.415359104052264,21.898722574516487,60.0035,284.7999999523163,1229.0799999296662,2849.9709999823403,144.6056,76.794,6.1071058854900135,6.098539718516419,1345,1314,31,57,1044,0,browser receive/decode/offscreen 2D draw; excludes application upscaler/projector and audio capture,correlated by echoed frame ID; measured on client clock,"{""alpha"":0.1,""channelOptions"":{},""frameIds"":true,""height"":448,""inputQuality"":0.85,""inputScene"":""waveform"",""maxBufferedBytes"":262144,""mode"":""stream"",""outputQuality"":80,""prompt"":""colorful abstract art, vibrant neon lights, psychedelic patterns"",""recordServerCounters"":true,""requireQueueTiming"":true,""seconds"":60,""seed"":42,""sendFps"":60,""server"":""https://9vj8k6guaxsbhw-3001.proxy.runpod.net"",""serverConfig"":{""activeWorkers"":2,""benchmarkVariant"":""baseline"",""maxOutboundBytes"":1048576,""maxPending"":3},""steps"":2,""telemetryEveryMs"":0,""warmupFrames"":20,""width"":768}","{""bytesReceived"":45741716,""bytesSent"":45805966,""compileDuringMeasurement"":false,""decodeErrors"":0,""decodeSkips"":31,""decodedDrawn"":1314,""encodeSkips"":57,""errors"":[],""maxBufferedBytes"":279307,""received"":1345,""sendBufferSkips"":1044,""sendErrors"":0,""sent"":2640,""telemetryErrors"":0}","{""after"":{""clientAtMs"":12891275.799999952,""stats"":{""benchmarkBudgetMaxBytes"":1048576,""benchmarkBudgetMinBytes"":1048576,""benchmarkOutboundMaxBytes"":0,""channelBufferedAmount"":0,""channelState"":""open"",""droppedByWorker"":2,""droppedInbound"":11041,""droppedOutbound"":0,""eventLoopChecks"":1705,""eventLoopLagMs"":1,""eventLoopLagTotal"":1198,""framesFromClient"":28560,""framesFromWorker"":17517,""framesToClient"":17511,""framesToWorker"":17519,""lastClientFrameAt"":1789652636239,""lastSentToClientAt"":1789652636434,""lastWorkerFrameAt"":1789652636434,""outboundBudgetBytes"":1048576,""startedAt"":1789651782929}},""before"":{""clientAtMs"":12831035.100000024,""serverTimeMs"":1789652576215,""stats"":{""benchmarkBudgetMaxBytes"":0,""benchmarkBudgetMinBytes"":null,""benchmarkOutboundMaxBytes"":0,""channelBufferedAmount"":0,""channelState"":""open"",""droppedByWorker"":2,""droppedInbound"":9753,""droppedOutbound"":0,""eventLoopChecks"":1584,""eventLoopLagMs"":1,""eventLoopLagTotal"":1167,""framesFromClient"":25920,""framesFromWorker"":16165,""framesToClient"":16159,""framesToWorker"":16167,""lastClientFrameAt"":1789652573859,""lastSentToClientAt"":1789652574065,""lastWorkerFrameAt"":1789652574065,""outboundBudgetBytes"":1048576,""startedAt"":1789651782929}},""deltas"":{""droppedByWorker"":0,""droppedInbound"":1288,""droppedOutbound"":0,""framesFromClient"":2640,""framesFromWorker"":1352,""framesToClient"":1352,""framesToWorker"":1352},""interval"":""server snapshots bracket the client timed window and may include final in-flight work""}","[{""currentRoundTripTime"":0.022,""localCandidate"":""srflx"",""remoteCandidate"":""srflx""}]","[{""clock"":""wall-clock"",""variant"":""baseline"",""worker"":1},{""clock"":""wall-clock"",""variant"":""baseline"",""worker"":0}]",measured,,,{}
browser-scaling-idle-fixed/scaling-768x448-active2-r1.json,75c6ed2e51d21fa054785da7367087a85fb2a44be9830de0a63613348ff278ae,measured,,768,448,2,0.85,80,stream,baseline,2,3,27.5646452593586,26.814700255325263,60.00439999997616,277.10000002384186,309.99999997615805,473.9680000019074,144.09635,74.78699999999999,8.492166041160356,7.509242255570909,1654,1609,44,42,35,0,browser receive/decode/offscreen 2D draw; excludes application upscaler/projector and audio capture,correlated by echoed frame ID; measured on client clock,"{""alpha"":0.1,""channelOptions"":{},""frameIds"":true,""height"":448,""inputQuality"":0.85,""inputScene"":""waveform"",""maxBufferedBytes"":262144,""mode"":""stream"",""outputQuality"":80,""prompt"":""colorful abstract art, vibrant neon lights, psychedelic patterns"",""recordServerCounters"":true,""requireQueueTiming"":true,""seconds"":60,""seed"":42,""sendFps"":60,""server"":""https://9vj8k6guaxsbhw-3001.proxy.runpod.net"",""serverConfig"":{""activeWorkers"":2,""benchmarkVariant"":""baseline"",""maxOutboundBytes"":1048576,""maxPending"":3},""steps"":2,""telemetryEveryMs"":0,""warmupFrames"":20,""width"":768}","{""bytesReceived"":56323447,""bytesSent"":63695916,""compileDuringMeasurement"":false,""decodeErrors"":0,""decodeSkips"":44,""decodedDrawn"":1609,""encodeSkips"":42,""errors"":[],""maxBufferedBytes"":276467,""received"":1654,""sendBufferSkips"":35,""sendErrors"":0,""sent"":3671,""telemetryErrors"":0}","{""after"":{""clientAtMs"":13043885,""stats"":{""benchmarkBudgetMaxBytes"":1048576,""benchmarkBudgetMinBytes"":1048576,""benchmarkOutboundMaxBytes"":0,""channelBufferedAmount"":0,""channelState"":""open"",""droppedByWorker"":2,""droppedInbound"":15939,""droppedOutbound"":0,""eventLoopChecks"":2010,""eventLoopLagMs"":0,""eventLoopLagTotal"":1263,""framesFromClient"":35998,""framesFromWorker"":20053,""framesToClient"":20047,""framesToWorker"":20059,""lastClientFrameAt"":1789652789015,""lastSentToClientAt"":1789652789059,""lastWorkerFrameAt"":1789652789059,""outboundBudgetBytes"":1048576,""startedAt"":1789651782929}},""before"":{""clientAtMs"":12983814,""serverTimeMs"":1789652728995,""stats"":{""benchmarkBudgetMaxBytes"":0,""benchmarkBudgetMinBytes"":null,""benchmarkOutboundMaxBytes"":0,""channelBufferedAmount"":0,""channelState"":""open"",""droppedByWorker"":2,""droppedInbound"":13929,""droppedOutbound"":0,""eventLoopChecks"":1890,""eventLoopLagMs"":1,""eventLoopLagTotal"":1246,""framesFromClient"":32327,""framesFromWorker"":18396,""framesToClient"":18390,""framesToWorker"":18398,""lastClientFrameAt"":1789652726195,""lastSentToClientAt"":1789652726395,""lastWorkerFrameAt"":1789652726395,""outboundBudgetBytes"":1048576,""startedAt"":1789651782929}},""deltas"":{""droppedByWorker"":0,""droppedInbound"":2010,""droppedOutbound"":0,""framesFromClient"":3671,""framesFromWorker"":1657,""framesToClient"":1657,""framesToWorker"":1661},""interval"":""server snapshots bracket the client timed window and may include final in-flight work""}","[{""currentRoundTripTime"":0.021,""localCandidate"":""srflx"",""remoteCandidate"":""srflx""}]","[{""clock"":""wall-clock"",""variant"":""baseline"",""worker"":1},{""clock"":""wall-clock"",""variant"":""baseline"",""worker"":0}]",measured,,,{}
browser-scaling-idle-fixed/scaling-768x448-active2-r2.json,8f260abb45cd5d21dece4e307ccb568419b6a2494db997ee14699dde2dedec24,measured,,768,448,2,0.85,80,stream,baseline,2,3,27.614963743880512,26.365040822461665,60.00370000004769,270.6999999284744,721.4499999999962,1901.747000038625,143.682,74.744,8.53188933348432,7.519643755295781,1657,1582,74,55,5,0,browser receive/decode/offscreen 2D draw; excludes application upscaler/projector and audio capture,correlated by echoed frame ID; measured on client clock,"{""alpha"":0.1,""channelOptions"":{},""frameIds"":true,""height"":448,""inputQuality"":0.85,""inputScene"":""waveform"",""maxBufferedBytes"":262144,""mode"":""stream"",""outputQuality"":80,""prompt"":""colorful abstract art, vibrant neon lights, psychedelic patterns"",""recordServerCounters"":true,""requireQueueTiming"":true,""seconds"":60,""seed"":42,""sendFps"":60,""server"":""https://9vj8k6guaxsbhw-3001.proxy.runpod.net"",""serverConfig"":{""activeWorkers"":2,""benchmarkVariant"":""baseline"",""maxOutboundBytes"":1048576,""maxPending"":3},""steps"":2,""telemetryEveryMs"":0,""warmupFrames"":20,""width"":768}","{""bytesReceived"":56400806,""bytesSent"":63993116,""compileDuringMeasurement"":false,""decodeErrors"":0,""decodeSkips"":74,""decodedDrawn"":1582,""encodeSkips"":55,""errors"":[],""maxBufferedBytes"":267006,""received"":1657,""sendBufferSkips"":5,""sendErrors"":0,""sent"":3688,""telemetryErrors"":0}","{""after"":{""clientAtMs"":13195001.5,""stats"":{""benchmarkBudgetMaxBytes"":1048576,""benchmarkBudgetMinBytes"":1048576,""benchmarkOutboundMaxBytes"":0,""channelBufferedAmount"":0,""channelState"":""open"",""droppedByWorker"":2,""droppedInbound"":20926,""droppedOutbound"":0,""eventLoopChecks"":2312,""eventLoopLagMs"":0,""eventLoopLagTotal"":1312,""framesFromClient"":43536,""framesFromWorker"":22607,""framesToClient"":22595,""framesToWorker"":22610,""lastClientFrameAt"":1789652940022,""lastSentToClientAt"":1789652940176,""lastWorkerFrameAt"":1789652940176,""outboundBudgetBytes"":1048576,""startedAt"":1789651782929}},""before"":{""clientAtMs"":13134822.399999976,""serverTimeMs"":1789652880004,""stats"":{""benchmarkBudgetMaxBytes"":0,""benchmarkBudgetMinBytes"":null,""benchmarkOutboundMaxBytes"":0,""channelBufferedAmount"":0,""channelState"":""open"",""droppedByWorker"":2,""droppedInbound"":18901,""droppedOutbound"":0,""eventLoopChecks"":2192,""eventLoopLagMs"":1,""eventLoopLagTotal"":1300,""framesFromClient"":39848,""framesFromWorker"":20945,""framesToClient"":20933,""framesToWorker"":20947,""lastClientFrameAt"":1789652877606,""lastSentToClientAt"":1789652877822,""lastWorkerFrameAt"":1789652877822,""outboundBudgetBytes"":1048576,""startedAt"":1789651782929}},""deltas"":{""droppedByWorker"":0,""droppedInbound"":2025,""droppedOutbound"":0,""framesFromClient"":3688,""framesFromWorker"":1662,""framesToClient"":1662,""framesToWorker"":1663},""interval"":""server snapshots bracket the client timed window and may include final in-flight work""}","[{""currentRoundTripTime"":0.021,""localCandidate"":""srflx"",""remoteCandidate"":""srflx""}]","[{""clock"":""wall-clock"",""variant"":""baseline"",""worker"":1},{""clock"":""wall-clock"",""variant"":""baseline"",""worker"":0}]",measured,,,{}
browser-wrtc010/combined-1024x576.json,7ba1decc19d629904cb8ae3a0cf20816a38a5a2dddad394c9d0eb535f99c2d4f,measured,,1024,576,2,0.85,60,stream,,,2,8.182924187123977,8.182924187123977,60.003,311.89999997615814,350.1500000357628,357.03999999761584,,125.715,3.3663972801359936,1.200417179141043,491,491,0,5,818,,browser receive/decode/offscreen 2D draw; excludes application upscaler/projector and audio capture,correlated by echoed frame ID; measured on client clock,"{""alpha"":0.1,""channelOptions"":{},""frameIds"":true,""height"":576,""inputQuality"":0.85,""maxBufferedBytes"":16384,""mode"":""stream"",""outputQuality"":60,""prompt"":""colorful abstract art, vibrant neon lights, psychedelic patterns"",""seconds"":60,""seed"":42,""sendFps"":30,""server"":""https://0pxb4bss2jmbhg-3001.proxy.runpod.net"",""serverConfig"":{""maxOutboundBytes"":65536,""maxPending"":2},""steps"":2,""telemetryEveryMs"":0,""warmupFrames"":20,""width"":1024}","{""bytesReceived"":9003579,""bytesSent"":25249242,""compileDuringMeasurement"":false,""decodeErrors"":0,""decodeSkips"":0,""decodedDrawn"":491,""encodeSkips"":5,""errors"":[],""maxBufferedBytes"":26117,""received"":491,""sendBufferSkips"":818,""sendErrors"":0,""sent"":994,""telemetryErrors"":0}",{},"[{""currentRoundTripTime"":0.02,""localCandidate"":""srflx"",""remoteCandidate"":""srflx""}]",null,measured,,,{}
browser-wrtc010/combined-768x448.json,03748e9a6d3c5e6a8d270dc6c13d45537dc2527e6d87354f2d94a56744068fbf,measured,,768,448,2,0.85,60,stream,,,2,13.833033617588464,13.833033617588464,60.00130000007152,205.8499999642372,234.7099999845028,245.60000002384183,,78.7885,2.91247716299133,2.590612936716616,830,830,0,2,556,,browser receive/decode/offscreen 2D draw; excludes application upscaler/projector and audio capture,correlated by echoed frame ID; measured on client clock,"{""alpha"":0.1,""channelOptions"":{},""frameIds"":true,""height"":448,""inputQuality"":0.85,""maxBufferedBytes"":16384,""mode"":""stream"",""outputQuality"":60,""prompt"":""colorful abstract art, vibrant neon lights, psychedelic patterns"",""seconds"":60,""seed"":42,""sendFps"":30,""server"":""https://0pxb4bss2jmbhg-3001.proxy.runpod.net"",""serverConfig"":{""maxOutboundBytes"":65536,""maxPending"":2},""steps"":2,""telemetryEveryMs"":0,""warmupFrames"":20,""width"":768}","{""bytesReceived"":19430018,""bytesSent"":21844052,""compileDuringMeasurement"":false,""decodeErrors"":0,""decodeSkips"":0,""decodedDrawn"":830,""encodeSkips"":2,""errors"":[],""maxBufferedBytes"":17902,""received"":830,""sendBufferSkips"":556,""sendErrors"":0,""sent"":1259,""telemetryErrors"":0}",{},"[{""currentRoundTripTime"":0.018,""localCandidate"":""srflx"",""remoteCandidate"":""srflx""}]",null,measured,,,{}
browser-wrtc010/confirm-baseline-r0.json,89b441530c0737fc2c7d13d460ea163980e1a8417cbf7b629658913732880255,measured,,512,288,2,0.85,80,stream,,,3,27.215623401070513,26.565648316782852,60.00230000007153,165.3500000834465,307.9799999535083,518.8999999761581,,48.371999999999986,4.939125466851216,9.061442911344262,1633,1594,39,22,0,,browser receive/decode/offscreen 2D draw; excludes application upscaler/projector and audio capture,correlated by echoed frame ID; measured on client clock,"{""alpha"":0.1,""channelOptions"":{},""frameIds"":true,""height"":288,""inputQuality"":0.85,""maxBufferedBytes"":262144,""mode"":""stream"",""outputQuality"":80,""prompt"":""colorful abstract art, vibrant neon lights, psychedelic patterns"",""seconds"":60,""seed"":42,""sendFps"":60,""server"":""https://0pxb4bss2jmbhg-3001.proxy.runpod.net"",""serverConfig"":{""maxOutboundBytes"":1048576,""maxPending"":3},""steps"":2,""telemetryEveryMs"":0,""warmupFrames"":20,""width"":512}","{""bytesReceived"":67963427,""bytesSent"":37044861,""compileDuringMeasurement"":false,""decodeErrors"":0,""decodeSkips"":39,""decodedDrawn"":1594,""encodeSkips"":22,""errors"":[],""maxBufferedBytes"":128559,""received"":1633,""sendBufferSkips"":0,""sendErrors"":0,""sent"":3726,""telemetryErrors"":0}",{},"[{""currentRoundTripTime"":0.019,""localCandidate"":""srflx"",""remoteCandidate"":""srflx""}]",null,measured,,,{}
browser-wrtc010/confirm-baseline-r1.json,97073a18173294ed9ab2c6b639a66b634975c45fe7a00ffe04deb9a91764dde4,measured,,512,288,2,0.85,80,stream,,,3,26.64871197893161,26.498719228581148,60.00289999997616,158.5,202.55500001311304,232.31100007414815,,55.55099999999999,4.925960178593326,8.876250047917878,1599,1590,9,32,0,,browser receive/decode/offscreen 2D draw; excludes application upscaler/projector and audio capture,correlated by echoed frame ID; measured on client clock,"{""alpha"":0.1,""channelOptions"":{},""frameIds"":true,""height"":288,""inputQuality"":0.85,""maxBufferedBytes"":262144,""mode"":""stream"",""outputQuality"":80,""prompt"":""colorful abstract art, vibrant neon lights, psychedelic patterns"",""seconds"":60,""seed"":42,""sendFps"":60,""server"":""https://0pxb4bss2jmbhg-3001.proxy.runpod.net"",""serverConfig"":{""maxOutboundBytes"":1048576,""maxPending"":3},""steps"":2,""telemetryEveryMs"":0,""warmupFrames"":20,""width"":512}","{""bytesReceived"":66575093,""bytesSent"":36946487,""compileDuringMeasurement"":false,""decodeErrors"":0,""decodeSkips"":9,""decodedDrawn"":1590,""encodeSkips"":32,""errors"":[],""maxBufferedBytes"":20449,""received"":1599,""sendBufferSkips"":0,""sendErrors"":0,""sent"":3716,""telemetryErrors"":0}",{},"[{""currentRoundTripTime"":0.018,""localCandidate"":""srflx"",""remoteCandidate"":""srflx""}]",null,measured,,,{}
browser-wrtc010/confirm-baseline-r2.json,35d405dc183b5ef6524ee53864be17c517630cc62d06d426d26147b9ad6d7941,measured,,512,288,2,0.85,80,stream,,,3,24.67954913582859,24.146297567735065,60.00919999992848,159.60000002384186,997.219999957072,2306.1640000486373,,47.17,4.2560720689545,8.219422488561552,1481,1449,32,102,434,,browser receive/decode/offscreen 2D draw; excludes application upscaler/projector and audio capture,correlated by echoed frame ID; measured on client clock,"{""alpha"":0.1,""channelOptions"":{},""frameIds"":true,""height"":288,""inputQuality"":0.85,""maxBufferedBytes"":262144,""mode"":""stream"",""outputQuality"":80,""prompt"":""colorful abstract art, vibrant neon lights, psychedelic patterns"",""seconds"":60,""seed"":42,""sendFps"":60,""server"":""https://0pxb4bss2jmbhg-3001.proxy.runpod.net"",""serverConfig"":{""maxOutboundBytes"":1048576,""maxPending"":3},""steps"":2,""telemetryEveryMs"":0,""warmupFrames"":20,""width"":512}","{""bytesReceived"":61655121,""bytesSent"":31925435,""compileDuringMeasurement"":false,""decodeErrors"":0,""decodeSkips"":32,""decodedDrawn"":1449,""encodeSkips"":102,""errors"":[],""maxBufferedBytes"":271998,""received"":1481,""sendBufferSkips"":434,""sendErrors"":0,""sent"":3211,""telemetryErrors"":0}",{},"[{""currentRoundTripTime"":0.019,""localCandidate"":""srflx"",""remoteCandidate"":""srflx""}]",null,measured,,,{}
browser-wrtc010/confirm-combination-r0.json,99f53fe19ab416286eb81940bdd58f8b0e3d47458381b7911bf9413d3565fcbc,measured,,512,288,2,0.85,60,stream,,,2,25.19962200567993,24.732962338908077,60.00089999997616,120.29999995231628,164.24999997615805,354.2650000000003,,53.9615,2.327936680950711,5.758515888930622,1512,1484,28,3,59,,browser receive/decode/offscreen 2D draw; excludes application upscaler/projector and audio capture,correlated by echoed frame ID; measured on client clock,"{""alpha"":0.1,""channelOptions"":{},""frameIds"":true,""height"":288,""inputQuality"":0.85,""maxBufferedBytes"":16384,""mode"":""stream"",""outputQuality"":60,""prompt"":""colorful abstract art, vibrant neon lights, psychedelic patterns"",""seconds"":60,""seed"":42,""sendFps"":30,""server"":""https://0pxb4bss2jmbhg-3001.proxy.runpod.net"",""serverConfig"":{""maxOutboundBytes"":65536,""maxPending"":2},""steps"":2,""telemetryEveryMs"":0,""warmupFrames"":20,""width"":512}","{""bytesReceived"":43189517,""bytesSent"":17459787,""compileDuringMeasurement"":false,""decodeErrors"":0,""decodeSkips"":28,""decodedDrawn"":1484,""encodeSkips"":3,""errors"":[],""maxBufferedBytes"":20347,""received"":1512,""sendBufferSkips"":59,""sendErrors"":0,""sent"":1756,""telemetryErrors"":0}",{},"[{""currentRoundTripTime"":0.018,""localCandidate"":""srflx"",""remoteCandidate"":""srflx""}]",null,measured,,,{}
browser-wrtc010/confirm-combination-r1.json,56e3186377216c157130df5e1fe10bfbb88f2b67476ca88ff4f1317d08b40536,measured,,512,288,2,0.85,60,stream,,,2,23.666193342781003,23.132870675901433,60.00120000004768,127.04999995231628,257.2000000238413,417.4150000715214,,47.74849999999999,2.111767764643029,5.408003439926904,1420,1388,32,3,222,,browser receive/decode/offscreen 2D draw; excludes application upscaler/projector and audio capture,correlated by echoed frame ID; measured on client clock,"{""alpha"":0.1,""channelOptions"":{},""frameIds"":true,""height"":288,""inputQuality"":0.85,""maxBufferedBytes"":16384,""mode"":""stream"",""outputQuality"":60,""prompt"":""colorful abstract art, vibrant neon lights, psychedelic patterns"",""seconds"":60,""seed"":42,""sendFps"":30,""server"":""https://0pxb4bss2jmbhg-3001.proxy.runpod.net"",""serverConfig"":{""maxOutboundBytes"":65536,""maxPending"":2},""steps"":2,""telemetryEveryMs"":0,""warmupFrames"":20,""width"":512}","{""bytesReceived"":40560837,""bytesSent"":15838575,""compileDuringMeasurement"":false,""decodeErrors"":0,""decodeSkips"":32,""decodedDrawn"":1388,""encodeSkips"":3,""errors"":[],""maxBufferedBytes"":20424,""received"":1420,""sendBufferSkips"":222,""sendErrors"":0,""sent"":1593,""telemetryErrors"":0}",{},"[{""currentRoundTripTime"":0.059,""localCandidate"":""srflx"",""remoteCandidate"":""srflx""}]",null,measured,,,{}
browser-wrtc010/confirm-combination-r2.json,452ca2ccfc76b528960b951ceab03a1bb692f98114d11dc8991f74e409fa8e35,measured,,512,288,2,0.85,60,stream,,,2,26.14952059216404,25.749527925362298,60.00109999990463,119.70000004768372,162.66000003814696,253.18799997329683,,48.339999999999954,2.350392109481729,5.975183788306712,1569,1545,24,1,44,,browser receive/decode/offscreen 2D draw; excludes application upscaler/projector and audio capture,correlated by echoed frame ID; measured on client clock,"{""alpha"":0.1,""channelOptions"":{},""frameIds"":true,""height"":288,""inputQuality"":0.85,""maxBufferedBytes"":16384,""mode"":""stream"",""outputQuality"":60,""prompt"":""colorful abstract art, vibrant neon lights, psychedelic patterns"",""seconds"":60,""seed"":42,""sendFps"":30,""server"":""https://0pxb4bss2jmbhg-3001.proxy.runpod.net"",""serverConfig"":{""maxOutboundBytes"":65536,""maxPending"":2},""steps"":2,""telemetryEveryMs"":0,""warmupFrames"":20,""width"":512}","{""bytesReceived"":44814700,""bytesSent"":17628264,""compileDuringMeasurement"":false,""decodeErrors"":0,""decodeSkips"":24,""decodedDrawn"":1545,""encodeSkips"":1,""errors"":[],""maxBufferedBytes"":20382,""received"":1569,""sendBufferSkips"":44,""sendErrors"":0,""sent"":1773,""telemetryErrors"":0}",{},"[{""currentRoundTripTime"":0.02,""localCandidate"":""srflx"",""remoteCandidate"":""srflx""}]",null,measured,,,{}
browser-wrtc010/confirm-jpeg60-r0.json,31b4e41546ecf8c4465d2b96055ce41edb483a54ad0f0f51d06c0454c60b3f5a,measured,,512,288,2,0.85,60,stream,,,3,27.06427598892205,26.647646124560563,60.00530000007153,157.39999997615814,201.3099999547005,229.01400000095367,,54.01499999999999,4.916514507879276,6.181295052263014,1624,1599,25,39,0,,browser receive/decode/offscreen 2D draw; excludes application upscaler/projector and audio capture,correlated by echoed frame ID; measured on client clock,"{""alpha"":0.1,""channelOptions"":{},""frameIds"":true,""height"":288,""inputQuality"":0.85,""maxBufferedBytes"":262144,""mode"":""stream"",""outputQuality"":60,""prompt"":""colorful abstract art, vibrant neon lights, psychedelic patterns"",""seconds"":60,""seed"":42,""sendFps"":60,""server"":""https://0pxb4bss2jmbhg-3001.proxy.runpod.net"",""serverConfig"":{""maxOutboundBytes"":1048576,""maxPending"":3},""steps"":2,""telemetryEveryMs"":0,""warmupFrames"":20,""width"":512}","{""bytesReceived"":46363808,""bytesSent"":36877116,""compileDuringMeasurement"":false,""decodeErrors"":0,""decodeSkips"":25,""decodedDrawn"":1599,""encodeSkips"":39,""errors"":[],""maxBufferedBytes"":29413,""received"":1624,""sendBufferSkips"":0,""sendErrors"":0,""sent"":3709,""telemetryErrors"":0}",{},"[{""currentRoundTripTime"":0.021,""localCandidate"":""srflx"",""remoteCandidate"":""srflx""}]",null,measured,,,{}
browser-wrtc010/confirm-jpeg60-r1.json,f459f0d88eb2653743bbf47ee165d01095899d29daf39620f8515b1520cc471e,measured,,512,288,2,0.85,60,stream,,,3,27.314982242794255,26.79834743527344,60.00369999992847,163.44999998807907,531.0350000560281,1010.1150000000004,,43.335999999999984,4.640787018139414,6.240505568830695,1639,1608,31,51,195,,browser receive/decode/offscreen 2D draw; excludes application upscaler/projector and audio capture,correlated by echoed frame ID; measured on client clock,"{""alpha"":0.1,""channelOptions"":{},""frameIds"":true,""height"":288,""inputQuality"":0.85,""maxBufferedBytes"":262144,""mode"":""stream"",""outputQuality"":60,""prompt"":""colorful abstract art, vibrant neon lights, psychedelic patterns"",""seconds"":60,""seed"":42,""sendFps"":60,""server"":""https://0pxb4bss2jmbhg-3001.proxy.runpod.net"",""serverConfig"":{""maxOutboundBytes"":1048576,""maxPending"":3},""steps"":2,""telemetryEveryMs"":0,""warmupFrames"":20,""width"":512}","{""bytesReceived"":46806678,""bytesSent"":34808049,""compileDuringMeasurement"":false,""decodeErrors"":0,""decodeSkips"":31,""decodedDrawn"":1608,""encodeSkips"":51,""errors"":[],""maxBufferedBytes"":271849,""received"":1639,""sendBufferSkips"":195,""sendErrors"":0,""sent"":3501,""telemetryErrors"":0}",{},"[{""currentRoundTripTime"":0.02,""localCandidate"":""srflx"",""remoteCandidate"":""srflx""}]",null,measured,,,{}
browser-wrtc010/confirm-jpeg60-r2.json,2f152ff383f472bbeb209c934d347c30c606aaa15548a09ac2a1e69543d24768,measured,,512,288,2,0.85,60,stream,,,3,27.54830118807151,26.96500382474271,60.00370000004769,158.10000002384186,197.53000000715252,227.10900000810605,,45.60999999999996,4.815864355027612,6.293479902067704,1653,1618,35,116,0,,browser receive/decode/offscreen 2D draw; excludes application upscaler/projector and audio capture,correlated by echoed frame ID; measured on client clock,"{""alpha"":0.1,""channelOptions"":{},""frameIds"":true,""height"":288,""inputQuality"":0.85,""maxBufferedBytes"":262144,""mode"":""stream"",""outputQuality"":60,""prompt"":""colorful abstract art, vibrant neon lights, psychedelic patterns"",""seconds"":60,""seed"":42,""sendFps"":60,""server"":""https://0pxb4bss2jmbhg-3001.proxy.runpod.net"",""serverConfig"":{""maxOutboundBytes"":1048576,""maxPending"":3},""steps"":2,""telemetryEveryMs"":0,""warmupFrames"":20,""width"":512}","{""bytesReceived"":47204010,""bytesSent"":36121210,""compileDuringMeasurement"":false,""decodeErrors"":0,""decodeSkips"":35,""decodedDrawn"":1618,""encodeSkips"":116,""errors"":[],""maxBufferedBytes"":39859,""received"":1653,""sendBufferSkips"":0,""sendErrors"":0,""sent"":3633,""telemetryErrors"":0}",{},"[{""currentRoundTripTime"":0.019,""localCandidate"":""srflx"",""remoteCandidate"":""srflx""}]",null,measured,,,{}
browser-wrtc010/outbound-128k.json,32630d33d2d4ba294f4811aab786b995bf271cb85a429c1401b8e54cfaa48e2c,measured,,512,288,2,0.85,80,stream,,,3,27.562899737014035,27.296269509811964,30.004100000023843,158.60000002384186,196.4299999833107,229.1279999542236,,40.26499999999999,4.891253128735186,9.181820351211371,827,819,8,26,0,,browser receive/decode/offscreen 2D draw; excludes application upscaler/projector and audio capture,correlated by echoed frame ID; measured on client clock,"{""alpha"":0.1,""channelOptions"":{},""frameIds"":true,""height"":288,""inputQuality"":0.85,""maxBufferedBytes"":262144,""mode"":""stream"",""outputQuality"":80,""prompt"":""colorful abstract art, vibrant neon lights, psychedelic patterns"",""seconds"":30,""seed"":42,""sendFps"":60,""server"":""https://0pxb4bss2jmbhg-3001.proxy.runpod.net"",""serverConfig"":{""maxOutboundBytes"":131072,""maxPending"":3},""steps"":2,""telemetryEveryMs"":0,""warmupFrames"":20,""width"":512}","{""bytesReceived"":34436532,""bytesSent"":18344706,""compileDuringMeasurement"":false,""decodeErrors"":0,""decodeSkips"":8,""decodedDrawn"":819,""encodeSkips"":26,""errors"":[],""maxBufferedBytes"":29661,""received"":827,""sendBufferSkips"":0,""sendErrors"":0,""sent"":1845,""telemetryErrors"":0}",{},"[{""currentRoundTripTime"":0.02,""localCandidate"":""srflx"",""remoteCandidate"":""srflx""}]",null,measured,,,{}
browser-wrtc010/outbound-16k.json,e1e09ac51f0671a57e96864247df7ba9d47acaa768b316d943b1ea896d927ada,measured,,512,288,2,0.85,80,stream,,,3,28.0238986207754,27.890610161223556,30.010100000023844,163.90000009536743,664.8199999570842,791.643999967575,,38.9,4.9062095761054785,9.33176150695191,841,837,4,23,0,,browser receive/decode/offscreen 2D draw; excludes application upscaler/projector and audio capture,correlated by echoed frame ID; measured on client clock,"{""alpha"":0.1,""channelOptions"":{},""frameIds"":true,""height"":288,""inputQuality"":0.85,""maxBufferedBytes"":262144,""mode"":""stream"",""outputQuality"":80,""prompt"":""colorful abstract art, vibrant neon lights, psychedelic patterns"",""seconds"":30,""seed"":42,""sendFps"":60,""server"":""https://0pxb4bss2jmbhg-3001.proxy.runpod.net"",""serverConfig"":{""maxOutboundBytes"":16384,""maxPending"":3},""steps"":2,""telemetryEveryMs"":0,""warmupFrames"":20,""width"":512}","{""bytesReceived"":35005887,""bytesSent"":18404480,""compileDuringMeasurement"":false,""decodeErrors"":0,""decodeSkips"":4,""decodedDrawn"":837,""encodeSkips"":23,""errors"":[],""maxBufferedBytes"":29657,""received"":841,""sendBufferSkips"":0,""sendErrors"":0,""sent"":1851,""telemetryErrors"":0}",{},"[{""currentRoundTripTime"":0.022,""localCandidate"":""srflx"",""remoteCandidate"":""srflx""}]",null,measured,,,{}
browser-wrtc010/outbound-32k.json,a734b9750b4b3db992959c03c8fe49aec2b3abd6a7924c1e04315d7c0c172d62,measured,,512,288,2,0.85,80,stream,,,3,27.72279866986082,27.35627128360064,30.01139999997616,161.19999992847443,196.70000004768372,226.61999993324255,,42.10749999999996,4.905997054456538,9.235344702353778,832,821,11,23,0,,browser receive/decode/offscreen 2D draw; excludes application upscaler/projector and audio capture,correlated by echoed frame ID; measured on client clock,"{""alpha"":0.1,""channelOptions"":{},""frameIds"":true,""height"":288,""inputQuality"":0.85,""maxBufferedBytes"":262144,""mode"":""stream"",""outputQuality"":80,""prompt"":""colorful abstract art, vibrant neon lights, psychedelic patterns"",""seconds"":30,""seed"":42,""sendFps"":60,""server"":""https://0pxb4bss2jmbhg-3001.proxy.runpod.net"",""serverConfig"":{""maxOutboundBytes"":32768,""maxPending"":3},""steps"":2,""telemetryEveryMs"":0,""warmupFrames"":20,""width"":512}","{""bytesReceived"":34645703,""bytesSent"":18404480,""compileDuringMeasurement"":false,""decodeErrors"":0,""decodeSkips"":11,""decodedDrawn"":821,""encodeSkips"":23,""errors"":[],""maxBufferedBytes"":29657,""received"":832,""sendBufferSkips"":0,""sendErrors"":0,""sent"":1851,""telemetryErrors"":0}",{},"[{""currentRoundTripTime"":0.02,""localCandidate"":""srflx"",""remoteCandidate"":""srflx""}]",null,measured,,,{}
browser-wrtc010/outbound-64k.json,f529c197ae8e3d580515468c59b8f4cdbfc05301c749ad892c4a274e7e48fc29,measured,,512,288,2,0.85,80,stream,,,3,27.631307037440003,27.43132170303151,30.002200000047683,158.5,197.5,218.67800001621245,,44.22199999999994,4.888912946376162,9.206066755089994,829,823,6,28,0,,browser receive/decode/offscreen 2D draw; excludes application upscaler/projector and audio capture,correlated by echoed frame ID; measured on client clock,"{""alpha"":0.1,""channelOptions"":{},""frameIds"":true,""height"":288,""inputQuality"":0.85,""maxBufferedBytes"":262144,""mode"":""stream"",""outputQuality"":80,""prompt"":""colorful abstract art, vibrant neon lights, psychedelic patterns"",""seconds"":30,""seed"":42,""sendFps"":60,""server"":""https://0pxb4bss2jmbhg-3001.proxy.runpod.net"",""serverConfig"":{""maxOutboundBytes"":65536,""maxPending"":3},""steps"":2,""telemetryEveryMs"":0,""warmupFrames"":20,""width"":512}","{""bytesReceived"":34525282,""bytesSent"":18334768,""compileDuringMeasurement"":false,""decodeErrors"":0,""decodeSkips"":6,""decodedDrawn"":823,""encodeSkips"":28,""errors"":[],""maxBufferedBytes"":29770,""received"":829,""sendBufferSkips"":0,""sendErrors"":0,""sent"":1844,""telemetryErrors"":0}",{},"[{""currentRoundTripTime"":0.023,""localCandidate"":""srflx"",""remoteCandidate"":""srflx""}]",null,measured,,,{}
browser-wrtc010/pending-1.json,628b8b08828bf9ca5f6c228da9660f3eb22efd84f73a7445c448c7f83bbba96d,measured,,512,288,2,0.85,80,stream,,,1,20.697792235544224,20.53114334475884,30.003199999928473,108.55000001192091,141.32499995827675,161.0849999725819,,49.08,4.780541008970442,6.890832977832128,621,616,5,69,0,,browser receive/decode/offscreen 2D draw; excludes application upscaler/projector and audio capture,correlated by echoed frame ID; measured on client clock,"{""alpha"":0.1,""channelOptions"":{},""frameIds"":true,""height"":288,""inputQuality"":0.85,""maxBufferedBytes"":262144,""mode"":""stream"",""outputQuality"":80,""prompt"":""colorful abstract art, vibrant neon lights, psychedelic patterns"",""seconds"":30,""seed"":42,""sendFps"":60,""server"":""https://0pxb4bss2jmbhg-3001.proxy.runpod.net"",""serverConfig"":{""maxOutboundBytes"":1048576,""maxPending"":1},""steps"":2,""telemetryEveryMs"":0,""warmupFrames"":20,""width"":512}","{""bytesReceived"":25843380,""bytesSent"":17928941,""compileDuringMeasurement"":false,""decodeErrors"":0,""decodeSkips"":5,""decodedDrawn"":616,""encodeSkips"":69,""errors"":[],""maxBufferedBytes"":29779,""received"":621,""sendBufferSkips"":0,""sendErrors"":0,""sent"":1803,""telemetryErrors"":0}",{},"[{""currentRoundTripTime"":0.02,""localCandidate"":""srflx"",""remoteCandidate"":""srflx""}]",null,measured,,,{}
browser-wrtc010/pending-2.json,2229e32dc480e61932c4d2cfdb6a5fd4bfb380b4bf815610d7197c2ad06ad18f,measured,,512,288,2,0.85,80,stream,,,2,27.09611622338438,26.462873654818203,30.004299999952316,125.89999997615814,166.27000002264975,196.71199991464604,,47.832,4.812067070394225,9.015032378706714,813,794,19,58,0,,browser receive/decode/offscreen 2D draw; excludes application upscaler/projector and audio capture,correlated by echoed frame ID; measured on client clock,"{""alpha"":0.1,""channelOptions"":{},""frameIds"":true,""height"":288,""inputQuality"":0.85,""maxBufferedBytes"":262144,""mode"":""stream"",""outputQuality"":80,""prompt"":""colorful abstract art, vibrant neon lights, psychedelic patterns"",""seconds"":30,""seed"":42,""sendFps"":60,""server"":""https://0pxb4bss2jmbhg-3001.proxy.runpod.net"",""serverConfig"":{""maxOutboundBytes"":1048576,""maxPending"":2},""steps"":2,""telemetryEveryMs"":0,""warmupFrames"":20,""width"":512}","{""bytesReceived"":33811217,""bytesSent"":18047838,""compileDuringMeasurement"":false,""decodeErrors"":0,""decodeSkips"":19,""decodedDrawn"":794,""encodeSkips"":58,""errors"":[],""maxBufferedBytes"":29278,""received"":813,""sendBufferSkips"":0,""sendErrors"":0,""sent"":1815,""telemetryErrors"":0}",{},"[{""currentRoundTripTime"":0.019,""localCandidate"":""srflx"",""remoteCandidate"":""srflx""}]",null,measured,,,{}
browser-wrtc010/pending-3.json,54472035fcbe06b6469496a42ee6b4d3ab926f218225ac7d503a7fc9cb939864,measured,,512,288,2,0.85,80,stream,,,3,27.860723045772374,27.627439479599644,30.006399999976157,157.60000002384186,188.1000000238418,214.23199996948244,,39.31,4.9068145462340365,9.275166631126066,836,829,7,22,0,,browser receive/decode/offscreen 2D draw; excludes application upscaler/projector and audio capture,correlated by echoed frame ID; measured on client clock,"{""alpha"":0.1,""channelOptions"":{},""frameIds"":true,""height"":288,""inputQuality"":0.85,""maxBufferedBytes"":262144,""mode"":""stream"",""outputQuality"":80,""prompt"":""colorful abstract art, vibrant neon lights, psychedelic patterns"",""seconds"":30,""seed"":42,""sendFps"":60,""server"":""https://0pxb4bss2jmbhg-3001.proxy.runpod.net"",""serverConfig"":{""maxOutboundBytes"":1048576,""maxPending"":3},""steps"":2,""telemetryEveryMs"":0,""warmupFrames"":20,""width"":512}","{""bytesReceived"":34789295,""bytesSent"":18404480,""compileDuringMeasurement"":false,""decodeErrors"":0,""decodeSkips"":7,""decodedDrawn"":829,""encodeSkips"":22,""errors"":[],""maxBufferedBytes"":39708,""received"":836,""sendBufferSkips"":0,""sendErrors"":0,""sent"":1851,""telemetryErrors"":0}",{},"[{""currentRoundTripTime"":0.023,""localCandidate"":""srflx"",""remoteCandidate"":""srflx""}]",null,measured,,,{}
browser-wrtc010/replacement-wrtc010-stream-build-free-repeat.json,76c074dab4e86d8e7a0bbcc01843ce320c6db30e83e930709f4a59895604c507,measured,,512,288,2,0.85,80,stream,,,3,26.963610790798473,26.89695167883111,30.003399999976157,158.29999995231628,199.0400000452995,231.00599996089903,,50.557999999999986,4.9366885086396115,8.98316270823354,809,807,1,12,0,,browser receive/decode/offscreen 2D draw; excludes application upscaler/projector and audio capture,correlated by echoed frame ID; measured on client clock,"{""alpha"":0.1,""channelOptions"":{},""frameIds"":true,""height"":288,""inputQuality"":0.85,""maxBufferedBytes"":262144,""mode"":""stream"",""outputQuality"":80,""prompt"":""colorful abstract art, vibrant neon lights, psychedelic patterns"",""seconds"":30,""seed"":42,""sendFps"":60,""server"":""https://0pxb4bss2jmbhg-3001.proxy.runpod.net"",""serverConfig"":{""maxOutboundBytes"":1048576,""maxPending"":3},""steps"":2,""telemetryEveryMs"":0,""warmupFrames"":20,""width"":512}","{""bytesReceived"":33690678,""bytesSent"":18514680,""compileDuringMeasurement"":false,""decodeErrors"":0,""decodeSkips"":1,""decodedDrawn"":807,""encodeSkips"":12,""errors"":[],""maxBufferedBytes"":29755,""received"":809,""sendBufferSkips"":0,""sendErrors"":0,""sent"":1862,""telemetryErrors"":0}",{},"[{""currentRoundTripTime"":0.019,""localCandidate"":""srflx"",""remoteCandidate"":""srflx""}]",null,measured,,,{}
browser-wrtc010/wrtc010-single-r0.json,37f4e66b7f43ef6082305b17f53d3f79435ee45455d8aa6ec2adb549473e7fbc,measured,,512,288,2,0.85,80,single,,,3,7.032606630670521,7.032606630670521,30.00309999990463,134.90000009536743,149.54999995231628,166.10999991893772,,47.754999999999995,0.561551306366794,2.341424452813986,211,211,0,3,0,,browser receive/decode/offscreen 2D draw; excludes application upscaler/projector and audio capture,correlated by echoed frame ID; measured on client clock,"{""alpha"":0.1,""channelOptions"":{},""frameIds"":true,""height"":288,""inputQuality"":0.85,""maxBufferedBytes"":262144,""mode"":""single"",""outputQuality"":80,""prompt"":""colorful abstract art, vibrant neon lights, psychedelic patterns"",""seconds"":30,""seed"":42,""sendFps"":60,""server"":""https://0pxb4bss2jmbhg-3001.proxy.runpod.net"",""serverConfig"":{""maxOutboundBytes"":1048576,""maxPending"":3},""steps"":2,""telemetryEveryMs"":0,""warmupFrames"":20,""width"":512}","{""bytesReceived"":8781249,""bytesSent"":2106035,""compileDuringMeasurement"":false,""decodeErrors"":0,""decodeSkips"":0,""decodedDrawn"":211,""encodeSkips"":3,""errors"":[],""maxBufferedBytes"":0,""received"":211,""sendBufferSkips"":0,""sendErrors"":0,""sent"":212,""telemetryErrors"":0}",{},"[{""currentRoundTripTime"":0.019,""localCandidate"":""srflx"",""remoteCandidate"":""srflx""}]",null,measured,,,{}
browser-wrtc010/wrtc010-single-r1.json,b8272d09ffcb89f07d4283eb7f580a30e45c76b93ff567e3fc0a4628c1ae1537,measured,,512,288,2,0.85,80,single,,,3,6.466063167447983,6.466063167447983,30.002799999952316,138.5,161.6449999511242,652.6510000050067,,48.1035,0.5163944698503015,2.1536717906362974,194,194,0,4,0,,browser receive/decode/offscreen 2D draw; excludes application upscaler/projector and audio capture,correlated by echoed frame ID; measured on client clock,"{""alpha"":0.1,""channelOptions"":{},""frameIds"":true,""height"":288,""inputQuality"":0.85,""maxBufferedBytes"":262144,""mode"":""single"",""outputQuality"":80,""prompt"":""colorful abstract art, vibrant neon lights, psychedelic patterns"",""seconds"":30,""seed"":42,""sendFps"":60,""server"":""https://0pxb4bss2jmbhg-3001.proxy.runpod.net"",""serverConfig"":{""maxOutboundBytes"":1048576,""maxPending"":3},""steps"":2,""telemetryEveryMs"":0,""warmupFrames"":20,""width"":512}","{""bytesReceived"":8077023,""bytesSent"":1936660,""compileDuringMeasurement"":false,""decodeErrors"":0,""decodeSkips"":0,""decodedDrawn"":194,""encodeSkips"":4,""errors"":[],""maxBufferedBytes"":0,""received"":194,""sendBufferSkips"":0,""sendErrors"":0,""sent"":195,""telemetryErrors"":0}",{},"[{""currentRoundTripTime"":0.021,""localCandidate"":""srflx"",""remoteCandidate"":""srflx""}]",null,measured,,,{}
browser-wrtc010/wrtc010-single-r2.json,1860c3d2ed30ac383ee529f6a79ee12d03a3c98838879674136f2c350d6dbb23,measured,,512,288,2,0.85,80,single,,,3,5.599533372218982,5.599533372218982,30.0025,137.64999997615814,295.6899999678135,380.31699999213464,,47.353,0.44793360553287226,1.8650192483959669,168,168,0,5,0,,browser receive/decode/offscreen 2D draw; excludes application upscaler/projector and audio capture,correlated by echoed frame ID; measured on client clock,"{""alpha"":0.1,""channelOptions"":{},""frameIds"":true,""height"":288,""inputQuality"":0.85,""maxBufferedBytes"":262144,""mode"":""single"",""outputQuality"":80,""prompt"":""colorful abstract art, vibrant neon lights, psychedelic patterns"",""seconds"":30,""seed"":42,""sendFps"":60,""server"":""https://0pxb4bss2jmbhg-3001.proxy.runpod.net"",""serverConfig"":{""maxOutboundBytes"":1048576,""maxPending"":3},""steps"":2,""telemetryEveryMs"":0,""warmupFrames"":20,""width"":512}","{""bytesReceived"":6994405,""bytesSent"":1679891,""compileDuringMeasurement"":false,""decodeErrors"":0,""decodeSkips"":0,""decodedDrawn"":168,""encodeSkips"":5,""errors"":[],""maxBufferedBytes"":0,""received"":168,""sendBufferSkips"":0,""sendErrors"":0,""sent"":169,""telemetryErrors"":0}",{},"[{""currentRoundTripTime"":0.059,""localCandidate"":""srflx"",""remoteCandidate"":""srflx""}]",null,measured,,,{}
browser-wrtc010/wrtc010-stream-r0.json,9f3c3b437991ed285903a129708fec2692e93418897cf5a3dc5cae742b257618,measured,,512,288,2,0.85,80,stream,,,3,26.7967843858524,26.530149715346408,30.00360000002384,162.89999997615814,206.07499998807907,237.83500002026537,,52.34949999999999,4.920455678647985,8.92539561918527,804,796,8,17,0,,browser receive/decode/offscreen 2D draw; excludes application upscaler/projector and audio capture,correlated by echoed frame ID; measured on client clock,"{""alpha"":0.1,""channelOptions"":{},""frameIds"":true,""height"":288,""inputQuality"":0.85,""maxBufferedBytes"":262144,""mode"":""stream"",""outputQuality"":80,""prompt"":""colorful abstract art, vibrant neon lights, psychedelic patterns"",""seconds"":30,""seed"":42,""sendFps"":60,""server"":""https://0pxb4bss2jmbhg-3001.proxy.runpod.net"",""serverConfig"":{""maxOutboundBytes"":1048576,""maxPending"":3},""steps"":2,""telemetryEveryMs"":0,""warmupFrames"":20,""width"":512}","{""bytesReceived"":33474250,""bytesSent"":18453923,""compileDuringMeasurement"":false,""decodeErrors"":0,""decodeSkips"":8,""decodedDrawn"":796,""encodeSkips"":17,""errors"":[],""maxBufferedBytes"":29844,""received"":804,""sendBufferSkips"":0,""sendErrors"":0,""sent"":1856,""telemetryErrors"":0}",{},"[{""currentRoundTripTime"":0.02,""localCandidate"":""srflx"",""remoteCandidate"":""srflx""}]",null,measured,,,{}
browser-wrtc010/wrtc010-stream-r1.json,15040863e2d12c73c9b0e5b7f9a8d4c665a3b68a7980d1fae9e88d5cebf74251,excluded,,512,288,2,0.85,80,stream,,,3,27.863415934807605,27.56345093072475,30.0035,159.29999995231628,194.68999999761576,230.2319999408722,,39.879999999999995,4.886021697468629,9.277085673338112,836,827,9,31,0,,browser receive/decode/offscreen 2D draw; excludes application upscaler/projector and audio capture,correlated by echoed frame ID; measured on client clock,"{""alpha"":0.1,""channelOptions"":{},""frameIds"":true,""height"":288,""inputQuality"":0.85,""maxBufferedBytes"":262144,""mode"":""stream"",""outputQuality"":80,""prompt"":""colorful abstract art, vibrant neon lights, psychedelic patterns"",""seconds"":30,""seed"":42,""sendFps"":60,""server"":""https://0pxb4bss2jmbhg-3001.proxy.runpod.net"",""serverConfig"":{""maxOutboundBytes"":1048576,""maxPending"":3},""steps"":2,""telemetryEveryMs"":0,""warmupFrames"":20,""width"":512}","{""bytesReceived"":34793130,""bytesSent"":18324719,""compileDuringMeasurement"":false,""decodeErrors"":0,""decodeSkips"":9,""decodedDrawn"":827,""encodeSkips"":31,""errors"":[],""maxBufferedBytes"":29828,""received"":836,""sendBufferSkips"":0,""sendErrors"":0,""sent"":1843,""telemetryErrors"":0}",{},"[{""currentRoundTripTime"":0.021,""localCandidate"":""srflx"",""remoteCandidate"":""srflx""}]",null,excluded,,,{}
browser-wrtc010/wrtc010-stream-r2.json,e5347c9bbbedb0c9dc729d3607ad98b2dd556ce2236111d868822ebc3c554595,measured,,512,288,2,0.85,80,stream,,,3,27.262668142027504,26.596099238799447,30.00439999997616,172.10000002384186,278.1999999761581,379.14200002312657,,47.76549999999999,4.809388756319562,9.0745826612169,818,798,20,60,0,,browser receive/decode/offscreen 2D draw; excludes application upscaler/projector and audio capture,correlated by echoed frame ID; measured on client clock,"{""alpha"":0.1,""channelOptions"":{},""frameIds"":true,""height"":288,""inputQuality"":0.85,""maxBufferedBytes"":262144,""mode"":""stream"",""outputQuality"":80,""prompt"":""colorful abstract art, vibrant neon lights, psychedelic patterns"",""seconds"":30,""seed"":42,""sendFps"":60,""server"":""https://0pxb4bss2jmbhg-3001.proxy.runpod.net"",""serverConfig"":{""maxOutboundBytes"":1048576,""maxPending"":3},""steps"":2,""telemetryEveryMs"":0,""warmupFrames"":20,""width"":512}","{""bytesReceived"":34034676,""bytesSent"":18037853,""compileDuringMeasurement"":false,""decodeErrors"":0,""decodeSkips"":20,""decodedDrawn"":798,""encodeSkips"":60,""errors"":[],""maxBufferedBytes"":247988,""received"":818,""sendBufferSkips"":0,""sendErrors"":0,""sent"":1814,""telemetryErrors"":0}",{},"[{""currentRoundTripTime"":0.022,""localCandidate"":""srflx"",""remoteCandidate"":""srflx""}]",null,measured,,,{}
recovered-webrtc-512x288-2step-telemetry-0-repeat0.json,1604c9122849546de3cd4fca162a20c210ce3c94ea98405e4bc695937b48cac6,measured,,512,288,2,0.85,,stream,,,,27.929609385415276,25.629916011198507,30.004,,,,,37.573,4.916431142514331,9.304333288894814,838,769,69,5,13,,browser receive/decode/offscreen 2D draw; excludes application upscaler/projector and audio capture,unknown: baseline does not echo frame IDs,"{""alpha"":0.1,""height"":288,""inputQuality"":0.85,""maxBufferedBytes"":262144,""mode"":""stream"",""outputQuality"":null,""prompt"":""colorful abstract art, vibrant neon lights, psychedelic patterns"",""repeat"":0,""seconds"":30,""seed"":42,""sendFps"":60,""server"":""https://0pxb4bss2jmbhg-3000.proxy.runpod.net"",""steps"":2,""telemetryEveryMs"":0,""warmupFrames"":20,""width"":512}","{""bytesReceived"":34895902,""bytesSent"":18439075,""compileDuringMeasurement"":false,""decodeErrors"":0,""decodeSkips"":69,""decodedDrawn"":769,""encodeSkips"":5,""errors"":[],""maxBufferedBytes"":264749,""received"":838,""sendBufferSkips"":13,""sendErrors"":0,""sent"":1856,""telemetryErrors"":0}",{},"[{""currentRoundTripTime"":0.017,""localCandidate"":""srflx"",""remoteCandidate"":""srflx""}]",null,measured,,,{}
recovered-webrtc-512x288-2step-telemetry-0-repeat1.json,4f4bc915a69d90bb64b2b60191f38515ba90d4c0635e225c046d463553157856,measured,,512,288,2,0.85,,stream,,,,28.399337348750056,26.632711903346593,30.000700000047683,,,,,37.47149999999999,4.94115057314544,9.457633988525236,852,799,53,9,0,,browser receive/decode/offscreen 2D draw; excludes application upscaler/projector and audio capture,unknown: baseline does not echo frame IDs,"{""alpha"":0.1,""height"":288,""inputQuality"":0.85,""maxBufferedBytes"":262144,""mode"":""stream"",""outputQuality"":null,""prompt"":""colorful abstract art, vibrant neon lights, psychedelic patterns"",""repeat"":1,""seconds"":30,""seed"":42,""sendFps"":60,""server"":""https://0pxb4bss2jmbhg-3000.proxy.runpod.net"",""steps"":2,""telemetryEveryMs"":0,""warmupFrames"":20,""width"":512}","{""bytesReceived"":35466955,""bytesSent"":18529747,""compileDuringMeasurement"":false,""decodeErrors"":0,""decodeSkips"":53,""decodedDrawn"":799,""encodeSkips"":9,""errors"":[],""maxBufferedBytes"":20123,""received"":852,""sendBufferSkips"":0,""sendErrors"":0,""sent"":1865,""telemetryErrors"":0}",{},"[{""currentRoundTripTime"":0.02,""localCandidate"":""srflx"",""remoteCandidate"":""srflx""}]",null,measured,,,{}
recovered-webrtc-512x288-2step-telemetry-2000-repeat0.json,1d317e9e6cd0a89954edc4eab9e02757ae29a50d2c0c023a5b6c44656de0112d,measured,,512,288,2,0.85,,stream,,,,27.995614020536863,25.29603695427081,30.004699999928473,,,,,38.42849999999999,4.797510523362778,9.324220538804484,840,759,81,5,58,,browser receive/decode/offscreen 2D draw; excludes application upscaler/projector and audio capture,unknown: baseline does not echo frame IDs,"{""alpha"":0.1,""height"":288,""inputQuality"":0.85,""maxBufferedBytes"":262144,""mode"":""stream"",""outputQuality"":null,""prompt"":""colorful abstract art, vibrant neon lights, psychedelic patterns"",""repeat"":0,""seconds"":30,""seed"":42,""sendFps"":60,""server"":""https://0pxb4bss2jmbhg-3000.proxy.runpod.net"",""steps"":2,""telemetryEveryMs"":2000,""warmupFrames"":20,""width"":512}","{""bytesReceived"":34971305,""bytesSent"":17993483,""compileDuringMeasurement"":false,""decodeErrors"":0,""decodeSkips"":81,""decodedDrawn"":759,""encodeSkips"":5,""errors"":[],""maxBufferedBytes"":270340,""received"":840,""sendBufferSkips"":58,""sendErrors"":0,""sent"":1811,""telemetryErrors"":0}",{},"[{""currentRoundTripTime"":0.059,""localCandidate"":""srflx"",""remoteCandidate"":""srflx""}]",null,measured,,,{}
recovered-webrtc-512x288-2step-telemetry-2000-repeat1.json,2c712fdbbcef11e9c175be1406095ab88b46cbd9b25715c05e61d15d2a0b398f,measured,,512,288,2,0.85,,stream,,,,28.112530061155105,26.61363924035892,30.022199999928475,,,,,38.73799999999999,4.932296767070794,9.364482816071767,844,799,45,11,0,,browser receive/decode/offscreen 2D draw; excludes application upscaler/projector and audio capture,unknown: baseline does not echo frame IDs,"{""alpha"":0.1,""height"":288,""inputQuality"":0.85,""maxBufferedBytes"":262144,""mode"":""stream"",""outputQuality"":null,""prompt"":""colorful abstract art, vibrant neon lights, psychedelic patterns"",""repeat"":1,""seconds"":30,""seed"":42,""sendFps"":60,""server"":""https://0pxb4bss2jmbhg-3000.proxy.runpod.net"",""steps"":2,""telemetryEveryMs"":2000,""warmupFrames"":20,""width"":512}","{""bytesReceived"":35142797,""bytesSent"":18509800,""compileDuringMeasurement"":false,""decodeErrors"":0,""decodeSkips"":45,""decodedDrawn"":799,""encodeSkips"":11,""errors"":[],""maxBufferedBytes"":30056,""received"":844,""sendBufferSkips"":0,""sendErrors"":0,""sent"":1863,""telemetryErrors"":0}",{},"[{""currentRoundTripTime"":0.019,""localCandidate"":""srflx"",""remoteCandidate"":""srflx""}]",null,measured,,,{}
