VJ FLUX.2 Klein WebRTC server starting (workers=2)
[worker 0] spawning (CUDA_VISIBLE_DEVICES=0)
[worker 1] spawning (CUDA_VISIBLE_DEVICES=1)
Listening on 0.0.0.0:3001 (workers=2)
[worker 1] torch=2.13.0+cu132 cuda=13.2 device=NVIDIA RTX PRO 6000 Blackwell Server Edition cap=(12, 0)
[worker 0] torch=2.13.0+cu132 cuda=13.2 device=NVIDIA RTX PRO 6000 Blackwell Server Edition cap=(12, 0)
[DIAG] t=5s in=0 →wk=0 ←wk=0 →cl=0 drop_in=0 drop_out=0 | since: client=nevers worker=nevers sent=nevers | ch=none buf=0 | lag: max=1ms avg=0.6ms | heap=7.7MB rss=54.0MB | gpu0:x pend=0 frames=0 buf=0 | gpu1:x pend=0 frames=0 buf=0
W0918 10:39:08.923000 34695 torch/utils/_pytree.py:630] <enum 'KernelPreference'> is an Enum subclass and is now natively supported by torch.compile as an opaque value type. Calling register_constant() on Enum subclasses is deprecated and will be an error in a future release.
W0918 10:39:09.016000 34695 torch/utils/_pytree.py:630] <enum 'ScaleCalculationMode'> is an Enum subclass and is now natively supported by torch.compile as an opaque value type. Calling register_constant() on Enum subclasses is deprecated and will be an error in a future release.
W0918 10:39:09.034000 34694 torch/utils/_pytree.py:630] <enum 'KernelPreference'> is an Enum subclass and is now natively supported by torch.compile as an opaque value type. Calling register_constant() on Enum subclasses is deprecated and will be an error in a future release.
W0918 10:39:09.148000 34694 torch/utils/_pytree.py:630] <enum 'ScaleCalculationMode'> is an Enum subclass and is now natively supported by torch.compile as an opaque value type. Calling register_constant() on Enum subclasses is deprecated and will be an error in a future release.
Unable to import `torchao` Tensor objects. This may affect loading checkpoints serialized with `torchao`
Unable to import `torchao` Tensor objects. This may affect loading checkpoints serialized with `torchao`
[worker 1] phase=loading_weights est=140s
[worker 1] loading black-forest-labs/FLUX.2-klein-4B...
Couldn't connect to the Hub: Cannot reach https://huggingface.co/api/models/black-forest-labs/FLUX.2-klein-4B: offline mode is enabled. To disable it, please unset the `HF_HUB_OFFLINE` environment variable..
Will try to load from local cache.
Loading pipeline components...:   0%|          | 0/5 [00:00<?, ?it/s][DIAG] t=10s in=0 →wk=0 ←wk=0 →cl=0 drop_in=0 drop_out=0 | since: client=nevers worker=nevers sent=nevers | ch=none buf=0 | lag: max=1ms avg=0.6ms | heap=6.1MB rss=54.0MB | gpu0:x pend=0 frames=0 buf=0 | gpu1:x pend=0 frames=0 buf=0

Loading weights:   0%|          | 0/398 [00:00<?, ?it/s][ALoading weights: 100%|██████████| 398/398 [00:00<00:00, 12829.38it/s]
Loading pipeline components...:  40%|████      | 2/5 [00:00<00:00, 19.72it/s][worker 0] phase=loading_weights est=140s
[worker 0] loading black-forest-labs/FLUX.2-klein-4B...
Couldn't connect to the Hub: Cannot reach https://huggingface.co/api/models/black-forest-labs/FLUX.2-klein-4B: offline mode is enabled. To disable it, please unset the `HF_HUB_OFFLINE` environment variable..
Will try to load from local cache.
Loading pipeline components...:   0%|          | 0/5 [00:00<?, ?it/s]Loading pipeline components...: 100%|██████████| 5/5 [00:00<00:00,  9.04it/s]Loading pipeline components...: 100%|██████████| 5/5 [00:00<00:00,  9.66it/s]
/workspace/envs/klein-torch213-cu132/lib/python3.12/site-packages/huggingface_hub/utils/_validators.py:205: UserWarning: The `local_dir_use_symlinks` argument is deprecated and ignored in `hf_hub_download`. Downloading to a local directory does not use symlinks anymore.
  warnings.warn(
Loading pipeline components...:  40%|████      | 2/5 [00:00<00:00,  4.53it/s]
Loading weights:   0%|          | 0/398 [00:00<?, ?it/s][ALoading weights: 100%|██████████| 398/398 [00:00<00:00, 13991.09it/s]
Loading pipeline components...:  80%|████████  | 4/5 [00:00<00:00,  8.27it/s]Loading pipeline components...: 100%|██████████| 5/5 [00:00<00:00,  8.95it/s]
/workspace/envs/klein-torch213-cu132/lib/python3.12/site-packages/huggingface_hub/utils/_validators.py:205: UserWarning: The `local_dir_use_symlinks` argument is deprecated and ignored in `hf_hub_download`. Downloading to a local directory does not use symlinks anymore.
  warnings.warn(
[worker 1] loaded in 1.9s, vram=15.98GB
[worker 1] phase=loaded est=?s
[worker 1] phase=applying_fp8 est=1s
[worker 1] applying TorchAO Float8DynamicActivationFloat8WeightConfig (PerTensor) on transformer...
[worker 1] fp8 applied to transformer in 0.1s, vram=12.30GB
[worker 1] fp8 applied to VAE linears in 0.0s, vram=12.30GB
[worker 1] phase=registering_compile_stubs est=1s
[worker 1] compiling transformer + vae.encoder + vae.decoder (mode=reduce-overhead)...
[worker 0] loaded in 2.0s, vram=15.98GB
[worker 0] phase=loaded est=?s
[worker 0] phase=applying_fp8 est=1s
[worker 0] applying TorchAO Float8DynamicActivationFloat8WeightConfig (PerTensor) on transformer...
[worker 0] fp8 applied to transformer in 0.1s, vram=12.30GB
[worker 0] fp8 applied to VAE linears in 0.0s, vram=12.30GB
[worker 0] phase=registering_compile_stubs est=1s
[worker 0] compiling transformer + vae.encoder + vae.decoder (mode=reduce-overhead)...
[worker 1] compile stubs registered in 0.8s (actual JIT happens on first call per (height, width, steps) shape; with fp8 expect ~80-160 s extra warmup at the first new resolution)
[worker 1] warming up shapes: [(512, 288), (768, 448), (1024, 576)] (first=(512, 288), rest when idle)
[worker 1] warmup at 512×288, n_steps=4 (4 iters; first one triggers compile)
[worker 1] compiling 512x288 (~150s)
[worker 1] encoding prompt (len=74 chars, max_seq=64) [cache: 0/32, hits=0 misses=1]
[worker 0] compile stubs registered in 0.8s (actual JIT happens on first call per (height, width, steps) shape; with fp8 expect ~80-160 s extra warmup at the first new resolution)
[worker 0] warming up shapes: [(512, 288), (768, 448), (1024, 576)] (first=(512, 288), rest when idle)
[worker 0] warmup at 512×288, n_steps=4 (4 iters; first one triggers compile)
[worker 0] compiling 512x288 (~150s)
[worker 0] encoding prompt (len=74 chars, max_seq=64) [cache: 0/32, hits=0 misses=1]
[worker 1] prompt encoded in 546ms shape=(1, 64, 7680) [cached 1/32]
[worker 0] prompt encoded in 555ms shape=(1, 64, 7680) [cached 1/32]
[DIAG] t=15s in=0 →wk=0 ←wk=0 →cl=0 drop_in=0 drop_out=0 | since: client=nevers worker=nevers sent=nevers | ch=none buf=0 | lag: max=1ms avg=0.5ms | heap=6.4MB rss=54.0MB | gpu0:x pend=0 frames=0 buf=0 | gpu1:x pend=0 frames=0 buf=0
/workspace/envs/klein-torch213-cu132/lib/python3.12/site-packages/torch/_functorch/_aot_autograd/autograd_cache.py:675: UserWarning: Float8Tensor does not implement _stable_hash_for_caching. For PT2-compatible tensor subclasses, it is recommended to implement _stable_hash_for_caching(self) -> str for stable AOT autograd caching.
  warn_once(
/usr/local/lib/python3.12/dist-packages/diffusers/schedulers/scheduling_flow_match_euler_discrete.py:649: RuntimeWarning: divide by zero encountered in divide
  return math.exp(mu) / (math.exp(mu) + (1 / t - 1) ** sigma)
/workspace/envs/klein-torch213-cu132/lib/python3.12/site-packages/torch/_functorch/_aot_autograd/autograd_cache.py:675: UserWarning: Float8Tensor does not implement _stable_hash_for_caching. For PT2-compatible tensor subclasses, it is recommended to implement _stable_hash_for_caching(self) -> str for stable AOT autograd caching.
  warn_once(
/usr/local/lib/python3.12/dist-packages/diffusers/schedulers/scheduling_flow_match_euler_discrete.py:649: RuntimeWarning: divide by zero encountered in divide
  return math.exp(mu) / (math.exp(mu) + (1 / t - 1) ** sigma)
/workspace/envs/klein-torch213-cu132/lib/python3.12/site-packages/torch/_dynamo/variables/functions.py:2590: UserWarning: Dynamo detected a call to a `functools.lru_cache`-wrapped function at 'upsampling.py:156'. Dynamo ignores the cache wrapper and directly traces the wrapped function. Silent incorrectness is only a *potential* risk, not something we have observed. Enable TORCH_LOGS=+dynamo for a DEBUG stack trace.

This call originates from:
  File "/usr/local/lib/python3.12/dist-packages/diffusers/models/upsampling.py", line 156, in forward
    if dtype == torch.bfloat16 and is_torch_version("<", "2.1"):
                                   ^^^^^^^^^^^^^^^^^^^^^^^^^^^^^

  torch._dynamo.utils.warn_once(msg)
/workspace/envs/klein-torch213-cu132/lib/python3.12/site-packages/torch/_dynamo/variables/functions.py:2590: UserWarning: Dynamo detected a call to a `functools.lru_cache`-wrapped function at 'upsampling.py:180'. Dynamo ignores the cache wrapper and directly traces the wrapped function. Silent incorrectness is only a *potential* risk, not something we have observed. Enable TORCH_LOGS=+dynamo for a DEBUG stack trace.

This call originates from:
  File "/usr/local/lib/python3.12/dist-packages/diffusers/models/upsampling.py", line 180, in forward
    if dtype == torch.bfloat16 and is_torch_version("<", "2.1"):
                                   ^^^^^^^^^^^^^^^^^^^^^^^^^^^^^

  torch._dynamo.utils.warn_once(msg)
[DIAG] t=20s in=0 →wk=0 ←wk=0 →cl=0 drop_in=0 drop_out=0 | since: client=nevers worker=nevers sent=nevers | ch=none buf=0 | lag: max=1ms avg=0.5ms | heap=6.4MB rss=54.0MB | gpu0:x pend=0 frames=0 buf=0 | gpu1:x pend=0 frames=0 buf=0
/workspace/envs/klein-torch213-cu132/lib/python3.12/site-packages/torch/_dynamo/variables/functions.py:2590: UserWarning: Dynamo detected a call to a `functools.lru_cache`-wrapped function at 'upsampling.py:156'. Dynamo ignores the cache wrapper and directly traces the wrapped function. Silent incorrectness is only a *potential* risk, not something we have observed. Enable TORCH_LOGS=+dynamo for a DEBUG stack trace.

This call originates from:
  File "/usr/local/lib/python3.12/dist-packages/diffusers/models/upsampling.py", line 156, in forward
    if dtype == torch.bfloat16 and is_torch_version("<", "2.1"):
                                   ^^^^^^^^^^^^^^^^^^^^^^^^^^^^^

  torch._dynamo.utils.warn_once(msg)
/workspace/envs/klein-torch213-cu132/lib/python3.12/site-packages/torch/_dynamo/variables/functions.py:2590: UserWarning: Dynamo detected a call to a `functools.lru_cache`-wrapped function at 'upsampling.py:180'. Dynamo ignores the cache wrapper and directly traces the wrapped function. Silent incorrectness is only a *potential* risk, not something we have observed. Enable TORCH_LOGS=+dynamo for a DEBUG stack trace.

This call originates from:
  File "/usr/local/lib/python3.12/dist-packages/diffusers/models/upsampling.py", line 180, in forward
    if dtype == torch.bfloat16 and is_torch_version("<", "2.1"):
                                   ^^^^^^^^^^^^^^^^^^^^^^^^^^^^^

  torch._dynamo.utils.warn_once(msg)
[worker 1] warmup 1/4: 3735ms
/usr/local/lib/python3.12/dist-packages/diffusers/schedulers/scheduling_flow_match_euler_discrete.py:649: RuntimeWarning: divide by zero encountered in divide
  return math.exp(mu) / (math.exp(mu) + (1 / t - 1) ** sigma)
[worker 1] warmup 2/4: 73ms
/usr/local/lib/python3.12/dist-packages/diffusers/schedulers/scheduling_flow_match_euler_discrete.py:649: RuntimeWarning: divide by zero encountered in divide
  return math.exp(mu) / (math.exp(mu) + (1 / t - 1) ** sigma)
[worker 1] warmup 3/4: 54ms
[worker 1] warmup 4/4: 49ms
[worker 1] warmed 512x288 in 3913ms
[worker 1] READY
[worker 1] READY after first shape 512x288 — remaining 2 shapes warming when idle
[worker 1] entering main loop
[worker 0] warmup 1/4: 3728ms
/usr/local/lib/python3.12/dist-packages/diffusers/schedulers/scheduling_flow_match_euler_discrete.py:649: RuntimeWarning: divide by zero encountered in divide
  return math.exp(mu) / (math.exp(mu) + (1 / t - 1) ** sigma)
[worker 0] warmup 2/4: 72ms
/usr/local/lib/python3.12/dist-packages/diffusers/schedulers/scheduling_flow_match_euler_discrete.py:649: RuntimeWarning: divide by zero encountered in divide
  return math.exp(mu) / (math.exp(mu) + (1 / t - 1) ** sigma)
[worker 0] warmup 3/4: 51ms
[worker 0] warmup 4/4: 57ms
[worker 0] warmed 512x288 in 3908ms
[worker 0] READY
[worker 0] READY after first shape 512x288 — remaining 2 shapes warming when idle
[worker 0] entering main loop
[worker 1] [idle-warmup] 768x448
[worker 1] warmup at 768×448, n_steps=4 (4 iters; first one triggers compile)
[worker 1] compiling 768x448 (~150s)
[worker 0] [idle-warmup] 768x448
[worker 0] warmup at 768×448, n_steps=4 (4 iters; first one triggers compile)
[worker 0] compiling 768x448 (~150s)
[DIAG] t=25s in=0 →wk=0 ←wk=0 →cl=0 drop_in=0 drop_out=0 | since: client=nevers worker=nevers sent=nevers | ch=none buf=0 | lag: max=1ms avg=0.5ms | heap=6.5MB rss=54.0MB | gpu0:R pend=0 frames=0 buf=0 | gpu1:R pend=0 frames=0 buf=0
[DIAG] t=30s in=0 →wk=0 ←wk=0 →cl=0 drop_in=0 drop_out=0 | since: client=nevers worker=nevers sent=nevers | ch=none buf=0 | lag: max=1ms avg=0.5ms | heap=6.6MB rss=54.0MB | gpu0:R pend=0 frames=0 buf=0 | gpu1:R pend=0 frames=0 buf=0
[DIAG] t=35s in=0 →wk=0 ←wk=0 →cl=0 drop_in=0 drop_out=0 | since: client=nevers worker=nevers sent=nevers | ch=none buf=0 | lag: max=1ms avg=0.5ms | heap=6.6MB rss=54.0MB | gpu0:R pend=0 frames=0 buf=0 | gpu1:R pend=0 frames=0 buf=0
[worker 1] warmup 1/4: 12681ms
/usr/local/lib/python3.12/dist-packages/diffusers/schedulers/scheduling_flow_match_euler_discrete.py:649: RuntimeWarning: divide by zero encountered in divide
  return math.exp(mu) / (math.exp(mu) + (1 / t - 1) ** sigma)
[worker 1] warmup 2/4: 104ms
/usr/local/lib/python3.12/dist-packages/diffusers/schedulers/scheduling_flow_match_euler_discrete.py:649: RuntimeWarning: divide by zero encountered in divide
  return math.exp(mu) / (math.exp(mu) + (1 / t - 1) ** sigma)
[worker 1] warmup 3/4: 96ms
[worker 1] warmup 4/4: 96ms
[worker 1] warmed 768x448 in 12978ms
[worker 1] [idle-warmup] 1024x576
[worker 1] warmup at 1024×576, n_steps=4 (4 iters; first one triggers compile)
[worker 1] compiling 1024x576 (~150s)
[worker 0] warmup 1/4: 16202ms
/usr/local/lib/python3.12/dist-packages/diffusers/schedulers/scheduling_flow_match_euler_discrete.py:649: RuntimeWarning: divide by zero encountered in divide
  return math.exp(mu) / (math.exp(mu) + (1 / t - 1) ** sigma)
[worker 0] warmup 2/4: 103ms
/usr/local/lib/python3.12/dist-packages/diffusers/schedulers/scheduling_flow_match_euler_discrete.py:649: RuntimeWarning: divide by zero encountered in divide
  return math.exp(mu) / (math.exp(mu) + (1 / t - 1) ** sigma)
[DIAG] t=40s in=0 →wk=0 ←wk=0 →cl=0 drop_in=0 drop_out=0 | since: client=nevers worker=nevers sent=nevers | ch=none buf=0 | lag: max=1ms avg=0.5ms | heap=6.6MB rss=54.0MB | gpu0:R pend=0 frames=0 buf=0 | gpu1:R pend=0 frames=0 buf=0
[worker 0] warmup 3/4: 94ms
[worker 0] warmup 4/4: 94ms
[worker 0] warmed 768x448 in 16494ms
[worker 0] [idle-warmup] 1024x576
[worker 0] warmup at 1024×576, n_steps=4 (4 iters; first one triggers compile)
[worker 0] compiling 1024x576 (~150s)
[DIAG] t=45s in=0 →wk=0 ←wk=0 →cl=0 drop_in=0 drop_out=0 | since: client=nevers worker=nevers sent=nevers | ch=none buf=0 | lag: max=1ms avg=0.5ms | heap=6.6MB rss=54.0MB | gpu0:R pend=0 frames=0 buf=0 | gpu1:R pend=0 frames=0 buf=0
[DIAG] t=50s in=0 →wk=0 ←wk=0 →cl=0 drop_in=0 drop_out=0 | since: client=nevers worker=nevers sent=nevers | ch=none buf=0 | lag: max=1ms avg=0.5ms | heap=6.6MB rss=54.0MB | gpu0:R pend=0 frames=0 buf=0 | gpu1:R pend=0 frames=0 buf=0
[DIAG] t=55s in=0 →wk=0 ←wk=0 →cl=0 drop_in=0 drop_out=0 | since: client=nevers worker=nevers sent=nevers | ch=none buf=0 | lag: max=1ms avg=0.5ms | heap=6.6MB rss=54.0MB | gpu0:R pend=0 frames=0 buf=0 | gpu1:R pend=0 frames=0 buf=0
[worker 1] warmup 1/4: 14476ms
/usr/local/lib/python3.12/dist-packages/diffusers/schedulers/scheduling_flow_match_euler_discrete.py:649: RuntimeWarning: divide by zero encountered in divide
  return math.exp(mu) / (math.exp(mu) + (1 / t - 1) ** sigma)
[worker 1] warmup 2/4: 168ms
/usr/local/lib/python3.12/dist-packages/diffusers/schedulers/scheduling_flow_match_euler_discrete.py:649: RuntimeWarning: divide by zero encountered in divide
  return math.exp(mu) / (math.exp(mu) + (1 / t - 1) ** sigma)
[worker 1] warmup 3/4: 162ms
[worker 1] warmup 4/4: 159ms
[worker 1] warmed 1024x576 in 14966ms
[worker 1] [idle-warmup] finished — 3/3 shapes compiled
[DIAG] t=60s in=0 →wk=0 ←wk=0 →cl=0 drop_in=0 drop_out=0 | since: client=nevers worker=nevers sent=nevers | ch=none buf=0 | lag: max=1ms avg=0.5ms | heap=6.7MB rss=54.0MB | gpu0:R pend=0 frames=0 buf=0 | gpu1:R pend=0 frames=0 buf=0
[DIAG] t=65s in=0 →wk=0 ←wk=0 →cl=0 drop_in=0 drop_out=0 | since: client=nevers worker=nevers sent=nevers | ch=none buf=0 | lag: max=1ms avg=0.5ms | heap=6.7MB rss=54.0MB | gpu0:R pend=0 frames=0 buf=0 | gpu1:R pend=0 frames=0 buf=0
[worker 0] warmup 1/4: 17267ms
/usr/local/lib/python3.12/dist-packages/diffusers/schedulers/scheduling_flow_match_euler_discrete.py:649: RuntimeWarning: divide by zero encountered in divide
  return math.exp(mu) / (math.exp(mu) + (1 / t - 1) ** sigma)
[worker 0] warmup 2/4: 164ms
/usr/local/lib/python3.12/dist-packages/diffusers/schedulers/scheduling_flow_match_euler_discrete.py:649: RuntimeWarning: divide by zero encountered in divide
  return math.exp(mu) / (math.exp(mu) + (1 / t - 1) ** sigma)
[worker 0] warmup 3/4: 159ms
[worker 0] warmup 4/4: 159ms
[worker 0] warmed 1024x576 in 17749ms
[worker 0] [idle-warmup] finished — 3/3 shapes compiled
[DIAG] t=70s in=0 →wk=0 ←wk=0 →cl=0 drop_in=0 drop_out=0 | since: client=nevers worker=nevers sent=nevers | ch=none buf=0 | lag: max=1ms avg=0.5ms | heap=7.0MB rss=54.0MB | gpu0:R pend=0 frames=0 buf=0 | gpu1:R pend=0 frames=0 buf=0
[DIAG] t=75s in=0 →wk=0 ←wk=0 →cl=0 drop_in=0 drop_out=0 | since: client=nevers worker=nevers sent=nevers | ch=none buf=0 | lag: max=1ms avg=0.5ms | heap=7.0MB rss=54.0MB | gpu0:R pend=0 frames=0 buf=0 | gpu1:R pend=0 frames=0 buf=0
[DIAG] t=80s in=0 →wk=0 ←wk=0 →cl=0 drop_in=0 drop_out=0 | since: client=nevers worker=nevers sent=nevers | ch=none buf=0 | lag: max=1ms avg=0.5ms | heap=7.0MB rss=54.0MB | gpu0:R pend=0 frames=0 buf=0 | gpu1:R pend=0 frames=0 buf=0
[DIAG] t=85s in=0 →wk=0 ←wk=0 →cl=0 drop_in=0 drop_out=0 | since: client=nevers worker=nevers sent=nevers | ch=none buf=0 | lag: max=1ms avg=0.5ms | heap=7.1MB rss=54.0MB | gpu0:R pend=0 frames=0 buf=0 | gpu1:R pend=0 frames=0 buf=0
[DIAG] t=90s in=0 →wk=0 ←wk=0 →cl=0 drop_in=0 drop_out=0 | since: client=nevers worker=nevers sent=nevers | ch=none buf=0 | lag: max=1ms avg=0.5ms | heap=7.1MB rss=54.0MB | gpu0:R pend=0 frames=0 buf=0 | gpu1:R pend=0 frames=0 buf=0
[DIAG] t=95s in=0 →wk=0 ←wk=0 →cl=0 drop_in=0 drop_out=0 | since: client=nevers worker=nevers sent=nevers | ch=none buf=0 | lag: max=1ms avg=0.5ms | heap=7.1MB rss=54.0MB | gpu0:R pend=0 frames=0 buf=0 | gpu1:R pend=0 frames=0 buf=0
[DIAG] t=100s in=0 →wk=0 ←wk=0 →cl=0 drop_in=0 drop_out=0 | since: client=nevers worker=nevers sent=nevers | ch=none buf=0 | lag: max=1ms avg=0.5ms | heap=7.1MB rss=54.0MB | gpu0:R pend=0 frames=0 buf=0 | gpu1:R pend=0 frames=0 buf=0
[DIAG] t=105s in=0 →wk=0 ←wk=0 →cl=0 drop_in=0 drop_out=0 | since: client=nevers worker=nevers sent=nevers | ch=none buf=0 | lag: max=1ms avg=0.5ms | heap=7.1MB rss=54.0MB | gpu0:R pend=0 frames=0 buf=0 | gpu1:R pend=0 frames=0 buf=0
[DIAG] t=110s in=0 →wk=0 ←wk=0 →cl=0 drop_in=0 drop_out=0 | since: client=nevers worker=nevers sent=nevers | ch=none buf=0 | lag: max=1ms avg=0.5ms | heap=7.1MB rss=54.0MB | gpu0:R pend=0 frames=0 buf=0 | gpu1:R pend=0 frames=0 buf=0
[DIAG] t=115s in=0 →wk=0 ←wk=0 →cl=0 drop_in=0 drop_out=0 | since: client=nevers worker=nevers sent=nevers | ch=none buf=0 | lag: max=1ms avg=0.5ms | heap=7.1MB rss=54.0MB | gpu0:R pend=0 frames=0 buf=0 | gpu1:R pend=0 frames=0 buf=0
[DIAG] t=120s in=0 →wk=0 ←wk=0 →cl=0 drop_in=0 drop_out=0 | since: client=nevers worker=nevers sent=nevers | ch=none buf=0 | lag: max=1ms avg=0.5ms | heap=7.1MB rss=54.0MB | gpu0:R pend=0 frames=0 buf=0 | gpu1:R pend=0 frames=0 buf=0
[DIAG] t=125s in=0 →wk=0 ←wk=0 →cl=0 drop_in=0 drop_out=0 | since: client=nevers worker=nevers sent=nevers | ch=none buf=0 | lag: max=1ms avg=0.5ms | heap=7.1MB rss=54.0MB | gpu0:R pend=0 frames=0 buf=0 | gpu1:R pend=0 frames=0 buf=0
[DIAG] t=130s in=0 →wk=0 ←wk=0 →cl=0 drop_in=0 drop_out=0 | since: client=nevers worker=nevers sent=nevers | ch=none buf=0 | lag: max=1ms avg=0.5ms | heap=7.1MB rss=54.0MB | gpu0:R pend=0 frames=0 buf=0 | gpu1:R pend=0 frames=0 buf=0
[DIAG] t=135s in=0 →wk=0 ←wk=0 →cl=0 drop_in=0 drop_out=0 | since: client=nevers worker=nevers sent=nevers | ch=none buf=0 | lag: max=1ms avg=0.5ms | heap=7.1MB rss=54.0MB | gpu0:R pend=0 frames=0 buf=0 | gpu1:R pend=0 frames=0 buf=0
[DIAG] t=140s in=0 →wk=0 ←wk=0 →cl=0 drop_in=0 drop_out=0 | since: client=nevers worker=nevers sent=nevers | ch=none buf=0 | lag: max=1ms avg=0.5ms | heap=7.2MB rss=54.0MB | gpu0:R pend=0 frames=0 buf=0 | gpu1:R pend=0 frames=0 buf=0
[DIAG] t=145s in=0 →wk=0 ←wk=0 →cl=0 drop_in=0 drop_out=0 | since: client=nevers worker=nevers sent=nevers | ch=none buf=0 | lag: max=1ms avg=0.5ms | heap=7.2MB rss=54.0MB | gpu0:R pend=0 frames=0 buf=0 | gpu1:R pend=0 frames=0 buf=0
[DIAG] t=150s in=0 →wk=0 ←wk=0 →cl=0 drop_in=0 drop_out=0 | since: client=nevers worker=nevers sent=nevers | ch=none buf=0 | lag: max=1ms avg=0.5ms | heap=7.2MB rss=54.0MB | gpu0:R pend=0 frames=0 buf=0 | gpu1:R pend=0 frames=0 buf=0
[DIAG] t=155s in=0 →wk=0 ←wk=0 →cl=0 drop_in=0 drop_out=0 | since: client=nevers worker=nevers sent=nevers | ch=none buf=0 | lag: max=1ms avg=0.5ms | heap=7.2MB rss=54.0MB | gpu0:R pend=0 frames=0 buf=0 | gpu1:R pend=0 frames=0 buf=0
[DIAG] t=160s in=0 →wk=0 ←wk=0 →cl=0 drop_in=0 drop_out=0 | since: client=nevers worker=nevers sent=nevers | ch=none buf=0 | lag: max=1ms avg=0.5ms | heap=7.2MB rss=54.0MB | gpu0:R pend=0 frames=0 buf=0 | gpu1:R pend=0 frames=0 buf=0
[DIAG] t=165s in=0 →wk=0 ←wk=0 →cl=0 drop_in=0 drop_out=0 | since: client=nevers worker=nevers sent=nevers | ch=none buf=0 | lag: max=2ms avg=0.5ms | heap=7.2MB rss=54.0MB | gpu0:R pend=0 frames=0 buf=0 | gpu1:R pend=0 frames=0 buf=0
[DIAG] t=170s in=0 →wk=0 ←wk=0 →cl=0 drop_in=0 drop_out=0 | since: client=nevers worker=nevers sent=nevers | ch=none buf=0 | lag: max=1ms avg=0.5ms | heap=7.2MB rss=54.0MB | gpu0:R pend=0 frames=0 buf=0 | gpu1:R pend=0 frames=0 buf=0
[DIAG] t=175s in=0 →wk=0 ←wk=0 →cl=0 drop_in=0 drop_out=0 | since: client=nevers worker=nevers sent=nevers | ch=none buf=0 | lag: max=1ms avg=0.5ms | heap=7.2MB rss=54.0MB | gpu0:R pend=0 frames=0 buf=0 | gpu1:R pend=0 frames=0 buf=0
[DIAG] t=180s in=0 →wk=0 ←wk=0 →cl=0 drop_in=0 drop_out=0 | since: client=nevers worker=nevers sent=nevers | ch=none buf=0 | lag: max=1ms avg=0.5ms | heap=7.2MB rss=54.0MB | gpu0:R pend=0 frames=0 buf=0 | gpu1:R pend=0 frames=0 buf=0
[DIAG] t=185s in=0 →wk=0 ←wk=0 →cl=0 drop_in=0 drop_out=0 | since: client=nevers worker=nevers sent=nevers | ch=none buf=0 | lag: max=1ms avg=0.5ms | heap=7.2MB rss=54.0MB | gpu0:R pend=0 frames=0 buf=0 | gpu1:R pend=0 frames=0 buf=0
[DIAG] t=190s in=0 →wk=0 ←wk=0 →cl=0 drop_in=0 drop_out=0 | since: client=nevers worker=nevers sent=nevers | ch=none buf=0 | lag: max=1ms avg=0.5ms | heap=7.2MB rss=54.0MB | gpu0:R pend=0 frames=0 buf=0 | gpu1:R pend=0 frames=0 buf=0
[DIAG] t=195s in=0 →wk=0 ←wk=0 →cl=0 drop_in=0 drop_out=0 | since: client=nevers worker=nevers sent=nevers | ch=none buf=0 | lag: max=1ms avg=0.5ms | heap=7.3MB rss=54.0MB | gpu0:R pend=0 frames=0 buf=0 | gpu1:R pend=0 frames=0 buf=0
[DIAG] t=200s in=0 →wk=0 ←wk=0 →cl=0 drop_in=0 drop_out=0 | since: client=nevers worker=nevers sent=nevers | ch=none buf=0 | lag: max=1ms avg=0.5ms | heap=7.3MB rss=54.0MB | gpu0:R pend=0 frames=0 buf=0 | gpu1:R pend=0 frames=0 buf=0
[DIAG] t=205s in=0 →wk=0 ←wk=0 →cl=0 drop_in=0 drop_out=0 | since: client=nevers worker=nevers sent=nevers | ch=none buf=0 | lag: max=1ms avg=0.5ms | heap=7.3MB rss=54.0MB | gpu0:R pend=0 frames=0 buf=0 | gpu1:R pend=0 frames=0 buf=0
[DIAG] t=210s in=0 →wk=0 ←wk=0 →cl=0 drop_in=0 drop_out=0 | since: client=nevers worker=nevers sent=nevers | ch=none buf=0 | lag: max=1ms avg=0.5ms | heap=7.3MB rss=54.0MB | gpu0:R pend=0 frames=0 buf=0 | gpu1:R pend=0 frames=0 buf=0
[DIAG] t=215s in=0 →wk=0 ←wk=0 →cl=0 drop_in=0 drop_out=0 | since: client=nevers worker=nevers sent=nevers | ch=none buf=0 | lag: max=1ms avg=0.5ms | heap=7.3MB rss=54.0MB | gpu0:R pend=0 frames=0 buf=0 | gpu1:R pend=0 frames=0 buf=0
[DIAG] t=220s in=0 →wk=0 ←wk=0 →cl=0 drop_in=0 drop_out=0 | since: client=nevers worker=nevers sent=nevers | ch=none buf=0 | lag: max=1ms avg=0.5ms | heap=7.3MB rss=54.0MB | gpu0:R pend=0 frames=0 buf=0 | gpu1:R pend=0 frames=0 buf=0
[DIAG] t=225s in=0 →wk=0 ←wk=0 →cl=0 drop_in=0 drop_out=0 | since: client=nevers worker=nevers sent=nevers | ch=none buf=0 | lag: max=1ms avg=0.5ms | heap=7.3MB rss=54.0MB | gpu0:R pend=0 frames=0 buf=0 | gpu1:R pend=0 frames=0 buf=0
[DIAG] t=230s in=0 →wk=0 ←wk=0 →cl=0 drop_in=0 drop_out=0 | since: client=nevers worker=nevers sent=nevers | ch=none buf=0 | lag: max=1ms avg=0.5ms | heap=7.3MB rss=54.0MB | gpu0:R pend=0 frames=0 buf=0 | gpu1:R pend=0 frames=0 buf=0
[DIAG] t=235s in=0 →wk=0 ←wk=0 →cl=0 drop_in=0 drop_out=0 | since: client=nevers worker=nevers sent=nevers | ch=none buf=0 | lag: max=1ms avg=0.5ms | heap=7.3MB rss=54.0MB | gpu0:R pend=0 frames=0 buf=0 | gpu1:R pend=0 frames=0 buf=0
[DIAG] t=240s in=0 →wk=0 ←wk=0 →cl=0 drop_in=0 drop_out=0 | since: client=nevers worker=nevers sent=nevers | ch=none buf=0 | lag: max=1ms avg=0.5ms | heap=7.3MB rss=54.0MB | gpu0:R pend=0 frames=0 buf=0 | gpu1:R pend=0 frames=0 buf=0
[DIAG] t=245s in=0 →wk=0 ←wk=0 →cl=0 drop_in=0 drop_out=0 | since: client=nevers worker=nevers sent=nevers | ch=none buf=0 | lag: max=1ms avg=0.5ms | heap=7.3MB rss=54.0MB | gpu0:R pend=0 frames=0 buf=0 | gpu1:R pend=0 frames=0 buf=0
[DIAG] t=250s in=0 →wk=0 ←wk=0 →cl=0 drop_in=0 drop_out=0 | since: client=nevers worker=nevers sent=nevers | ch=none buf=0 | lag: max=1ms avg=0.5ms | heap=7.4MB rss=54.0MB | gpu0:R pend=0 frames=0 buf=0 | gpu1:R pend=0 frames=0 buf=0
[DIAG] t=255s in=0 →wk=0 ←wk=0 →cl=0 drop_in=0 drop_out=0 | since: client=nevers worker=nevers sent=nevers | ch=none buf=0 | lag: max=1ms avg=0.5ms | heap=6.6MB rss=54.0MB | gpu0:R pend=0 frames=0 buf=0 | gpu1:R pend=0 frames=0 buf=0
[DIAG] t=260s in=0 →wk=0 ←wk=0 →cl=0 drop_in=0 drop_out=0 | since: client=nevers worker=nevers sent=nevers | ch=none buf=0 | lag: max=1ms avg=0.5ms | heap=6.9MB rss=54.0MB | gpu0:R pend=0 frames=0 buf=0 | gpu1:R pend=0 frames=0 buf=0
POST /webrtc/offer
Offer candidates host=2 srflx=1 relay=0
ICE connection state: new
[DIAG] Connection state: new (channel=none buf=0)
ICE gathering state: gathering
[DIAG] t=265s in=0 →wk=0 ←wk=0 →cl=0 drop_in=0 drop_out=0 | since: client=nevers worker=nevers sent=nevers | ch=none buf=0 | lag: max=1ms avg=0.5ms | heap=7.5MB rss=56.0MB | gpu0:R pend=0 frames=0 buf=0 | gpu1:R pend=0 frames=0 buf=0
[DIAG] t=270s in=0 →wk=0 ←wk=0 →cl=0 drop_in=0 drop_out=0 | since: client=nevers worker=nevers sent=nevers | ch=none buf=0 | lag: max=1ms avg=0.5ms | heap=7.6MB rss=56.0MB | gpu0:R pend=0 frames=0 buf=0 | gpu1:R pend=0 frames=0 buf=0
Sending SDP answer
ICE gathering state: complete
ICE connection state: connected
[DIAG] Connection state: connected (channel=none buf=0)
DataChannel opened: frames
[worker 0] encoding prompt (len=64 chars, max_seq=64) [cache: 1/32, hits=2 misses=2]
[worker 1] encoding prompt (len=64 chars, max_seq=64) [cache: 1/32, hits=2 misses=2]
[worker 0] prompt encoded in 20ms shape=(1, 64, 7680) [cached 2/32]
[worker 1] prompt encoded in 21ms shape=(1, 64, 7680) [cached 2/32]
/usr/local/lib/python3.12/dist-packages/diffusers/schedulers/scheduling_flow_match_euler_discrete.py:649: RuntimeWarning: divide by zero encountered in divide
  return math.exp(mu) / (math.exp(mu) + (1 / t - 1) ** sigma)
/usr/local/lib/python3.12/dist-packages/diffusers/schedulers/scheduling_flow_match_euler_discrete.py:649: RuntimeWarning: divide by zero encountered in divide
  return math.exp(mu) / (math.exp(mu) + (1 / t - 1) ** sigma)
[worker 0] timing@frame1: {'queue_wait_ms': 0.094, 'decode_in_ms': 29.11, 'prompt_ms': 20.14, 'vae_encode_ms': 11.15, 'transformer_plus_decode_ms': 33.38, 'stage_clock': 'wall-clock', 'benchmark_variant': 'baseline', 'output_cast': 'cpu', 'torch_threads': 128, 'terminal_skips': 0, 'jpeg_ms': 0.37, 'total_ms': 94.17}
[worker 1] timing@frame1: {'queue_wait_ms': 0.055, 'decode_in_ms': 14.75, 'prompt_ms': 20.73, 'vae_encode_ms': 11.42, 'transformer_plus_decode_ms': 36.82, 'stage_clock': 'wall-clock', 'benchmark_variant': 'baseline', 'output_cast': 'cpu', 'torch_threads': 128, 'terminal_skips': 0, 'jpeg_ms': 0.36, 'total_ms': 84.1}
[DIAG] t=275s in=8 →wk=4 ←wk=2 →cl=2 drop_in=0 drop_out=0 | since: client=0.0s worker=0.0s sent=0.0s | ch=open buf=0 | lag: max=1ms avg=0.5ms | heap=8.0MB rss=56.0MB | gpu0:R pend=1 frames=1 buf=0 | gpu1:R pend=1 frames=1 buf=0
[worker 0] timing@frame51: {'queue_wait_ms': 0.027, 'decode_in_ms': 0.31, 'prompt_ms': 0.0, 'vae_encode_ms': 4.88, 'transformer_plus_decode_ms': 33.13, 'stage_clock': 'wall-clock', 'benchmark_variant': 'baseline', 'output_cast': 'cpu', 'torch_threads': 128, 'terminal_skips': 0, 'jpeg_ms': 0.28, 'total_ms': 38.63}
[worker 1] timing@frame51: {'queue_wait_ms': 0.027, 'decode_in_ms': 0.26, 'prompt_ms': 0.0, 'vae_encode_ms': 17.78, 'transformer_plus_decode_ms': 31.73, 'stage_clock': 'wall-clock', 'benchmark_variant': 'baseline', 'output_cast': 'cpu', 'torch_threads': 128, 'terminal_skips': 0, 'jpeg_ms': 0.29, 'total_ms': 50.08}
[DIAG] t=280s in=258 →wk=168 ←wk=167 →cl=164 drop_in=0 drop_out=0 | since: client=0.0s worker=0.0s sent=0.0s | ch=open buf=0 | lag: max=1ms avg=0.5ms | heap=8.1MB rss=56.0MB | gpu0:R pend=1 frames=84 buf=0 | gpu1:R pend=0 frames=83 buf=0
[worker 1] timing@frame101: {'queue_wait_ms': 0.027, 'decode_in_ms': 0.26, 'prompt_ms': 0.0, 'vae_encode_ms': 4.13, 'transformer_plus_decode_ms': 34.03, 'stage_clock': 'wall-clock', 'benchmark_variant': 'baseline', 'output_cast': 'cpu', 'torch_threads': 128, 'terminal_skips': 0, 'jpeg_ms': 0.35, 'total_ms': 38.78}
[worker 0] timing@frame101: {'queue_wait_ms': 0.024, 'decode_in_ms': 0.22, 'prompt_ms': 0.0, 'vae_encode_ms': 7.33, 'transformer_plus_decode_ms': 30.83, 'stage_clock': 'wall-clock', 'benchmark_variant': 'baseline', 'output_cast': 'cpu', 'torch_threads': 128, 'terminal_skips': 0, 'jpeg_ms': 0.29, 'total_ms': 38.68}
[worker 1] timing@frame151: {'queue_wait_ms': 0.036, 'decode_in_ms': 0.26, 'prompt_ms': 0.0, 'vae_encode_ms': 4.29, 'transformer_plus_decode_ms': 29.18, 'stage_clock': 'wall-clock', 'benchmark_variant': 'baseline', 'output_cast': 'cpu', 'torch_threads': 128, 'terminal_skips': 0, 'jpeg_ms': 0.26, 'total_ms': 34.01}
[worker 0] timing@frame151: {'queue_wait_ms': 0.044, 'decode_in_ms': 0.32, 'prompt_ms': 0.0, 'vae_encode_ms': 12.46, 'transformer_plus_decode_ms': 31.09, 'stage_clock': 'wall-clock', 'benchmark_variant': 'baseline', 'output_cast': 'cpu', 'torch_threads': 128, 'terminal_skips': 0, 'jpeg_ms': 0.32, 'total_ms': 44.21}
[DIAG] t=285s in=519 →wk=370 ←wk=368 →cl=360 drop_in=0 drop_out=0 | since: client=0.0s worker=0.0s sent=0.0s | ch=open buf=0 | lag: max=1ms avg=0.5ms | heap=8.9MB rss=56.0MB | gpu0:R pend=1 frames=183 buf=0 | gpu1:R pend=1 frames=185 buf=0
[worker 1] timing@frame201: {'queue_wait_ms': 0.032, 'decode_in_ms': 0.26, 'prompt_ms': 0.0, 'vae_encode_ms': 23.78, 'transformer_plus_decode_ms': 34.15, 'stage_clock': 'wall-clock', 'benchmark_variant': 'baseline', 'output_cast': 'cpu', 'torch_threads': 128, 'terminal_skips': 0, 'jpeg_ms': 0.29, 'total_ms': 58.5}
[DIAG] t=290s in=554 →wk=401 ←wk=401 →cl=393 drop_in=0 drop_out=0 | since: client=4.4s worker=4.3s sent=4.3s | ch=open buf=0 | lag: max=1ms avg=0.5ms | heap=9.3MB rss=56.0MB | gpu0:R pend=0 frames=200 buf=0 | gpu1:R pend=0 frames=201 buf=0
POST /webrtc/offer
Offer candidates host=2 srflx=1 relay=0
ICE connection state: closed
[DIAG] Connection state: closed (channel=none buf=0)
[DIAG] DataChannel CLOSED (was open)
ICE connection state: new
[DIAG] Connection state: new (channel=none buf=0)
ICE gathering state: gathering
[DIAG] t=295s in=554 →wk=401 ←wk=401 →cl=393 drop_in=0 drop_out=0 | since: client=9.4s worker=9.3s sent=9.3s | ch=closed buf=0 | lag: max=1ms avg=0.5ms | heap=8.1MB rss=56.0MB | gpu0:R pend=0 frames=200 buf=0 | gpu1:R pend=0 frames=201 buf=0
[DIAG] t=300s in=554 →wk=401 ←wk=401 →cl=393 drop_in=0 drop_out=0 | since: client=14.4s worker=14.3s sent=14.3s | ch=closed buf=0 | lag: max=1ms avg=0.5ms | heap=8.2MB rss=56.0MB | gpu0:R pend=0 frames=200 buf=0 | gpu1:R pend=0 frames=201 buf=0
Sending SDP answer
ICE gathering state: complete
ICE connection state: connected
[DIAG] Connection state: connected (channel=none buf=0)
DataChannel opened: frames
[worker 0] timing@frame201: {'queue_wait_ms': 0.035, 'decode_in_ms': 0.49, 'prompt_ms': 0.01, 'vae_encode_ms': 15.97, 'transformer_plus_decode_ms': 21.08, 'stage_clock': 'cuda-events', 'benchmark_variant': 'terminal-noop', 'output_cast': 'gpu', 'torch_threads': 128, 'terminal_skips': 1, 'jpeg_ms': 0.34, 'total_ms': 38.1}
[worker 1] timing@frame251: {'queue_wait_ms': 0.032, 'decode_in_ms': 0.23, 'prompt_ms': 0.0, 'vae_encode_ms': 4.16, 'transformer_plus_decode_ms': 18.37, 'stage_clock': 'cuda-events', 'benchmark_variant': 'terminal-noop', 'output_cast': 'gpu', 'torch_threads': 128, 'terminal_skips': 1, 'jpeg_ms': 0.26, 'total_ms': 23.05}
[worker 0] timing@frame251: {'queue_wait_ms': 0.026, 'decode_in_ms': 0.32, 'prompt_ms': 0.0, 'vae_encode_ms': 4.48, 'transformer_plus_decode_ms': 20.86, 'stage_clock': 'cuda-events', 'benchmark_variant': 'terminal-noop', 'output_cast': 'gpu', 'torch_threads': 128, 'terminal_skips': 1, 'jpeg_ms': 0.26, 'total_ms': 25.97}
[worker 1] timing@frame301: {'queue_wait_ms': 0.036, 'decode_in_ms': 0.24, 'prompt_ms': 0.0, 'vae_encode_ms': 5.09, 'transformer_plus_decode_ms': 17.95, 'stage_clock': 'cuda-events', 'benchmark_variant': 'terminal-noop', 'output_cast': 'gpu', 'torch_threads': 128, 'terminal_skips': 1, 'jpeg_ms': 0.25, 'total_ms': 23.56}
[worker 0] timing@frame301: {'queue_wait_ms': 0.042, 'decode_in_ms': 0.29, 'prompt_ms': 0.0, 'vae_encode_ms': 15.75, 'transformer_plus_decode_ms': 22.67, 'stage_clock': 'cuda-events', 'benchmark_variant': 'terminal-noop', 'output_cast': 'gpu', 'torch_threads': 128, 'terminal_skips': 1, 'jpeg_ms': 0.33, 'total_ms': 39.11}
[DIAG] t=305s in=771 →wk=618 ←wk=617 →cl=609 drop_in=0 drop_out=0 | since: client=0.0s worker=0.0s sent=0.0s | ch=open buf=0 | lag: max=1ms avg=0.5ms | heap=8.1MB rss=54.0MB | gpu0:R pend=0 frames=308 buf=0 | gpu1:R pend=1 frames=309 buf=0
[worker 1] timing@frame351: {'queue_wait_ms': 0.019, 'decode_in_ms': 0.23, 'prompt_ms': 0.0, 'vae_encode_ms': 4.16, 'transformer_plus_decode_ms': 18.38, 'stage_clock': 'cuda-events', 'benchmark_variant': 'terminal-noop', 'output_cast': 'gpu', 'torch_threads': 128, 'terminal_skips': 1, 'jpeg_ms': 0.28, 'total_ms': 23.08}
[worker 0] timing@frame351: {'queue_wait_ms': 0.043, 'decode_in_ms': 0.24, 'prompt_ms': 0.0, 'vae_encode_ms': 4.56, 'transformer_plus_decode_ms': 19.01, 'stage_clock': 'cuda-events', 'benchmark_variant': 'terminal-noop', 'output_cast': 'gpu', 'torch_threads': 128, 'terminal_skips': 1, 'jpeg_ms': 0.26, 'total_ms': 24.11}
[worker 1] timing@frame401: {'queue_wait_ms': 0.025, 'decode_in_ms': 0.23, 'prompt_ms': 0.0, 'vae_encode_ms': 4.22, 'transformer_plus_decode_ms': 17.92, 'stage_clock': 'cuda-events', 'benchmark_variant': 'terminal-noop', 'output_cast': 'gpu', 'torch_threads': 128, 'terminal_skips': 1, 'jpeg_ms': 0.26, 'total_ms': 22.67}
[worker 0] timing@frame401: {'queue_wait_ms': 0.026, 'decode_in_ms': 0.34, 'prompt_ms': 0.0, 'vae_encode_ms': 4.74, 'transformer_plus_decode_ms': 20.99, 'stage_clock': 'cuda-events', 'benchmark_variant': 'terminal-noop', 'output_cast': 'gpu', 'torch_threads': 128, 'terminal_skips': 1, 'jpeg_ms': 0.27, 'total_ms': 26.41}
[DIAG] t=310s in=1031 →wk=877 ←wk=876 →cl=868 drop_in=0 drop_out=0 | since: client=0.0s worker=0.0s sent=0.0s | ch=open buf=0 | lag: max=1ms avg=0.5ms | heap=8.6MB rss=54.0MB | gpu0:R pend=1 frames=437 buf=0 | gpu1:R pend=0 frames=439 buf=0
[worker 1] timing@frame451: {'queue_wait_ms': 0.026, 'decode_in_ms': 0.24, 'prompt_ms': 0.0, 'vae_encode_ms': 4.19, 'transformer_plus_decode_ms': 18.28, 'stage_clock': 'cuda-events', 'benchmark_variant': 'terminal-noop', 'output_cast': 'gpu', 'torch_threads': 128, 'terminal_skips': 1, 'jpeg_ms': 0.29, 'total_ms': 23.03}
[worker 0] timing@frame451: {'queue_wait_ms': 0.024, 'decode_in_ms': 0.28, 'prompt_ms': 0.0, 'vae_encode_ms': 4.47, 'transformer_plus_decode_ms': 19.21, 'stage_clock': 'cuda-events', 'benchmark_variant': 'terminal-noop', 'output_cast': 'gpu', 'torch_threads': 128, 'terminal_skips': 1, 'jpeg_ms': 0.25, 'total_ms': 24.26}
[DIAG] t=315s in=1101 →wk=947 ←wk=947 →cl=939 drop_in=0 drop_out=0 | since: client=3.6s worker=3.6s sent=3.6s | ch=open buf=0 | lag: max=1ms avg=0.5ms | heap=8.7MB rss=56.0MB | gpu0:R pend=0 frames=473 buf=0 | gpu1:R pend=0 frames=474 buf=0
POST /webrtc/offer
Offer candidates host=2 srflx=1 relay=0
ICE connection state: closed
[DIAG] Connection state: closed (channel=none buf=0)
[DIAG] DataChannel CLOSED (was open)
ICE connection state: new
[DIAG] Connection state: new (channel=none buf=0)
ICE gathering state: gathering
[DIAG] t=320s in=1101 →wk=947 ←wk=947 →cl=939 drop_in=0 drop_out=0 | since: client=8.6s worker=8.6s sent=8.6s | ch=closed buf=0 | lag: max=1ms avg=0.5ms | heap=9.0MB rss=56.0MB | gpu0:R pend=0 frames=473 buf=0 | gpu1:R pend=0 frames=474 buf=0
[DIAG] t=325s in=1101 →wk=947 ←wk=947 →cl=939 drop_in=0 drop_out=0 | since: client=13.6s worker=13.6s sent=13.6s | ch=closed buf=0 | lag: max=1ms avg=0.5ms | heap=9.1MB rss=56.0MB | gpu0:R pend=0 frames=473 buf=0 | gpu1:R pend=0 frames=474 buf=0
Sending SDP answer
ICE gathering state: complete
ICE connection state: connected
[DIAG] Connection state: connected (channel=none buf=0)
DataChannel opened: frames
[worker 1] resolution changed → 768×448, already compiled by idle warmup
[worker 0] resolution changed → 768×448, already compiled by idle warmup
/usr/local/lib/python3.12/dist-packages/diffusers/schedulers/scheduling_flow_match_euler_discrete.py:649: RuntimeWarning: divide by zero encountered in divide
  return math.exp(mu) / (math.exp(mu) + (1 / t - 1) ** sigma)
/usr/local/lib/python3.12/dist-packages/diffusers/schedulers/scheduling_flow_match_euler_discrete.py:649: RuntimeWarning: divide by zero encountered in divide
  return math.exp(mu) / (math.exp(mu) + (1 / t - 1) ** sigma)
[worker 1] timing@frame501: {'queue_wait_ms': 0.029, 'decode_in_ms': 0.48, 'prompt_ms': 0.0, 'vae_encode_ms': 9.14, 'transformer_plus_decode_ms': 55.98, 'stage_clock': 'wall-clock', 'benchmark_variant': 'baseline', 'output_cast': 'cpu', 'torch_threads': 128, 'terminal_skips': 0, 'jpeg_ms': 0.47, 'total_ms': 66.08}
[worker 0] timing@frame501: {'queue_wait_ms': 0.027, 'decode_in_ms': 0.49, 'prompt_ms': 0.0, 'vae_encode_ms': 9.29, 'transformer_plus_decode_ms': 56.75, 'stage_clock': 'wall-clock', 'benchmark_variant': 'baseline', 'output_cast': 'cpu', 'torch_threads': 128, 'terminal_skips': 0, 'jpeg_ms': 0.56, 'total_ms': 67.11}
[DIAG] t=330s in=1214 →wk=1010 ←wk=1008 →cl=1000 drop_in=0 drop_out=0 | since: client=0.0s worker=0.0s sent=0.0s | ch=open buf=0 | lag: max=1ms avg=0.5ms | heap=9.1MB rss=53.8MB | gpu0:R pend=1 frames=503 buf=0 | gpu1:R pend=1 frames=505 buf=0
[worker 1] timing@frame551: {'queue_wait_ms': 0.025, 'decode_in_ms': 0.4, 'prompt_ms': 0.0, 'vae_encode_ms': 12.38, 'transformer_plus_decode_ms': 57.31, 'stage_clock': 'wall-clock', 'benchmark_variant': 'baseline', 'output_cast': 'cpu', 'torch_threads': 128, 'terminal_skips': 0, 'jpeg_ms': 0.47, 'total_ms': 70.58}
[worker 0] timing@frame551: {'queue_wait_ms': 0.028, 'decode_in_ms': 0.4, 'prompt_ms': 0.0, 'vae_encode_ms': 8.86, 'transformer_plus_decode_ms': 53.72, 'stage_clock': 'wall-clock', 'benchmark_variant': 'baseline', 'output_cast': 'cpu', 'torch_threads': 128, 'terminal_skips': 0, 'jpeg_ms': 0.5, 'total_ms': 63.49}
[DIAG] t=335s in=1466 →wk=1150 ←wk=1148 →cl=1140 drop_in=0 drop_out=0 | since: client=0.0s worker=0.0s sent=0.0s | ch=open buf=0 | lag: max=0ms avg=0.5ms | heap=8.6MB rss=55.8MB | gpu0:R pend=1 frames=573 buf=0 | gpu1:R pend=1 frames=575 buf=0
[worker 1] timing@frame601: {'queue_wait_ms': 0.037, 'decode_in_ms': 0.43, 'prompt_ms': 0.0, 'vae_encode_ms': 8.73, 'transformer_plus_decode_ms': 55.19, 'stage_clock': 'wall-clock', 'benchmark_variant': 'baseline', 'output_cast': 'cpu', 'torch_threads': 128, 'terminal_skips': 0, 'jpeg_ms': 0.45, 'total_ms': 64.81}
[worker 0] timing@frame601: {'queue_wait_ms': 0.062, 'decode_in_ms': 0.4, 'prompt_ms': 0.0, 'vae_encode_ms': 8.93, 'transformer_plus_decode_ms': 54.06, 'stage_clock': 'wall-clock', 'benchmark_variant': 'baseline', 'output_cast': 'cpu', 'torch_threads': 128, 'terminal_skips': 0, 'jpeg_ms': 0.51, 'total_ms': 63.91}
[DIAG] t=340s in=1702 →wk=1286 ←wk=1286 →cl=1277 drop_in=0 drop_out=0 | since: client=0.4s worker=0.2s sent=0.2s | ch=open buf=0 | lag: max=1ms avg=0.5ms | heap=9.3MB rss=55.8MB | gpu0:R pend=0 frames=643 buf=0 | gpu1:R pend=0 frames=643 buf=0
POST /webrtc/offer
Offer candidates host=2 srflx=1 relay=0
ICE connection state: closed
[DIAG] Connection state: closed (channel=none buf=0)
[DIAG] DataChannel CLOSED (was open)
ICE connection state: new
[DIAG] Connection state: new (channel=none buf=0)
ICE gathering state: gathering
[DIAG] t=345s in=1702 →wk=1286 ←wk=1286 →cl=1277 drop_in=0 drop_out=0 | since: client=5.4s worker=5.2s sent=5.2s | ch=closed buf=0 | lag: max=1ms avg=0.5ms | heap=9.2MB rss=55.8MB | gpu0:R pend=0 frames=643 buf=0 | gpu1:R pend=0 frames=643 buf=0
[DIAG] t=350s in=1702 →wk=1286 ←wk=1286 →cl=1277 drop_in=0 drop_out=0 | since: client=10.4s worker=10.2s sent=10.2s | ch=closed buf=0 | lag: max=1ms avg=0.5ms | heap=9.3MB rss=55.8MB | gpu0:R pend=0 frames=643 buf=0 | gpu1:R pend=0 frames=643 buf=0
Sending SDP answer
ICE gathering state: complete
ICE connection state: connected
[DIAG] Connection state: connected (channel=none buf=0)
DataChannel opened: frames
[DIAG] t=355s in=1702 →wk=1286 ←wk=1286 →cl=1277 drop_in=0 drop_out=0 | since: client=15.4s worker=15.2s sent=15.2s | ch=closed buf=0 | lag: max=1ms avg=0.5ms | heap=9.5MB rss=55.8MB | gpu0:R pend=0 frames=643 buf=0 | gpu1:R pend=0 frames=643 buf=0
[worker 1] timing@frame651: {'queue_wait_ms': 0.023, 'decode_in_ms': 0.45, 'prompt_ms': 0.0, 'vae_encode_ms': 9.12, 'transformer_plus_decode_ms': 36.78, 'stage_clock': 'cuda-events', 'benchmark_variant': 'terminal-noop', 'output_cast': 'gpu', 'torch_threads': 128, 'terminal_skips': 1, 'jpeg_ms': 0.54, 'total_ms': 46.95}
[worker 0] timing@frame651: {'queue_wait_ms': 0.039, 'decode_in_ms': 0.45, 'prompt_ms': 0.0, 'vae_encode_ms': 9.47, 'transformer_plus_decode_ms': 37.29, 'stage_clock': 'cuda-events', 'benchmark_variant': 'terminal-noop', 'output_cast': 'gpu', 'torch_threads': 128, 'terminal_skips': 1, 'jpeg_ms': 0.47, 'total_ms': 47.73}
[worker 1] timing@frame701: {'queue_wait_ms': 0.035, 'decode_in_ms': 0.47, 'prompt_ms': 0.0, 'vae_encode_ms': 21.03, 'transformer_plus_decode_ms': 33.21, 'stage_clock': 'cuda-events', 'benchmark_variant': 'terminal-noop', 'output_cast': 'gpu', 'torch_threads': 128, 'terminal_skips': 1, 'jpeg_ms': 0.45, 'total_ms': 55.21}
[worker 0] timing@frame701: {'queue_wait_ms': 0.031, 'decode_in_ms': 0.4, 'prompt_ms': 0.0, 'vae_encode_ms': 8.59, 'transformer_plus_decode_ms': 35.82, 'stage_clock': 'cuda-events', 'benchmark_variant': 'terminal-noop', 'output_cast': 'gpu', 'torch_threads': 128, 'terminal_skips': 1, 'jpeg_ms': 0.48, 'total_ms': 45.34}
[DIAG] t=360s in=1921 →wk=1458 ←wk=1456 →cl=1447 drop_in=0 drop_out=0 | since: client=0.0s worker=0.2s sent=0.2s | ch=open buf=0 | lag: max=1ms avg=0.4ms | heap=9.6MB rss=53.7MB | gpu0:R pend=1 frames=728 buf=0 | gpu1:R pend=1 frames=728 buf=0
[worker 1] timing@frame751: {'queue_wait_ms': 0.019, 'decode_in_ms': 0.41, 'prompt_ms': 0.0, 'vae_encode_ms': 9.23, 'transformer_plus_decode_ms': 35.66, 'stage_clock': 'cuda-events', 'benchmark_variant': 'terminal-noop', 'output_cast': 'gpu', 'torch_threads': 128, 'terminal_skips': 1, 'jpeg_ms': 0.46, 'total_ms': 45.8}
[worker 0] timing@frame751: {'queue_wait_ms': 0.02, 'decode_in_ms': 0.39, 'prompt_ms': 0.0, 'vae_encode_ms': 8.66, 'transformer_plus_decode_ms': 35.82, 'stage_clock': 'cuda-events', 'benchmark_variant': 'terminal-noop', 'output_cast': 'gpu', 'torch_threads': 128, 'terminal_skips': 1, 'jpeg_ms': 0.45, 'total_ms': 45.36}
[worker 1] timing@frame801: {'queue_wait_ms': 0.02, 'decode_in_ms': 0.46, 'prompt_ms': 0.0, 'vae_encode_ms': 19.5, 'transformer_plus_decode_ms': 37.21, 'stage_clock': 'cuda-events', 'benchmark_variant': 'terminal-noop', 'output_cast': 'gpu', 'torch_threads': 128, 'terminal_skips': 1, 'jpeg_ms': 0.49, 'total_ms': 57.71}
[worker 0] timing@frame801: {'queue_wait_ms': 0.022, 'decode_in_ms': 0.46, 'prompt_ms': 0.0, 'vae_encode_ms': 22.04, 'transformer_plus_decode_ms': 37.11, 'stage_clock': 'cuda-events', 'benchmark_variant': 'terminal-noop', 'output_cast': 'gpu', 'torch_threads': 128, 'terminal_skips': 1, 'jpeg_ms': 0.53, 'total_ms': 60.19}
[DIAG] t=365s in=2157 →wk=1634 ←wk=1632 →cl=1623 drop_in=0 drop_out=0 | since: client=0.0s worker=0.0s sent=0.0s | ch=open buf=0 | lag: max=2ms avg=0.4ms | heap=9.3MB rss=53.7MB | gpu0:R pend=1 frames=816 buf=0 | gpu1:R pend=1 frames=816 buf=0
[DIAG] t=370s in=2245 →wk=1700 ←wk=1700 →cl=1690 drop_in=0 drop_out=0 | since: client=3.2s worker=3.2s sent=3.2s | ch=open buf=0 | lag: max=1ms avg=0.4ms | heap=9.3MB rss=55.7MB | gpu0:R pend=0 frames=850 buf=0 | gpu1:R pend=0 frames=850 buf=0
POST /webrtc/offer
Offer candidates host=2 srflx=1 relay=0
ICE connection state: closed
[DIAG] Connection state: closed (channel=none buf=0)
[DIAG] DataChannel CLOSED (was open)
ICE connection state: new
[DIAG] Connection state: new (channel=none buf=0)
ICE gathering state: gathering
[DIAG] t=375s in=2245 →wk=1700 ←wk=1700 →cl=1690 drop_in=0 drop_out=0 | since: client=8.2s worker=8.2s sent=8.2s | ch=closed buf=0 | lag: max=1ms avg=0.4ms | heap=9.6MB rss=55.7MB | gpu0:R pend=0 frames=850 buf=0 | gpu1:R pend=0 frames=850 buf=0
[DIAG] t=380s in=2245 →wk=1700 ←wk=1700 →cl=1690 drop_in=0 drop_out=0 | since: client=13.2s worker=13.2s sent=13.2s | ch=closed buf=0 | lag: max=1ms avg=0.4ms | heap=9.8MB rss=55.7MB | gpu0:R pend=0 frames=850 buf=0 | gpu1:R pend=0 frames=850 buf=0
Sending SDP answer
ICE gathering state: complete
ICE connection state: connected
[DIAG] Connection state: connected (channel=none buf=0)
DataChannel opened: frames
[worker 0] resolution changed → 1024×576, already compiled by idle warmup
[worker 1] resolution changed → 1024×576, already compiled by idle warmup
/usr/local/lib/python3.12/dist-packages/diffusers/schedulers/scheduling_flow_match_euler_discrete.py:649: RuntimeWarning: divide by zero encountered in divide
  return math.exp(mu) / (math.exp(mu) + (1 / t - 1) ** sigma)
/usr/local/lib/python3.12/dist-packages/diffusers/schedulers/scheduling_flow_match_euler_discrete.py:649: RuntimeWarning: divide by zero encountered in divide
  return math.exp(mu) / (math.exp(mu) + (1 / t - 1) ** sigma)
[worker 0] timing@frame851: {'queue_wait_ms': 0.048, 'decode_in_ms': 0.79, 'prompt_ms': 0.01, 'vae_encode_ms': 26.14, 'transformer_plus_decode_ms': 99.08, 'stage_clock': 'wall-clock', 'benchmark_variant': 'baseline', 'output_cast': 'cpu', 'torch_threads': 128, 'terminal_skips': 0, 'jpeg_ms': 0.76, 'total_ms': 126.88}
[worker 1] timing@frame851: {'queue_wait_ms': 0.039, 'decode_in_ms': 0.85, 'prompt_ms': 0.0, 'vae_encode_ms': 30.97, 'transformer_plus_decode_ms': 98.23, 'stage_clock': 'wall-clock', 'benchmark_variant': 'baseline', 'output_cast': 'cpu', 'torch_threads': 128, 'terminal_skips': 0, 'jpeg_ms': 0.72, 'total_ms': 130.87}
[DIAG] t=385s in=2394 →wk=1750 ←wk=1748 →cl=1738 drop_in=0 drop_out=0 | since: client=0.0s worker=0.0s sent=0.0s | ch=open buf=0 | lag: max=1ms avg=0.4ms | heap=9.6MB rss=55.7MB | gpu0:R pend=1 frames=874 buf=0 | gpu1:R pend=1 frames=874 buf=0
[worker 0] timing@frame901: {'queue_wait_ms': 0.032, 'decode_in_ms': 0.67, 'prompt_ms': 0.01, 'vae_encode_ms': 34.22, 'transformer_plus_decode_ms': 96.19, 'stage_clock': 'wall-clock', 'benchmark_variant': 'baseline', 'output_cast': 'cpu', 'torch_threads': 128, 'terminal_skips': 0, 'jpeg_ms': 0.73, 'total_ms': 131.84}
[worker 1] timing@frame901: {'queue_wait_ms': 0.032, 'decode_in_ms': 0.63, 'prompt_ms': 0.0, 'vae_encode_ms': 20.46, 'transformer_plus_decode_ms': 94.87, 'stage_clock': 'wall-clock', 'benchmark_variant': 'baseline', 'output_cast': 'cpu', 'torch_threads': 128, 'terminal_skips': 0, 'jpeg_ms': 0.71, 'total_ms': 116.71}
[DIAG] t=390s in=2617 →wk=1833 ←wk=1831 →cl=1821 drop_in=0 drop_out=0 | since: client=0.0s worker=0.0s sent=0.0s | ch=open buf=0 | lag: max=1ms avg=0.4ms | heap=9.5MB rss=53.5MB | gpu0:R pend=1 frames=916 buf=0 | gpu1:R pend=1 frames=915 buf=0
[worker 0] timing@frame951: {'queue_wait_ms': 0.03, 'decode_in_ms': 0.74, 'prompt_ms': 0.0, 'vae_encode_ms': 17.5, 'transformer_plus_decode_ms': 98.95, 'stage_clock': 'wall-clock', 'benchmark_variant': 'baseline', 'output_cast': 'cpu', 'torch_threads': 128, 'terminal_skips': 0, 'jpeg_ms': 0.75, 'total_ms': 117.96}
[worker 1] timing@frame951: {'queue_wait_ms': 0.026, 'decode_in_ms': 0.63, 'prompt_ms': 0.0, 'vae_encode_ms': 27.89, 'transformer_plus_decode_ms': 93.14, 'stage_clock': 'wall-clock', 'benchmark_variant': 'baseline', 'output_cast': 'cpu', 'torch_threads': 128, 'terminal_skips': 0, 'jpeg_ms': 0.75, 'total_ms': 122.44}
[DIAG] t=395s in=2853 →wk=1918 ←wk=1917 →cl=1907 drop_in=0 drop_out=0 | since: client=0.2s worker=0.0s sent=0.0s | ch=open buf=0 | lag: max=1ms avg=0.4ms | heap=10.2MB rss=53.5MB | gpu0:R pend=0 frames=959 buf=0 | gpu1:R pend=1 frames=958 buf=0
POST /webrtc/offer
Offer candidates host=2 srflx=1 relay=0
ICE connection state: closed
[DIAG] Connection state: closed (channel=none buf=0)
[DIAG] DataChannel CLOSED (was open)
ICE connection state: new
[DIAG] Connection state: new (channel=none buf=0)
ICE gathering state: gathering
[DIAG] t=400s in=2853 →wk=1918 ←wk=1918 →cl=1908 drop_in=0 drop_out=0 | since: client=5.2s worker=5.0s sent=5.0s | ch=closed buf=0 | lag: max=1ms avg=0.4ms | heap=10.8MB rss=53.5MB | gpu0:R pend=0 frames=959 buf=0 | gpu1:R pend=0 frames=959 buf=0
[DIAG] t=405s in=2853 →wk=1918 ←wk=1918 →cl=1908 drop_in=0 drop_out=0 | since: client=10.2s worker=10.0s sent=10.0s | ch=closed buf=0 | lag: max=1ms avg=0.4ms | heap=10.8MB rss=53.5MB | gpu0:R pend=0 frames=959 buf=0 | gpu1:R pend=0 frames=959 buf=0
Sending SDP answer
[DIAG] t=410s in=2853 →wk=1918 ←wk=1918 →cl=1908 drop_in=0 drop_out=0 | since: client=15.2s worker=15.0s sent=15.0s | ch=closed buf=0 | lag: max=1ms avg=0.4ms | heap=11.0MB rss=53.5MB | gpu0:R pend=0 frames=959 buf=0 | gpu1:R pend=0 frames=959 buf=0
ICE gathering state: complete
ICE connection state: connected
[DIAG] Connection state: connected (channel=none buf=0)
DataChannel opened: frames
[worker 0] timing@frame1001: {'queue_wait_ms': 0.03, 'decode_in_ms': 0.68, 'prompt_ms': 0.0, 'vae_encode_ms': 17.25, 'transformer_plus_decode_ms': 61.2, 'stage_clock': 'cuda-events', 'benchmark_variant': 'terminal-noop', 'output_cast': 'gpu', 'torch_threads': 128, 'terminal_skips': 1, 'jpeg_ms': 0.72, 'total_ms': 79.9}
[worker 1] timing@frame1001: {'queue_wait_ms': 0.027, 'decode_in_ms': 0.67, 'prompt_ms': 0.0, 'vae_encode_ms': 17.34, 'transformer_plus_decode_ms': 61.82, 'stage_clock': 'cuda-events', 'benchmark_variant': 'terminal-noop', 'output_cast': 'gpu', 'torch_threads': 128, 'terminal_skips': 1, 'jpeg_ms': 0.73, 'total_ms': 80.63}
[DIAG] t=415s in=3046 →wk=2029 ←wk=2027 →cl=2017 drop_in=0 drop_out=0 | since: client=0.0s worker=0.0s sent=0.0s | ch=open buf=0 | lag: max=1ms avg=0.4ms | heap=9.9MB rss=57.1MB | gpu0:R pend=1 frames=1014 buf=0 | gpu1:R pend=1 frames=1013 buf=0
[worker 0] timing@frame1051: {'queue_wait_ms': 0.027, 'decode_in_ms': 0.67, 'prompt_ms': 0.0, 'vae_encode_ms': 17.5, 'transformer_plus_decode_ms': 56.57, 'stage_clock': 'cuda-events', 'benchmark_variant': 'terminal-noop', 'output_cast': 'gpu', 'torch_threads': 128, 'terminal_skips': 1, 'jpeg_ms': 0.72, 'total_ms': 75.51}
[worker 1] timing@frame1051: {'queue_wait_ms': 0.027, 'decode_in_ms': 0.66, 'prompt_ms': 0.0, 'vae_encode_ms': 17.42, 'transformer_plus_decode_ms': 56.59, 'stage_clock': 'cuda-events', 'benchmark_variant': 'terminal-noop', 'output_cast': 'gpu', 'torch_threads': 128, 'terminal_skips': 1, 'jpeg_ms': 0.72, 'total_ms': 75.44}
[DIAG] t=420s in=3259 →wk=2154 ←wk=2152 →cl=2142 drop_in=0 drop_out=0 | since: client=0.0s worker=0.0s sent=0.0s | ch=open buf=0 | lag: max=1ms avg=0.4ms | heap=10.7MB rss=57.1MB | gpu0:R pend=1 frames=1076 buf=0 | gpu1:R pend=1 frames=1076 buf=0
[worker 0] timing@frame1101: {'queue_wait_ms': 0.033, 'decode_in_ms': 0.68, 'prompt_ms': 0.0, 'vae_encode_ms': 17.38, 'transformer_plus_decode_ms': 60.17, 'stage_clock': 'cuda-events', 'benchmark_variant': 'terminal-noop', 'output_cast': 'gpu', 'torch_threads': 128, 'terminal_skips': 1, 'jpeg_ms': 0.71, 'total_ms': 78.99}
[worker 1] timing@frame1101: {'queue_wait_ms': 0.031, 'decode_in_ms': 0.62, 'prompt_ms': 0.0, 'vae_encode_ms': 17.21, 'transformer_plus_decode_ms': 60.54, 'stage_clock': 'cuda-events', 'benchmark_variant': 'terminal-noop', 'output_cast': 'gpu', 'torch_threads': 128, 'terminal_skips': 1, 'jpeg_ms': 0.7, 'total_ms': 79.13}
[DIAG] t=425s in=3358 →wk=2209 ←wk=2209 →cl=2199 drop_in=0 drop_out=0 | since: client=2.9s worker=2.8s sent=2.8s | ch=open buf=0 | lag: max=1ms avg=0.4ms | heap=10.9MB rss=57.1MB | gpu0:R pend=0 frames=1105 buf=0 | gpu1:R pend=0 frames=1104 buf=0
ICE connection state: disconnected
[DIAG] Connection state: disconnected (channel=open buf=0)
[DIAG] t=430s in=3358 →wk=2209 ←wk=2209 →cl=2199 drop_in=0 drop_out=0 | since: client=7.9s worker=7.8s sent=7.8s | ch=open buf=0 | lag: max=1ms avg=0.4ms | heap=10.9MB rss=57.1MB | gpu0:R pend=0 frames=1105 buf=0 | gpu1:R pend=0 frames=1104 buf=0
Connection remained disconnected, closing peer
ICE connection state: closed
[DIAG] Connection state: closed (channel=none buf=0)
[DIAG] DataChannel CLOSED (was open)
[DIAG] t=435s in=3358 →wk=2209 ←wk=2209 →cl=2199 drop_in=0 drop_out=0 | since: client=12.9s worker=12.8s sent=12.8s | ch=closed buf=0 | lag: max=1ms avg=0.4ms | heap=10.9MB rss=57.1MB | gpu0:R pend=0 frames=1105 buf=0 | gpu1:R pend=0 frames=1104 buf=0
[DIAG] t=440s in=3358 →wk=2209 ←wk=2209 →cl=2199 drop_in=0 drop_out=0 | since: client=17.9s worker=17.8s sent=17.8s | ch=closed buf=0 | lag: max=1ms avg=0.4ms | heap=10.9MB rss=57.1MB | gpu0:R pend=0 frames=1105 buf=0 | gpu1:R pend=0 frames=1104 buf=0
[DIAG] t=445s in=3358 →wk=2209 ←wk=2209 →cl=2199 drop_in=0 drop_out=0 | since: client=22.9s worker=22.8s sent=22.8s | ch=closed buf=0 | lag: max=1ms avg=0.4ms | heap=10.9MB rss=57.1MB | gpu0:R pend=0 frames=1105 buf=0 | gpu1:R pend=0 frames=1104 buf=0
[DIAG] t=450s in=3358 →wk=2209 ←wk=2209 →cl=2199 drop_in=0 drop_out=0 | since: client=27.9s worker=27.8s sent=27.8s | ch=closed buf=0 | lag: max=1ms avg=0.4ms | heap=10.9MB rss=57.1MB | gpu0:R pend=0 frames=1105 buf=0 | gpu1:R pend=0 frames=1104 buf=0
[DIAG] t=455s in=3358 →wk=2209 ←wk=2209 →cl=2199 drop_in=0 drop_out=0 | since: client=32.9s worker=32.8s sent=32.8s | ch=closed buf=0 | lag: max=1ms avg=0.4ms | heap=11.1MB rss=57.1MB | gpu0:R pend=0 frames=1105 buf=0 | gpu1:R pend=0 frames=1104 buf=0
POST /webrtc/offer
Offer candidates host=2 srflx=1 relay=0
ICE connection state: new
[DIAG] Connection state: new (channel=none buf=0)
ICE gathering state: gathering
[DIAG] t=460s in=3358 →wk=2209 ←wk=2209 →cl=2199 drop_in=0 drop_out=0 | since: client=37.9s worker=37.8s sent=37.8s | ch=closed buf=0 | lag: max=1ms avg=0.4ms | heap=11.4MB rss=57.1MB | gpu0:R pend=0 frames=1105 buf=0 | gpu1:R pend=0 frames=1104 buf=0
[DIAG] t=465s in=3358 →wk=2209 ←wk=2209 →cl=2199 drop_in=0 drop_out=0 | since: client=42.9s worker=42.8s sent=42.8s | ch=closed buf=0 | lag: max=1ms avg=0.4ms | heap=11.4MB rss=57.1MB | gpu0:R pend=0 frames=1105 buf=0 | gpu1:R pend=0 frames=1104 buf=0
Sending SDP answer
ICE gathering state: complete
ICE connection state: connected
[DIAG] Connection state: connected (channel=none buf=0)
DataChannel opened: frames
[worker 0] resolution changed → 512×288, already compiled by idle warmup
[DIAG] t=470s in=3402 →wk=2236 ←wk=2235 →cl=2225 drop_in=0 drop_out=0 | since: client=0.0s worker=0.0s sent=0.0s | ch=open buf=0 | lag: max=1ms avg=0.4ms | heap=10.6MB rss=50.8MB | gpu0:R pend=1 frames=1131 buf=0 | gpu1:R pend=0 frames=1104 buf=0
[worker 0] timing@frame1151: {'queue_wait_ms': 0.027, 'decode_in_ms': 0.23, 'prompt_ms': 0.0, 'vae_encode_ms': 4.01, 'transformer_plus_decode_ms': 32.35, 'stage_clock': 'wall-clock', 'benchmark_variant': 'baseline', 'output_cast': 'cpu', 'torch_threads': 128, 'terminal_skips': 0, 'jpeg_ms': 0.24, 'total_ms': 36.84}
[worker 0] timing@frame1201: {'queue_wait_ms': 0.017, 'decode_in_ms': 0.22, 'prompt_ms': 0.0, 'vae_encode_ms': 3.9, 'transformer_plus_decode_ms': 28.29, 'stage_clock': 'wall-clock', 'benchmark_variant': 'baseline', 'output_cast': 'cpu', 'torch_threads': 128, 'terminal_skips': 0, 'jpeg_ms': 0.24, 'total_ms': 32.67}
[worker 0] timing@frame1251: {'queue_wait_ms': 0.033, 'decode_in_ms': 0.23, 'prompt_ms': 0.0, 'vae_encode_ms': 3.95, 'transformer_plus_decode_ms': 28.08, 'stage_clock': 'wall-clock', 'benchmark_variant': 'baseline', 'output_cast': 'cpu', 'torch_threads': 128, 'terminal_skips': 0, 'jpeg_ms': 0.27, 'total_ms': 32.55}
[DIAG] t=475s in=3613 →wk=2378 ←wk=2377 →cl=2367 drop_in=0 drop_out=0 | since: client=0.0s worker=0.0s sent=0.0s | ch=open buf=0 | lag: max=1ms avg=0.4ms | heap=10.6MB rss=50.8MB | gpu0:R pend=1 frames=1273 buf=0 | gpu1:R pend=0 frames=1104 buf=0
[worker 0] timing@frame1301: {'queue_wait_ms': 0.026, 'decode_in_ms': 0.26, 'prompt_ms': 0.0, 'vae_encode_ms': 4.04, 'transformer_plus_decode_ms': 29.08, 'stage_clock': 'wall-clock', 'benchmark_variant': 'baseline', 'output_cast': 'cpu', 'torch_threads': 128, 'terminal_skips': 0, 'jpeg_ms': 0.27, 'total_ms': 33.66}
[worker 0] timing@frame1351: {'queue_wait_ms': 0.032, 'decode_in_ms': 0.24, 'prompt_ms': 0.0, 'vae_encode_ms': 3.95, 'transformer_plus_decode_ms': 28.72, 'stage_clock': 'wall-clock', 'benchmark_variant': 'baseline', 'output_cast': 'cpu', 'torch_threads': 128, 'terminal_skips': 0, 'jpeg_ms': 0.27, 'total_ms': 33.21}
[worker 0] timing@frame1401: {'queue_wait_ms': 0.025, 'decode_in_ms': 0.22, 'prompt_ms': 0.0, 'vae_encode_ms': 3.87, 'transformer_plus_decode_ms': 33.61, 'stage_clock': 'wall-clock', 'benchmark_variant': 'baseline', 'output_cast': 'cpu', 'torch_threads': 128, 'terminal_skips': 0, 'jpeg_ms': 0.25, 'total_ms': 37.97}
[DIAG] t=480s in=3832 →wk=2521 ←wk=2520 →cl=2510 drop_in=0 drop_out=0 | since: client=0.0s worker=0.0s sent=0.0s | ch=open buf=0 | lag: max=1ms avg=0.4ms | heap=10.9MB rss=50.8MB | gpu0:R pend=1 frames=1416 buf=0 | gpu1:R pend=0 frames=1104 buf=0
[worker 0] timing@frame1451: {'queue_wait_ms': 0.029, 'decode_in_ms': 0.26, 'prompt_ms': 0.0, 'vae_encode_ms': 3.91, 'transformer_plus_decode_ms': 28.39, 'stage_clock': 'wall-clock', 'benchmark_variant': 'baseline', 'output_cast': 'cpu', 'torch_threads': 128, 'terminal_skips': 0, 'jpeg_ms': 0.24, 'total_ms': 32.81}
[worker 0] timing@frame1501: {'queue_wait_ms': 0.025, 'decode_in_ms': 0.24, 'prompt_ms': 0.0, 'vae_encode_ms': 4.01, 'transformer_plus_decode_ms': 29.31, 'stage_clock': 'wall-clock', 'benchmark_variant': 'baseline', 'output_cast': 'cpu', 'torch_threads': 128, 'terminal_skips': 0, 'jpeg_ms': 0.27, 'total_ms': 33.85}
[worker 0] timing@frame1551: {'queue_wait_ms': 0.028, 'decode_in_ms': 0.23, 'prompt_ms': 0.0, 'vae_encode_ms': 3.88, 'transformer_plus_decode_ms': 27.98, 'stage_clock': 'wall-clock', 'benchmark_variant': 'baseline', 'output_cast': 'cpu', 'torch_threads': 128, 'terminal_skips': 0, 'jpeg_ms': 0.27, 'total_ms': 32.38}
[DIAG] t=485s in=4049 →wk=2665 ←wk=2664 →cl=2654 drop_in=0 drop_out=0 | since: client=0.0s worker=0.0s sent=0.0s | ch=open buf=0 | lag: max=0ms avg=0.4ms | heap=11.4MB rss=52.8MB | gpu0:R pend=1 frames=1560 buf=0 | gpu1:R pend=0 frames=1104 buf=0
[worker 0] timing@frame1601: {'queue_wait_ms': 0.022, 'decode_in_ms': 0.24, 'prompt_ms': 0.0, 'vae_encode_ms': 3.93, 'transformer_plus_decode_ms': 28.53, 'stage_clock': 'wall-clock', 'benchmark_variant': 'baseline', 'output_cast': 'cpu', 'torch_threads': 128, 'terminal_skips': 0, 'jpeg_ms': 0.25, 'total_ms': 32.96}
[worker 0] timing@frame1651: {'queue_wait_ms': 0.029, 'decode_in_ms': 0.26, 'prompt_ms': 0.0, 'vae_encode_ms': 5.57, 'transformer_plus_decode_ms': 29.17, 'stage_clock': 'wall-clock', 'benchmark_variant': 'baseline', 'output_cast': 'cpu', 'torch_threads': 128, 'terminal_skips': 0, 'jpeg_ms': 0.28, 'total_ms': 35.29}
[DIAG] t=490s in=4269 →wk=2805 ←wk=2804 →cl=2794 drop_in=0 drop_out=0 | since: client=0.0s worker=0.0s sent=0.0s | ch=open buf=0 | lag: max=1ms avg=0.4ms | heap=11.3MB rss=52.8MB | gpu0:R pend=1 frames=1700 buf=0 | gpu1:R pend=0 frames=1104 buf=0
[worker 0] timing@frame1701: {'queue_wait_ms': 0.025, 'decode_in_ms': 0.23, 'prompt_ms': 0.0, 'vae_encode_ms': 3.81, 'transformer_plus_decode_ms': 27.39, 'stage_clock': 'wall-clock', 'benchmark_variant': 'baseline', 'output_cast': 'cpu', 'torch_threads': 128, 'terminal_skips': 0, 'jpeg_ms': 0.22, 'total_ms': 31.67}
[worker 0] timing@frame1751: {'queue_wait_ms': 0.021, 'decode_in_ms': 0.23, 'prompt_ms': 0.0, 'vae_encode_ms': 3.84, 'transformer_plus_decode_ms': 28.46, 'stage_clock': 'wall-clock', 'benchmark_variant': 'baseline', 'output_cast': 'cpu', 'torch_threads': 128, 'terminal_skips': 0, 'jpeg_ms': 0.26, 'total_ms': 32.81}
[worker 0] timing@frame1801: {'queue_wait_ms': 0.025, 'decode_in_ms': 0.23, 'prompt_ms': 0.0, 'vae_encode_ms': 3.92, 'transformer_plus_decode_ms': 28.7, 'stage_clock': 'wall-clock', 'benchmark_variant': 'baseline', 'output_cast': 'cpu', 'torch_threads': 128, 'terminal_skips': 0, 'jpeg_ms': 0.26, 'total_ms': 33.13}
[DIAG] t=495s in=4490 →wk=2947 ←wk=2946 →cl=2936 drop_in=0 drop_out=0 | since: client=0.0s worker=0.0s sent=0.0s | ch=open buf=0 | lag: max=1ms avg=0.4ms | heap=11.7MB rss=52.8MB | gpu0:R pend=1 frames=1842 buf=0 | gpu1:R pend=0 frames=1104 buf=0
[worker 0] timing@frame1851: {'queue_wait_ms': 0.028, 'decode_in_ms': 0.23, 'prompt_ms': 0.0, 'vae_encode_ms': 3.88, 'transformer_plus_decode_ms': 29.19, 'stage_clock': 'wall-clock', 'benchmark_variant': 'baseline', 'output_cast': 'cpu', 'torch_threads': 128, 'terminal_skips': 0, 'jpeg_ms': 0.25, 'total_ms': 33.57}
[worker 0] timing@frame1901: {'queue_wait_ms': 0.025, 'decode_in_ms': 0.38, 'prompt_ms': 0.0, 'vae_encode_ms': 4.55, 'transformer_plus_decode_ms': 32.08, 'stage_clock': 'wall-clock', 'benchmark_variant': 'baseline', 'output_cast': 'cpu', 'torch_threads': 128, 'terminal_skips': 0, 'jpeg_ms': 0.36, 'total_ms': 37.39}
[worker 0] timing@frame1951: {'queue_wait_ms': 0.027, 'decode_in_ms': 0.23, 'prompt_ms': 0.0, 'vae_encode_ms': 3.9, 'transformer_plus_decode_ms': 28.42, 'stage_clock': 'wall-clock', 'benchmark_variant': 'baseline', 'output_cast': 'cpu', 'torch_threads': 128, 'terminal_skips': 0, 'jpeg_ms': 0.26, 'total_ms': 32.83}
[DIAG] t=500s in=4715 →wk=3080 ←wk=3079 →cl=3069 drop_in=0 drop_out=0 | since: client=0.0s worker=0.0s sent=0.0s | ch=open buf=0 | lag: max=2ms avg=0.4ms | heap=11.3MB rss=52.8MB | gpu0:R pend=1 frames=1975 buf=0 | gpu1:R pend=0 frames=1104 buf=0
[worker 0] timing@frame2001: {'queue_wait_ms': 0.026, 'decode_in_ms': 0.24, 'prompt_ms': 0.0, 'vae_encode_ms': 3.85, 'transformer_plus_decode_ms': 27.86, 'stage_clock': 'wall-clock', 'benchmark_variant': 'baseline', 'output_cast': 'cpu', 'torch_threads': 128, 'terminal_skips': 0, 'jpeg_ms': 0.25, 'total_ms': 32.22}
[worker 0] timing@frame2051: {'queue_wait_ms': 0.023, 'decode_in_ms': 0.28, 'prompt_ms': 0.0, 'vae_encode_ms': 4.02, 'transformer_plus_decode_ms': 29.15, 'stage_clock': 'wall-clock', 'benchmark_variant': 'baseline', 'output_cast': 'cpu', 'torch_threads': 128, 'terminal_skips': 0, 'jpeg_ms': 0.28, 'total_ms': 33.76}
[worker 0] timing@frame2101: {'queue_wait_ms': 0.021, 'decode_in_ms': 0.25, 'prompt_ms': 0.0, 'vae_encode_ms': 3.92, 'transformer_plus_decode_ms': 28.42, 'stage_clock': 'wall-clock', 'benchmark_variant': 'baseline', 'output_cast': 'cpu', 'torch_threads': 128, 'terminal_skips': 0, 'jpeg_ms': 0.26, 'total_ms': 32.87}
[DIAG] t=505s in=4932 →wk=3216 ←wk=3215 →cl=3205 drop_in=0 drop_out=0 | since: client=0.0s worker=0.0s sent=0.0s | ch=open buf=0 | lag: max=1ms avg=0.4ms | heap=11.3MB rss=52.8MB | gpu0:R pend=1 frames=2111 buf=0 | gpu1:R pend=0 frames=1104 buf=0
[worker 0] timing@frame2151: {'queue_wait_ms': 0.024, 'decode_in_ms': 0.25, 'prompt_ms': 0.0, 'vae_encode_ms': 4.05, 'transformer_plus_decode_ms': 28.15, 'stage_clock': 'wall-clock', 'benchmark_variant': 'baseline', 'output_cast': 'cpu', 'torch_threads': 128, 'terminal_skips': 0, 'jpeg_ms': 0.28, 'total_ms': 32.74}
[worker 0] timing@frame2201: {'queue_wait_ms': 0.029, 'decode_in_ms': 0.24, 'prompt_ms': 0.0, 'vae_encode_ms': 3.93, 'transformer_plus_decode_ms': 28.48, 'stage_clock': 'wall-clock', 'benchmark_variant': 'baseline', 'output_cast': 'cpu', 'torch_threads': 128, 'terminal_skips': 0, 'jpeg_ms': 0.27, 'total_ms': 32.93}
[worker 0] timing@frame2251: {'queue_wait_ms': 0.037, 'decode_in_ms': 0.26, 'prompt_ms': 0.0, 'vae_encode_ms': 4.03, 'transformer_plus_decode_ms': 28.73, 'stage_clock': 'wall-clock', 'benchmark_variant': 'baseline', 'output_cast': 'cpu', 'torch_threads': 128, 'terminal_skips': 0, 'jpeg_ms': 0.26, 'total_ms': 33.29}
[DIAG] t=510s in=5134 →wk=3363 ←wk=3362 →cl=3352 drop_in=0 drop_out=0 | since: client=0.0s worker=0.0s sent=0.0s | ch=open buf=0 | lag: max=1ms avg=0.4ms | heap=11.8MB rss=52.8MB | gpu0:R pend=1 frames=2258 buf=0 | gpu1:R pend=0 frames=1104 buf=0
[worker 0] timing@frame2301: {'queue_wait_ms': 0.025, 'decode_in_ms': 0.27, 'prompt_ms': 0.0, 'vae_encode_ms': 4.01, 'transformer_plus_decode_ms': 28.15, 'stage_clock': 'wall-clock', 'benchmark_variant': 'baseline', 'output_cast': 'cpu', 'torch_threads': 128, 'terminal_skips': 0, 'jpeg_ms': 0.27, 'total_ms': 32.71}
[worker 0] timing@frame2351: {'queue_wait_ms': 0.025, 'decode_in_ms': 0.22, 'prompt_ms': 0.0, 'vae_encode_ms': 3.97, 'transformer_plus_decode_ms': 27.77, 'stage_clock': 'wall-clock', 'benchmark_variant': 'baseline', 'output_cast': 'cpu', 'torch_threads': 128, 'terminal_skips': 0, 'jpeg_ms': 0.23, 'total_ms': 32.21}
[worker 0] timing@frame2401: {'queue_wait_ms': 0.027, 'decode_in_ms': 0.23, 'prompt_ms': 0.0, 'vae_encode_ms': 3.92, 'transformer_plus_decode_ms': 28.5, 'stage_clock': 'wall-clock', 'benchmark_variant': 'baseline', 'output_cast': 'cpu', 'torch_threads': 128, 'terminal_skips': 0, 'jpeg_ms': 0.25, 'total_ms': 32.92}
[DIAG] t=515s in=5362 →wk=3510 ←wk=3509 →cl=3499 drop_in=0 drop_out=0 | since: client=0.0s worker=0.0s sent=0.0s | ch=open buf=0 | lag: max=1ms avg=0.4ms | heap=10.7MB rss=52.8MB | gpu0:R pend=1 frames=2405 buf=0 | gpu1:R pend=0 frames=1104 buf=0
[worker 0] timing@frame2451: {'queue_wait_ms': 0.028, 'decode_in_ms': 0.24, 'prompt_ms': 0.0, 'vae_encode_ms': 3.91, 'transformer_plus_decode_ms': 27.9, 'stage_clock': 'wall-clock', 'benchmark_variant': 'baseline', 'output_cast': 'cpu', 'torch_threads': 128, 'terminal_skips': 0, 'jpeg_ms': 0.28, 'total_ms': 32.35}
[worker 0] timing@frame2501: {'queue_wait_ms': 0.027, 'decode_in_ms': 0.23, 'prompt_ms': 0.0, 'vae_encode_ms': 3.87, 'transformer_plus_decode_ms': 28.5, 'stage_clock': 'wall-clock', 'benchmark_variant': 'baseline', 'output_cast': 'cpu', 'torch_threads': 128, 'terminal_skips': 0, 'jpeg_ms': 0.28, 'total_ms': 32.9}
[worker 0] timing@frame2551: {'queue_wait_ms': 0.023, 'decode_in_ms': 0.25, 'prompt_ms': 0.0, 'vae_encode_ms': 3.91, 'transformer_plus_decode_ms': 28.65, 'stage_clock': 'wall-clock', 'benchmark_variant': 'baseline', 'output_cast': 'cpu', 'torch_threads': 128, 'terminal_skips': 0, 'jpeg_ms': 0.23, 'total_ms': 33.06}
[DIAG] t=520s in=5573 →wk=3656 ←wk=3655 →cl=3645 drop_in=0 drop_out=0 | since: client=0.0s worker=0.0s sent=0.0s | ch=open buf=0 | lag: max=1ms avg=0.4ms | heap=11.0MB rss=52.8MB | gpu0:R pend=1 frames=2551 buf=0 | gpu1:R pend=0 frames=1104 buf=0
[worker 0] timing@frame2601: {'queue_wait_ms': 0.044, 'decode_in_ms': 0.43, 'prompt_ms': 0.01, 'vae_encode_ms': 4.62, 'transformer_plus_decode_ms': 30.07, 'stage_clock': 'wall-clock', 'benchmark_variant': 'baseline', 'output_cast': 'cpu', 'torch_threads': 128, 'terminal_skips': 0, 'jpeg_ms': 0.26, 'total_ms': 35.4}
[worker 0] timing@frame2651: {'queue_wait_ms': 0.019, 'decode_in_ms': 0.25, 'prompt_ms': 0.0, 'vae_encode_ms': 3.87, 'transformer_plus_decode_ms': 28.47, 'stage_clock': 'wall-clock', 'benchmark_variant': 'baseline', 'output_cast': 'cpu', 'torch_threads': 128, 'terminal_skips': 0, 'jpeg_ms': 0.25, 'total_ms': 32.87}
[DIAG] t=525s in=5785 →wk=3801 ←wk=3800 →cl=3790 drop_in=0 drop_out=0 | since: client=0.0s worker=0.0s sent=0.0s | ch=open buf=0 | lag: max=1ms avg=0.4ms | heap=11.3MB rss=52.8MB | gpu0:R pend=1 frames=2696 buf=0 | gpu1:R pend=0 frames=1104 buf=0
[worker 0] timing@frame2701: {'queue_wait_ms': 0.024, 'decode_in_ms': 0.26, 'prompt_ms': 0.0, 'vae_encode_ms': 4.09, 'transformer_plus_decode_ms': 29.46, 'stage_clock': 'wall-clock', 'benchmark_variant': 'baseline', 'output_cast': 'cpu', 'torch_threads': 128, 'terminal_skips': 0, 'jpeg_ms': 0.28, 'total_ms': 34.1}
[worker 0] timing@frame2751: {'queue_wait_ms': 0.028, 'decode_in_ms': 0.24, 'prompt_ms': 0.0, 'vae_encode_ms': 3.9, 'transformer_plus_decode_ms': 33.66, 'stage_clock': 'wall-clock', 'benchmark_variant': 'baseline', 'output_cast': 'cpu', 'torch_threads': 128, 'terminal_skips': 0, 'jpeg_ms': 0.4, 'total_ms': 38.23}
[worker 0] timing@frame2801: {'queue_wait_ms': 0.027, 'decode_in_ms': 0.24, 'prompt_ms': 0.0, 'vae_encode_ms': 3.85, 'transformer_plus_decode_ms': 28.46, 'stage_clock': 'wall-clock', 'benchmark_variant': 'baseline', 'output_cast': 'cpu', 'torch_threads': 128, 'terminal_skips': 0, 'jpeg_ms': 0.26, 'total_ms': 32.83}
[DIAG] t=530s in=5998 →wk=3936 ←wk=3935 →cl=3925 drop_in=0 drop_out=0 | since: client=0.0s worker=0.0s sent=0.0s | ch=open buf=0 | lag: max=1ms avg=0.4ms | heap=11.3MB rss=52.8MB | gpu0:R pend=1 frames=2831 buf=0 | gpu1:R pend=0 frames=1104 buf=0
[worker 0] timing@frame2851: {'queue_wait_ms': 0.026, 'decode_in_ms': 0.25, 'prompt_ms': 0.0, 'vae_encode_ms': 4.09, 'transformer_plus_decode_ms': 29.46, 'stage_clock': 'wall-clock', 'benchmark_variant': 'baseline', 'output_cast': 'cpu', 'torch_threads': 128, 'terminal_skips': 0, 'jpeg_ms': 0.27, 'total_ms': 34.11}
[worker 0] timing@frame2901: {'queue_wait_ms': 0.027, 'decode_in_ms': 0.23, 'prompt_ms': 0.0, 'vae_encode_ms': 3.89, 'transformer_plus_decode_ms': 27.88, 'stage_clock': 'wall-clock', 'benchmark_variant': 'baseline', 'output_cast': 'cpu', 'torch_threads': 128, 'terminal_skips': 0, 'jpeg_ms': 0.26, 'total_ms': 32.28}
[DIAG] t=535s in=6132 →wk=4024 ←wk=4024 →cl=4014 drop_in=0 drop_out=0 | since: client=2.0s worker=1.9s sent=1.9s | ch=open buf=0 | lag: max=1ms avg=0.4ms | heap=11.9MB rss=52.8MB | gpu0:R pend=0 frames=2920 buf=0 | gpu1:R pend=0 frames=1104 buf=0
POST /webrtc/offer
Offer candidates host=2 srflx=1 relay=0
ICE connection state: closed
[DIAG] Connection state: closed (channel=none buf=0)
[DIAG] DataChannel CLOSED (was open)
ICE connection state: new
[DIAG] Connection state: new (channel=none buf=0)
ICE gathering state: gathering
[DIAG] t=540s in=6132 →wk=4024 ←wk=4024 →cl=4014 drop_in=0 drop_out=0 | since: client=7.0s worker=6.9s sent=6.9s | ch=closed buf=0 | lag: max=1ms avg=0.4ms | heap=12.2MB rss=52.8MB | gpu0:R pend=0 frames=2920 buf=0 | gpu1:R pend=0 frames=1104 buf=0
[DIAG] t=545s in=6132 →wk=4024 ←wk=4024 →cl=4014 drop_in=0 drop_out=0 | since: client=12.0s worker=11.9s sent=11.9s | ch=closed buf=0 | lag: max=1ms avg=0.4ms | heap=12.3MB rss=52.8MB | gpu0:R pend=0 frames=2920 buf=0 | gpu1:R pend=0 frames=1104 buf=0
Sending SDP answer
ICE gathering state: complete
ICE connection state: connected
[DIAG] Connection state: connected (channel=none buf=0)
DataChannel opened: frames
[worker 0] timing@frame2951: {'queue_wait_ms': 0.023, 'decode_in_ms': 0.23, 'prompt_ms': 0.0, 'vae_encode_ms': 3.91, 'transformer_plus_decode_ms': 18.42, 'stage_clock': 'cuda-events', 'benchmark_variant': 'terminal-noop', 'output_cast': 'gpu', 'torch_threads': 128, 'terminal_skips': 1, 'jpeg_ms': 0.24, 'total_ms': 22.82}
[DIAG] t=550s in=6184 →wk=4072 ←wk=4071 →cl=4061 drop_in=0 drop_out=0 | since: client=0.0s worker=0.0s sent=0.0s | ch=open buf=0 | lag: max=1ms avg=0.4ms | heap=11.6MB rss=52.8MB | gpu0:R pend=1 frames=2967 buf=0 | gpu1:R pend=0 frames=1104 buf=0
[worker 0] timing@frame3001: {'queue_wait_ms': 0.024, 'decode_in_ms': 0.22, 'prompt_ms': 0.0, 'vae_encode_ms': 3.97, 'transformer_plus_decode_ms': 18.67, 'stage_clock': 'cuda-events', 'benchmark_variant': 'terminal-noop', 'output_cast': 'gpu', 'torch_threads': 128, 'terminal_skips': 1, 'jpeg_ms': 0.23, 'total_ms': 23.13}
[worker 0] timing@frame3051: {'queue_wait_ms': 0.023, 'decode_in_ms': 0.22, 'prompt_ms': 0.0, 'vae_encode_ms': 3.92, 'transformer_plus_decode_ms': 17.2, 'stage_clock': 'cuda-events', 'benchmark_variant': 'terminal-noop', 'output_cast': 'gpu', 'torch_threads': 128, 'terminal_skips': 1, 'jpeg_ms': 0.24, 'total_ms': 21.61}
[worker 0] timing@frame3101: {'queue_wait_ms': 0.023, 'decode_in_ms': 0.22, 'prompt_ms': 0.0, 'vae_encode_ms': 3.94, 'transformer_plus_decode_ms': 18.44, 'stage_clock': 'cuda-events', 'benchmark_variant': 'terminal-noop', 'output_cast': 'gpu', 'torch_threads': 128, 'terminal_skips': 1, 'jpeg_ms': 0.22, 'total_ms': 22.85}
[worker 0] timing@frame3151: {'queue_wait_ms': 0.037, 'decode_in_ms': 0.23, 'prompt_ms': 0.0, 'vae_encode_ms': 3.94, 'transformer_plus_decode_ms': 18.22, 'stage_clock': 'cuda-events', 'benchmark_variant': 'terminal-noop', 'output_cast': 'gpu', 'torch_threads': 128, 'terminal_skips': 1, 'jpeg_ms': 0.25, 'total_ms': 22.66}
[DIAG] t=555s in=6395 →wk=4259 ←wk=4258 →cl=4248 drop_in=0 drop_out=0 | since: client=0.0s worker=0.0s sent=0.0s | ch=open buf=0 | lag: max=1ms avg=0.4ms | heap=11.5MB rss=46.6MB | gpu0:R pend=1 frames=3154 buf=0 | gpu1:R pend=0 frames=1104 buf=0
[worker 0] timing@frame3201: {'queue_wait_ms': 0.028, 'decode_in_ms': 0.27, 'prompt_ms': 0.0, 'vae_encode_ms': 13.6, 'transformer_plus_decode_ms': 18.7, 'stage_clock': 'cuda-events', 'benchmark_variant': 'terminal-noop', 'output_cast': 'gpu', 'torch_threads': 128, 'terminal_skips': 1, 'jpeg_ms': 0.29, 'total_ms': 32.91}
[worker 0] timing@frame3251: {'queue_wait_ms': 0.023, 'decode_in_ms': 0.22, 'prompt_ms': 0.0, 'vae_encode_ms': 3.99, 'transformer_plus_decode_ms': 18.29, 'stage_clock': 'cuda-events', 'benchmark_variant': 'terminal-noop', 'output_cast': 'gpu', 'torch_threads': 128, 'terminal_skips': 1, 'jpeg_ms': 0.25, 'total_ms': 22.77}
[worker 0] timing@frame3301: {'queue_wait_ms': 0.024, 'decode_in_ms': 0.22, 'prompt_ms': 0.0, 'vae_encode_ms': 3.93, 'transformer_plus_decode_ms': 18.17, 'stage_clock': 'cuda-events', 'benchmark_variant': 'terminal-noop', 'output_cast': 'gpu', 'torch_threads': 128, 'terminal_skips': 1, 'jpeg_ms': 0.24, 'total_ms': 22.59}
[DIAG] t=560s in=6607 →wk=4447 ←wk=4446 →cl=4436 drop_in=0 drop_out=0 | since: client=0.0s worker=0.0s sent=0.0s | ch=open buf=0 | lag: max=3ms avg=0.4ms | heap=11.4MB rss=46.6MB | gpu0:R pend=1 frames=3342 buf=0 | gpu1:R pend=0 frames=1104 buf=0
[worker 0] timing@frame3351: {'queue_wait_ms': 0.039, 'decode_in_ms': 0.28, 'prompt_ms': 0.0, 'vae_encode_ms': 12.69, 'transformer_plus_decode_ms': 17.81, 'stage_clock': 'cuda-events', 'benchmark_variant': 'terminal-noop', 'output_cast': 'gpu', 'torch_threads': 128, 'terminal_skips': 1, 'jpeg_ms': 0.24, 'total_ms': 31.06}
[worker 0] timing@frame3401: {'queue_wait_ms': 0.025, 'decode_in_ms': 0.23, 'prompt_ms': 0.0, 'vae_encode_ms': 3.92, 'transformer_plus_decode_ms': 18.33, 'stage_clock': 'cuda-events', 'benchmark_variant': 'terminal-noop', 'output_cast': 'gpu', 'torch_threads': 128, 'terminal_skips': 1, 'jpeg_ms': 0.23, 'total_ms': 22.73}
[worker 0] timing@frame3451: {'queue_wait_ms': 0.025, 'decode_in_ms': 0.23, 'prompt_ms': 0.0, 'vae_encode_ms': 3.97, 'transformer_plus_decode_ms': 18.67, 'stage_clock': 'cuda-events', 'benchmark_variant': 'terminal-noop', 'output_cast': 'gpu', 'torch_threads': 128, 'terminal_skips': 1, 'jpeg_ms': 0.25, 'total_ms': 23.15}
[worker 0] timing@frame3501: {'queue_wait_ms': 0.041, 'decode_in_ms': 0.24, 'prompt_ms': 0.0, 'vae_encode_ms': 3.95, 'transformer_plus_decode_ms': 17.59, 'stage_clock': 'cuda-events', 'benchmark_variant': 'terminal-noop', 'output_cast': 'gpu', 'torch_threads': 128, 'terminal_skips': 1, 'jpeg_ms': 0.24, 'total_ms': 22.05}
[DIAG] t=565s in=6816 →wk=4636 ←wk=4635 →cl=4625 drop_in=0 drop_out=0 | since: client=0.0s worker=0.0s sent=0.0s | ch=open buf=0 | lag: max=1ms avg=0.4ms | heap=11.3MB rss=46.6MB | gpu0:R pend=1 frames=3531 buf=0 | gpu1:R pend=0 frames=1104 buf=0
[worker 0] timing@frame3551: {'queue_wait_ms': 0.023, 'decode_in_ms': 0.22, 'prompt_ms': 0.0, 'vae_encode_ms': 3.95, 'transformer_plus_decode_ms': 18.22, 'stage_clock': 'cuda-events', 'benchmark_variant': 'terminal-noop', 'output_cast': 'gpu', 'torch_threads': 128, 'terminal_skips': 1, 'jpeg_ms': 0.23, 'total_ms': 22.65}
[worker 0] timing@frame3601: {'queue_wait_ms': 0.024, 'decode_in_ms': 0.19, 'prompt_ms': 0.0, 'vae_encode_ms': 3.97, 'transformer_plus_decode_ms': 18.54, 'stage_clock': 'cuda-events', 'benchmark_variant': 'terminal-noop', 'output_cast': 'gpu', 'torch_threads': 128, 'terminal_skips': 1, 'jpeg_ms': 0.26, 'total_ms': 22.99}
[worker 0] timing@frame3651: {'queue_wait_ms': 0.025, 'decode_in_ms': 0.23, 'prompt_ms': 0.0, 'vae_encode_ms': 3.98, 'transformer_plus_decode_ms': 17.4, 'stage_clock': 'cuda-events', 'benchmark_variant': 'terminal-noop', 'output_cast': 'gpu', 'torch_threads': 128, 'terminal_skips': 1, 'jpeg_ms': 0.24, 'total_ms': 21.88}
[worker 0] timing@frame3701: {'queue_wait_ms': 0.024, 'decode_in_ms': 0.22, 'prompt_ms': 0.0, 'vae_encode_ms': 3.95, 'transformer_plus_decode_ms': 17.98, 'stage_clock': 'cuda-events', 'benchmark_variant': 'terminal-noop', 'output_cast': 'gpu', 'torch_threads': 128, 'terminal_skips': 1, 'jpeg_ms': 0.24, 'total_ms': 22.43}
[DIAG] t=570s in=7041 →wk=4827 ←wk=4826 →cl=4816 drop_in=0 drop_out=0 | since: client=0.0s worker=0.0s sent=0.0s | ch=open buf=0 | lag: max=1ms avg=0.4ms | heap=11.7MB rss=46.6MB | gpu0:R pend=1 frames=3722 buf=0 | gpu1:R pend=0 frames=1104 buf=0
[worker 0] timing@frame3751: {'queue_wait_ms': 0.032, 'decode_in_ms': 0.19, 'prompt_ms': 0.0, 'vae_encode_ms': 8.93, 'transformer_plus_decode_ms': 18.17, 'stage_clock': 'cuda-events', 'benchmark_variant': 'terminal-noop', 'output_cast': 'gpu', 'torch_threads': 128, 'terminal_skips': 1, 'jpeg_ms': 0.23, 'total_ms': 27.55}
[worker 0] timing@frame3801: {'queue_wait_ms': 0.027, 'decode_in_ms': 0.23, 'prompt_ms': 0.0, 'vae_encode_ms': 12.91, 'transformer_plus_decode_ms': 17.97, 'stage_clock': 'cuda-events', 'benchmark_variant': 'terminal-noop', 'output_cast': 'gpu', 'torch_threads': 128, 'terminal_skips': 1, 'jpeg_ms': 0.25, 'total_ms': 31.39}
[worker 0] timing@frame3851: {'queue_wait_ms': 0.024, 'decode_in_ms': 0.26, 'prompt_ms': 0.0, 'vae_encode_ms': 3.93, 'transformer_plus_decode_ms': 18.41, 'stage_clock': 'cuda-events', 'benchmark_variant': 'terminal-noop', 'output_cast': 'gpu', 'torch_threads': 128, 'terminal_skips': 1, 'jpeg_ms': 0.23, 'total_ms': 22.87}
[worker 0] timing@frame3901: {'queue_wait_ms': 0.029, 'decode_in_ms': 0.22, 'prompt_ms': 0.0, 'vae_encode_ms': 3.96, 'transformer_plus_decode_ms': 18.35, 'stage_clock': 'cuda-events', 'benchmark_variant': 'terminal-noop', 'output_cast': 'gpu', 'torch_threads': 128, 'terminal_skips': 1, 'jpeg_ms': 0.24, 'total_ms': 22.8}
[DIAG] t=575s in=7243 →wk=5007 ←wk=5006 →cl=4996 drop_in=0 drop_out=0 | since: client=0.0s worker=0.0s sent=0.0s | ch=open buf=0 | lag: max=1ms avg=0.4ms | heap=11.7MB rss=46.6MB | gpu0:R pend=1 frames=3902 buf=0 | gpu1:R pend=0 frames=1104 buf=0
[worker 0] timing@frame3951: {'queue_wait_ms': 0.025, 'decode_in_ms': 0.23, 'prompt_ms': 0.0, 'vae_encode_ms': 3.95, 'transformer_plus_decode_ms': 17.27, 'stage_clock': 'cuda-events', 'benchmark_variant': 'terminal-noop', 'output_cast': 'gpu', 'torch_threads': 128, 'terminal_skips': 1, 'jpeg_ms': 0.23, 'total_ms': 21.7}
[worker 0] timing@frame4001: {'queue_wait_ms': 0.024, 'decode_in_ms': 0.23, 'prompt_ms': 0.0, 'vae_encode_ms': 3.93, 'transformer_plus_decode_ms': 18.42, 'stage_clock': 'cuda-events', 'benchmark_variant': 'terminal-noop', 'output_cast': 'gpu', 'torch_threads': 128, 'terminal_skips': 1, 'jpeg_ms': 0.22, 'total_ms': 22.83}
[worker 0] timing@frame4051: {'queue_wait_ms': 0.025, 'decode_in_ms': 0.22, 'prompt_ms': 0.0, 'vae_encode_ms': 3.96, 'transformer_plus_decode_ms': 18.33, 'stage_clock': 'cuda-events', 'benchmark_variant': 'terminal-noop', 'output_cast': 'gpu', 'torch_threads': 128, 'terminal_skips': 1, 'jpeg_ms': 0.22, 'total_ms': 22.76}
[DIAG] t=580s in=7456 →wk=5192 ←wk=5191 →cl=5181 drop_in=0 drop_out=0 | since: client=0.0s worker=0.0s sent=0.0s | ch=open buf=0 | lag: max=1ms avg=0.4ms | heap=12.2MB rss=46.6MB | gpu0:R pend=1 frames=4087 buf=0 | gpu1:R pend=0 frames=1104 buf=0
[worker 0] timing@frame4101: {'queue_wait_ms': 0.026, 'decode_in_ms': 0.23, 'prompt_ms': 0.0, 'vae_encode_ms': 3.97, 'transformer_plus_decode_ms': 17.29, 'stage_clock': 'cuda-events', 'benchmark_variant': 'terminal-noop', 'output_cast': 'gpu', 'torch_threads': 128, 'terminal_skips': 1, 'jpeg_ms': 0.22, 'total_ms': 21.73}
[worker 0] timing@frame4151: {'queue_wait_ms': 0.024, 'decode_in_ms': 0.23, 'prompt_ms': 0.0, 'vae_encode_ms': 3.97, 'transformer_plus_decode_ms': 18.42, 'stage_clock': 'cuda-events', 'benchmark_variant': 'terminal-noop', 'output_cast': 'gpu', 'torch_threads': 128, 'terminal_skips': 1, 'jpeg_ms': 0.24, 'total_ms': 22.89}
[worker 0] timing@frame4201: {'queue_wait_ms': 0.026, 'decode_in_ms': 0.22, 'prompt_ms': 0.0, 'vae_encode_ms': 3.95, 'transformer_plus_decode_ms': 18.43, 'stage_clock': 'cuda-events', 'benchmark_variant': 'terminal-noop', 'output_cast': 'gpu', 'torch_threads': 128, 'terminal_skips': 1, 'jpeg_ms': 0.23, 'total_ms': 22.86}
[worker 0] timing@frame4251: {'queue_wait_ms': 0.022, 'decode_in_ms': 0.23, 'prompt_ms': 0.0, 'vae_encode_ms': 3.97, 'transformer_plus_decode_ms': 17.34, 'stage_clock': 'cuda-events', 'benchmark_variant': 'terminal-noop', 'output_cast': 'gpu', 'torch_threads': 128, 'terminal_skips': 1, 'jpeg_ms': 0.24, 'total_ms': 21.8}
[DIAG] t=585s in=7673 →wk=5382 ←wk=5381 →cl=5371 drop_in=0 drop_out=0 | since: client=0.0s worker=0.0s sent=0.0s | ch=open buf=0 | lag: max=1ms avg=0.4ms | heap=13.1MB rss=46.6MB | gpu0:R pend=1 frames=4277 buf=0 | gpu1:R pend=0 frames=1104 buf=0
[worker 0] timing@frame4301: {'queue_wait_ms': 0.022, 'decode_in_ms': 0.23, 'prompt_ms': 0.0, 'vae_encode_ms': 5.75, 'transformer_plus_decode_ms': 18.37, 'stage_clock': 'cuda-events', 'benchmark_variant': 'terminal-noop', 'output_cast': 'gpu', 'torch_threads': 128, 'terminal_skips': 1, 'jpeg_ms': 0.23, 'total_ms': 24.61}
[worker 0] timing@frame4351: {'queue_wait_ms': 0.025, 'decode_in_ms': 0.24, 'prompt_ms': 0.0, 'vae_encode_ms': 11.59, 'transformer_plus_decode_ms': 18.23, 'stage_clock': 'cuda-events', 'benchmark_variant': 'terminal-noop', 'output_cast': 'gpu', 'torch_threads': 128, 'terminal_skips': 1, 'jpeg_ms': 0.23, 'total_ms': 30.32}
[worker 0] timing@frame4401: {'queue_wait_ms': 0.028, 'decode_in_ms': 0.22, 'prompt_ms': 0.0, 'vae_encode_ms': 3.92, 'transformer_plus_decode_ms': 17.19, 'stage_clock': 'cuda-events', 'benchmark_variant': 'terminal-noop', 'output_cast': 'gpu', 'torch_threads': 128, 'terminal_skips': 1, 'jpeg_ms': 0.23, 'total_ms': 21.59}
[worker 0] timing@frame4451: {'queue_wait_ms': 0.025, 'decode_in_ms': 0.22, 'prompt_ms': 0.0, 'vae_encode_ms': 3.92, 'transformer_plus_decode_ms': 18.02, 'stage_clock': 'cuda-events', 'benchmark_variant': 'terminal-noop', 'output_cast': 'gpu', 'torch_threads': 128, 'terminal_skips': 1, 'jpeg_ms': 0.25, 'total_ms': 22.44}
[DIAG] t=590s in=7883 →wk=5569 ←wk=5568 →cl=5558 drop_in=0 drop_out=0 | since: client=0.0s worker=0.0s sent=0.0s | ch=open buf=0 | lag: max=0ms avg=0.4ms | heap=12.5MB rss=46.6MB | gpu0:R pend=1 frames=4464 buf=0 | gpu1:R pend=0 frames=1104 buf=0
[worker 0] timing@frame4501: {'queue_wait_ms': 0.024, 'decode_in_ms': 0.23, 'prompt_ms': 0.0, 'vae_encode_ms': 3.91, 'transformer_plus_decode_ms': 17.98, 'stage_clock': 'cuda-events', 'benchmark_variant': 'terminal-noop', 'output_cast': 'gpu', 'torch_threads': 128, 'terminal_skips': 1, 'jpeg_ms': 0.25, 'total_ms': 22.39}
[worker 0] timing@frame4551: {'queue_wait_ms': 0.024, 'decode_in_ms': 0.22, 'prompt_ms': 0.0, 'vae_encode_ms': 14.56, 'transformer_plus_decode_ms': 17.19, 'stage_clock': 'cuda-events', 'benchmark_variant': 'terminal-noop', 'output_cast': 'gpu', 'torch_threads': 128, 'terminal_skips': 1, 'jpeg_ms': 0.23, 'total_ms': 32.23}
[worker 0] timing@frame4601: {'queue_wait_ms': 0.025, 'decode_in_ms': 0.2, 'prompt_ms': 0.0, 'vae_encode_ms': 3.94, 'transformer_plus_decode_ms': 18.34, 'stage_clock': 'cuda-events', 'benchmark_variant': 'terminal-noop', 'output_cast': 'gpu', 'torch_threads': 128, 'terminal_skips': 1, 'jpeg_ms': 0.25, 'total_ms': 22.75}
[worker 0] timing@frame4651: {'queue_wait_ms': 0.024, 'decode_in_ms': 0.19, 'prompt_ms': 0.0, 'vae_encode_ms': 3.93, 'transformer_plus_decode_ms': 18.23, 'stage_clock': 'cuda-events', 'benchmark_variant': 'terminal-noop', 'output_cast': 'gpu', 'torch_threads': 128, 'terminal_skips': 1, 'jpeg_ms': 0.23, 'total_ms': 22.61}
[DIAG] t=595s in=8099 →wk=5759 ←wk=5758 →cl=5748 drop_in=0 drop_out=0 | since: client=0.0s worker=0.0s sent=0.0s | ch=open buf=0 | lag: max=1ms avg=0.4ms | heap=12.0MB rss=46.6MB | gpu0:R pend=1 frames=4654 buf=0 | gpu1:R pend=0 frames=1104 buf=0
[worker 0] timing@frame4701: {'queue_wait_ms': 0.025, 'decode_in_ms': 0.2, 'prompt_ms': 0.0, 'vae_encode_ms': 3.89, 'transformer_plus_decode_ms': 17.14, 'stage_clock': 'cuda-events', 'benchmark_variant': 'terminal-noop', 'output_cast': 'gpu', 'torch_threads': 128, 'terminal_skips': 1, 'jpeg_ms': 0.23, 'total_ms': 21.48}
[worker 0] timing@frame4751: {'queue_wait_ms': 0.023, 'decode_in_ms': 0.19, 'prompt_ms': 0.0, 'vae_encode_ms': 4.23, 'transformer_plus_decode_ms': 18.29, 'stage_clock': 'cuda-events', 'benchmark_variant': 'terminal-noop', 'output_cast': 'gpu', 'torch_threads': 128, 'terminal_skips': 1, 'jpeg_ms': 0.24, 'total_ms': 22.97}
[worker 0] timing@frame4801: {'queue_wait_ms': 0.024, 'decode_in_ms': 0.19, 'prompt_ms': 0.0, 'vae_encode_ms': 3.91, 'transformer_plus_decode_ms': 18.28, 'stage_clock': 'cuda-events', 'benchmark_variant': 'terminal-noop', 'output_cast': 'gpu', 'torch_threads': 128, 'terminal_skips': 1, 'jpeg_ms': 0.24, 'total_ms': 22.65}
[DIAG] t=600s in=8306 →wk=5945 ←wk=5944 →cl=5934 drop_in=0 drop_out=0 | since: client=0.0s worker=0.0s sent=0.0s | ch=open buf=0 | lag: max=1ms avg=0.4ms | heap=12.6MB rss=46.6MB | gpu0:R pend=1 frames=4840 buf=0 | gpu1:R pend=0 frames=1104 buf=0
[worker 0] timing@frame4851: {'queue_wait_ms': 0.023, 'decode_in_ms': 0.19, 'prompt_ms': 0.0, 'vae_encode_ms': 3.94, 'transformer_plus_decode_ms': 17.24, 'stage_clock': 'cuda-events', 'benchmark_variant': 'terminal-noop', 'output_cast': 'gpu', 'torch_threads': 128, 'terminal_skips': 1, 'jpeg_ms': 0.23, 'total_ms': 21.62}
[worker 0] timing@frame4901: {'queue_wait_ms': 0.025, 'decode_in_ms': 0.2, 'prompt_ms': 0.0, 'vae_encode_ms': 3.92, 'transformer_plus_decode_ms': 18.26, 'stage_clock': 'cuda-events', 'benchmark_variant': 'terminal-noop', 'output_cast': 'gpu', 'torch_threads': 128, 'terminal_skips': 1, 'jpeg_ms': 0.25, 'total_ms': 22.67}
[worker 0] timing@frame4951: {'queue_wait_ms': 0.023, 'decode_in_ms': 0.22, 'prompt_ms': 0.0, 'vae_encode_ms': 3.95, 'transformer_plus_decode_ms': 18.32, 'stage_clock': 'cuda-events', 'benchmark_variant': 'terminal-noop', 'output_cast': 'gpu', 'torch_threads': 128, 'terminal_skips': 1, 'jpeg_ms': 0.23, 'total_ms': 22.76}
[worker 0] timing@frame5001: {'queue_wait_ms': 0.026, 'decode_in_ms': 0.23, 'prompt_ms': 0.0, 'vae_encode_ms': 3.91, 'transformer_plus_decode_ms': 17.23, 'stage_clock': 'cuda-events', 'benchmark_variant': 'terminal-noop', 'output_cast': 'gpu', 'torch_threads': 128, 'terminal_skips': 1, 'jpeg_ms': 0.23, 'total_ms': 21.62}
[DIAG] t=605s in=8520 →wk=6134 ←wk=6133 →cl=6123 drop_in=0 drop_out=0 | since: client=0.0s worker=0.0s sent=0.0s | ch=open buf=0 | lag: max=0ms avg=0.4ms | heap=9.1MB rss=46.6MB | gpu0:R pend=1 frames=5029 buf=0 | gpu1:R pend=0 frames=1104 buf=0
[worker 0] timing@frame5051: {'queue_wait_ms': 0.027, 'decode_in_ms': 0.19, 'prompt_ms': 0.0, 'vae_encode_ms': 3.92, 'transformer_plus_decode_ms': 18.24, 'stage_clock': 'cuda-events', 'benchmark_variant': 'terminal-noop', 'output_cast': 'gpu', 'torch_threads': 128, 'terminal_skips': 1, 'jpeg_ms': 0.23, 'total_ms': 22.6}
[worker 0] timing@frame5101: {'queue_wait_ms': 0.021, 'decode_in_ms': 0.19, 'prompt_ms': 0.0, 'vae_encode_ms': 3.87, 'transformer_plus_decode_ms': 18.01, 'stage_clock': 'cuda-events', 'benchmark_variant': 'terminal-noop', 'output_cast': 'gpu', 'torch_threads': 128, 'terminal_skips': 1, 'jpeg_ms': 0.24, 'total_ms': 22.34}
[worker 0] timing@frame5151: {'queue_wait_ms': 0.035, 'decode_in_ms': 0.23, 'prompt_ms': 0.0, 'vae_encode_ms': 3.97, 'transformer_plus_decode_ms': 17.24, 'stage_clock': 'cuda-events', 'benchmark_variant': 'terminal-noop', 'output_cast': 'gpu', 'torch_threads': 128, 'terminal_skips': 1, 'jpeg_ms': 0.24, 'total_ms': 21.71}
[worker 0] timing@frame5201: {'queue_wait_ms': 0.026, 'decode_in_ms': 0.23, 'prompt_ms': 0.0, 'vae_encode_ms': 3.92, 'transformer_plus_decode_ms': 18.27, 'stage_clock': 'cuda-events', 'benchmark_variant': 'terminal-noop', 'output_cast': 'gpu', 'torch_threads': 128, 'terminal_skips': 1, 'jpeg_ms': 0.23, 'total_ms': 22.68}
[DIAG] t=610s in=8742 →wk=6329 ←wk=6328 →cl=6318 drop_in=0 drop_out=0 | since: client=0.0s worker=0.0s sent=0.0s | ch=open buf=0 | lag: max=1ms avg=0.4ms | heap=8.8MB rss=46.6MB | gpu0:R pend=1 frames=5224 buf=0 | gpu1:R pend=0 frames=1104 buf=0
[worker 0] timing@frame5251: {'queue_wait_ms': 0.025, 'decode_in_ms': 0.22, 'prompt_ms': 0.0, 'vae_encode_ms': 3.9, 'transformer_plus_decode_ms': 18.12, 'stage_clock': 'cuda-events', 'benchmark_variant': 'terminal-noop', 'output_cast': 'gpu', 'torch_threads': 128, 'terminal_skips': 1, 'jpeg_ms': 0.25, 'total_ms': 22.51}
[worker 0] timing@frame5301: {'queue_wait_ms': 0.024, 'decode_in_ms': 0.22, 'prompt_ms': 0.0, 'vae_encode_ms': 3.93, 'transformer_plus_decode_ms': 17.24, 'stage_clock': 'cuda-events', 'benchmark_variant': 'terminal-noop', 'output_cast': 'gpu', 'torch_threads': 128, 'terminal_skips': 1, 'jpeg_ms': 0.24, 'total_ms': 21.66}
[DIAG] t=615s in=8863 →wk=6434 ←wk=6434 →cl=6424 drop_in=0 drop_out=0 | since: client=2.3s worker=2.3s sent=2.3s | ch=open buf=0 | lag: max=1ms avg=0.4ms | heap=8.6MB rss=46.6MB | gpu0:R pend=0 frames=5330 buf=0 | gpu1:R pend=0 frames=1104 buf=0
POST /webrtc/offer
Offer candidates host=2 srflx=1 relay=0
ICE connection state: closed
[DIAG] Connection state: closed (channel=none buf=0)
[DIAG] DataChannel CLOSED (was open)
ICE connection state: new
[DIAG] Connection state: new (channel=none buf=0)
ICE gathering state: gathering
[DIAG] t=620s in=8863 →wk=6434 ←wk=6434 →cl=6424 drop_in=0 drop_out=0 | since: client=7.3s worker=7.3s sent=7.3s | ch=closed buf=0 | lag: max=1ms avg=0.4ms | heap=9.0MB rss=46.6MB | gpu0:R pend=0 frames=5330 buf=0 | gpu1:R pend=0 frames=1104 buf=0
[DIAG] t=625s in=8863 →wk=6434 ←wk=6434 →cl=6424 drop_in=0 drop_out=0 | since: client=12.3s worker=12.3s sent=12.3s | ch=closed buf=0 | lag: max=1ms avg=0.4ms | heap=9.1MB rss=46.6MB | gpu0:R pend=0 frames=5330 buf=0 | gpu1:R pend=0 frames=1104 buf=0
Sending SDP answer
ICE gathering state: complete
ICE connection state: connected
[DIAG] Connection state: connected (channel=none buf=0)
DataChannel opened: frames
[worker 1] resolution changed → 512×288, already compiled by idle warmup
[worker 0] timing@frame5351: {'queue_wait_ms': 2.378, 'decode_in_ms': 0.25, 'prompt_ms': 0.0, 'vae_encode_ms': 52.26, 'transformer_plus_decode_ms': 30.24, 'stage_clock': 'wall-clock', 'benchmark_variant': 'baseline', 'output_cast': 'cpu', 'torch_threads': 128, 'terminal_skips': 0, 'jpeg_ms': 0.28, 'total_ms': 83.04}
[DIAG] t=630s in=8965 →wk=6511 ←wk=6510 →cl=6499 drop_in=0 drop_out=0 | since: client=0.0s worker=0.0s sent=0.0s | ch=open buf=0 | lag: max=1ms avg=0.4ms | heap=8.2MB rss=44.4MB | gpu0:R pend=1 frames=5367 buf=0 | gpu1:R pend=0 frames=1143 buf=0
[worker 1] timing@frame1151: {'queue_wait_ms': 0.027, 'decode_in_ms': 0.28, 'prompt_ms': 0.0, 'vae_encode_ms': 4.13, 'transformer_plus_decode_ms': 34.4, 'stage_clock': 'wall-clock', 'benchmark_variant': 'baseline', 'output_cast': 'cpu', 'torch_threads': 128, 'terminal_skips': 0, 'jpeg_ms': 0.29, 'total_ms': 39.12}
[worker 0] timing@frame5401: {'queue_wait_ms': 0.031, 'decode_in_ms': 0.29, 'prompt_ms': 0.0, 'vae_encode_ms': 4.07, 'transformer_plus_decode_ms': 29.42, 'stage_clock': 'wall-clock', 'benchmark_variant': 'baseline', 'output_cast': 'cpu', 'torch_threads': 128, 'terminal_skips': 0, 'jpeg_ms': 0.28, 'total_ms': 34.07}
[worker 1] timing@frame1201: {'queue_wait_ms': 0.05, 'decode_in_ms': 0.28, 'prompt_ms': 0.0, 'vae_encode_ms': 16.02, 'transformer_plus_decode_ms': 31.49, 'stage_clock': 'wall-clock', 'benchmark_variant': 'baseline', 'output_cast': 'cpu', 'torch_threads': 128, 'terminal_skips': 0, 'jpeg_ms': 0.27, 'total_ms': 48.09}
[worker 0] timing@frame5451: {'queue_wait_ms': 0.026, 'decode_in_ms': 0.24, 'prompt_ms': 0.0, 'vae_encode_ms': 4.0, 'transformer_plus_decode_ms': 35.09, 'stage_clock': 'wall-clock', 'benchmark_variant': 'baseline', 'output_cast': 'cpu', 'torch_threads': 128, 'terminal_skips': 0, 'jpeg_ms': 0.35, 'total_ms': 39.7}
[DIAG] t=635s in=9210 →wk=6717 ←wk=6715 →cl=6704 drop_in=0 drop_out=0 | since: client=0.0s worker=0.0s sent=0.0s | ch=open buf=0 | lag: max=1ms avg=0.4ms | heap=8.3MB rss=44.4MB | gpu0:R pend=1 frames=5470 buf=0 | gpu1:R pend=1 frames=1245 buf=0
[worker 1] timing@frame1251: {'queue_wait_ms': 0.032, 'decode_in_ms': 0.26, 'prompt_ms': 0.0, 'vae_encode_ms': 11.75, 'transformer_plus_decode_ms': 29.57, 'stage_clock': 'wall-clock', 'benchmark_variant': 'baseline', 'output_cast': 'cpu', 'torch_threads': 128, 'terminal_skips': 0, 'jpeg_ms': 0.23, 'total_ms': 41.82}
[worker 0] timing@frame5501: {'queue_wait_ms': 0.03, 'decode_in_ms': 0.23, 'prompt_ms': 0.0, 'vae_encode_ms': 3.95, 'transformer_plus_decode_ms': 28.65, 'stage_clock': 'wall-clock', 'benchmark_variant': 'baseline', 'output_cast': 'cpu', 'torch_threads': 128, 'terminal_skips': 0, 'jpeg_ms': 0.23, 'total_ms': 33.09}
[worker 1] timing@frame1301: {'queue_wait_ms': 0.029, 'decode_in_ms': 0.24, 'prompt_ms': 0.0, 'vae_encode_ms': 4.44, 'transformer_plus_decode_ms': 34.06, 'stage_clock': 'wall-clock', 'benchmark_variant': 'baseline', 'output_cast': 'cpu', 'torch_threads': 128, 'terminal_skips': 0, 'jpeg_ms': 0.29, 'total_ms': 39.04}
[worker 0] timing@frame5551: {'queue_wait_ms': 0.035, 'decode_in_ms': 0.26, 'prompt_ms': 0.0, 'vae_encode_ms': 4.32, 'transformer_plus_decode_ms': 33.73, 'stage_clock': 'wall-clock', 'benchmark_variant': 'baseline', 'output_cast': 'cpu', 'torch_threads': 128, 'terminal_skips': 0, 'jpeg_ms': 0.25, 'total_ms': 38.59}
[DIAG] t=640s in=9454 →wk=6921 ←wk=6919 →cl=6907 drop_in=0 drop_out=0 | since: client=0.0s worker=0.0s sent=0.0s | ch=open buf=0 | lag: max=1ms avg=0.4ms | heap=8.2MB rss=44.4MB | gpu0:R pend=1 frames=5572 buf=0 | gpu1:R pend=1 frames=1347 buf=0
[worker 1] timing@frame1351: {'queue_wait_ms': 0.026, 'decode_in_ms': 0.33, 'prompt_ms': 0.0, 'vae_encode_ms': 4.91, 'transformer_plus_decode_ms': 34.1, 'stage_clock': 'wall-clock', 'benchmark_variant': 'baseline', 'output_cast': 'cpu', 'torch_threads': 128, 'terminal_skips': 0, 'jpeg_ms': 0.34, 'total_ms': 39.72}
[worker 0] timing@frame5601: {'queue_wait_ms': 0.035, 'decode_in_ms': 0.26, 'prompt_ms': 0.0, 'vae_encode_ms': 4.03, 'transformer_plus_decode_ms': 28.25, 'stage_clock': 'wall-clock', 'benchmark_variant': 'baseline', 'output_cast': 'cpu', 'torch_threads': 128, 'terminal_skips': 0, 'jpeg_ms': 0.28, 'total_ms': 32.83}
[worker 1] timing@frame1401: {'queue_wait_ms': 0.031, 'decode_in_ms': 0.23, 'prompt_ms': 0.0, 'vae_encode_ms': 4.29, 'transformer_plus_decode_ms': 30.73, 'stage_clock': 'wall-clock', 'benchmark_variant': 'baseline', 'output_cast': 'cpu', 'torch_threads': 128, 'terminal_skips': 0, 'jpeg_ms': 0.31, 'total_ms': 35.57}
[worker 0] timing@frame5651: {'queue_wait_ms': 0.036, 'decode_in_ms': 0.33, 'prompt_ms': 0.0, 'vae_encode_ms': 4.65, 'transformer_plus_decode_ms': 32.77, 'stage_clock': 'wall-clock', 'benchmark_variant': 'baseline', 'output_cast': 'cpu', 'torch_threads': 128, 'terminal_skips': 0, 'jpeg_ms': 0.38, 'total_ms': 38.17}
[DIAG] t=645s in=9711 →wk=7127 ←wk=7125 →cl=7109 drop_in=0 drop_out=0 | since: client=0.0s worker=0.0s sent=0.0s | ch=open buf=0 | lag: max=1ms avg=0.4ms | heap=8.6MB rss=44.4MB | gpu0:R pend=1 frames=5675 buf=0 | gpu1:R pend=1 frames=1450 buf=0
[worker 1] timing@frame1451: {'queue_wait_ms': 0.023, 'decode_in_ms': 0.22, 'prompt_ms': 0.0, 'vae_encode_ms': 4.13, 'transformer_plus_decode_ms': 29.25, 'stage_clock': 'wall-clock', 'benchmark_variant': 'baseline', 'output_cast': 'cpu', 'torch_threads': 128, 'terminal_skips': 0, 'jpeg_ms': 0.26, 'total_ms': 33.86}
[worker 0] timing@frame5701: {'queue_wait_ms': 0.027, 'decode_in_ms': 0.23, 'prompt_ms': 0.0, 'vae_encode_ms': 3.95, 'transformer_plus_decode_ms': 28.81, 'stage_clock': 'wall-clock', 'benchmark_variant': 'baseline', 'output_cast': 'cpu', 'torch_threads': 128, 'terminal_skips': 0, 'jpeg_ms': 0.29, 'total_ms': 33.29}
[worker 1] timing@frame1501: {'queue_wait_ms': 0.027, 'decode_in_ms': 0.26, 'prompt_ms': 0.0, 'vae_encode_ms': 4.16, 'transformer_plus_decode_ms': 29.75, 'stage_clock': 'wall-clock', 'benchmark_variant': 'baseline', 'output_cast': 'cpu', 'torch_threads': 128, 'terminal_skips': 0, 'jpeg_ms': 0.26, 'total_ms': 34.44}
[worker 0] timing@frame5751: {'queue_wait_ms': 0.024, 'decode_in_ms': 0.26, 'prompt_ms': 0.0, 'vae_encode_ms': 4.09, 'transformer_plus_decode_ms': 28.43, 'stage_clock': 'wall-clock', 'benchmark_variant': 'baseline', 'output_cast': 'cpu', 'torch_threads': 128, 'terminal_skips': 0, 'jpeg_ms': 0.28, 'total_ms': 33.09}
[worker 1] timing@frame1551: {'queue_wait_ms': 0.037, 'decode_in_ms': 0.29, 'prompt_ms': 0.0, 'vae_encode_ms': 4.67, 'transformer_plus_decode_ms': 36.13, 'stage_clock': 'wall-clock', 'benchmark_variant': 'baseline', 'output_cast': 'cpu', 'torch_threads': 128, 'terminal_skips': 0, 'jpeg_ms': 0.34, 'total_ms': 41.45}
[DIAG] t=650s in=9948 →wk=7345 ←wk=7343 →cl=7323 drop_in=0 drop_out=0 | since: client=0.0s worker=0.0s sent=0.0s | ch=open buf=0 | lag: max=1ms avg=0.4ms | heap=8.5MB rss=44.4MB | gpu0:R pend=1 frames=5785 buf=0 | gpu1:R pend=1 frames=1558 buf=0
[worker 0] timing@frame5801: {'queue_wait_ms': 0.032, 'decode_in_ms': 0.25, 'prompt_ms': 0.0, 'vae_encode_ms': 4.06, 'transformer_plus_decode_ms': 28.98, 'stage_clock': 'wall-clock', 'benchmark_variant': 'baseline', 'output_cast': 'cpu', 'torch_threads': 128, 'terminal_skips': 0, 'jpeg_ms': 0.28, 'total_ms': 33.59}
[worker 1] timing@frame1601: {'queue_wait_ms': 0.023, 'decode_in_ms': 0.22, 'prompt_ms': 0.0, 'vae_encode_ms': 4.04, 'transformer_plus_decode_ms': 30.09, 'stage_clock': 'wall-clock', 'benchmark_variant': 'baseline', 'output_cast': 'cpu', 'torch_threads': 128, 'terminal_skips': 0, 'jpeg_ms': 0.28, 'total_ms': 34.65}
[worker 0] timing@frame5851: {'queue_wait_ms': 0.027, 'decode_in_ms': 0.23, 'prompt_ms': 0.0, 'vae_encode_ms': 4.05, 'transformer_plus_decode_ms': 32.95, 'stage_clock': 'wall-clock', 'benchmark_variant': 'baseline', 'output_cast': 'cpu', 'torch_threads': 128, 'terminal_skips': 0, 'jpeg_ms': 0.32, 'total_ms': 37.57}
[worker 1] timing@frame1651: {'queue_wait_ms': 0.035, 'decode_in_ms': 0.55, 'prompt_ms': 0.01, 'vae_encode_ms': 7.67, 'transformer_plus_decode_ms': 31.84, 'stage_clock': 'wall-clock', 'benchmark_variant': 'baseline', 'output_cast': 'cpu', 'torch_threads': 128, 'terminal_skips': 0, 'jpeg_ms': 0.3, 'total_ms': 40.5}
[DIAG] t=655s in=10195 →wk=7570 ←wk=7568 →cl=7546 drop_in=0 drop_out=0 | since: client=0.0s worker=0.0s sent=0.0s | ch=open buf=0 | lag: max=1ms avg=0.4ms | heap=9.2MB rss=44.4MB | gpu0:R pend=1 frames=5898 buf=0 | gpu1:R pend=1 frames=1670 buf=0
[worker 0] timing@frame5901: {'queue_wait_ms': 0.029, 'decode_in_ms': 0.24, 'prompt_ms': 0.0, 'vae_encode_ms': 3.89, 'transformer_plus_decode_ms': 28.03, 'stage_clock': 'wall-clock', 'benchmark_variant': 'baseline', 'output_cast': 'cpu', 'torch_threads': 128, 'terminal_skips': 0, 'jpeg_ms': 0.26, 'total_ms': 32.44}
[worker 1] timing@frame1701: {'queue_wait_ms': 0.022, 'decode_in_ms': 0.21, 'prompt_ms': 0.0, 'vae_encode_ms': 4.06, 'transformer_plus_decode_ms': 29.1, 'stage_clock': 'wall-clock', 'benchmark_variant': 'baseline', 'output_cast': 'cpu', 'torch_threads': 128, 'terminal_skips': 0, 'jpeg_ms': 0.27, 'total_ms': 33.65}
[worker 0] timing@frame5951: {'queue_wait_ms': 0.028, 'decode_in_ms': 0.35, 'prompt_ms': 0.0, 'vae_encode_ms': 5.15, 'transformer_plus_decode_ms': 31.35, 'stage_clock': 'wall-clock', 'benchmark_variant': 'baseline', 'output_cast': 'cpu', 'torch_threads': 128, 'terminal_skips': 0, 'jpeg_ms': 0.29, 'total_ms': 37.15}
[worker 1] timing@frame1751: {'queue_wait_ms': 0.031, 'decode_in_ms': 0.27, 'prompt_ms': 0.0, 'vae_encode_ms': 4.05, 'transformer_plus_decode_ms': 29.7, 'stage_clock': 'wall-clock', 'benchmark_variant': 'baseline', 'output_cast': 'cpu', 'torch_threads': 128, 'terminal_skips': 0, 'jpeg_ms': 0.27, 'total_ms': 34.32}
[worker 0] timing@frame6001: {'queue_wait_ms': 0.039, 'decode_in_ms': 0.22, 'prompt_ms': 0.0, 'vae_encode_ms': 3.97, 'transformer_plus_decode_ms': 31.62, 'stage_clock': 'wall-clock', 'benchmark_variant': 'baseline', 'output_cast': 'cpu', 'torch_threads': 128, 'terminal_skips': 0, 'jpeg_ms': 0.26, 'total_ms': 36.07}
[DIAG] t=660s in=10434 →wk=7801 ←wk=7799 →cl=7777 drop_in=0 drop_out=0 | since: client=0.0s worker=0.0s sent=0.0s | ch=open buf=0 | lag: max=1ms avg=0.4ms | heap=9.3MB rss=44.4MB | gpu0:R pend=1 frames=6013 buf=0 | gpu1:R pend=1 frames=1786 buf=0
[worker 1] timing@frame1801: {'queue_wait_ms': 0.019, 'decode_in_ms': 0.25, 'prompt_ms': 0.0, 'vae_encode_ms': 3.96, 'transformer_plus_decode_ms': 34.0, 'stage_clock': 'wall-clock', 'benchmark_variant': 'baseline', 'output_cast': 'cpu', 'torch_threads': 128, 'terminal_skips': 0, 'jpeg_ms': 0.33, 'total_ms': 38.55}
[worker 0] timing@frame6051: {'queue_wait_ms': 0.028, 'decode_in_ms': 0.24, 'prompt_ms': 0.0, 'vae_encode_ms': 3.93, 'transformer_plus_decode_ms': 27.94, 'stage_clock': 'wall-clock', 'benchmark_variant': 'baseline', 'output_cast': 'cpu', 'torch_threads': 128, 'terminal_skips': 0, 'jpeg_ms': 0.24, 'total_ms': 32.36}
[worker 1] timing@frame1851: {'queue_wait_ms': 0.047, 'decode_in_ms': 0.29, 'prompt_ms': 0.0, 'vae_encode_ms': 4.31, 'transformer_plus_decode_ms': 41.67, 'stage_clock': 'wall-clock', 'benchmark_variant': 'baseline', 'output_cast': 'cpu', 'torch_threads': 128, 'terminal_skips': 0, 'jpeg_ms': 0.33, 'total_ms': 46.61}
[worker 0] timing@frame6101: {'queue_wait_ms': 0.026, 'decode_in_ms': 0.32, 'prompt_ms': 0.0, 'vae_encode_ms': 24.59, 'transformer_plus_decode_ms': 34.44, 'stage_clock': 'wall-clock', 'benchmark_variant': 'baseline', 'output_cast': 'cpu', 'torch_threads': 128, 'terminal_skips': 0, 'jpeg_ms': 0.44, 'total_ms': 59.82}
[DIAG] t=665s in=10680 →wk=8004 ←wk=8002 →cl=7976 drop_in=0 drop_out=0 | since: client=0.0s worker=0.0s sent=0.0s | ch=open buf=0 | lag: max=1ms avg=0.4ms | heap=9.5MB rss=44.4MB | gpu0:R pend=1 frames=6116 buf=0 | gpu1:R pend=1 frames=1886 buf=0
[worker 1] timing@frame1901: {'queue_wait_ms': 0.047, 'decode_in_ms': 0.31, 'prompt_ms': 0.0, 'vae_encode_ms': 15.76, 'transformer_plus_decode_ms': 31.86, 'stage_clock': 'wall-clock', 'benchmark_variant': 'baseline', 'output_cast': 'cpu', 'torch_threads': 128, 'terminal_skips': 0, 'jpeg_ms': 0.33, 'total_ms': 48.28}
[worker 0] timing@frame6151: {'queue_wait_ms': 0.037, 'decode_in_ms': 0.23, 'prompt_ms': 0.0, 'vae_encode_ms': 4.19, 'transformer_plus_decode_ms': 34.71, 'stage_clock': 'wall-clock', 'benchmark_variant': 'baseline', 'output_cast': 'cpu', 'torch_threads': 128, 'terminal_skips': 0, 'jpeg_ms': 0.35, 'total_ms': 39.49}
[worker 1] timing@frame1951: {'queue_wait_ms': 0.03, 'decode_in_ms': 0.24, 'prompt_ms': 0.0, 'vae_encode_ms': 3.96, 'transformer_plus_decode_ms': 28.96, 'stage_clock': 'wall-clock', 'benchmark_variant': 'baseline', 'output_cast': 'cpu', 'torch_threads': 128, 'terminal_skips': 0, 'jpeg_ms': 0.26, 'total_ms': 33.43}
[worker 0] timing@frame6201: {'queue_wait_ms': 0.024, 'decode_in_ms': 0.24, 'prompt_ms': 0.0, 'vae_encode_ms': 3.89, 'transformer_plus_decode_ms': 55.14, 'stage_clock': 'wall-clock', 'benchmark_variant': 'baseline', 'output_cast': 'cpu', 'torch_threads': 128, 'terminal_skips': 0, 'jpeg_ms': 0.25, 'total_ms': 59.54}
[DIAG] t=670s in=10926 →wk=8227 ←wk=8226 →cl=8199 drop_in=0 drop_out=0 | since: client=0.0s worker=0.0s sent=0.0s | ch=open buf=0 | lag: max=1ms avg=0.4ms | heap=9.0MB rss=44.4MB | gpu0:R pend=1 frames=6228 buf=0 | gpu1:R pend=0 frames=1998 buf=0
[worker 1] timing@frame2001: {'queue_wait_ms': 0.025, 'decode_in_ms': 0.23, 'prompt_ms': 0.0, 'vae_encode_ms': 4.04, 'transformer_plus_decode_ms': 29.07, 'stage_clock': 'wall-clock', 'benchmark_variant': 'baseline', 'output_cast': 'cpu', 'torch_threads': 128, 'terminal_skips': 0, 'jpeg_ms': 0.24, 'total_ms': 33.6}
[worker 0] timing@frame6251: {'queue_wait_ms': 0.026, 'decode_in_ms': 0.24, 'prompt_ms': 0.0, 'vae_encode_ms': 3.92, 'transformer_plus_decode_ms': 34.71, 'stage_clock': 'wall-clock', 'benchmark_variant': 'baseline', 'output_cast': 'cpu', 'torch_threads': 128, 'terminal_skips': 0, 'jpeg_ms': 0.23, 'total_ms': 39.1}
[worker 1] timing@frame2051: {'queue_wait_ms': 0.033, 'decode_in_ms': 0.24, 'prompt_ms': 0.0, 'vae_encode_ms': 3.97, 'transformer_plus_decode_ms': 29.06, 'stage_clock': 'wall-clock', 'benchmark_variant': 'baseline', 'output_cast': 'cpu', 'torch_threads': 128, 'terminal_skips': 0, 'jpeg_ms': 0.27, 'total_ms': 33.56}
[worker 0] timing@frame6301: {'queue_wait_ms': 0.025, 'decode_in_ms': 0.21, 'prompt_ms': 0.0, 'vae_encode_ms': 4.0, 'transformer_plus_decode_ms': 29.78, 'stage_clock': 'wall-clock', 'benchmark_variant': 'baseline', 'output_cast': 'cpu', 'torch_threads': 128, 'terminal_skips': 0, 'jpeg_ms': 0.27, 'total_ms': 34.28}
[worker 1] timing@frame2101: {'queue_wait_ms': 0.04, 'decode_in_ms': 0.31, 'prompt_ms': 0.0, 'vae_encode_ms': 4.65, 'transformer_plus_decode_ms': 30.69, 'stage_clock': 'wall-clock', 'benchmark_variant': 'baseline', 'output_cast': 'cpu', 'torch_threads': 128, 'terminal_skips': 0, 'jpeg_ms': 0.27, 'total_ms': 35.93}
[DIAG] t=675s in=11184 →wk=8459 ←wk=8457 →cl=8430 drop_in=0 drop_out=0 | since: client=0.0s worker=0.0s sent=0.0s | ch=open buf=0 | lag: max=0ms avg=0.4ms | heap=8.9MB rss=44.4MB | gpu0:R pend=1 frames=6344 buf=0 | gpu1:R pend=1 frames=2113 buf=0
[worker 0] timing@frame6351: {'queue_wait_ms': 0.025, 'decode_in_ms': 0.24, 'prompt_ms': 0.0, 'vae_encode_ms': 3.92, 'transformer_plus_decode_ms': 27.99, 'stage_clock': 'wall-clock', 'benchmark_variant': 'baseline', 'output_cast': 'cpu', 'torch_threads': 128, 'terminal_skips': 0, 'jpeg_ms': 0.27, 'total_ms': 32.44}
[worker 1] timing@frame2151: {'queue_wait_ms': 0.019, 'decode_in_ms': 0.24, 'prompt_ms': 0.0, 'vae_encode_ms': 3.95, 'transformer_plus_decode_ms': 34.02, 'stage_clock': 'wall-clock', 'benchmark_variant': 'baseline', 'output_cast': 'cpu', 'torch_threads': 128, 'terminal_skips': 0, 'jpeg_ms': 0.28, 'total_ms': 38.51}
[worker 0] timing@frame6401: {'queue_wait_ms': 0.027, 'decode_in_ms': 0.2, 'prompt_ms': 0.0, 'vae_encode_ms': 3.97, 'transformer_plus_decode_ms': 31.8, 'stage_clock': 'wall-clock', 'benchmark_variant': 'baseline', 'output_cast': 'cpu', 'torch_threads': 128, 'terminal_skips': 0, 'jpeg_ms': 0.28, 'total_ms': 36.26}
[worker 1] timing@frame2201: {'queue_wait_ms': 0.029, 'decode_in_ms': 0.51, 'prompt_ms': 0.01, 'vae_encode_ms': 5.09, 'transformer_plus_decode_ms': 33.36, 'stage_clock': 'wall-clock', 'benchmark_variant': 'baseline', 'output_cast': 'cpu', 'torch_threads': 128, 'terminal_skips': 0, 'jpeg_ms': 0.33, 'total_ms': 39.32}
[worker 0] timing@frame6451: {'queue_wait_ms': 0.034, 'decode_in_ms': 0.23, 'prompt_ms': 0.0, 'vae_encode_ms': 3.93, 'transformer_plus_decode_ms': 28.58, 'stage_clock': 'wall-clock', 'benchmark_variant': 'baseline', 'output_cast': 'cpu', 'torch_threads': 128, 'terminal_skips': 0, 'jpeg_ms': 0.26, 'total_ms': 33.02}
[DIAG] t=680s in=11436 →wk=8686 ←wk=8684 →cl=8656 drop_in=0 drop_out=0 | since: client=0.0s worker=0.0s sent=0.0s | ch=open buf=0 | lag: max=4ms avg=0.4ms | heap=8.9MB rss=44.4MB | gpu0:R pend=1 frames=6457 buf=0 | gpu1:R pend=1 frames=2227 buf=0
[worker 1] timing@frame2251: {'queue_wait_ms': 0.024, 'decode_in_ms': 0.28, 'prompt_ms': 0.0, 'vae_encode_ms': 11.84, 'transformer_plus_decode_ms': 32.83, 'stage_clock': 'wall-clock', 'benchmark_variant': 'baseline', 'output_cast': 'cpu', 'torch_threads': 128, 'terminal_skips': 0, 'jpeg_ms': 0.24, 'total_ms': 45.2}
[worker 0] timing@frame6501: {'queue_wait_ms': 0.025, 'decode_in_ms': 0.23, 'prompt_ms': 0.0, 'vae_encode_ms': 4.2, 'transformer_plus_decode_ms': 28.01, 'stage_clock': 'wall-clock', 'benchmark_variant': 'baseline', 'output_cast': 'cpu', 'torch_threads': 128, 'terminal_skips': 0, 'jpeg_ms': 0.27, 'total_ms': 32.72}
[worker 1] timing@frame2301: {'queue_wait_ms': 0.017, 'decode_in_ms': 0.28, 'prompt_ms': 0.0, 'vae_encode_ms': 4.02, 'transformer_plus_decode_ms': 28.8, 'stage_clock': 'wall-clock', 'benchmark_variant': 'baseline', 'output_cast': 'cpu', 'torch_threads': 128, 'terminal_skips': 0, 'jpeg_ms': 0.27, 'total_ms': 33.4}
[worker 0] timing@frame6551: {'queue_wait_ms': 0.024, 'decode_in_ms': 0.2, 'prompt_ms': 0.0, 'vae_encode_ms': 12.54, 'transformer_plus_decode_ms': 36.02, 'stage_clock': 'wall-clock', 'benchmark_variant': 'baseline', 'output_cast': 'cpu', 'torch_threads': 128, 'terminal_skips': 0, 'jpeg_ms': 0.34, 'total_ms': 49.11}
[DIAG] t=685s in=11672 →wk=8907 ←wk=8905 →cl=8876 drop_in=0 drop_out=0 | since: client=0.0s worker=0.0s sent=0.0s | ch=open buf=0 | lag: max=37ms avg=0.4ms | heap=10.0MB rss=44.4MB | gpu0:R pend=1 frames=6567 buf=0 | gpu1:R pend=1 frames=2338 buf=0
[worker 1] timing@frame2351: {'queue_wait_ms': 0.018, 'decode_in_ms': 0.21, 'prompt_ms': 0.0, 'vae_encode_ms': 3.86, 'transformer_plus_decode_ms': 28.52, 'stage_clock': 'wall-clock', 'benchmark_variant': 'baseline', 'output_cast': 'cpu', 'torch_threads': 128, 'terminal_skips': 0, 'jpeg_ms': 0.22, 'total_ms': 32.82}
[worker 0] timing@frame6601: {'queue_wait_ms': 0.024, 'decode_in_ms': 0.23, 'prompt_ms': 0.0, 'vae_encode_ms': 3.96, 'transformer_plus_decode_ms': 28.97, 'stage_clock': 'wall-clock', 'benchmark_variant': 'baseline', 'output_cast': 'cpu', 'torch_threads': 128, 'terminal_skips': 0, 'jpeg_ms': 0.26, 'total_ms': 33.44}
[worker 1] timing@frame2401: {'queue_wait_ms': 0.025, 'decode_in_ms': 0.26, 'prompt_ms': 0.0, 'vae_encode_ms': 3.99, 'transformer_plus_decode_ms': 29.24, 'stage_clock': 'wall-clock', 'benchmark_variant': 'baseline', 'output_cast': 'cpu', 'torch_threads': 128, 'terminal_skips': 0, 'jpeg_ms': 0.27, 'total_ms': 33.78}
[worker 0] timing@frame6651: {'queue_wait_ms': 0.025, 'decode_in_ms': 0.24, 'prompt_ms': 0.0, 'vae_encode_ms': 3.89, 'transformer_plus_decode_ms': 27.91, 'stage_clock': 'wall-clock', 'benchmark_variant': 'baseline', 'output_cast': 'cpu', 'torch_threads': 128, 'terminal_skips': 0, 'jpeg_ms': 0.28, 'total_ms': 32.33}
[worker 1] timing@frame2451: {'queue_wait_ms': 0.018, 'decode_in_ms': 0.24, 'prompt_ms': 0.0, 'vae_encode_ms': 3.9, 'transformer_plus_decode_ms': 28.34, 'stage_clock': 'wall-clock', 'benchmark_variant': 'baseline', 'output_cast': 'cpu', 'torch_threads': 128, 'terminal_skips': 0, 'jpeg_ms': 0.28, 'total_ms': 32.77}
[DIAG] t=690s in=11935 →wk=9162 ←wk=9160 →cl=9130 drop_in=0 drop_out=0 | since: client=0.0s worker=0.0s sent=0.0s | ch=open buf=0 | lag: max=1ms avg=0.4ms | heap=9.4MB rss=44.2MB | gpu0:R pend=1 frames=6695 buf=0 | gpu1:R pend=1 frames=2465 buf=0
[worker 0] timing@frame6701: {'queue_wait_ms': 0.026, 'decode_in_ms': 0.2, 'prompt_ms': 0.0, 'vae_encode_ms': 3.98, 'transformer_plus_decode_ms': 28.5, 'stage_clock': 'wall-clock', 'benchmark_variant': 'baseline', 'output_cast': 'cpu', 'torch_threads': 128, 'terminal_skips': 0, 'jpeg_ms': 0.28, 'total_ms': 32.97}
[DIAG] t=695s in=11983 →wk=9210 ←wk=9210 →cl=9180 drop_in=0 drop_out=0 | since: client=4.1s worker=4.1s sent=4.1s | ch=open buf=0 | lag: max=1ms avg=0.4ms | heap=9.2MB rss=44.2MB | gpu0:R pend=0 frames=6720 buf=0 | gpu1:R pend=0 frames=2490 buf=0
POST /webrtc/offer
Offer candidates host=2 srflx=1 relay=0
ICE connection state: closed
[DIAG] Connection state: closed (channel=none buf=0)
[DIAG] DataChannel CLOSED (was open)
ICE connection state: new
[DIAG] Connection state: new (channel=none buf=0)
ICE gathering state: gathering
[DIAG] t=700s in=11983 →wk=9210 ←wk=9210 →cl=9180 drop_in=0 drop_out=0 | since: client=9.1s worker=9.1s sent=9.1s | ch=closed buf=0 | lag: max=1ms avg=0.4ms | heap=9.5MB rss=44.2MB | gpu0:R pend=0 frames=6720 buf=0 | gpu1:R pend=0 frames=2490 buf=0
[DIAG] t=705s in=11983 →wk=9210 ←wk=9210 →cl=9180 drop_in=0 drop_out=0 | since: client=14.1s worker=14.1s sent=14.1s | ch=closed buf=0 | lag: max=1ms avg=0.4ms | heap=9.5MB rss=44.2MB | gpu0:R pend=0 frames=6720 buf=0 | gpu1:R pend=0 frames=2490 buf=0
Sending SDP answer
ICE gathering state: complete
ICE connection state: connected
[DIAG] Connection state: connected (channel=none buf=0)
DataChannel opened: frames
[worker 1] timing@frame2501: {'queue_wait_ms': 0.037, 'decode_in_ms': 0.21, 'prompt_ms': 0.0, 'vae_encode_ms': 4.47, 'transformer_plus_decode_ms': 19.15, 'stage_clock': 'cuda-events', 'benchmark_variant': 'terminal-noop', 'output_cast': 'gpu', 'torch_threads': 128, 'terminal_skips': 1, 'jpeg_ms': 0.24, 'total_ms': 24.11}
[worker 0] timing@frame6751: {'queue_wait_ms': 0.026, 'decode_in_ms': 0.2, 'prompt_ms': 0.0, 'vae_encode_ms': 4.99, 'transformer_plus_decode_ms': 19.09, 'stage_clock': 'cuda-events', 'benchmark_variant': 'terminal-noop', 'output_cast': 'gpu', 'torch_threads': 128, 'terminal_skips': 1, 'jpeg_ms': 0.24, 'total_ms': 24.55}
[worker 1] timing@frame2551: {'queue_wait_ms': 0.023, 'decode_in_ms': 0.22, 'prompt_ms': 0.0, 'vae_encode_ms': 4.14, 'transformer_plus_decode_ms': 19.07, 'stage_clock': 'cuda-events', 'benchmark_variant': 'terminal-noop', 'output_cast': 'gpu', 'torch_threads': 128, 'terminal_skips': 1, 'jpeg_ms': 0.25, 'total_ms': 23.7}
[worker 0] timing@frame6801: {'queue_wait_ms': 0.038, 'decode_in_ms': 0.23, 'prompt_ms': 0.0, 'vae_encode_ms': 4.15, 'transformer_plus_decode_ms': 17.93, 'stage_clock': 'cuda-events', 'benchmark_variant': 'terminal-noop', 'output_cast': 'gpu', 'torch_threads': 128, 'terminal_skips': 1, 'jpeg_ms': 0.26, 'total_ms': 22.6}
[DIAG] t=710s in=12171 →wk=9398 ←wk=9397 →cl=9367 drop_in=0 drop_out=0 | since: client=0.0s worker=0.0s sent=0.0s | ch=open buf=0 | lag: max=1ms avg=0.4ms | heap=9.4MB rss=46.0MB | gpu0:R pend=1 frames=6813 buf=0 | gpu1:R pend=0 frames=2584 buf=0
[worker 1] timing@frame2601: {'queue_wait_ms': 0.028, 'decode_in_ms': 0.23, 'prompt_ms': 0.0, 'vae_encode_ms': 4.1, 'transformer_plus_decode_ms': 19.06, 'stage_clock': 'cuda-events', 'benchmark_variant': 'terminal-noop', 'output_cast': 'gpu', 'torch_threads': 128, 'terminal_skips': 1, 'jpeg_ms': 0.25, 'total_ms': 23.66}
[worker 0] timing@frame6851: {'queue_wait_ms': 0.025, 'decode_in_ms': 0.22, 'prompt_ms': 0.0, 'vae_encode_ms': 3.95, 'transformer_plus_decode_ms': 17.93, 'stage_clock': 'cuda-events', 'benchmark_variant': 'terminal-noop', 'output_cast': 'gpu', 'torch_threads': 128, 'terminal_skips': 1, 'jpeg_ms': 0.23, 'total_ms': 22.36}
[worker 1] timing@frame2651: {'queue_wait_ms': 0.035, 'decode_in_ms': 0.24, 'prompt_ms': 0.0, 'vae_encode_ms': 4.14, 'transformer_plus_decode_ms': 19.01, 'stage_clock': 'cuda-events', 'benchmark_variant': 'terminal-noop', 'output_cast': 'gpu', 'torch_threads': 128, 'terminal_skips': 1, 'jpeg_ms': 0.24, 'total_ms': 23.66}
[worker 0] timing@frame6901: {'queue_wait_ms': 0.024, 'decode_in_ms': 0.23, 'prompt_ms': 0.0, 'vae_encode_ms': 3.96, 'transformer_plus_decode_ms': 17.94, 'stage_clock': 'cuda-events', 'benchmark_variant': 'terminal-noop', 'output_cast': 'gpu', 'torch_threads': 128, 'terminal_skips': 1, 'jpeg_ms': 0.23, 'total_ms': 22.39}
[worker 1] timing@frame2701: {'queue_wait_ms': 0.034, 'decode_in_ms': 0.24, 'prompt_ms': 0.0, 'vae_encode_ms': 4.22, 'transformer_plus_decode_ms': 19.21, 'stage_clock': 'cuda-events', 'benchmark_variant': 'terminal-noop', 'output_cast': 'gpu', 'torch_threads': 128, 'terminal_skips': 1, 'jpeg_ms': 0.24, 'total_ms': 23.94}
[DIAG] t=715s in=12418 →wk=9645 ←wk=9644 →cl=9614 drop_in=0 drop_out=0 | since: client=0.0s worker=0.0s sent=0.0s | ch=open buf=0 | lag: max=0ms avg=0.4ms | heap=9.3MB rss=46.0MB | gpu0:R pend=0 frames=6937 buf=0 | gpu1:R pend=1 frames=2707 buf=0
[worker 0] timing@frame6951: {'queue_wait_ms': 0.039, 'decode_in_ms': 0.24, 'prompt_ms': 0.0, 'vae_encode_ms': 5.39, 'transformer_plus_decode_ms': 17.98, 'stage_clock': 'cuda-events', 'benchmark_variant': 'terminal-noop', 'output_cast': 'gpu', 'torch_threads': 128, 'terminal_skips': 1, 'jpeg_ms': 0.24, 'total_ms': 23.88}
[worker 1] timing@frame2751: {'queue_wait_ms': 0.046, 'decode_in_ms': 0.42, 'prompt_ms': 0.0, 'vae_encode_ms': 5.07, 'transformer_plus_decode_ms': 20.57, 'stage_clock': 'cuda-events', 'benchmark_variant': 'terminal-noop', 'output_cast': 'gpu', 'torch_threads': 128, 'terminal_skips': 1, 'jpeg_ms': 0.25, 'total_ms': 26.41}
[worker 0] timing@frame7001: {'queue_wait_ms': 0.027, 'decode_in_ms': 0.28, 'prompt_ms': 0.0, 'vae_encode_ms': 4.29, 'transformer_plus_decode_ms': 19.49, 'stage_clock': 'cuda-events', 'benchmark_variant': 'terminal-noop', 'output_cast': 'gpu', 'torch_threads': 128, 'terminal_skips': 1, 'jpeg_ms': 0.25, 'total_ms': 24.35}
[worker 1] timing@frame2801: {'queue_wait_ms': 0.027, 'decode_in_ms': 0.22, 'prompt_ms': 0.0, 'vae_encode_ms': 4.07, 'transformer_plus_decode_ms': 19.21, 'stage_clock': 'cuda-events', 'benchmark_variant': 'terminal-noop', 'output_cast': 'gpu', 'torch_threads': 128, 'terminal_skips': 1, 'jpeg_ms': 0.29, 'total_ms': 23.82}
[worker 0] timing@frame7051: {'queue_wait_ms': 0.023, 'decode_in_ms': 0.23, 'prompt_ms': 0.0, 'vae_encode_ms': 3.93, 'transformer_plus_decode_ms': 18.65, 'stage_clock': 'cuda-events', 'benchmark_variant': 'terminal-noop', 'output_cast': 'gpu', 'torch_threads': 128, 'terminal_skips': 1, 'jpeg_ms': 0.26, 'total_ms': 23.1}
[DIAG] t=720s in=12676 →wk=9901 ←wk=9899 →cl=9868 drop_in=0 drop_out=0 | since: client=0.0s worker=0.0s sent=0.0s | ch=open buf=0 | lag: max=1ms avg=0.4ms | heap=9.7MB rss=46.0MB | gpu0:R pend=1 frames=7065 buf=0 | gpu1:R pend=1 frames=2834 buf=0
[worker 1] timing@frame2851: {'queue_wait_ms': 0.145, 'decode_in_ms': 0.47, 'prompt_ms': 0.01, 'vae_encode_ms': 11.86, 'transformer_plus_decode_ms': 19.58, 'stage_clock': 'cuda-events', 'benchmark_variant': 'terminal-noop', 'output_cast': 'gpu', 'torch_threads': 128, 'terminal_skips': 1, 'jpeg_ms': 0.27, 'total_ms': 32.29}
[worker 0] timing@frame7101: {'queue_wait_ms': 0.025, 'decode_in_ms': 0.23, 'prompt_ms': 0.0, 'vae_encode_ms': 4.14, 'transformer_plus_decode_ms': 18.2, 'stage_clock': 'cuda-events', 'benchmark_variant': 'terminal-noop', 'output_cast': 'gpu', 'torch_threads': 128, 'terminal_skips': 1, 'jpeg_ms': 0.24, 'total_ms': 22.87}
[worker 1] timing@frame2901: {'queue_wait_ms': 0.028, 'decode_in_ms': 0.24, 'prompt_ms': 0.0, 'vae_encode_ms': 4.36, 'transformer_plus_decode_ms': 19.95, 'stage_clock': 'cuda-events', 'benchmark_variant': 'terminal-noop', 'output_cast': 'gpu', 'torch_threads': 128, 'terminal_skips': 1, 'jpeg_ms': 0.29, 'total_ms': 24.9}
[worker 0] timing@frame7151: {'queue_wait_ms': 0.026, 'decode_in_ms': 0.2, 'prompt_ms': 0.0, 'vae_encode_ms': 3.93, 'transformer_plus_decode_ms': 19.02, 'stage_clock': 'cuda-events', 'benchmark_variant': 'terminal-noop', 'output_cast': 'gpu', 'torch_threads': 128, 'terminal_skips': 1, 'jpeg_ms': 0.23, 'total_ms': 23.41}
[worker 1] timing@frame2951: {'queue_wait_ms': 0.029, 'decode_in_ms': 0.22, 'prompt_ms': 0.0, 'vae_encode_ms': 4.11, 'transformer_plus_decode_ms': 18.43, 'stage_clock': 'cuda-events', 'benchmark_variant': 'terminal-noop', 'output_cast': 'gpu', 'torch_threads': 128, 'terminal_skips': 1, 'jpeg_ms': 0.25, 'total_ms': 23.04}
[DIAG] t=725s in=12940 →wk=10165 ←wk=10164 →cl=10132 drop_in=0 drop_out=0 | since: client=0.0s worker=0.0s sent=0.0s | ch=open buf=0 | lag: max=3ms avg=0.4ms | heap=9.6MB rss=46.0MB | gpu0:R pend=0 frames=7197 buf=0 | gpu1:R pend=1 frames=2967 buf=0
[worker 0] timing@frame7201: {'queue_wait_ms': 0.032, 'decode_in_ms': 0.23, 'prompt_ms': 0.0, 'vae_encode_ms': 4.03, 'transformer_plus_decode_ms': 19.09, 'stage_clock': 'cuda-events', 'benchmark_variant': 'terminal-noop', 'output_cast': 'gpu', 'torch_threads': 128, 'terminal_skips': 1, 'jpeg_ms': 0.24, 'total_ms': 23.61}
[worker 1] timing@frame3001: {'queue_wait_ms': 0.03, 'decode_in_ms': 0.22, 'prompt_ms': 0.0, 'vae_encode_ms': 3.96, 'transformer_plus_decode_ms': 19.33, 'stage_clock': 'cuda-events', 'benchmark_variant': 'terminal-noop', 'output_cast': 'gpu', 'torch_threads': 128, 'terminal_skips': 1, 'jpeg_ms': 0.27, 'total_ms': 23.81}
[worker 0] timing@frame7251: {'queue_wait_ms': 0.024, 'decode_in_ms': 0.26, 'prompt_ms': 0.0, 'vae_encode_ms': 4.23, 'transformer_plus_decode_ms': 18.37, 'stage_clock': 'cuda-events', 'benchmark_variant': 'terminal-noop', 'output_cast': 'gpu', 'torch_threads': 128, 'terminal_skips': 1, 'jpeg_ms': 0.25, 'total_ms': 23.15}
[worker 1] timing@frame3051: {'queue_wait_ms': 0.03, 'decode_in_ms': 0.22, 'prompt_ms': 0.0, 'vae_encode_ms': 4.76, 'transformer_plus_decode_ms': 18.66, 'stage_clock': 'cuda-events', 'benchmark_variant': 'terminal-noop', 'output_cast': 'gpu', 'torch_threads': 128, 'terminal_skips': 1, 'jpeg_ms': 0.22, 'total_ms': 23.89}
[worker 0] timing@frame7301: {'queue_wait_ms': 0.025, 'decode_in_ms': 0.29, 'prompt_ms': 0.0, 'vae_encode_ms': 4.33, 'transformer_plus_decode_ms': 20.23, 'stage_clock': 'cuda-events', 'benchmark_variant': 'terminal-noop', 'output_cast': 'gpu', 'torch_threads': 128, 'terminal_skips': 1, 'jpeg_ms': 0.28, 'total_ms': 25.17}
[worker 1] timing@frame3101: {'queue_wait_ms': 0.018, 'decode_in_ms': 0.28, 'prompt_ms': 0.0, 'vae_encode_ms': 4.16, 'transformer_plus_decode_ms': 18.6, 'stage_clock': 'cuda-events', 'benchmark_variant': 'terminal-noop', 'output_cast': 'gpu', 'torch_threads': 128, 'terminal_skips': 1, 'jpeg_ms': 0.23, 'total_ms': 23.3}
[DIAG] t=730s in=13211 →wk=10436 ←wk=10436 →cl=10403 drop_in=0 drop_out=0 | since: client=0.0s worker=0.0s sent=0.0s | ch=open buf=0 | lag: max=0ms avg=0.4ms | heap=10.1MB rss=46.0MB | gpu0:R pend=0 frames=7332 buf=0 | gpu1:R pend=0 frames=3104 buf=0
[worker 0] timing@frame7351: {'queue_wait_ms': 0.027, 'decode_in_ms': 0.33, 'prompt_ms': 0.01, 'vae_encode_ms': 4.96, 'transformer_plus_decode_ms': 23.53, 'stage_clock': 'cuda-events', 'benchmark_variant': 'terminal-noop', 'output_cast': 'gpu', 'torch_threads': 128, 'terminal_skips': 1, 'jpeg_ms': 0.37, 'total_ms': 29.3}
[worker 1] timing@frame3151: {'queue_wait_ms': 0.014, 'decode_in_ms': 0.32, 'prompt_ms': 0.0, 'vae_encode_ms': 4.6, 'transformer_plus_decode_ms': 20.39, 'stage_clock': 'cuda-events', 'benchmark_variant': 'terminal-noop', 'output_cast': 'gpu', 'torch_threads': 128, 'terminal_skips': 1, 'jpeg_ms': 0.25, 'total_ms': 25.61}
[worker 0] timing@frame7401: {'queue_wait_ms': 0.016, 'decode_in_ms': 0.35, 'prompt_ms': 0.0, 'vae_encode_ms': 4.4, 'transformer_plus_decode_ms': 18.63, 'stage_clock': 'cuda-events', 'benchmark_variant': 'terminal-noop', 'output_cast': 'gpu', 'torch_threads': 128, 'terminal_skips': 1, 'jpeg_ms': 0.25, 'total_ms': 23.66}
[worker 1] timing@frame3201: {'queue_wait_ms': 0.037, 'decode_in_ms': 0.27, 'prompt_ms': 0.0, 'vae_encode_ms': 4.44, 'transformer_plus_decode_ms': 20.82, 'stage_clock': 'cuda-events', 'benchmark_variant': 'terminal-noop', 'output_cast': 'gpu', 'torch_threads': 128, 'terminal_skips': 1, 'jpeg_ms': 0.28, 'total_ms': 25.86}
[worker 0] timing@frame7451: {'queue_wait_ms': 0.027, 'decode_in_ms': 0.24, 'prompt_ms': 0.0, 'vae_encode_ms': 4.04, 'transformer_plus_decode_ms': 18.67, 'stage_clock': 'cuda-events', 'benchmark_variant': 'terminal-noop', 'output_cast': 'gpu', 'torch_threads': 128, 'terminal_skips': 1, 'jpeg_ms': 0.25, 'total_ms': 23.24}
[DIAG] t=735s in=13480 →wk=10705 ←wk=10703 →cl=10670 drop_in=0 drop_out=0 | since: client=0.0s worker=0.0s sent=0.0s | ch=open buf=0 | lag: max=1ms avg=0.4ms | heap=10.4MB rss=46.0MB | gpu0:R pend=1 frames=7466 buf=0 | gpu1:R pend=1 frames=3237 buf=0
[worker 1] timing@frame3251: {'queue_wait_ms': 0.025, 'decode_in_ms': 0.22, 'prompt_ms': 0.0, 'vae_encode_ms': 4.17, 'transformer_plus_decode_ms': 19.44, 'stage_clock': 'cuda-events', 'benchmark_variant': 'terminal-noop', 'output_cast': 'gpu', 'torch_threads': 128, 'terminal_skips': 1, 'jpeg_ms': 0.24, 'total_ms': 24.1}
[worker 0] timing@frame7501: {'queue_wait_ms': 0.024, 'decode_in_ms': 0.22, 'prompt_ms': 0.0, 'vae_encode_ms': 3.94, 'transformer_plus_decode_ms': 18.92, 'stage_clock': 'cuda-events', 'benchmark_variant': 'terminal-noop', 'output_cast': 'gpu', 'torch_threads': 128, 'terminal_skips': 1, 'jpeg_ms': 0.27, 'total_ms': 23.38}
[worker 1] timing@frame3301: {'queue_wait_ms': 0.032, 'decode_in_ms': 0.25, 'prompt_ms': 0.0, 'vae_encode_ms': 4.31, 'transformer_plus_decode_ms': 18.49, 'stage_clock': 'cuda-events', 'benchmark_variant': 'terminal-noop', 'output_cast': 'gpu', 'torch_threads': 128, 'terminal_skips': 1, 'jpeg_ms': 0.26, 'total_ms': 23.35}
[worker 0] timing@frame7551: {'queue_wait_ms': 0.031, 'decode_in_ms': 0.2, 'prompt_ms': 0.0, 'vae_encode_ms': 4.14, 'transformer_plus_decode_ms': 17.86, 'stage_clock': 'cuda-events', 'benchmark_variant': 'terminal-noop', 'output_cast': 'gpu', 'torch_threads': 128, 'terminal_skips': 1, 'jpeg_ms': 0.25, 'total_ms': 22.47}
[worker 1] timing@frame3351: {'queue_wait_ms': 0.024, 'decode_in_ms': 0.23, 'prompt_ms': 0.0, 'vae_encode_ms': 4.19, 'transformer_plus_decode_ms': 19.22, 'stage_clock': 'cuda-events', 'benchmark_variant': 'terminal-noop', 'output_cast': 'gpu', 'torch_threads': 128, 'terminal_skips': 1, 'jpeg_ms': 0.24, 'total_ms': 23.92}
[DIAG] t=740s in=13742 →wk=10967 ←wk=10965 →cl=10932 drop_in=0 drop_out=0 | since: client=0.0s worker=0.0s sent=0.0s | ch=open buf=0 | lag: max=1ms avg=0.4ms | heap=10.4MB rss=46.0MB | gpu0:R pend=1 frames=7597 buf=0 | gpu1:R pend=1 frames=3368 buf=0
[worker 0] timing@frame7601: {'queue_wait_ms': 0.032, 'decode_in_ms': 0.23, 'prompt_ms': 0.0, 'vae_encode_ms': 11.95, 'transformer_plus_decode_ms': 19.04, 'stage_clock': 'cuda-events', 'benchmark_variant': 'terminal-noop', 'output_cast': 'gpu', 'torch_threads': 128, 'terminal_skips': 1, 'jpeg_ms': 0.26, 'total_ms': 31.52}
[worker 1] timing@frame3401: {'queue_wait_ms': 0.023, 'decode_in_ms': 0.21, 'prompt_ms': 0.0, 'vae_encode_ms': 4.05, 'transformer_plus_decode_ms': 18.9, 'stage_clock': 'cuda-events', 'benchmark_variant': 'terminal-noop', 'output_cast': 'gpu', 'torch_threads': 128, 'terminal_skips': 1, 'jpeg_ms': 0.24, 'total_ms': 23.42}
[worker 0] timing@frame7651: {'queue_wait_ms': 0.026, 'decode_in_ms': 0.22, 'prompt_ms': 0.0, 'vae_encode_ms': 4.16, 'transformer_plus_decode_ms': 18.98, 'stage_clock': 'cuda-events', 'benchmark_variant': 'terminal-noop', 'output_cast': 'gpu', 'torch_threads': 128, 'terminal_skips': 1, 'jpeg_ms': 0.23, 'total_ms': 23.62}
[worker 1] timing@frame3451: {'queue_wait_ms': 0.049, 'decode_in_ms': 0.39, 'prompt_ms': 0.01, 'vae_encode_ms': 5.1, 'transformer_plus_decode_ms': 20.68, 'stage_clock': 'cuda-events', 'benchmark_variant': 'terminal-noop', 'output_cast': 'gpu', 'torch_threads': 128, 'terminal_skips': 1, 'jpeg_ms': 0.28, 'total_ms': 26.55}
[worker 0] timing@frame7701: {'queue_wait_ms': 0.033, 'decode_in_ms': 0.28, 'prompt_ms': 0.0, 'vae_encode_ms': 11.62, 'transformer_plus_decode_ms': 17.78, 'stage_clock': 'cuda-events', 'benchmark_variant': 'terminal-noop', 'output_cast': 'gpu', 'torch_threads': 128, 'terminal_skips': 1, 'jpeg_ms': 0.23, 'total_ms': 29.95}
[DIAG] t=745s in=14001 →wk=11225 ←wk=11224 →cl=11191 drop_in=0 drop_out=0 | since: client=0.0s worker=0.0s sent=0.0s | ch=open buf=0 | lag: max=1ms avg=0.4ms | heap=10.2MB rss=46.0MB | gpu0:R pend=1 frames=7726 buf=0 | gpu1:R pend=0 frames=3498 buf=0
[worker 1] timing@frame3501: {'queue_wait_ms': 0.019, 'decode_in_ms': 0.22, 'prompt_ms': 0.0, 'vae_encode_ms': 4.0, 'transformer_plus_decode_ms': 19.0, 'stage_clock': 'cuda-events', 'benchmark_variant': 'terminal-noop', 'output_cast': 'gpu', 'torch_threads': 128, 'terminal_skips': 1, 'jpeg_ms': 0.25, 'total_ms': 23.5}
[worker 0] timing@frame7751: {'queue_wait_ms': 0.036, 'decode_in_ms': 0.47, 'prompt_ms': 0.01, 'vae_encode_ms': 17.64, 'transformer_plus_decode_ms': 22.26, 'stage_clock': 'cuda-events', 'benchmark_variant': 'terminal-noop', 'output_cast': 'gpu', 'torch_threads': 128, 'terminal_skips': 1, 'jpeg_ms': 0.35, 'total_ms': 40.87}
[worker 1] timing@frame3551: {'queue_wait_ms': 0.029, 'decode_in_ms': 0.24, 'prompt_ms': 0.0, 'vae_encode_ms': 4.03, 'transformer_plus_decode_ms': 18.93, 'stage_clock': 'cuda-events', 'benchmark_variant': 'terminal-noop', 'output_cast': 'gpu', 'torch_threads': 128, 'terminal_skips': 1, 'jpeg_ms': 0.28, 'total_ms': 23.51}
[worker 0] timing@frame7801: {'queue_wait_ms': 0.011, 'decode_in_ms': 0.27, 'prompt_ms': 0.0, 'vae_encode_ms': 7.08, 'transformer_plus_decode_ms': 19.52, 'stage_clock': 'cuda-events', 'benchmark_variant': 'terminal-noop', 'output_cast': 'gpu', 'torch_threads': 128, 'terminal_skips': 1, 'jpeg_ms': 0.25, 'total_ms': 27.15}
[worker 1] timing@frame3601: {'queue_wait_ms': 0.023, 'decode_in_ms': 0.25, 'prompt_ms': 0.0, 'vae_encode_ms': 4.1, 'transformer_plus_decode_ms': 18.69, 'stage_clock': 'cuda-events', 'benchmark_variant': 'terminal-noop', 'output_cast': 'gpu', 'torch_threads': 128, 'terminal_skips': 1, 'jpeg_ms': 0.23, 'total_ms': 23.3}
[worker 0] timing@frame7851: {'queue_wait_ms': 0.025, 'decode_in_ms': 0.22, 'prompt_ms': 0.0, 'vae_encode_ms': 3.91, 'transformer_plus_decode_ms': 17.23, 'stage_clock': 'cuda-events', 'benchmark_variant': 'terminal-noop', 'output_cast': 'gpu', 'torch_threads': 128, 'terminal_skips': 1, 'jpeg_ms': 0.24, 'total_ms': 21.63}
[DIAG] t=750s in=14271 →wk=11495 ←wk=11493 →cl=11460 drop_in=0 drop_out=0 | since: client=0.0s worker=0.0s sent=0.0s | ch=open buf=0 | lag: max=1ms avg=0.4ms | heap=10.6MB rss=46.0MB | gpu0:R pend=1 frames=7861 buf=0 | gpu1:R pend=1 frames=3632 buf=0
[worker 1] timing@frame3651: {'queue_wait_ms': 0.031, 'decode_in_ms': 0.25, 'prompt_ms': 0.0, 'vae_encode_ms': 4.04, 'transformer_plus_decode_ms': 19.47, 'stage_clock': 'cuda-events', 'benchmark_variant': 'terminal-noop', 'output_cast': 'gpu', 'torch_threads': 128, 'terminal_skips': 1, 'jpeg_ms': 0.24, 'total_ms': 24.04}
[worker 0] timing@frame7901: {'queue_wait_ms': 0.021, 'decode_in_ms': 0.23, 'prompt_ms': 0.0, 'vae_encode_ms': 4.16, 'transformer_plus_decode_ms': 18.61, 'stage_clock': 'cuda-events', 'benchmark_variant': 'terminal-noop', 'output_cast': 'gpu', 'torch_threads': 128, 'terminal_skips': 1, 'jpeg_ms': 0.25, 'total_ms': 23.27}
[worker 1] timing@frame3701: {'queue_wait_ms': 0.038, 'decode_in_ms': 0.27, 'prompt_ms': 0.0, 'vae_encode_ms': 7.7, 'transformer_plus_decode_ms': 19.62, 'stage_clock': 'cuda-events', 'benchmark_variant': 'terminal-noop', 'output_cast': 'gpu', 'torch_threads': 128, 'terminal_skips': 1, 'jpeg_ms': 0.24, 'total_ms': 27.87}
[worker 0] timing@frame7951: {'queue_wait_ms': 0.013, 'decode_in_ms': 0.26, 'prompt_ms': 0.0, 'vae_encode_ms': 16.02, 'transformer_plus_decode_ms': 21.01, 'stage_clock': 'cuda-events', 'benchmark_variant': 'terminal-noop', 'output_cast': 'gpu', 'torch_threads': 128, 'terminal_skips': 1, 'jpeg_ms': 0.26, 'total_ms': 37.58}
[worker 1] timing@frame3751: {'queue_wait_ms': 0.026, 'decode_in_ms': 0.21, 'prompt_ms': 0.0, 'vae_encode_ms': 4.05, 'transformer_plus_decode_ms': 18.11, 'stage_clock': 'cuda-events', 'benchmark_variant': 'terminal-noop', 'output_cast': 'gpu', 'torch_threads': 128, 'terminal_skips': 1, 'jpeg_ms': 0.26, 'total_ms': 22.66}
[DIAG] t=755s in=14539 →wk=11763 ←wk=11761 →cl=11728 drop_in=0 drop_out=0 | since: client=0.0s worker=0.0s sent=0.0s | ch=open buf=0 | lag: max=1ms avg=0.4ms | heap=11.1MB rss=46.0MB | gpu0:R pend=1 frames=7995 buf=0 | gpu1:R pend=1 frames=3766 buf=0
[worker 0] timing@frame8001: {'queue_wait_ms': 0.031, 'decode_in_ms': 0.34, 'prompt_ms': 0.0, 'vae_encode_ms': 19.29, 'transformer_plus_decode_ms': 22.0, 'stage_clock': 'cuda-events', 'benchmark_variant': 'terminal-noop', 'output_cast': 'gpu', 'torch_threads': 128, 'terminal_skips': 1, 'jpeg_ms': 0.3, 'total_ms': 42.01}
[worker 1] timing@frame3801: {'queue_wait_ms': 0.024, 'decode_in_ms': 0.28, 'prompt_ms': 0.0, 'vae_encode_ms': 4.5, 'transformer_plus_decode_ms': 20.4, 'stage_clock': 'cuda-events', 'benchmark_variant': 'terminal-noop', 'output_cast': 'gpu', 'torch_threads': 128, 'terminal_skips': 1, 'jpeg_ms': 0.26, 'total_ms': 25.49}
[worker 0] timing@frame8051: {'queue_wait_ms': 0.036, 'decode_in_ms': 0.28, 'prompt_ms': 0.0, 'vae_encode_ms': 4.23, 'transformer_plus_decode_ms': 19.3, 'stage_clock': 'cuda-events', 'benchmark_variant': 'terminal-noop', 'output_cast': 'gpu', 'torch_threads': 128, 'terminal_skips': 1, 'jpeg_ms': 0.23, 'total_ms': 24.07}
[worker 1] timing@frame3851: {'queue_wait_ms': 0.016, 'decode_in_ms': 0.29, 'prompt_ms': 0.0, 'vae_encode_ms': 4.46, 'transformer_plus_decode_ms': 19.65, 'stage_clock': 'cuda-events', 'benchmark_variant': 'terminal-noop', 'output_cast': 'gpu', 'torch_threads': 128, 'terminal_skips': 1, 'jpeg_ms': 0.27, 'total_ms': 24.72}
[worker 0] timing@frame8101: {'queue_wait_ms': 0.024, 'decode_in_ms': 0.28, 'prompt_ms': 0.0, 'vae_encode_ms': 4.33, 'transformer_plus_decode_ms': 20.33, 'stage_clock': 'cuda-events', 'benchmark_variant': 'terminal-noop', 'output_cast': 'gpu', 'torch_threads': 128, 'terminal_skips': 1, 'jpeg_ms': 0.24, 'total_ms': 25.22}
[DIAG] t=760s in=14787 →wk=12009 ←wk=12007 →cl=11972 drop_in=0 drop_out=0 | since: client=0.0s worker=0.0s sent=0.0s | ch=open buf=0 | lag: max=0ms avg=0.4ms | heap=10.0MB rss=46.0MB | gpu0:R pend=1 frames=8117 buf=0 | gpu1:R pend=1 frames=3890 buf=0
[worker 1] timing@frame3901: {'queue_wait_ms': 0.026, 'decode_in_ms': 0.22, 'prompt_ms': 0.0, 'vae_encode_ms': 4.04, 'transformer_plus_decode_ms': 19.36, 'stage_clock': 'cuda-events', 'benchmark_variant': 'terminal-noop', 'output_cast': 'gpu', 'torch_threads': 128, 'terminal_skips': 1, 'jpeg_ms': 0.23, 'total_ms': 23.88}
[worker 0] timing@frame8151: {'queue_wait_ms': 0.025, 'decode_in_ms': 0.29, 'prompt_ms': 0.0, 'vae_encode_ms': 4.27, 'transformer_plus_decode_ms': 18.44, 'stage_clock': 'cuda-events', 'benchmark_variant': 'terminal-noop', 'output_cast': 'gpu', 'torch_threads': 128, 'terminal_skips': 1, 'jpeg_ms': 0.24, 'total_ms': 23.27}
[worker 1] timing@frame3951: {'queue_wait_ms': 0.095, 'decode_in_ms': 0.22, 'prompt_ms': 0.0, 'vae_encode_ms': 3.99, 'transformer_plus_decode_ms': 19.46, 'stage_clock': 'cuda-events', 'benchmark_variant': 'terminal-noop', 'output_cast': 'gpu', 'torch_threads': 128, 'terminal_skips': 1, 'jpeg_ms': 0.24, 'total_ms': 23.94}
[worker 0] timing@frame8201: {'queue_wait_ms': 2.445, 'decode_in_ms': 0.3, 'prompt_ms': 0.0, 'vae_encode_ms': 19.3, 'transformer_plus_decode_ms': 20.75, 'stage_clock': 'cuda-events', 'benchmark_variant': 'terminal-noop', 'output_cast': 'gpu', 'torch_threads': 128, 'terminal_skips': 1, 'jpeg_ms': 0.31, 'total_ms': 40.72}
[worker 1] timing@frame4001: {'queue_wait_ms': 0.024, 'decode_in_ms': 0.26, 'prompt_ms': 0.0, 'vae_encode_ms': 4.26, 'transformer_plus_decode_ms': 19.72, 'stage_clock': 'cuda-events', 'benchmark_variant': 'terminal-noop', 'output_cast': 'gpu', 'torch_threads': 128, 'terminal_skips': 1, 'jpeg_ms': 0.26, 'total_ms': 24.53}
[DIAG] t=765s in=15015 →wk=12237 ←wk=12236 →cl=12201 drop_in=0 drop_out=0 | since: client=0.0s worker=0.0s sent=0.0s | ch=open buf=0 | lag: max=1ms avg=0.4ms | heap=11.4MB rss=46.0MB | gpu0:R pend=0 frames=8232 buf=0 | gpu1:R pend=1 frames=4004 buf=0
[worker 0] timing@frame8251: {'queue_wait_ms': 0.03, 'decode_in_ms': 0.19, 'prompt_ms': 0.0, 'vae_encode_ms': 3.95, 'transformer_plus_decode_ms': 17.95, 'stage_clock': 'cuda-events', 'benchmark_variant': 'terminal-noop', 'output_cast': 'gpu', 'torch_threads': 128, 'terminal_skips': 1, 'jpeg_ms': 0.24, 'total_ms': 22.36}
[worker 1] timing@frame4051: {'queue_wait_ms': 0.025, 'decode_in_ms': 0.25, 'prompt_ms': 0.0, 'vae_encode_ms': 10.55, 'transformer_plus_decode_ms': 19.11, 'stage_clock': 'cuda-events', 'benchmark_variant': 'terminal-noop', 'output_cast': 'gpu', 'torch_threads': 128, 'terminal_skips': 1, 'jpeg_ms': 0.23, 'total_ms': 30.18}
[worker 0] timing@frame8301: {'queue_wait_ms': 0.024, 'decode_in_ms': 0.2, 'prompt_ms': 0.0, 'vae_encode_ms': 4.02, 'transformer_plus_decode_ms': 17.98, 'stage_clock': 'cuda-events', 'benchmark_variant': 'terminal-noop', 'output_cast': 'gpu', 'torch_threads': 128, 'terminal_skips': 1, 'jpeg_ms': 0.23, 'total_ms': 22.46}
[worker 1] timing@frame4101: {'queue_wait_ms': 0.024, 'decode_in_ms': 0.22, 'prompt_ms': 0.0, 'vae_encode_ms': 3.98, 'transformer_plus_decode_ms': 18.85, 'stage_clock': 'cuda-events', 'benchmark_variant': 'terminal-noop', 'output_cast': 'gpu', 'torch_threads': 128, 'terminal_skips': 1, 'jpeg_ms': 0.23, 'total_ms': 23.31}
[DIAG] t=770s in=15236 →wk=12457 ←wk=12457 →cl=12421 drop_in=0 drop_out=0 | since: client=0.6s worker=0.6s sent=0.6s | ch=open buf=0 | lag: max=1ms avg=0.4ms | heap=10.7MB rss=46.0MB | gpu0:R pend=0 frames=8342 buf=0 | gpu1:R pend=0 frames=4115 buf=0
POST /webrtc/offer
Offer candidates host=2 srflx=1 relay=0
ICE connection state: closed
[DIAG] Connection state: closed (channel=none buf=0)
[DIAG] DataChannel CLOSED (was open)
ICE connection state: new
[DIAG] Connection state: new (channel=none buf=0)
ICE gathering state: gathering
[DIAG] t=775s in=15236 →wk=12457 ←wk=12457 →cl=12421 drop_in=0 drop_out=0 | since: client=5.6s worker=5.6s sent=5.6s | ch=closed buf=0 | lag: max=1ms avg=0.4ms | heap=11.0MB rss=46.0MB | gpu0:R pend=0 frames=8342 buf=0 | gpu1:R pend=0 frames=4115 buf=0
[DIAG] t=780s in=15236 →wk=12457 ←wk=12457 →cl=12421 drop_in=0 drop_out=0 | since: client=10.6s worker=10.6s sent=10.6s | ch=closed buf=0 | lag: max=1ms avg=0.4ms | heap=11.1MB rss=46.0MB | gpu0:R pend=0 frames=8342 buf=0 | gpu1:R pend=0 frames=4115 buf=0
Sending SDP answer
ICE gathering state: complete
ICE connection state: connected
[DIAG] Connection state: connected (channel=none buf=0)
DataChannel opened: frames
[DIAG] t=785s in=15236 →wk=12457 ←wk=12457 →cl=12421 drop_in=0 drop_out=0 | since: client=15.6s worker=15.6s sent=15.6s | ch=closed buf=0 | lag: max=1ms avg=0.4ms | heap=11.3MB rss=46.0MB | gpu0:R pend=0 frames=8342 buf=0 | gpu1:R pend=0 frames=4115 buf=0
[worker 0] resolution changed → 768×448, already compiled by idle warmup
[worker 0] timing@frame8351: {'queue_wait_ms': 0.025, 'decode_in_ms': 0.37, 'prompt_ms': 0.0, 'vae_encode_ms': 8.87, 'transformer_plus_decode_ms': 53.6, 'stage_clock': 'wall-clock', 'benchmark_variant': 'baseline', 'output_cast': 'cpu', 'torch_threads': 128, 'terminal_skips': 0, 'jpeg_ms': 0.5, 'total_ms': 63.36}
[worker 0] timing@frame8401: {'queue_wait_ms': 0.043, 'decode_in_ms': 0.38, 'prompt_ms': 0.0, 'vae_encode_ms': 8.57, 'transformer_plus_decode_ms': 53.13, 'stage_clock': 'wall-clock', 'benchmark_variant': 'baseline', 'output_cast': 'cpu', 'torch_threads': 128, 'terminal_skips': 0, 'jpeg_ms': 0.49, 'total_ms': 62.58}
[DIAG] t=790s in=15433 →wk=12518 ←wk=12517 →cl=12481 drop_in=0 drop_out=0 | since: client=0.0s worker=0.0s sent=0.0s | ch=open buf=0 | lag: max=0ms avg=0.4ms | heap=10.9MB rss=48.0MB | gpu0:R pend=1 frames=8402 buf=0 | gpu1:R pend=0 frames=4115 buf=0
[worker 0] timing@frame8451: {'queue_wait_ms': 0.035, 'decode_in_ms': 0.38, 'prompt_ms': 0.0, 'vae_encode_ms': 8.57, 'transformer_plus_decode_ms': 52.28, 'stage_clock': 'wall-clock', 'benchmark_variant': 'baseline', 'output_cast': 'cpu', 'torch_threads': 128, 'terminal_skips': 0, 'jpeg_ms': 0.44, 'total_ms': 61.67}
[DIAG] t=795s in=15678 →wk=12594 ←wk=12593 →cl=12557 drop_in=0 drop_out=0 | since: client=0.0s worker=0.0s sent=0.0s | ch=open buf=0 | lag: max=1ms avg=0.4ms | heap=10.5MB rss=50.0MB | gpu0:R pend=1 frames=8478 buf=0 | gpu1:R pend=0 frames=4115 buf=0
[worker 0] timing@frame8501: {'queue_wait_ms': 0.024, 'decode_in_ms': 0.39, 'prompt_ms': 0.0, 'vae_encode_ms': 8.53, 'transformer_plus_decode_ms': 52.4, 'stage_clock': 'wall-clock', 'benchmark_variant': 'baseline', 'output_cast': 'cpu', 'torch_threads': 128, 'terminal_skips': 0, 'jpeg_ms': 0.44, 'total_ms': 61.78}
[worker 0] timing@frame8551: {'queue_wait_ms': 0.031, 'decode_in_ms': 0.38, 'prompt_ms': 0.0, 'vae_encode_ms': 8.53, 'transformer_plus_decode_ms': 53.07, 'stage_clock': 'wall-clock', 'benchmark_variant': 'baseline', 'output_cast': 'cpu', 'torch_threads': 128, 'terminal_skips': 0, 'jpeg_ms': 0.5, 'total_ms': 62.49}
[DIAG] t=800s in=15914 →wk=12670 ←wk=12669 →cl=12633 drop_in=0 drop_out=0 | since: client=0.0s worker=0.1s sent=0.1s | ch=open buf=0 | lag: max=1ms avg=0.4ms | heap=10.8MB rss=50.0MB | gpu0:R pend=1 frames=8554 buf=0 | gpu1:R pend=0 frames=4115 buf=0
[worker 0] timing@frame8601: {'queue_wait_ms': 0.031, 'decode_in_ms': 0.37, 'prompt_ms': 0.0, 'vae_encode_ms': 8.59, 'transformer_plus_decode_ms': 53.08, 'stage_clock': 'wall-clock', 'benchmark_variant': 'baseline', 'output_cast': 'cpu', 'torch_threads': 128, 'terminal_skips': 0, 'jpeg_ms': 0.52, 'total_ms': 62.58}
[DIAG] t=805s in=16157 →wk=12748 ←wk=12747 →cl=12711 drop_in=0 drop_out=0 | since: client=0.0s worker=0.1s sent=0.1s | ch=open buf=0 | lag: max=0ms avg=0.4ms | heap=10.6MB rss=50.0MB | gpu0:R pend=1 frames=8632 buf=0 | gpu1:R pend=0 frames=4115 buf=0
[worker 0] timing@frame8651: {'queue_wait_ms': 0.045, 'decode_in_ms': 0.39, 'prompt_ms': 0.0, 'vae_encode_ms': 8.54, 'transformer_plus_decode_ms': 52.63, 'stage_clock': 'wall-clock', 'benchmark_variant': 'baseline', 'output_cast': 'cpu', 'torch_threads': 128, 'terminal_skips': 0, 'jpeg_ms': 0.47, 'total_ms': 62.05}
[worker 0] timing@frame8701: {'queue_wait_ms': 0.029, 'decode_in_ms': 0.39, 'prompt_ms': 0.0, 'vae_encode_ms': 8.47, 'transformer_plus_decode_ms': 51.81, 'stage_clock': 'wall-clock', 'benchmark_variant': 'baseline', 'output_cast': 'cpu', 'torch_threads': 128, 'terminal_skips': 0, 'jpeg_ms': 0.43, 'total_ms': 61.11}
[DIAG] t=810s in=16393 →wk=12827 ←wk=12826 →cl=12790 drop_in=0 drop_out=0 | since: client=0.0s worker=0.0s sent=0.0s | ch=open buf=0 | lag: max=0ms avg=0.4ms | heap=11.2MB rss=50.0MB | gpu0:R pend=1 frames=8711 buf=0 | gpu1:R pend=0 frames=4115 buf=0
[worker 0] timing@frame8751: {'queue_wait_ms': 0.03, 'decode_in_ms': 0.38, 'prompt_ms': 0.0, 'vae_encode_ms': 8.46, 'transformer_plus_decode_ms': 51.98, 'stage_clock': 'wall-clock', 'benchmark_variant': 'baseline', 'output_cast': 'cpu', 'torch_threads': 128, 'terminal_skips': 0, 'jpeg_ms': 0.44, 'total_ms': 61.29}
[DIAG] t=815s in=16647 →wk=12904 ←wk=12903 →cl=12867 drop_in=0 drop_out=0 | since: client=0.0s worker=0.0s sent=0.0s | ch=open buf=0 | lag: max=1ms avg=0.4ms | heap=11.1MB rss=52.0MB | gpu0:R pend=1 frames=8788 buf=0 | gpu1:R pend=0 frames=4115 buf=0
[worker 0] timing@frame8801: {'queue_wait_ms': 0.027, 'decode_in_ms': 0.42, 'prompt_ms': 0.0, 'vae_encode_ms': 17.29, 'transformer_plus_decode_ms': 53.61, 'stage_clock': 'wall-clock', 'benchmark_variant': 'baseline', 'output_cast': 'cpu', 'torch_threads': 128, 'terminal_skips': 0, 'jpeg_ms': 0.52, 'total_ms': 71.86}
[worker 0] timing@frame8851: {'queue_wait_ms': 0.033, 'decode_in_ms': 0.42, 'prompt_ms': 0.0, 'vae_encode_ms': 16.57, 'transformer_plus_decode_ms': 53.78, 'stage_clock': 'wall-clock', 'benchmark_variant': 'baseline', 'output_cast': 'cpu', 'torch_threads': 128, 'terminal_skips': 0, 'jpeg_ms': 0.52, 'total_ms': 71.3}
[DIAG] t=820s in=16879 →wk=12978 ←wk=12977 →cl=12941 drop_in=0 drop_out=0 | since: client=0.0s worker=0.1s sent=0.1s | ch=open buf=0 | lag: max=2ms avg=0.4ms | heap=11.4MB rss=52.0MB | gpu0:R pend=1 frames=8862 buf=0 | gpu1:R pend=0 frames=4115 buf=0
[worker 0] timing@frame8901: {'queue_wait_ms': 0.038, 'decode_in_ms': 0.47, 'prompt_ms': 0.0, 'vae_encode_ms': 19.52, 'transformer_plus_decode_ms': 52.45, 'stage_clock': 'wall-clock', 'benchmark_variant': 'baseline', 'output_cast': 'cpu', 'torch_threads': 128, 'terminal_skips': 0, 'jpeg_ms': 0.45, 'total_ms': 72.91}
[DIAG] t=825s in=17112 →wk=13052 ←wk=13052 →cl=13016 drop_in=0 drop_out=0 | since: client=0.1s worker=0.0s sent=0.0s | ch=open buf=0 | lag: max=1ms avg=0.4ms | heap=11.7MB rss=52.0MB | gpu0:R pend=0 frames=8937 buf=0 | gpu1:R pend=0 frames=4115 buf=0
[worker 0] timing@frame8951: {'queue_wait_ms': 0.026, 'decode_in_ms': 0.43, 'prompt_ms': 0.0, 'vae_encode_ms': 8.86, 'transformer_plus_decode_ms': 54.17, 'stage_clock': 'wall-clock', 'benchmark_variant': 'baseline', 'output_cast': 'cpu', 'torch_threads': 128, 'terminal_skips': 0, 'jpeg_ms': 0.45, 'total_ms': 63.93}
[worker 0] timing@frame9001: {'queue_wait_ms': 0.027, 'decode_in_ms': 0.39, 'prompt_ms': 0.0, 'vae_encode_ms': 8.6, 'transformer_plus_decode_ms': 57.89, 'stage_clock': 'wall-clock', 'benchmark_variant': 'baseline', 'output_cast': 'cpu', 'torch_threads': 128, 'terminal_skips': 0, 'jpeg_ms': 0.57, 'total_ms': 67.45}
[DIAG] t=830s in=17353 →wk=13125 ←wk=13124 →cl=13088 drop_in=0 drop_out=0 | since: client=0.0s worker=0.1s sent=0.1s | ch=open buf=0 | lag: max=1ms avg=0.4ms | heap=12.0MB rss=52.0MB | gpu0:R pend=1 frames=9009 buf=0 | gpu1:R pend=0 frames=4115 buf=0
[worker 0] timing@frame9051: {'queue_wait_ms': 0.033, 'decode_in_ms': 0.38, 'prompt_ms': 0.0, 'vae_encode_ms': 8.54, 'transformer_plus_decode_ms': 52.28, 'stage_clock': 'wall-clock', 'benchmark_variant': 'baseline', 'output_cast': 'cpu', 'torch_threads': 128, 'terminal_skips': 0, 'jpeg_ms': 0.42, 'total_ms': 61.64}
[DIAG] t=835s in=17583 →wk=13199 ←wk=13198 →cl=13162 drop_in=0 drop_out=0 | since: client=0.0s worker=0.1s sent=0.1s | ch=open buf=0 | lag: max=1ms avg=0.4ms | heap=12.3MB rss=52.0MB | gpu0:R pend=1 frames=9083 buf=0 | gpu1:R pend=0 frames=4115 buf=0
[worker 0] timing@frame9101: {'queue_wait_ms': 0.032, 'decode_in_ms': 0.38, 'prompt_ms': 0.0, 'vae_encode_ms': 8.6, 'transformer_plus_decode_ms': 53.18, 'stage_clock': 'wall-clock', 'benchmark_variant': 'baseline', 'output_cast': 'cpu', 'torch_threads': 128, 'terminal_skips': 0, 'jpeg_ms': 0.51, 'total_ms': 62.69}
[worker 0] timing@frame9151: {'queue_wait_ms': 0.025, 'decode_in_ms': 0.38, 'prompt_ms': 0.0, 'vae_encode_ms': 8.57, 'transformer_plus_decode_ms': 52.16, 'stage_clock': 'wall-clock', 'benchmark_variant': 'baseline', 'output_cast': 'cpu', 'torch_threads': 128, 'terminal_skips': 0, 'jpeg_ms': 0.43, 'total_ms': 61.55}
[DIAG] t=840s in=17809 →wk=13275 ←wk=13274 →cl=13238 drop_in=0 drop_out=0 | since: client=0.0s worker=0.0s sent=0.0s | ch=open buf=0 | lag: max=0ms avg=0.4ms | heap=11.1MB rss=52.0MB | gpu0:R pend=1 frames=9159 buf=0 | gpu1:R pend=0 frames=4115 buf=0
[worker 0] timing@frame9201: {'queue_wait_ms': 0.032, 'decode_in_ms': 0.38, 'prompt_ms': 0.0, 'vae_encode_ms': 8.51, 'transformer_plus_decode_ms': 52.35, 'stage_clock': 'wall-clock', 'benchmark_variant': 'baseline', 'output_cast': 'cpu', 'torch_threads': 128, 'terminal_skips': 0, 'jpeg_ms': 0.48, 'total_ms': 61.74}
[DIAG] t=845s in=18044 →wk=13351 ←wk=13350 →cl=13314 drop_in=0 drop_out=0 | since: client=0.0s worker=0.0s sent=0.0s | ch=open buf=0 | lag: max=0ms avg=0.4ms | heap=11.6MB rss=52.0MB | gpu0:R pend=1 frames=9235 buf=0 | gpu1:R pend=0 frames=4115 buf=0
[worker 0] timing@frame9251: {'queue_wait_ms': 0.028, 'decode_in_ms': 0.38, 'prompt_ms': 0.0, 'vae_encode_ms': 8.52, 'transformer_plus_decode_ms': 52.18, 'stage_clock': 'wall-clock', 'benchmark_variant': 'baseline', 'output_cast': 'cpu', 'torch_threads': 128, 'terminal_skips': 0, 'jpeg_ms': 0.43, 'total_ms': 61.53}
[worker 0] timing@frame9301: {'queue_wait_ms': 0.025, 'decode_in_ms': 0.38, 'prompt_ms': 0.0, 'vae_encode_ms': 8.51, 'transformer_plus_decode_ms': 52.12, 'stage_clock': 'wall-clock', 'benchmark_variant': 'baseline', 'output_cast': 'cpu', 'torch_threads': 128, 'terminal_skips': 0, 'jpeg_ms': 0.44, 'total_ms': 61.46}
[DIAG] t=850s in=18282 →wk=13427 ←wk=13426 →cl=13390 drop_in=0 drop_out=0 | since: client=0.0s worker=0.0s sent=0.0s | ch=open buf=0 | lag: max=1ms avg=0.4ms | heap=11.9MB rss=52.0MB | gpu0:R pend=1 frames=9311 buf=0 | gpu1:R pend=0 frames=4115 buf=0
[DIAG] t=855s in=18330 →wk=13443 ←wk=13443 →cl=13407 drop_in=0 drop_out=0 | since: client=4.0s worker=3.9s sent=3.9s | ch=open buf=0 | lag: max=1ms avg=0.4ms | heap=12.1MB rss=52.0MB | gpu0:R pend=0 frames=9328 buf=0 | gpu1:R pend=0 frames=4115 buf=0
POST /webrtc/offer
Offer candidates host=2 srflx=1 relay=0
ICE connection state: closed
[DIAG] Connection state: closed (channel=none buf=0)
[DIAG] DataChannel CLOSED (was open)
ICE connection state: new
[DIAG] Connection state: new (channel=none buf=0)
ICE gathering state: gathering
[DIAG] t=860s in=18330 →wk=13443 ←wk=13443 →cl=13407 drop_in=0 drop_out=0 | since: client=9.0s worker=8.9s sent=8.9s | ch=closed buf=0 | lag: max=1ms avg=0.4ms | heap=12.3MB rss=52.0MB | gpu0:R pend=0 frames=9328 buf=0 | gpu1:R pend=0 frames=4115 buf=0
[DIAG] t=865s in=18330 →wk=13443 ←wk=13443 →cl=13407 drop_in=0 drop_out=0 | since: client=14.0s worker=13.9s sent=13.9s | ch=closed buf=0 | lag: max=1ms avg=0.4ms | heap=12.4MB rss=52.0MB | gpu0:R pend=0 frames=9328 buf=0 | gpu1:R pend=0 frames=4115 buf=0
Sending SDP answer
ICE gathering state: complete
ICE connection state: connected
[DIAG] Connection state: connected (channel=none buf=0)
DataChannel opened: frames
[worker 0] timing@frame9351: {'queue_wait_ms': 0.027, 'decode_in_ms': 0.42, 'prompt_ms': 0.0, 'vae_encode_ms': 8.61, 'transformer_plus_decode_ms': 35.66, 'stage_clock': 'cuda-events', 'benchmark_variant': 'terminal-noop', 'output_cast': 'gpu', 'torch_threads': 128, 'terminal_skips': 1, 'jpeg_ms': 0.44, 'total_ms': 45.18}
[DIAG] t=870s in=18449 →wk=13504 ←wk=13503 →cl=13467 drop_in=0 drop_out=0 | since: client=0.0s worker=0.0s sent=0.0s | ch=open buf=0 | lag: max=1ms avg=0.4ms | heap=11.6MB rss=51.9MB | gpu0:R pend=1 frames=9388 buf=0 | gpu1:R pend=0 frames=4115 buf=0
[worker 0] timing@frame9401: {'queue_wait_ms': 0.03, 'decode_in_ms': 0.55, 'prompt_ms': 0.01, 'vae_encode_ms': 11.39, 'transformer_plus_decode_ms': 36.59, 'stage_clock': 'cuda-events', 'benchmark_variant': 'terminal-noop', 'output_cast': 'gpu', 'torch_threads': 128, 'terminal_skips': 1, 'jpeg_ms': 0.48, 'total_ms': 49.1}
[worker 0] timing@frame9451: {'queue_wait_ms': 0.024, 'decode_in_ms': 0.4, 'prompt_ms': 0.0, 'vae_encode_ms': 8.51, 'transformer_plus_decode_ms': 35.47, 'stage_clock': 'cuda-events', 'benchmark_variant': 'terminal-noop', 'output_cast': 'gpu', 'torch_threads': 128, 'terminal_skips': 1, 'jpeg_ms': 0.43, 'total_ms': 44.85}
[worker 0] timing@frame9501: {'queue_wait_ms': 0.027, 'decode_in_ms': 0.41, 'prompt_ms': 0.0, 'vae_encode_ms': 8.51, 'transformer_plus_decode_ms': 35.25, 'stage_clock': 'cuda-events', 'benchmark_variant': 'terminal-noop', 'output_cast': 'gpu', 'torch_threads': 128, 'terminal_skips': 1, 'jpeg_ms': 0.43, 'total_ms': 44.65}
[DIAG] t=875s in=18679 →wk=13618 ←wk=13617 →cl=13581 drop_in=0 drop_out=0 | since: client=0.0s worker=0.0s sent=0.0s | ch=open buf=0 | lag: max=1ms avg=0.4ms | heap=11.7MB rss=53.6MB | gpu0:R pend=1 frames=9502 buf=0 | gpu1:R pend=0 frames=4115 buf=0
[worker 0] timing@frame9551: {'queue_wait_ms': 0.026, 'decode_in_ms': 0.4, 'prompt_ms': 0.0, 'vae_encode_ms': 8.54, 'transformer_plus_decode_ms': 35.41, 'stage_clock': 'cuda-events', 'benchmark_variant': 'terminal-noop', 'output_cast': 'gpu', 'torch_threads': 128, 'terminal_skips': 1, 'jpeg_ms': 0.44, 'total_ms': 44.83}
[worker 0] timing@frame9601: {'queue_wait_ms': 0.026, 'decode_in_ms': 0.4, 'prompt_ms': 0.0, 'vae_encode_ms': 8.47, 'transformer_plus_decode_ms': 35.11, 'stage_clock': 'cuda-events', 'benchmark_variant': 'terminal-noop', 'output_cast': 'gpu', 'torch_threads': 128, 'terminal_skips': 1, 'jpeg_ms': 0.43, 'total_ms': 44.43}
[DIAG] t=880s in=18893 →wk=13728 ←wk=13727 →cl=13691 drop_in=0 drop_out=0 | since: client=0.0s worker=0.0s sent=0.0s | ch=open buf=0 | lag: max=1ms avg=0.4ms | heap=12.1MB rss=53.6MB | gpu0:R pend=1 frames=9612 buf=0 | gpu1:R pend=0 frames=4115 buf=0
[worker 0] timing@frame9651: {'queue_wait_ms': 0.025, 'decode_in_ms': 0.41, 'prompt_ms': 0.0, 'vae_encode_ms': 8.61, 'transformer_plus_decode_ms': 35.57, 'stage_clock': 'cuda-events', 'benchmark_variant': 'terminal-noop', 'output_cast': 'gpu', 'torch_threads': 128, 'terminal_skips': 1, 'jpeg_ms': 0.46, 'total_ms': 45.09}
[worker 0] timing@frame9701: {'queue_wait_ms': 0.023, 'decode_in_ms': 0.39, 'prompt_ms': 0.0, 'vae_encode_ms': 8.44, 'transformer_plus_decode_ms': 34.71, 'stage_clock': 'cuda-events', 'benchmark_variant': 'terminal-noop', 'output_cast': 'gpu', 'torch_threads': 128, 'terminal_skips': 1, 'jpeg_ms': 0.43, 'total_ms': 44.0}
[DIAG] t=885s in=19103 →wk=13839 ←wk=13838 →cl=13802 drop_in=0 drop_out=0 | since: client=0.0s worker=0.0s sent=0.0s | ch=open buf=0 | lag: max=1ms avg=0.4ms | heap=11.8MB rss=53.6MB | gpu0:R pend=1 frames=9723 buf=0 | gpu1:R pend=0 frames=4115 buf=0
[worker 0] timing@frame9751: {'queue_wait_ms': 0.025, 'decode_in_ms': 0.4, 'prompt_ms': 0.0, 'vae_encode_ms': 8.59, 'transformer_plus_decode_ms': 35.07, 'stage_clock': 'cuda-events', 'benchmark_variant': 'terminal-noop', 'output_cast': 'gpu', 'torch_threads': 128, 'terminal_skips': 1, 'jpeg_ms': 0.44, 'total_ms': 44.54}
[worker 0] timing@frame9801: {'queue_wait_ms': 0.046, 'decode_in_ms': 0.53, 'prompt_ms': 0.01, 'vae_encode_ms': 11.63, 'transformer_plus_decode_ms': 36.75, 'stage_clock': 'cuda-events', 'benchmark_variant': 'terminal-noop', 'output_cast': 'gpu', 'torch_threads': 128, 'terminal_skips': 1, 'jpeg_ms': 0.46, 'total_ms': 49.43}
[DIAG] t=890s in=19314 →wk=13951 ←wk=13950 →cl=13914 drop_in=0 drop_out=0 | since: client=0.0s worker=0.0s sent=0.0s | ch=open buf=0 | lag: max=1ms avg=0.3ms | heap=11.6MB rss=53.6MB | gpu0:R pend=1 frames=9835 buf=0 | gpu1:R pend=0 frames=4115 buf=0
[worker 0] timing@frame9851: {'queue_wait_ms': 0.029, 'decode_in_ms': 0.39, 'prompt_ms': 0.0, 'vae_encode_ms': 8.59, 'transformer_plus_decode_ms': 35.75, 'stage_clock': 'cuda-events', 'benchmark_variant': 'terminal-noop', 'output_cast': 'gpu', 'torch_threads': 128, 'terminal_skips': 1, 'jpeg_ms': 0.44, 'total_ms': 45.22}
[worker 0] timing@frame9901: {'queue_wait_ms': 0.03, 'decode_in_ms': 0.4, 'prompt_ms': 0.0, 'vae_encode_ms': 8.53, 'transformer_plus_decode_ms': 35.39, 'stage_clock': 'cuda-events', 'benchmark_variant': 'terminal-noop', 'output_cast': 'gpu', 'torch_threads': 128, 'terminal_skips': 1, 'jpeg_ms': 0.44, 'total_ms': 44.8}
[DIAG] t=895s in=19510 →wk=14061 ←wk=14060 →cl=14024 drop_in=0 drop_out=0 | since: client=0.0s worker=0.0s sent=0.0s | ch=open buf=0 | lag: max=1ms avg=0.3ms | heap=12.2MB rss=55.6MB | gpu0:R pend=1 frames=9945 buf=0 | gpu1:R pend=0 frames=4115 buf=0
[worker 0] timing@frame9951: {'queue_wait_ms': 0.032, 'decode_in_ms': 0.4, 'prompt_ms': 0.0, 'vae_encode_ms': 8.45, 'transformer_plus_decode_ms': 34.88, 'stage_clock': 'cuda-events', 'benchmark_variant': 'terminal-noop', 'output_cast': 'gpu', 'torch_threads': 128, 'terminal_skips': 1, 'jpeg_ms': 0.43, 'total_ms': 44.19}
[worker 0] timing@frame10001: {'queue_wait_ms': 0.024, 'decode_in_ms': 0.39, 'prompt_ms': 0.0, 'vae_encode_ms': 8.42, 'transformer_plus_decode_ms': 35.02, 'stage_clock': 'cuda-events', 'benchmark_variant': 'terminal-noop', 'output_cast': 'gpu', 'torch_threads': 128, 'terminal_skips': 1, 'jpeg_ms': 0.42, 'total_ms': 44.28}
[worker 0] timing@frame10051: {'queue_wait_ms': 0.026, 'decode_in_ms': 0.4, 'prompt_ms': 0.0, 'vae_encode_ms': 8.41, 'transformer_plus_decode_ms': 34.61, 'stage_clock': 'cuda-events', 'benchmark_variant': 'terminal-noop', 'output_cast': 'gpu', 'torch_threads': 128, 'terminal_skips': 1, 'jpeg_ms': 0.42, 'total_ms': 43.86}
[DIAG] t=900s in=19704 →wk=14173 ←wk=14172 →cl=14136 drop_in=0 drop_out=0 | since: client=0.0s worker=0.0s sent=0.0s | ch=open buf=0 | lag: max=1ms avg=0.3ms | heap=12.5MB rss=55.6MB | gpu0:R pend=1 frames=10057 buf=0 | gpu1:R pend=0 frames=4115 buf=0
[worker 0] timing@frame10101: {'queue_wait_ms': 0.024, 'decode_in_ms': 0.39, 'prompt_ms': 0.0, 'vae_encode_ms': 8.43, 'transformer_plus_decode_ms': 34.94, 'stage_clock': 'cuda-events', 'benchmark_variant': 'terminal-noop', 'output_cast': 'gpu', 'torch_threads': 128, 'terminal_skips': 1, 'jpeg_ms': 0.43, 'total_ms': 44.23}
[worker 0] timing@frame10151: {'queue_wait_ms': 0.026, 'decode_in_ms': 0.4, 'prompt_ms': 0.0, 'vae_encode_ms': 8.51, 'transformer_plus_decode_ms': 34.99, 'stage_clock': 'cuda-events', 'benchmark_variant': 'terminal-noop', 'output_cast': 'gpu', 'torch_threads': 128, 'terminal_skips': 1, 'jpeg_ms': 0.43, 'total_ms': 44.37}
[DIAG] t=905s in=19915 →wk=14285 ←wk=14284 →cl=14248 drop_in=0 drop_out=0 | since: client=0.0s worker=0.0s sent=0.0s | ch=open buf=0 | lag: max=1ms avg=0.3ms | heap=13.2MB rss=55.6MB | gpu0:R pend=1 frames=10169 buf=0 | gpu1:R pend=0 frames=4115 buf=0
[worker 0] timing@frame10201: {'queue_wait_ms': 0.026, 'decode_in_ms': 0.41, 'prompt_ms': 0.0, 'vae_encode_ms': 8.53, 'transformer_plus_decode_ms': 35.01, 'stage_clock': 'cuda-events', 'benchmark_variant': 'terminal-noop', 'output_cast': 'gpu', 'torch_threads': 128, 'terminal_skips': 1, 'jpeg_ms': 0.44, 'total_ms': 44.43}
[worker 0] timing@frame10251: {'queue_wait_ms': 0.036, 'decode_in_ms': 0.5, 'prompt_ms': 0.0, 'vae_encode_ms': 9.25, 'transformer_plus_decode_ms': 35.99, 'stage_clock': 'cuda-events', 'benchmark_variant': 'terminal-noop', 'output_cast': 'gpu', 'torch_threads': 128, 'terminal_skips': 1, 'jpeg_ms': 0.45, 'total_ms': 46.23}
[DIAG] t=910s in=20105 →wk=14392 ←wk=14391 →cl=14355 drop_in=0 drop_out=0 | since: client=0.0s worker=0.0s sent=0.0s | ch=open buf=0 | lag: max=1ms avg=0.3ms | heap=13.3MB rss=55.6MB | gpu0:R pend=1 frames=10276 buf=0 | gpu1:R pend=0 frames=4115 buf=0
[worker 0] timing@frame10301: {'queue_wait_ms': 0.023, 'decode_in_ms': 0.41, 'prompt_ms': 0.0, 'vae_encode_ms': 8.61, 'transformer_plus_decode_ms': 35.34, 'stage_clock': 'cuda-events', 'benchmark_variant': 'terminal-noop', 'output_cast': 'gpu', 'torch_threads': 128, 'terminal_skips': 1, 'jpeg_ms': 0.44, 'total_ms': 44.82}
[worker 0] timing@frame10351: {'queue_wait_ms': 0.026, 'decode_in_ms': 0.41, 'prompt_ms': 0.0, 'vae_encode_ms': 8.64, 'transformer_plus_decode_ms': 35.15, 'stage_clock': 'cuda-events', 'benchmark_variant': 'terminal-noop', 'output_cast': 'gpu', 'torch_threads': 128, 'terminal_skips': 1, 'jpeg_ms': 0.43, 'total_ms': 44.66}
[DIAG] t=915s in=20274 →wk=14490 ←wk=14490 →cl=14454 drop_in=0 drop_out=0 | since: client=0.4s worker=0.3s sent=0.3s | ch=open buf=0 | lag: max=1ms avg=0.3ms | heap=12.8MB rss=55.6MB | gpu0:R pend=0 frames=10375 buf=0 | gpu1:R pend=0 frames=4115 buf=0
[worker 0] timing@frame10401: {'queue_wait_ms': 0.029, 'decode_in_ms': 0.4, 'prompt_ms': 0.0, 'vae_encode_ms': 8.46, 'transformer_plus_decode_ms': 35.01, 'stage_clock': 'cuda-events', 'benchmark_variant': 'terminal-noop', 'output_cast': 'gpu', 'torch_threads': 128, 'terminal_skips': 1, 'jpeg_ms': 0.42, 'total_ms': 44.32}
[worker 0] timing@frame10451: {'queue_wait_ms': 0.03, 'decode_in_ms': 0.4, 'prompt_ms': 0.0, 'vae_encode_ms': 8.55, 'transformer_plus_decode_ms': 35.59, 'stage_clock': 'cuda-events', 'benchmark_variant': 'terminal-noop', 'output_cast': 'gpu', 'torch_threads': 128, 'terminal_skips': 1, 'jpeg_ms': 0.45, 'total_ms': 45.04}
[DIAG] t=920s in=20488 →wk=14591 ←wk=14590 →cl=14554 drop_in=0 drop_out=0 | since: client=0.0s worker=0.0s sent=0.0s | ch=open buf=0 | lag: max=1ms avg=0.3ms | heap=13.0MB rss=55.6MB | gpu0:R pend=1 frames=10475 buf=0 | gpu1:R pend=0 frames=4115 buf=0
[worker 0] timing@frame10501: {'queue_wait_ms': 0.024, 'decode_in_ms': 0.4, 'prompt_ms': 0.0, 'vae_encode_ms': 8.45, 'transformer_plus_decode_ms': 35.4, 'stage_clock': 'cuda-events', 'benchmark_variant': 'terminal-noop', 'output_cast': 'gpu', 'torch_threads': 128, 'terminal_skips': 1, 'jpeg_ms': 0.45, 'total_ms': 44.74}
[worker 0] timing@frame10551: {'queue_wait_ms': 0.032, 'decode_in_ms': 0.4, 'prompt_ms': 0.0, 'vae_encode_ms': 8.53, 'transformer_plus_decode_ms': 34.79, 'stage_clock': 'cuda-events', 'benchmark_variant': 'terminal-noop', 'output_cast': 'gpu', 'torch_threads': 128, 'terminal_skips': 1, 'jpeg_ms': 0.43, 'total_ms': 44.19}
[DIAG] t=925s in=20697 →wk=14700 ←wk=14699 →cl=14663 drop_in=0 drop_out=0 | since: client=0.0s worker=0.0s sent=0.0s | ch=open buf=0 | lag: max=1ms avg=0.3ms | heap=13.4MB rss=55.6MB | gpu0:R pend=1 frames=10584 buf=0 | gpu1:R pend=0 frames=4115 buf=0
[worker 0] timing@frame10601: {'queue_wait_ms': 0.021, 'decode_in_ms': 0.41, 'prompt_ms': 0.0, 'vae_encode_ms': 8.62, 'transformer_plus_decode_ms': 35.44, 'stage_clock': 'cuda-events', 'benchmark_variant': 'terminal-noop', 'output_cast': 'gpu', 'torch_threads': 128, 'terminal_skips': 1, 'jpeg_ms': 0.43, 'total_ms': 44.93}
[worker 0] timing@frame10651: {'queue_wait_ms': 0.025, 'decode_in_ms': 0.39, 'prompt_ms': 0.0, 'vae_encode_ms': 8.56, 'transformer_plus_decode_ms': 35.36, 'stage_clock': 'cuda-events', 'benchmark_variant': 'terminal-noop', 'output_cast': 'gpu', 'torch_threads': 128, 'terminal_skips': 1, 'jpeg_ms': 0.45, 'total_ms': 44.8}
[DIAG] t=930s in=20892 →wk=14794 ←wk=14793 →cl=14757 drop_in=0 drop_out=0 | since: client=0.0s worker=0.0s sent=0.0s | ch=open buf=0 | lag: max=1ms avg=0.3ms | heap=12.7MB rss=55.6MB | gpu0:R pend=1 frames=10678 buf=0 | gpu1:R pend=0 frames=4115 buf=0
[worker 0] timing@frame10701: {'queue_wait_ms': 0.027, 'decode_in_ms': 0.41, 'prompt_ms': 0.0, 'vae_encode_ms': 8.56, 'transformer_plus_decode_ms': 35.22, 'stage_clock': 'cuda-events', 'benchmark_variant': 'terminal-noop', 'output_cast': 'gpu', 'torch_threads': 128, 'terminal_skips': 1, 'jpeg_ms': 0.44, 'total_ms': 44.68}
[DIAG] t=935s in=20964 →wk=14832 ←wk=14832 →cl=14796 drop_in=0 drop_out=0 | since: client=3.4s worker=3.3s sent=3.3s | ch=open buf=0 | lag: max=1ms avg=0.3ms | heap=12.6MB rss=55.6MB | gpu0:R pend=0 frames=10717 buf=0 | gpu1:R pend=0 frames=4115 buf=0
POST /webrtc/offer
Offer candidates host=2 srflx=1 relay=0
ICE connection state: closed
[DIAG] Connection state: closed (channel=none buf=0)
[DIAG] DataChannel CLOSED (was open)
ICE connection state: new
[DIAG] Connection state: new (channel=none buf=0)
ICE gathering state: gathering
[DIAG] t=940s in=20964 →wk=14832 ←wk=14832 →cl=14796 drop_in=0 drop_out=0 | since: client=8.4s worker=8.3s sent=8.3s | ch=closed buf=0 | lag: max=1ms avg=0.3ms | heap=12.8MB rss=55.6MB | gpu0:R pend=0 frames=10717 buf=0 | gpu1:R pend=0 frames=4115 buf=0
[DIAG] t=945s in=20964 →wk=14832 ←wk=14832 →cl=14796 drop_in=0 drop_out=0 | since: client=13.4s worker=13.3s sent=13.3s | ch=closed buf=0 | lag: max=1ms avg=0.3ms | heap=13.0MB rss=55.6MB | gpu0:R pend=0 frames=10717 buf=0 | gpu1:R pend=0 frames=4115 buf=0
Sending SDP answer
ICE gathering state: complete
ICE connection state: connected
[DIAG] Connection state: connected (channel=none buf=0)
DataChannel opened: frames
[worker 1] resolution changed → 768×448, already compiled by idle warmup
[DIAG] t=950s in=21050 →wk=14887 ←wk=14885 →cl=14849 drop_in=0 drop_out=0 | since: client=0.0s worker=0.0s sent=0.0s | ch=open buf=0 | lag: max=1ms avg=0.3ms | heap=12.4MB rss=55.6MB | gpu0:R pend=1 frames=10743 buf=0 | gpu1:R pend=1 frames=4142 buf=0
[worker 0] timing@frame10751: {'queue_wait_ms': 0.025, 'decode_in_ms': 0.37, 'prompt_ms': 0.0, 'vae_encode_ms': 8.65, 'transformer_plus_decode_ms': 53.18, 'stage_clock': 'wall-clock', 'benchmark_variant': 'baseline', 'output_cast': 'cpu', 'torch_threads': 128, 'terminal_skips': 0, 'jpeg_ms': 0.5, 'total_ms': 62.72}
[worker 1] timing@frame4151: {'queue_wait_ms': 0.023, 'decode_in_ms': 0.4, 'prompt_ms': 0.0, 'vae_encode_ms': 9.05, 'transformer_plus_decode_ms': 55.94, 'stage_clock': 'wall-clock', 'benchmark_variant': 'baseline', 'output_cast': 'cpu', 'torch_threads': 128, 'terminal_skips': 0, 'jpeg_ms': 0.51, 'total_ms': 65.91}
[worker 0] timing@frame10801: {'queue_wait_ms': 0.026, 'decode_in_ms': 0.4, 'prompt_ms': 0.0, 'vae_encode_ms': 8.67, 'transformer_plus_decode_ms': 53.57, 'stage_clock': 'wall-clock', 'benchmark_variant': 'baseline', 'output_cast': 'cpu', 'torch_threads': 128, 'terminal_skips': 0, 'jpeg_ms': 0.51, 'total_ms': 63.16}
[worker 1] timing@frame4201: {'queue_wait_ms': 0.025, 'decode_in_ms': 0.53, 'prompt_ms': 0.0, 'vae_encode_ms': 8.95, 'transformer_plus_decode_ms': 59.72, 'stage_clock': 'wall-clock', 'benchmark_variant': 'baseline', 'output_cast': 'cpu', 'torch_threads': 128, 'terminal_skips': 0, 'jpeg_ms': 0.52, 'total_ms': 69.73}
[DIAG] t=955s in=21249 →wk=15022 ←wk=15020 →cl=14984 drop_in=0 drop_out=0 | since: client=0.0s worker=0.0s sent=0.0s | ch=open buf=0 | lag: max=1ms avg=0.3ms | heap=12.7MB rss=53.6MB | gpu0:R pend=1 frames=10811 buf=0 | gpu1:R pend=1 frames=4209 buf=0
[worker 0] timing@frame10851: {'queue_wait_ms': 0.027, 'decode_in_ms': 0.45, 'prompt_ms': 0.0, 'vae_encode_ms': 9.68, 'transformer_plus_decode_ms': 54.68, 'stage_clock': 'wall-clock', 'benchmark_variant': 'baseline', 'output_cast': 'cpu', 'torch_threads': 128, 'terminal_skips': 0, 'jpeg_ms': 0.44, 'total_ms': 65.27}
[worker 1] timing@frame4251: {'queue_wait_ms': 0.023, 'decode_in_ms': 0.37, 'prompt_ms': 0.0, 'vae_encode_ms': 8.7, 'transformer_plus_decode_ms': 53.37, 'stage_clock': 'wall-clock', 'benchmark_variant': 'baseline', 'output_cast': 'cpu', 'torch_threads': 128, 'terminal_skips': 0, 'jpeg_ms': 0.5, 'total_ms': 62.96}
[DIAG] t=960s in=21454 →wk=15165 ←wk=15163 →cl=15126 drop_in=0 drop_out=0 | since: client=0.0s worker=0.0s sent=0.0s | ch=open buf=0 | lag: max=2ms avg=0.3ms | heap=12.7MB rss=53.6MB | gpu0:R pend=1 frames=10883 buf=0 | gpu1:R pend=1 frames=4280 buf=0
[worker 0] timing@frame10901: {'queue_wait_ms': 0.026, 'decode_in_ms': 0.38, 'prompt_ms': 0.0, 'vae_encode_ms': 8.51, 'transformer_plus_decode_ms': 52.13, 'stage_clock': 'wall-clock', 'benchmark_variant': 'baseline', 'output_cast': 'cpu', 'torch_threads': 128, 'terminal_skips': 0, 'jpeg_ms': 0.43, 'total_ms': 61.47}
[worker 1] timing@frame4301: {'queue_wait_ms': 0.023, 'decode_in_ms': 0.37, 'prompt_ms': 0.0, 'vae_encode_ms': 8.67, 'transformer_plus_decode_ms': 53.48, 'stage_clock': 'wall-clock', 'benchmark_variant': 'baseline', 'output_cast': 'cpu', 'torch_threads': 128, 'terminal_skips': 0, 'jpeg_ms': 0.49, 'total_ms': 63.03}
[worker 0] timing@frame10951: {'queue_wait_ms': 0.029, 'decode_in_ms': 0.46, 'prompt_ms': 0.0, 'vae_encode_ms': 17.5, 'transformer_plus_decode_ms': 52.88, 'stage_clock': 'wall-clock', 'benchmark_variant': 'baseline', 'output_cast': 'cpu', 'torch_threads': 128, 'terminal_skips': 0, 'jpeg_ms': 0.52, 'total_ms': 71.38}
[worker 1] timing@frame4351: {'queue_wait_ms': 0.025, 'decode_in_ms': 0.42, 'prompt_ms': 0.0, 'vae_encode_ms': 8.74, 'transformer_plus_decode_ms': 57.73, 'stage_clock': 'wall-clock', 'benchmark_variant': 'baseline', 'output_cast': 'cpu', 'torch_threads': 128, 'terminal_skips': 0, 'jpeg_ms': 0.44, 'total_ms': 67.35}
[DIAG] t=965s in=21671 →wk=15306 ←wk=15304 →cl=15267 drop_in=0 drop_out=0 | since: client=0.0s worker=0.0s sent=0.0s | ch=open buf=0 | lag: max=1ms avg=0.3ms | heap=13.6MB rss=53.6MB | gpu0:R pend=1 frames=10953 buf=0 | gpu1:R pend=1 frames=4351 buf=0
[worker 0] timing@frame11001: {'queue_wait_ms': 0.036, 'decode_in_ms': 0.42, 'prompt_ms': 0.0, 'vae_encode_ms': 8.88, 'transformer_plus_decode_ms': 57.66, 'stage_clock': 'wall-clock', 'benchmark_variant': 'baseline', 'output_cast': 'cpu', 'torch_threads': 128, 'terminal_skips': 0, 'jpeg_ms': 0.53, 'total_ms': 67.51}
[worker 1] timing@frame4401: {'queue_wait_ms': 0.024, 'decode_in_ms': 0.44, 'prompt_ms': 0.0, 'vae_encode_ms': 8.79, 'transformer_plus_decode_ms': 56.59, 'stage_clock': 'wall-clock', 'benchmark_variant': 'baseline', 'output_cast': 'cpu', 'torch_threads': 128, 'terminal_skips': 0, 'jpeg_ms': 0.43, 'total_ms': 66.27}
[DIAG] t=970s in=21876 →wk=15446 ←wk=15444 →cl=15407 drop_in=0 drop_out=0 | since: client=0.0s worker=0.0s sent=0.0s | ch=open buf=0 | lag: max=1ms avg=0.3ms | heap=12.6MB rss=53.6MB | gpu0:R pend=1 frames=11023 buf=0 | gpu1:R pend=1 frames=4421 buf=0
[worker 0] timing@frame11051: {'queue_wait_ms': 0.027, 'decode_in_ms': 0.41, 'prompt_ms': 0.0, 'vae_encode_ms': 8.91, 'transformer_plus_decode_ms': 54.1, 'stage_clock': 'wall-clock', 'benchmark_variant': 'baseline', 'output_cast': 'cpu', 'torch_threads': 128, 'terminal_skips': 0, 'jpeg_ms': 0.55, 'total_ms': 63.99}
[worker 1] timing@frame4451: {'queue_wait_ms': 0.025, 'decode_in_ms': 0.45, 'prompt_ms': 0.0, 'vae_encode_ms': 9.32, 'transformer_plus_decode_ms': 56.61, 'stage_clock': 'wall-clock', 'benchmark_variant': 'baseline', 'output_cast': 'cpu', 'torch_threads': 128, 'terminal_skips': 0, 'jpeg_ms': 0.57, 'total_ms': 66.97}
[DIAG] t=975s in=22092 →wk=15587 ←wk=15585 →cl=15548 drop_in=0 drop_out=0 | since: client=0.0s worker=0.0s sent=0.0s | ch=open buf=0 | lag: max=1ms avg=0.3ms | heap=13.4MB rss=53.6MB | gpu0:R pend=1 frames=11094 buf=0 | gpu1:R pend=1 frames=4491 buf=0
[worker 0] timing@frame11101: {'queue_wait_ms': 0.024, 'decode_in_ms': 0.4, 'prompt_ms': 0.0, 'vae_encode_ms': 8.93, 'transformer_plus_decode_ms': 54.12, 'stage_clock': 'wall-clock', 'benchmark_variant': 'baseline', 'output_cast': 'cpu', 'torch_threads': 128, 'terminal_skips': 0, 'jpeg_ms': 0.51, 'total_ms': 63.97}
[worker 1] timing@frame4501: {'queue_wait_ms': 0.023, 'decode_in_ms': 0.61, 'prompt_ms': 0.0, 'vae_encode_ms': 8.79, 'transformer_plus_decode_ms': 54.35, 'stage_clock': 'wall-clock', 'benchmark_variant': 'baseline', 'output_cast': 'cpu', 'torch_threads': 128, 'terminal_skips': 0, 'jpeg_ms': 0.44, 'total_ms': 64.21}
[worker 0] timing@frame11151: {'queue_wait_ms': 0.028, 'decode_in_ms': 0.4, 'prompt_ms': 0.0, 'vae_encode_ms': 8.73, 'transformer_plus_decode_ms': 52.79, 'stage_clock': 'wall-clock', 'benchmark_variant': 'baseline', 'output_cast': 'cpu', 'torch_threads': 128, 'terminal_skips': 0, 'jpeg_ms': 0.46, 'total_ms': 62.4}
[worker 1] timing@frame4551: {'queue_wait_ms': 0.028, 'decode_in_ms': 0.39, 'prompt_ms': 0.0, 'vae_encode_ms': 8.6, 'transformer_plus_decode_ms': 65.22, 'stage_clock': 'wall-clock', 'benchmark_variant': 'baseline', 'output_cast': 'cpu', 'torch_threads': 128, 'terminal_skips': 0, 'jpeg_ms': 0.59, 'total_ms': 74.8}
[DIAG] t=980s in=22317 →wk=15732 ←wk=15730 →cl=15693 drop_in=0 drop_out=0 | since: client=0.0s worker=0.0s sent=0.0s | ch=open buf=0 | lag: max=1ms avg=0.3ms | heap=12.9MB rss=53.6MB | gpu0:R pend=1 frames=11166 buf=0 | gpu1:R pend=1 frames=4564 buf=0
[worker 0] timing@frame11201: {'queue_wait_ms': 0.021, 'decode_in_ms': 0.4, 'prompt_ms': 0.0, 'vae_encode_ms': 8.88, 'transformer_plus_decode_ms': 52.96, 'stage_clock': 'wall-clock', 'benchmark_variant': 'baseline', 'output_cast': 'cpu', 'torch_threads': 128, 'terminal_skips': 0, 'jpeg_ms': 0.45, 'total_ms': 62.7}
[worker 1] timing@frame4601: {'queue_wait_ms': 0.022, 'decode_in_ms': 0.39, 'prompt_ms': 0.0, 'vae_encode_ms': 8.65, 'transformer_plus_decode_ms': 53.24, 'stage_clock': 'wall-clock', 'benchmark_variant': 'baseline', 'output_cast': 'cpu', 'torch_threads': 128, 'terminal_skips': 0, 'jpeg_ms': 0.5, 'total_ms': 62.79}
[DIAG] t=985s in=22524 →wk=15871 ←wk=15869 →cl=15832 drop_in=0 drop_out=0 | since: client=0.0s worker=0.0s sent=0.0s | ch=open buf=0 | lag: max=1ms avg=0.3ms | heap=13.6MB rss=53.6MB | gpu0:R pend=1 frames=11236 buf=0 | gpu1:R pend=1 frames=4633 buf=0
[worker 0] timing@frame11251: {'queue_wait_ms': 0.022, 'decode_in_ms': 0.39, 'prompt_ms': 0.0, 'vae_encode_ms': 8.83, 'transformer_plus_decode_ms': 53.59, 'stage_clock': 'wall-clock', 'benchmark_variant': 'baseline', 'output_cast': 'cpu', 'torch_threads': 128, 'terminal_skips': 0, 'jpeg_ms': 0.5, 'total_ms': 63.32}
[worker 1] timing@frame4651: {'queue_wait_ms': 0.023, 'decode_in_ms': 0.42, 'prompt_ms': 0.0, 'vae_encode_ms': 8.51, 'transformer_plus_decode_ms': 52.42, 'stage_clock': 'wall-clock', 'benchmark_variant': 'baseline', 'output_cast': 'cpu', 'torch_threads': 128, 'terminal_skips': 0, 'jpeg_ms': 0.42, 'total_ms': 61.79}
[worker 0] timing@frame11301: {'queue_wait_ms': 0.021, 'decode_in_ms': 0.39, 'prompt_ms': 0.0, 'vae_encode_ms': 8.74, 'transformer_plus_decode_ms': 52.95, 'stage_clock': 'wall-clock', 'benchmark_variant': 'baseline', 'output_cast': 'cpu', 'torch_threads': 128, 'terminal_skips': 0, 'jpeg_ms': 0.44, 'total_ms': 62.54}
[worker 1] timing@frame4701: {'queue_wait_ms': 0.026, 'decode_in_ms': 0.41, 'prompt_ms': 0.0, 'vae_encode_ms': 8.64, 'transformer_plus_decode_ms': 53.17, 'stage_clock': 'wall-clock', 'benchmark_variant': 'baseline', 'output_cast': 'cpu', 'torch_threads': 128, 'terminal_skips': 0, 'jpeg_ms': 0.5, 'total_ms': 62.72}
[DIAG] t=990s in=22725 →wk=16016 ←wk=16014 →cl=15977 drop_in=0 drop_out=0 | since: client=0.0s worker=0.0s sent=0.0s | ch=open buf=0 | lag: max=1ms avg=0.3ms | heap=12.8MB rss=53.6MB | gpu0:R pend=1 frames=11308 buf=0 | gpu1:R pend=1 frames=4706 buf=0
[worker 0] timing@frame11351: {'queue_wait_ms': 0.021, 'decode_in_ms': 0.45, 'prompt_ms': 0.0, 'vae_encode_ms': 8.71, 'transformer_plus_decode_ms': 52.98, 'stage_clock': 'wall-clock', 'benchmark_variant': 'baseline', 'output_cast': 'cpu', 'torch_threads': 128, 'terminal_skips': 0, 'jpeg_ms': 0.46, 'total_ms': 62.6}
[worker 1] timing@frame4751: {'queue_wait_ms': 0.022, 'decode_in_ms': 0.42, 'prompt_ms': 0.0, 'vae_encode_ms': 8.67, 'transformer_plus_decode_ms': 53.18, 'stage_clock': 'wall-clock', 'benchmark_variant': 'baseline', 'output_cast': 'cpu', 'torch_threads': 128, 'terminal_skips': 0, 'jpeg_ms': 0.51, 'total_ms': 62.79}
[DIAG] t=995s in=22930 →wk=16165 ←wk=16164 →cl=16127 drop_in=0 drop_out=0 | since: client=0.0s worker=0.0s sent=0.0s | ch=open buf=0 | lag: max=1ms avg=0.3ms | heap=14.1MB rss=53.6MB | gpu0:R pend=1 frames=11383 buf=0 | gpu1:R pend=0 frames=4781 buf=0
[worker 0] timing@frame11401: {'queue_wait_ms': 0.013, 'decode_in_ms': 0.41, 'prompt_ms': 0.0, 'vae_encode_ms': 8.87, 'transformer_plus_decode_ms': 54.12, 'stage_clock': 'wall-clock', 'benchmark_variant': 'baseline', 'output_cast': 'cpu', 'torch_threads': 128, 'terminal_skips': 0, 'jpeg_ms': 0.52, 'total_ms': 63.94}
[worker 1] timing@frame4801: {'queue_wait_ms': 0.026, 'decode_in_ms': 0.41, 'prompt_ms': 0.0, 'vae_encode_ms': 8.49, 'transformer_plus_decode_ms': 52.3, 'stage_clock': 'wall-clock', 'benchmark_variant': 'baseline', 'output_cast': 'cpu', 'torch_threads': 128, 'terminal_skips': 0, 'jpeg_ms': 0.42, 'total_ms': 61.64}
[worker 0] timing@frame11451: {'queue_wait_ms': 0.022, 'decode_in_ms': 0.4, 'prompt_ms': 0.0, 'vae_encode_ms': 9.2, 'transformer_plus_decode_ms': 54.1, 'stage_clock': 'wall-clock', 'benchmark_variant': 'baseline', 'output_cast': 'cpu', 'torch_threads': 128, 'terminal_skips': 0, 'jpeg_ms': 0.5, 'total_ms': 64.22}
[worker 1] timing@frame4851: {'queue_wait_ms': 0.024, 'decode_in_ms': 0.4, 'prompt_ms': 0.0, 'vae_encode_ms': 8.72, 'transformer_plus_decode_ms': 53.56, 'stage_clock': 'wall-clock', 'benchmark_variant': 'baseline', 'output_cast': 'cpu', 'torch_threads': 128, 'terminal_skips': 0, 'jpeg_ms': 0.49, 'total_ms': 63.18}
[DIAG] t=1000s in=23150 →wk=16312 ←wk=16310 →cl=16273 drop_in=0 drop_out=0 | since: client=0.0s worker=0.0s sent=0.0s | ch=open buf=0 | lag: max=0ms avg=0.3ms | heap=13.7MB rss=53.6MB | gpu0:R pend=1 frames=11456 buf=0 | gpu1:R pend=1 frames=4854 buf=0
[worker 0] timing@frame11501: {'queue_wait_ms': 0.024, 'decode_in_ms': 0.4, 'prompt_ms': 0.0, 'vae_encode_ms': 8.79, 'transformer_plus_decode_ms': 53.58, 'stage_clock': 'wall-clock', 'benchmark_variant': 'baseline', 'output_cast': 'cpu', 'torch_threads': 128, 'terminal_skips': 0, 'jpeg_ms': 0.49, 'total_ms': 63.27}
[worker 1] timing@frame4901: {'queue_wait_ms': 0.024, 'decode_in_ms': 0.41, 'prompt_ms': 0.0, 'vae_encode_ms': 8.85, 'transformer_plus_decode_ms': 54.19, 'stage_clock': 'wall-clock', 'benchmark_variant': 'baseline', 'output_cast': 'cpu', 'torch_threads': 128, 'terminal_skips': 0, 'jpeg_ms': 0.53, 'total_ms': 64.0}
[DIAG] t=1005s in=23367 →wk=16449 ←wk=16447 →cl=16409 drop_in=0 drop_out=0 | since: client=0.0s worker=0.0s sent=0.0s | ch=open buf=0 | lag: max=1ms avg=0.3ms | heap=14.4MB rss=53.6MB | gpu0:R pend=1 frames=11524 buf=0 | gpu1:R pend=1 frames=4923 buf=0
[worker 0] timing@frame11551: {'queue_wait_ms': 0.023, 'decode_in_ms': 0.42, 'prompt_ms': 0.0, 'vae_encode_ms': 8.89, 'transformer_plus_decode_ms': 58.37, 'stage_clock': 'wall-clock', 'benchmark_variant': 'baseline', 'output_cast': 'cpu', 'torch_threads': 128, 'terminal_skips': 0, 'jpeg_ms': 0.52, 'total_ms': 68.21}
[worker 1] timing@frame4951: {'queue_wait_ms': 0.029, 'decode_in_ms': 0.41, 'prompt_ms': 0.0, 'vae_encode_ms': 8.7, 'transformer_plus_decode_ms': 53.87, 'stage_clock': 'wall-clock', 'benchmark_variant': 'baseline', 'output_cast': 'cpu', 'torch_threads': 128, 'terminal_skips': 0, 'jpeg_ms': 0.51, 'total_ms': 63.5}
[DIAG] t=1010s in=23574 →wk=16586 ←wk=16584 →cl=16546 drop_in=0 drop_out=0 | since: client=0.0s worker=0.0s sent=0.0s | ch=open buf=0 | lag: max=1ms avg=0.3ms | heap=13.0MB rss=53.6MB | gpu0:R pend=1 frames=11593 buf=0 | gpu1:R pend=1 frames=4991 buf=0
[worker 0] timing@frame11601: {'queue_wait_ms': 0.023, 'decode_in_ms': 0.43, 'prompt_ms': 0.0, 'vae_encode_ms': 8.88, 'transformer_plus_decode_ms': 64.31, 'stage_clock': 'wall-clock', 'benchmark_variant': 'baseline', 'output_cast': 'cpu', 'torch_threads': 128, 'terminal_skips': 0, 'jpeg_ms': 0.54, 'total_ms': 74.18}
[worker 1] timing@frame5001: {'queue_wait_ms': 0.029, 'decode_in_ms': 0.37, 'prompt_ms': 0.0, 'vae_encode_ms': 8.83, 'transformer_plus_decode_ms': 53.01, 'stage_clock': 'wall-clock', 'benchmark_variant': 'baseline', 'output_cast': 'cpu', 'torch_threads': 128, 'terminal_skips': 0, 'jpeg_ms': 0.5, 'total_ms': 62.72}
[DIAG] t=1015s in=23681 →wk=16653 ←wk=16653 →cl=16615 drop_in=0 drop_out=0 | since: client=2.7s worker=2.7s sent=2.7s | ch=open buf=0 | lag: max=1ms avg=0.3ms | heap=13.4MB rss=53.6MB | gpu0:R pend=0 frames=11627 buf=0 | gpu1:R pend=0 frames=5026 buf=0
POST /webrtc/offer
Offer candidates host=2 srflx=1 relay=0
ICE connection state: closed
[DIAG] Connection state: closed (channel=none buf=0)
[DIAG] DataChannel CLOSED (was open)
ICE connection state: new
[DIAG] Connection state: new (channel=none buf=0)
ICE gathering state: gathering
[DIAG] t=1020s in=23681 →wk=16653 ←wk=16653 →cl=16615 drop_in=0 drop_out=0 | since: client=7.7s worker=7.7s sent=7.7s | ch=closed buf=0 | lag: max=1ms avg=0.3ms | heap=13.8MB rss=53.6MB | gpu0:R pend=0 frames=11627 buf=0 | gpu1:R pend=0 frames=5026 buf=0
[DIAG] t=1025s in=23681 →wk=16653 ←wk=16653 →cl=16615 drop_in=0 drop_out=0 | since: client=12.7s worker=12.7s sent=12.7s | ch=closed buf=0 | lag: max=1ms avg=0.3ms | heap=13.9MB rss=53.6MB | gpu0:R pend=0 frames=11627 buf=0 | gpu1:R pend=0 frames=5026 buf=0
Sending SDP answer
ICE gathering state: complete
ICE connection state: connected
[DIAG] Connection state: connected (channel=none buf=0)
DataChannel opened: frames
[DIAG] t=1030s in=23757 →wk=16680 ←wk=16680 →cl=16639 drop_in=0 drop_out=0 | since: client=0.1s worker=0.0s sent=0.0s | ch=open buf=0 | lag: max=1ms avg=0.3ms | heap=13.9MB rss=53.6MB | gpu0:R pend=0 frames=11639 buf=0 | gpu1:R pend=0 frames=5041 buf=0
[worker 1] timing@frame5051: {'queue_wait_ms': 0.046, 'decode_in_ms': 0.58, 'prompt_ms': 0.0, 'vae_encode_ms': 9.82, 'transformer_plus_decode_ms': 34.7, 'stage_clock': 'cuda-events', 'benchmark_variant': 'terminal-noop', 'output_cast': 'gpu', 'torch_threads': 128, 'terminal_skips': 1, 'jpeg_ms': 0.47, 'total_ms': 45.67}
[worker 0] timing@frame11651: {'queue_wait_ms': 0.021, 'decode_in_ms': 0.43, 'prompt_ms': 0.0, 'vae_encode_ms': 8.67, 'transformer_plus_decode_ms': 36.32, 'stage_clock': 'cuda-events', 'benchmark_variant': 'terminal-noop', 'output_cast': 'gpu', 'torch_threads': 128, 'terminal_skips': 1, 'jpeg_ms': 0.46, 'total_ms': 45.93}
[worker 1] timing@frame5101: {'queue_wait_ms': 0.025, 'decode_in_ms': 0.42, 'prompt_ms': 0.0, 'vae_encode_ms': 8.52, 'transformer_plus_decode_ms': 35.3, 'stage_clock': 'cuda-events', 'benchmark_variant': 'terminal-noop', 'output_cast': 'gpu', 'torch_threads': 128, 'terminal_skips': 1, 'jpeg_ms': 0.43, 'total_ms': 44.7}
[worker 0] timing@frame11701: {'queue_wait_ms': 0.021, 'decode_in_ms': 0.41, 'prompt_ms': 0.0, 'vae_encode_ms': 8.57, 'transformer_plus_decode_ms': 35.24, 'stage_clock': 'cuda-events', 'benchmark_variant': 'terminal-noop', 'output_cast': 'gpu', 'torch_threads': 128, 'terminal_skips': 1, 'jpeg_ms': 0.44, 'total_ms': 44.69}
[DIAG] t=1035s in=23984 →wk=16840 ←wk=16839 →cl=16794 drop_in=0 drop_out=0 | since: client=0.0s worker=0.0s sent=0.0s | ch=open buf=0 | lag: max=1ms avg=0.3ms | heap=13.3MB rss=53.2MB | gpu0:R pend=0 frames=11717 buf=0 | gpu1:R pend=1 frames=5122 buf=0
[worker 1] timing@frame5151: {'queue_wait_ms': 0.043, 'decode_in_ms': 0.43, 'prompt_ms': 0.0, 'vae_encode_ms': 8.65, 'transformer_plus_decode_ms': 35.27, 'stage_clock': 'cuda-events', 'benchmark_variant': 'terminal-noop', 'output_cast': 'gpu', 'torch_threads': 128, 'terminal_skips': 1, 'jpeg_ms': 0.43, 'total_ms': 44.82}
[worker 0] timing@frame11751: {'queue_wait_ms': 0.03, 'decode_in_ms': 0.47, 'prompt_ms': 0.0, 'vae_encode_ms': 9.64, 'transformer_plus_decode_ms': 35.89, 'stage_clock': 'cuda-events', 'benchmark_variant': 'terminal-noop', 'output_cast': 'gpu', 'torch_threads': 128, 'terminal_skips': 1, 'jpeg_ms': 0.44, 'total_ms': 46.47}
[worker 1] timing@frame5201: {'queue_wait_ms': 0.025, 'decode_in_ms': 0.4, 'prompt_ms': 0.0, 'vae_encode_ms': 8.54, 'transformer_plus_decode_ms': 33.0, 'stage_clock': 'cuda-events', 'benchmark_variant': 'terminal-noop', 'output_cast': 'gpu', 'torch_threads': 128, 'terminal_skips': 1, 'jpeg_ms': 0.44, 'total_ms': 42.42}
[worker 0] timing@frame11801: {'queue_wait_ms': 0.018, 'decode_in_ms': 0.41, 'prompt_ms': 0.0, 'vae_encode_ms': 8.65, 'transformer_plus_decode_ms': 35.72, 'stage_clock': 'cuda-events', 'benchmark_variant': 'terminal-noop', 'output_cast': 'gpu', 'torch_threads': 128, 'terminal_skips': 1, 'jpeg_ms': 0.44, 'total_ms': 45.26}
[DIAG] t=1040s in=24204 →wk=17031 ←wk=17029 →cl=16984 drop_in=0 drop_out=0 | since: client=0.0s worker=0.0s sent=0.0s | ch=open buf=0 | lag: max=0ms avg=0.3ms | heap=13.7MB rss=53.2MB | gpu0:R pend=1 frames=11812 buf=0 | gpu1:R pend=1 frames=5217 buf=0
[worker 1] timing@frame5251: {'queue_wait_ms': 0.023, 'decode_in_ms': 0.41, 'prompt_ms': 0.0, 'vae_encode_ms': 8.66, 'transformer_plus_decode_ms': 35.94, 'stage_clock': 'cuda-events', 'benchmark_variant': 'terminal-noop', 'output_cast': 'gpu', 'torch_threads': 128, 'terminal_skips': 1, 'jpeg_ms': 0.44, 'total_ms': 45.51}
[worker 0] timing@frame11851: {'queue_wait_ms': 0.021, 'decode_in_ms': 0.43, 'prompt_ms': 0.0, 'vae_encode_ms': 8.66, 'transformer_plus_decode_ms': 36.61, 'stage_clock': 'cuda-events', 'benchmark_variant': 'terminal-noop', 'output_cast': 'gpu', 'torch_threads': 128, 'terminal_skips': 1, 'jpeg_ms': 0.45, 'total_ms': 46.19}
[worker 1] timing@frame5301: {'queue_wait_ms': 0.026, 'decode_in_ms': 0.4, 'prompt_ms': 0.0, 'vae_encode_ms': 8.6, 'transformer_plus_decode_ms': 36.21, 'stage_clock': 'cuda-events', 'benchmark_variant': 'terminal-noop', 'output_cast': 'gpu', 'torch_threads': 128, 'terminal_skips': 1, 'jpeg_ms': 0.46, 'total_ms': 45.72}
[worker 0] timing@frame11901: {'queue_wait_ms': 0.012, 'decode_in_ms': 0.42, 'prompt_ms': 0.0, 'vae_encode_ms': 8.66, 'transformer_plus_decode_ms': 35.62, 'stage_clock': 'cuda-events', 'benchmark_variant': 'terminal-noop', 'output_cast': 'gpu', 'torch_threads': 128, 'terminal_skips': 1, 'jpeg_ms': 0.45, 'total_ms': 45.2}
[DIAG] t=1045s in=24425 →wk=17212 ←wk=17210 →cl=17164 drop_in=0 drop_out=0 | since: client=0.0s worker=0.0s sent=0.0s | ch=open buf=0 | lag: max=1ms avg=0.3ms | heap=13.6MB rss=53.2MB | gpu0:R pend=1 frames=11903 buf=0 | gpu1:R pend=1 frames=5307 buf=0
[worker 1] timing@frame5351: {'queue_wait_ms': 0.024, 'decode_in_ms': 0.42, 'prompt_ms': 0.0, 'vae_encode_ms': 8.72, 'transformer_plus_decode_ms': 33.46, 'stage_clock': 'cuda-events', 'benchmark_variant': 'terminal-noop', 'output_cast': 'gpu', 'torch_threads': 128, 'terminal_skips': 1, 'jpeg_ms': 0.43, 'total_ms': 43.08}
[worker 0] timing@frame11951: {'queue_wait_ms': 0.028, 'decode_in_ms': 0.44, 'prompt_ms': 0.0, 'vae_encode_ms': 13.04, 'transformer_plus_decode_ms': 35.97, 'stage_clock': 'cuda-events', 'benchmark_variant': 'terminal-noop', 'output_cast': 'gpu', 'torch_threads': 128, 'terminal_skips': 1, 'jpeg_ms': 0.45, 'total_ms': 49.94}
[DIAG] t=1050s in=24636 →wk=17394 ←wk=17394 →cl=17348 drop_in=0 drop_out=0 | since: client=0.1s worker=0.0s sent=0.0s | ch=open buf=0 | lag: max=3ms avg=0.3ms | heap=13.6MB rss=53.2MB | gpu0:R pend=0 frames=11995 buf=0 | gpu1:R pend=0 frames=5399 buf=0
[worker 1] timing@frame5401: {'queue_wait_ms': 0.025, 'decode_in_ms': 0.45, 'prompt_ms': 0.0, 'vae_encode_ms': 8.75, 'transformer_plus_decode_ms': 36.15, 'stage_clock': 'cuda-events', 'benchmark_variant': 'terminal-noop', 'output_cast': 'gpu', 'torch_threads': 128, 'terminal_skips': 1, 'jpeg_ms': 0.46, 'total_ms': 45.85}
[worker 0] timing@frame12001: {'queue_wait_ms': 0.021, 'decode_in_ms': 0.4, 'prompt_ms': 0.0, 'vae_encode_ms': 8.59, 'transformer_plus_decode_ms': 36.65, 'stage_clock': 'cuda-events', 'benchmark_variant': 'terminal-noop', 'output_cast': 'gpu', 'torch_threads': 128, 'terminal_skips': 1, 'jpeg_ms': 0.46, 'total_ms': 46.15}
[worker 1] timing@frame5451: {'queue_wait_ms': 0.064, 'decode_in_ms': 0.54, 'prompt_ms': 0.0, 'vae_encode_ms': 9.45, 'transformer_plus_decode_ms': 36.12, 'stage_clock': 'cuda-events', 'benchmark_variant': 'terminal-noop', 'output_cast': 'gpu', 'torch_threads': 128, 'terminal_skips': 1, 'jpeg_ms': 0.46, 'total_ms': 46.68}
[worker 0] timing@frame12051: {'queue_wait_ms': 0.024, 'decode_in_ms': 0.42, 'prompt_ms': 0.0, 'vae_encode_ms': 8.65, 'transformer_plus_decode_ms': 36.9, 'stage_clock': 'cuda-events', 'benchmark_variant': 'terminal-noop', 'output_cast': 'gpu', 'torch_threads': 128, 'terminal_skips': 1, 'jpeg_ms': 0.54, 'total_ms': 46.56}
[DIAG] t=1055s in=24854 →wk=17583 ←wk=17583 →cl=17537 drop_in=0 drop_out=0 | since: client=0.1s worker=0.1s sent=0.1s | ch=open buf=0 | lag: max=1ms avg=0.3ms | heap=14.0MB rss=53.2MB | gpu0:R pend=0 frames=12089 buf=0 | gpu1:R pend=0 frames=5494 buf=0
[worker 1] timing@frame5501: {'queue_wait_ms': 0.026, 'decode_in_ms': 0.4, 'prompt_ms': 0.0, 'vae_encode_ms': 8.64, 'transformer_plus_decode_ms': 34.06, 'stage_clock': 'cuda-events', 'benchmark_variant': 'terminal-noop', 'output_cast': 'gpu', 'torch_threads': 128, 'terminal_skips': 1, 'jpeg_ms': 0.46, 'total_ms': 43.61}
[worker 0] timing@frame12101: {'queue_wait_ms': 0.019, 'decode_in_ms': 0.42, 'prompt_ms': 0.0, 'vae_encode_ms': 8.66, 'transformer_plus_decode_ms': 36.32, 'stage_clock': 'cuda-events', 'benchmark_variant': 'terminal-noop', 'output_cast': 'gpu', 'torch_threads': 128, 'terminal_skips': 1, 'jpeg_ms': 0.44, 'total_ms': 45.89}
[worker 1] timing@frame5551: {'queue_wait_ms': 0.025, 'decode_in_ms': 0.39, 'prompt_ms': 0.0, 'vae_encode_ms': 10.91, 'transformer_plus_decode_ms': 35.83, 'stage_clock': 'cuda-events', 'benchmark_variant': 'terminal-noop', 'output_cast': 'gpu', 'torch_threads': 128, 'terminal_skips': 1, 'jpeg_ms': 0.45, 'total_ms': 47.63}
[worker 0] timing@frame12151: {'queue_wait_ms': 0.022, 'decode_in_ms': 0.4, 'prompt_ms': 0.0, 'vae_encode_ms': 8.59, 'transformer_plus_decode_ms': 36.27, 'stage_clock': 'cuda-events', 'benchmark_variant': 'terminal-noop', 'output_cast': 'gpu', 'torch_threads': 128, 'terminal_skips': 1, 'jpeg_ms': 0.45, 'total_ms': 45.76}
[DIAG] t=1060s in=25075 →wk=17772 ←wk=17770 →cl=17724 drop_in=0 drop_out=0 | since: client=0.0s worker=0.0s sent=0.0s | ch=open buf=0 | lag: max=32ms avg=0.3ms | heap=8.7MB rss=53.2MB | gpu0:R pend=1 frames=12183 buf=0 | gpu1:R pend=1 frames=5587 buf=0
[worker 1] timing@frame5601: {'queue_wait_ms': 0.035, 'decode_in_ms': 0.43, 'prompt_ms': 0.0, 'vae_encode_ms': 8.82, 'transformer_plus_decode_ms': 35.93, 'stage_clock': 'cuda-events', 'benchmark_variant': 'terminal-noop', 'output_cast': 'gpu', 'torch_threads': 128, 'terminal_skips': 1, 'jpeg_ms': 0.45, 'total_ms': 45.69}
[worker 0] timing@frame12201: {'queue_wait_ms': 0.018, 'decode_in_ms': 0.43, 'prompt_ms': 0.0, 'vae_encode_ms': 8.64, 'transformer_plus_decode_ms': 35.95, 'stage_clock': 'cuda-events', 'benchmark_variant': 'terminal-noop', 'output_cast': 'gpu', 'torch_threads': 128, 'terminal_skips': 1, 'jpeg_ms': 0.45, 'total_ms': 45.52}
[worker 1] timing@frame5651: {'queue_wait_ms': 0.034, 'decode_in_ms': 0.4, 'prompt_ms': 0.0, 'vae_encode_ms': 8.57, 'transformer_plus_decode_ms': 32.69, 'stage_clock': 'cuda-events', 'benchmark_variant': 'terminal-noop', 'output_cast': 'gpu', 'torch_threads': 128, 'terminal_skips': 1, 'jpeg_ms': 0.44, 'total_ms': 42.14}
[worker 0] timing@frame12251: {'queue_wait_ms': 0.034, 'decode_in_ms': 0.41, 'prompt_ms': 0.0, 'vae_encode_ms': 8.66, 'transformer_plus_decode_ms': 35.72, 'stage_clock': 'cuda-events', 'benchmark_variant': 'terminal-noop', 'output_cast': 'gpu', 'torch_threads': 128, 'terminal_skips': 1, 'jpeg_ms': 0.43, 'total_ms': 45.26}
[DIAG] t=1065s in=25303 →wk=17960 ←wk=17958 →cl=17912 drop_in=0 drop_out=0 | since: client=0.0s worker=0.0s sent=0.0s | ch=open buf=0 | lag: max=1ms avg=0.3ms | heap=9.2MB rss=53.2MB | gpu0:R pend=1 frames=12277 buf=0 | gpu1:R pend=1 frames=5681 buf=0
[worker 1] timing@frame5701: {'queue_wait_ms': 0.028, 'decode_in_ms': 0.4, 'prompt_ms': 0.0, 'vae_encode_ms': 8.47, 'transformer_plus_decode_ms': 35.16, 'stage_clock': 'cuda-events', 'benchmark_variant': 'terminal-noop', 'output_cast': 'gpu', 'torch_threads': 128, 'terminal_skips': 1, 'jpeg_ms': 0.43, 'total_ms': 44.49}
[worker 0] timing@frame12301: {'queue_wait_ms': 0.012, 'decode_in_ms': 0.41, 'prompt_ms': 0.0, 'vae_encode_ms': 8.66, 'transformer_plus_decode_ms': 35.73, 'stage_clock': 'cuda-events', 'benchmark_variant': 'terminal-noop', 'output_cast': 'gpu', 'torch_threads': 128, 'terminal_skips': 1, 'jpeg_ms': 0.44, 'total_ms': 45.28}
[worker 1] timing@frame5751: {'queue_wait_ms': 0.025, 'decode_in_ms': 0.43, 'prompt_ms': 0.0, 'vae_encode_ms': 8.74, 'transformer_plus_decode_ms': 36.1, 'stage_clock': 'cuda-events', 'benchmark_variant': 'terminal-noop', 'output_cast': 'gpu', 'torch_threads': 128, 'terminal_skips': 1, 'jpeg_ms': 0.45, 'total_ms': 45.76}
[worker 0] timing@frame12351: {'queue_wait_ms': 0.02, 'decode_in_ms': 0.41, 'prompt_ms': 0.0, 'vae_encode_ms': 8.67, 'transformer_plus_decode_ms': 36.23, 'stage_clock': 'cuda-events', 'benchmark_variant': 'terminal-noop', 'output_cast': 'gpu', 'torch_threads': 128, 'terminal_skips': 1, 'jpeg_ms': 0.45, 'total_ms': 45.8}
[DIAG] t=1070s in=25525 →wk=18145 ←wk=18143 →cl=18097 drop_in=0 drop_out=0 | since: client=0.0s worker=0.0s sent=0.0s | ch=open buf=0 | lag: max=1ms avg=0.3ms | heap=9.4MB rss=53.2MB | gpu0:R pend=1 frames=12369 buf=0 | gpu1:R pend=1 frames=5774 buf=0
[worker 1] timing@frame5801: {'queue_wait_ms': 0.043, 'decode_in_ms': 0.39, 'prompt_ms': 0.0, 'vae_encode_ms': 8.6, 'transformer_plus_decode_ms': 32.58, 'stage_clock': 'cuda-events', 'benchmark_variant': 'terminal-noop', 'output_cast': 'gpu', 'torch_threads': 128, 'terminal_skips': 1, 'jpeg_ms': 0.43, 'total_ms': 42.05}
[worker 0] timing@frame12401: {'queue_wait_ms': 0.023, 'decode_in_ms': 0.42, 'prompt_ms': 0.0, 'vae_encode_ms': 8.76, 'transformer_plus_decode_ms': 35.71, 'stage_clock': 'cuda-events', 'benchmark_variant': 'terminal-noop', 'output_cast': 'gpu', 'torch_threads': 128, 'terminal_skips': 1, 'jpeg_ms': 0.45, 'total_ms': 45.38}
[worker 1] timing@frame5851: {'queue_wait_ms': 0.029, 'decode_in_ms': 0.44, 'prompt_ms': 0.0, 'vae_encode_ms': 9.0, 'transformer_plus_decode_ms': 36.37, 'stage_clock': 'cuda-events', 'benchmark_variant': 'terminal-noop', 'output_cast': 'gpu', 'torch_threads': 128, 'terminal_skips': 1, 'jpeg_ms': 0.54, 'total_ms': 46.41}
[worker 0] timing@frame12451: {'queue_wait_ms': 0.034, 'decode_in_ms': 0.42, 'prompt_ms': 0.0, 'vae_encode_ms': 8.64, 'transformer_plus_decode_ms': 35.85, 'stage_clock': 'cuda-events', 'benchmark_variant': 'terminal-noop', 'output_cast': 'gpu', 'torch_threads': 128, 'terminal_skips': 1, 'jpeg_ms': 0.43, 'total_ms': 45.39}
[DIAG] t=1075s in=25755 →wk=18337 ←wk=18335 →cl=18288 drop_in=0 drop_out=0 | since: client=0.0s worker=0.0s sent=0.0s | ch=open buf=0 | lag: max=1ms avg=0.3ms | heap=8.4MB rss=53.2MB | gpu0:R pend=1 frames=12466 buf=0 | gpu1:R pend=1 frames=5869 buf=0
[worker 1] timing@frame5901: {'queue_wait_ms': 0.036, 'decode_in_ms': 0.44, 'prompt_ms': 0.0, 'vae_encode_ms': 8.79, 'transformer_plus_decode_ms': 35.78, 'stage_clock': 'cuda-events', 'benchmark_variant': 'terminal-noop', 'output_cast': 'gpu', 'torch_threads': 128, 'terminal_skips': 1, 'jpeg_ms': 0.46, 'total_ms': 45.52}
[worker 0] timing@frame12501: {'queue_wait_ms': 0.035, 'decode_in_ms': 0.57, 'prompt_ms': 0.0, 'vae_encode_ms': 9.03, 'transformer_plus_decode_ms': 36.31, 'stage_clock': 'cuda-events', 'benchmark_variant': 'terminal-noop', 'output_cast': 'gpu', 'torch_threads': 128, 'terminal_skips': 1, 'jpeg_ms': 0.43, 'total_ms': 46.41}
[worker 1] timing@frame5951: {'queue_wait_ms': 0.026, 'decode_in_ms': 0.41, 'prompt_ms': 0.0, 'vae_encode_ms': 8.65, 'transformer_plus_decode_ms': 32.75, 'stage_clock': 'cuda-events', 'benchmark_variant': 'terminal-noop', 'output_cast': 'gpu', 'torch_threads': 128, 'terminal_skips': 1, 'jpeg_ms': 0.44, 'total_ms': 42.29}
[worker 0] timing@frame12551: {'queue_wait_ms': 0.021, 'decode_in_ms': 0.41, 'prompt_ms': 0.0, 'vae_encode_ms': 8.6, 'transformer_plus_decode_ms': 35.57, 'stage_clock': 'cuda-events', 'benchmark_variant': 'terminal-noop', 'output_cast': 'gpu', 'torch_threads': 128, 'terminal_skips': 1, 'jpeg_ms': 0.45, 'total_ms': 45.08}
[DIAG] t=1080s in=25978 →wk=18527 ←wk=18525 →cl=18478 drop_in=0 drop_out=0 | since: client=0.0s worker=0.0s sent=0.0s | ch=open buf=0 | lag: max=1ms avg=0.3ms | heap=8.9MB rss=53.2MB | gpu0:R pend=1 frames=12561 buf=0 | gpu1:R pend=1 frames=5964 buf=0
[worker 1] timing@frame6001: {'queue_wait_ms': 0.026, 'decode_in_ms': 0.39, 'prompt_ms': 0.0, 'vae_encode_ms': 8.48, 'transformer_plus_decode_ms': 35.07, 'stage_clock': 'cuda-events', 'benchmark_variant': 'terminal-noop', 'output_cast': 'gpu', 'torch_threads': 128, 'terminal_skips': 1, 'jpeg_ms': 0.42, 'total_ms': 44.4}
[worker 0] timing@frame12601: {'queue_wait_ms': 0.021, 'decode_in_ms': 0.42, 'prompt_ms': 0.0, 'vae_encode_ms': 8.66, 'transformer_plus_decode_ms': 35.52, 'stage_clock': 'cuda-events', 'benchmark_variant': 'terminal-noop', 'output_cast': 'gpu', 'torch_threads': 128, 'terminal_skips': 1, 'jpeg_ms': 0.44, 'total_ms': 45.07}
[worker 1] timing@frame6051: {'queue_wait_ms': 0.025, 'decode_in_ms': 0.4, 'prompt_ms': 0.0, 'vae_encode_ms': 8.61, 'transformer_plus_decode_ms': 34.91, 'stage_clock': 'cuda-events', 'benchmark_variant': 'terminal-noop', 'output_cast': 'gpu', 'torch_threads': 128, 'terminal_skips': 1, 'jpeg_ms': 0.43, 'total_ms': 44.38}
[worker 0] timing@frame12651: {'queue_wait_ms': 0.021, 'decode_in_ms': 0.39, 'prompt_ms': 0.0, 'vae_encode_ms': 8.66, 'transformer_plus_decode_ms': 35.22, 'stage_clock': 'cuda-events', 'benchmark_variant': 'terminal-noop', 'output_cast': 'gpu', 'torch_threads': 128, 'terminal_skips': 1, 'jpeg_ms': 0.45, 'total_ms': 44.77}
[DIAG] t=1085s in=26202 →wk=18721 ←wk=18719 →cl=18671 drop_in=0 drop_out=0 | since: client=0.0s worker=0.0s sent=0.0s | ch=open buf=0 | lag: max=1ms avg=0.3ms | heap=9.7MB rss=53.2MB | gpu0:R pend=1 frames=12657 buf=0 | gpu1:R pend=1 frames=6062 buf=0
[worker 1] timing@frame6101: {'queue_wait_ms': 0.025, 'decode_in_ms': 0.38, 'prompt_ms': 0.0, 'vae_encode_ms': 8.58, 'transformer_plus_decode_ms': 32.57, 'stage_clock': 'cuda-events', 'benchmark_variant': 'terminal-noop', 'output_cast': 'gpu', 'torch_threads': 128, 'terminal_skips': 1, 'jpeg_ms': 0.44, 'total_ms': 42.02}
[worker 0] timing@frame12701: {'queue_wait_ms': 0.022, 'decode_in_ms': 0.41, 'prompt_ms': 0.0, 'vae_encode_ms': 8.59, 'transformer_plus_decode_ms': 35.25, 'stage_clock': 'cuda-events', 'benchmark_variant': 'terminal-noop', 'output_cast': 'gpu', 'torch_threads': 128, 'terminal_skips': 1, 'jpeg_ms': 0.46, 'total_ms': 44.74}
[worker 1] timing@frame6151: {'queue_wait_ms': 0.035, 'decode_in_ms': 0.38, 'prompt_ms': 0.0, 'vae_encode_ms': 8.55, 'transformer_plus_decode_ms': 35.34, 'stage_clock': 'cuda-events', 'benchmark_variant': 'terminal-noop', 'output_cast': 'gpu', 'torch_threads': 128, 'terminal_skips': 1, 'jpeg_ms': 0.43, 'total_ms': 44.73}
[DIAG] t=1090s in=26409 →wk=18907 ←wk=18905 →cl=18857 drop_in=0 drop_out=0 | since: client=0.0s worker=0.0s sent=0.0s | ch=open buf=0 | lag: max=0ms avg=0.3ms | heap=8.4MB rss=53.2MB | gpu0:R pend=1 frames=12750 buf=0 | gpu1:R pend=1 frames=6155 buf=0
[worker 0] timing@frame12751: {'queue_wait_ms': 0.016, 'decode_in_ms': 0.4, 'prompt_ms': 0.0, 'vae_encode_ms': 8.52, 'transformer_plus_decode_ms': 35.25, 'stage_clock': 'cuda-events', 'benchmark_variant': 'terminal-noop', 'output_cast': 'gpu', 'torch_threads': 128, 'terminal_skips': 1, 'jpeg_ms': 0.45, 'total_ms': 44.66}
[worker 1] timing@frame6201: {'queue_wait_ms': 0.033, 'decode_in_ms': 0.4, 'prompt_ms': 0.0, 'vae_encode_ms': 8.64, 'transformer_plus_decode_ms': 35.56, 'stage_clock': 'cuda-events', 'benchmark_variant': 'terminal-noop', 'output_cast': 'gpu', 'torch_threads': 128, 'terminal_skips': 1, 'jpeg_ms': 0.42, 'total_ms': 45.07}
[worker 0] timing@frame12801: {'queue_wait_ms': 0.026, 'decode_in_ms': 0.42, 'prompt_ms': 0.0, 'vae_encode_ms': 8.58, 'transformer_plus_decode_ms': 35.59, 'stage_clock': 'cuda-events', 'benchmark_variant': 'terminal-noop', 'output_cast': 'gpu', 'torch_threads': 128, 'terminal_skips': 1, 'jpeg_ms': 0.46, 'total_ms': 45.1}
[DIAG] t=1095s in=26560 →wk=19042 ←wk=19042 →cl=18994 drop_in=0 drop_out=0 | since: client=1.4s worker=1.3s sent=1.3s | ch=open buf=0 | lag: max=1ms avg=0.3ms | heap=8.5MB rss=53.2MB | gpu0:R pend=0 frames=12819 buf=0 | gpu1:R pend=0 frames=6223 buf=0
POST /webrtc/offer
Offer candidates host=2 srflx=1 relay=0
ICE connection state: closed
[DIAG] Connection state: closed (channel=none buf=0)
[DIAG] DataChannel CLOSED (was open)
ICE connection state: new
[DIAG] Connection state: new (channel=none buf=0)
ICE gathering state: gathering
[DIAG] t=1100s in=26560 →wk=19042 ←wk=19042 →cl=18994 drop_in=0 drop_out=0 | since: client=6.4s worker=6.3s sent=6.3s | ch=closed buf=0 | lag: max=1ms avg=0.3ms | heap=8.7MB rss=53.2MB | gpu0:R pend=0 frames=12819 buf=0 | gpu1:R pend=0 frames=6223 buf=0
[DIAG] t=1105s in=26560 →wk=19042 ←wk=19042 →cl=18994 drop_in=0 drop_out=0 | since: client=11.4s worker=11.3s sent=11.3s | ch=closed buf=0 | lag: max=1ms avg=0.3ms | heap=8.8MB rss=53.2MB | gpu0:R pend=0 frames=12819 buf=0 | gpu1:R pend=0 frames=6223 buf=0
Sending SDP answer
ICE gathering state: complete
ICE connection state: connected
[DIAG] Connection state: connected (channel=none buf=0)
DataChannel opened: frames
[worker 0] resolution changed → 1024×576, already compiled by idle warmup
[DIAG] t=1110s in=26617 →wk=19051 ←wk=19050 →cl=19002 drop_in=0 drop_out=0 | since: client=0.0s worker=0.1s sent=0.1s | ch=open buf=0 | lag: max=1ms avg=0.3ms | heap=8.7MB rss=53.2MB | gpu0:R pend=1 frames=12827 buf=0 | gpu1:R pend=0 frames=6223 buf=0
[worker 0] timing@frame12851: {'queue_wait_ms': 0.029, 'decode_in_ms': 0.78, 'prompt_ms': 0.0, 'vae_encode_ms': 18.19, 'transformer_plus_decode_ms': 96.21, 'stage_clock': 'wall-clock', 'benchmark_variant': 'baseline', 'output_cast': 'cpu', 'torch_threads': 128, 'terminal_skips': 0, 'jpeg_ms': 0.72, 'total_ms': 115.91}
[DIAG] t=1115s in=26910 →wk=19094 ←wk=19093 →cl=19045 drop_in=0 drop_out=0 | since: client=0.0s worker=0.1s sent=0.1s | ch=open buf=0 | lag: max=1ms avg=0.3ms | heap=9.0MB rss=51.1MB | gpu0:R pend=1 frames=12870 buf=0 | gpu1:R pend=0 frames=6223 buf=0
[worker 0] timing@frame12901: {'queue_wait_ms': 0.021, 'decode_in_ms': 0.65, 'prompt_ms': 0.0, 'vae_encode_ms': 17.21, 'transformer_plus_decode_ms': 93.75, 'stage_clock': 'wall-clock', 'benchmark_variant': 'baseline', 'output_cast': 'cpu', 'torch_threads': 128, 'terminal_skips': 0, 'jpeg_ms': 0.72, 'total_ms': 112.36}
[DIAG] t=1120s in=27179 →wk=19137 ←wk=19136 →cl=19088 drop_in=0 drop_out=0 | since: client=0.0s worker=0.1s sent=0.1s | ch=open buf=0 | lag: max=1ms avg=0.3ms | heap=9.1MB rss=53.1MB | gpu0:R pend=1 frames=12913 buf=0 | gpu1:R pend=0 frames=6223 buf=0
[worker 0] timing@frame12951: {'queue_wait_ms': 0.027, 'decode_in_ms': 0.88, 'prompt_ms': 0.01, 'vae_encode_ms': 17.77, 'transformer_plus_decode_ms': 96.5, 'stage_clock': 'wall-clock', 'benchmark_variant': 'baseline', 'output_cast': 'cpu', 'torch_threads': 128, 'terminal_skips': 0, 'jpeg_ms': 0.74, 'total_ms': 115.91}
[DIAG] t=1125s in=27455 →wk=19179 ←wk=19178 →cl=19130 drop_in=0 drop_out=0 | since: client=0.0s worker=0.1s sent=0.1s | ch=open buf=0 | lag: max=0ms avg=0.3ms | heap=9.0MB rss=53.1MB | gpu0:R pend=1 frames=12955 buf=0 | gpu1:R pend=0 frames=6223 buf=0
[DIAG] t=1130s in=27733 →wk=19222 ←wk=19221 →cl=19173 drop_in=0 drop_out=0 | since: client=0.0s worker=0.1s sent=0.1s | ch=open buf=0 | lag: max=1ms avg=0.3ms | heap=9.2MB rss=55.1MB | gpu0:R pend=1 frames=12998 buf=0 | gpu1:R pend=0 frames=6223 buf=0
[worker 0] timing@frame13001: {'queue_wait_ms': 0.026, 'decode_in_ms': 0.75, 'prompt_ms': 0.0, 'vae_encode_ms': 18.07, 'transformer_plus_decode_ms': 98.53, 'stage_clock': 'wall-clock', 'benchmark_variant': 'baseline', 'output_cast': 'cpu', 'torch_threads': 128, 'terminal_skips': 0, 'jpeg_ms': 0.76, 'total_ms': 118.13}
[DIAG] t=1135s in=28010 →wk=19265 ←wk=19264 →cl=19216 drop_in=0 drop_out=0 | since: client=0.0s worker=0.1s sent=0.1s | ch=open buf=0 | lag: max=0ms avg=0.3ms | heap=10.1MB rss=55.1MB | gpu0:R pend=1 frames=13041 buf=0 | gpu1:R pend=0 frames=6223 buf=0
[worker 0] timing@frame13051: {'queue_wait_ms': 0.027, 'decode_in_ms': 0.63, 'prompt_ms': 0.0, 'vae_encode_ms': 17.53, 'transformer_plus_decode_ms': 94.38, 'stage_clock': 'wall-clock', 'benchmark_variant': 'baseline', 'output_cast': 'cpu', 'torch_threads': 128, 'terminal_skips': 0, 'jpeg_ms': 0.71, 'total_ms': 113.27}
[DIAG] t=1140s in=28286 →wk=19309 ←wk=19308 →cl=19260 drop_in=0 drop_out=0 | since: client=0.0s worker=0.0s sent=0.0s | ch=open buf=0 | lag: max=0ms avg=0.3ms | heap=9.6MB rss=55.1MB | gpu0:R pend=1 frames=13085 buf=0 | gpu1:R pend=0 frames=6223 buf=0
[worker 0] timing@frame13101: {'queue_wait_ms': 0.019, 'decode_in_ms': 0.65, 'prompt_ms': 0.0, 'vae_encode_ms': 17.9, 'transformer_plus_decode_ms': 92.32, 'stage_clock': 'wall-clock', 'benchmark_variant': 'baseline', 'output_cast': 'cpu', 'torch_threads': 128, 'terminal_skips': 0, 'jpeg_ms': 0.71, 'total_ms': 111.6}
[DIAG] t=1145s in=28553 →wk=19352 ←wk=19351 →cl=19303 drop_in=0 drop_out=0 | since: client=0.0s worker=0.1s sent=0.1s | ch=open buf=0 | lag: max=0ms avg=0.3ms | heap=10.3MB rss=55.1MB | gpu0:R pend=1 frames=13128 buf=0 | gpu1:R pend=0 frames=6223 buf=0
[worker 0] timing@frame13151: {'queue_wait_ms': 0.023, 'decode_in_ms': 0.65, 'prompt_ms': 0.0, 'vae_encode_ms': 17.59, 'transformer_plus_decode_ms': 94.97, 'stage_clock': 'wall-clock', 'benchmark_variant': 'baseline', 'output_cast': 'cpu', 'torch_threads': 128, 'terminal_skips': 0, 'jpeg_ms': 0.72, 'total_ms': 113.95}
[DIAG] t=1150s in=28820 →wk=19395 ←wk=19394 →cl=19346 drop_in=0 drop_out=0 | since: client=0.0s worker=0.1s sent=0.1s | ch=open buf=0 | lag: max=1ms avg=0.3ms | heap=9.4MB rss=55.1MB | gpu0:R pend=1 frames=13171 buf=0 | gpu1:R pend=0 frames=6223 buf=0
[worker 0] timing@frame13201: {'queue_wait_ms': 0.02, 'decode_in_ms': 0.66, 'prompt_ms': 0.0, 'vae_encode_ms': 17.75, 'transformer_plus_decode_ms': 95.51, 'stage_clock': 'wall-clock', 'benchmark_variant': 'baseline', 'output_cast': 'cpu', 'torch_threads': 128, 'terminal_skips': 0, 'jpeg_ms': 0.74, 'total_ms': 114.68}
[DIAG] t=1155s in=29095 →wk=19439 ←wk=19438 →cl=19390 drop_in=0 drop_out=0 | since: client=0.0s worker=0.0s sent=0.0s | ch=open buf=0 | lag: max=0ms avg=0.3ms | heap=10.4MB rss=55.1MB | gpu0:R pend=1 frames=13215 buf=0 | gpu1:R pend=0 frames=6223 buf=0
[worker 0] timing@frame13251: {'queue_wait_ms': 0.021, 'decode_in_ms': 0.63, 'prompt_ms': 0.0, 'vae_encode_ms': 17.39, 'transformer_plus_decode_ms': 94.86, 'stage_clock': 'wall-clock', 'benchmark_variant': 'baseline', 'output_cast': 'cpu', 'torch_threads': 128, 'terminal_skips': 0, 'jpeg_ms': 0.73, 'total_ms': 113.63}
[DIAG] t=1160s in=29362 →wk=19482 ←wk=19481 →cl=19433 drop_in=0 drop_out=0 | since: client=0.0s worker=0.1s sent=0.1s | ch=open buf=0 | lag: max=0ms avg=0.3ms | heap=9.6MB rss=55.1MB | gpu0:R pend=1 frames=13258 buf=0 | gpu1:R pend=0 frames=6223 buf=0
[worker 0] timing@frame13301: {'queue_wait_ms': 0.028, 'decode_in_ms': 0.72, 'prompt_ms': 0.0, 'vae_encode_ms': 17.5, 'transformer_plus_decode_ms': 95.37, 'stage_clock': 'wall-clock', 'benchmark_variant': 'baseline', 'output_cast': 'cpu', 'torch_threads': 128, 'terminal_skips': 0, 'jpeg_ms': 0.7, 'total_ms': 114.31}
[DIAG] t=1165s in=29626 →wk=19525 ←wk=19524 →cl=19476 drop_in=0 drop_out=0 | since: client=0.0s worker=0.1s sent=0.1s | ch=open buf=0 | lag: max=0ms avg=0.3ms | heap=10.3MB rss=55.1MB | gpu0:R pend=1 frames=13301 buf=0 | gpu1:R pend=0 frames=6223 buf=0
[DIAG] t=1170s in=29895 →wk=19569 ←wk=19568 →cl=19520 drop_in=0 drop_out=0 | since: client=0.0s worker=0.0s sent=0.0s | ch=open buf=0 | lag: max=0ms avg=0.3ms | heap=9.5MB rss=55.1MB | gpu0:R pend=1 frames=13345 buf=0 | gpu1:R pend=0 frames=6223 buf=0
[worker 0] timing@frame13351: {'queue_wait_ms': 0.019, 'decode_in_ms': 0.64, 'prompt_ms': 0.0, 'vae_encode_ms': 17.71, 'transformer_plus_decode_ms': 96.36, 'stage_clock': 'wall-clock', 'benchmark_variant': 'baseline', 'output_cast': 'cpu', 'torch_threads': 128, 'terminal_skips': 0, 'jpeg_ms': 0.73, 'total_ms': 115.45}
[DIAG] t=1175s in=30161 →wk=19612 ←wk=19611 →cl=19563 drop_in=0 drop_out=0 | since: client=0.0s worker=0.0s sent=0.0s | ch=open buf=0 | lag: max=0ms avg=0.3ms | heap=10.0MB rss=55.1MB | gpu0:R pend=1 frames=13388 buf=0 | gpu1:R pend=0 frames=6223 buf=0
[worker 0] timing@frame13401: {'queue_wait_ms': 0.023, 'decode_in_ms': 0.64, 'prompt_ms': 0.0, 'vae_encode_ms': 17.6, 'transformer_plus_decode_ms': 95.25, 'stage_clock': 'wall-clock', 'benchmark_variant': 'baseline', 'output_cast': 'cpu', 'torch_threads': 128, 'terminal_skips': 0, 'jpeg_ms': 0.71, 'total_ms': 114.22}
[DIAG] t=1180s in=30224 →wk=19624 ←wk=19624 →cl=19576 drop_in=0 drop_out=0 | since: client=3.7s worker=3.5s sent=3.5s | ch=open buf=0 | lag: max=1ms avg=0.3ms | heap=10.3MB rss=55.1MB | gpu0:R pend=0 frames=13401 buf=0 | gpu1:R pend=0 frames=6223 buf=0
POST /webrtc/offer
Offer candidates host=2 srflx=1 relay=0
ICE connection state: closed
[DIAG] Connection state: closed (channel=none buf=0)
[DIAG] DataChannel CLOSED (was open)
ICE connection state: new
[DIAG] Connection state: new (channel=none buf=0)
ICE gathering state: gathering
[DIAG] t=1185s in=30224 →wk=19624 ←wk=19624 →cl=19576 drop_in=0 drop_out=0 | since: client=8.7s worker=8.5s sent=8.5s | ch=closed buf=0 | lag: max=1ms avg=0.3ms | heap=10.6MB rss=55.1MB | gpu0:R pend=0 frames=13401 buf=0 | gpu1:R pend=0 frames=6223 buf=0
[DIAG] t=1190s in=30224 →wk=19624 ←wk=19624 →cl=19576 drop_in=0 drop_out=0 | since: client=13.7s worker=13.5s sent=13.5s | ch=closed buf=0 | lag: max=1ms avg=0.3ms | heap=10.6MB rss=55.1MB | gpu0:R pend=0 frames=13401 buf=0 | gpu1:R pend=0 frames=6223 buf=0
Sending SDP answer
ICE gathering state: complete
ICE connection state: connected
[DIAG] Connection state: connected (channel=none buf=0)
DataChannel opened: frames
[DIAG] t=1195s in=30413 →wk=19668 ←wk=19667 →cl=19619 drop_in=0 drop_out=0 | since: client=0.0s worker=0.0s sent=0.0s | ch=open buf=0 | lag: max=1ms avg=0.3ms | heap=9.7MB rss=55.1MB | gpu0:R pend=1 frames=13444 buf=0 | gpu1:R pend=0 frames=6223 buf=0
[worker 0] timing@frame13451: {'queue_wait_ms': 0.022, 'decode_in_ms': 0.66, 'prompt_ms': 0.0, 'vae_encode_ms': 17.12, 'transformer_plus_decode_ms': 61.4, 'stage_clock': 'cuda-events', 'benchmark_variant': 'terminal-noop', 'output_cast': 'gpu', 'torch_threads': 128, 'terminal_skips': 1, 'jpeg_ms': 0.72, 'total_ms': 79.95}
[worker 0] timing@frame13501: {'queue_wait_ms': 0.027, 'decode_in_ms': 0.63, 'prompt_ms': 0.0, 'vae_encode_ms': 17.58, 'transformer_plus_decode_ms': 56.69, 'stage_clock': 'cuda-events', 'benchmark_variant': 'terminal-noop', 'output_cast': 'gpu', 'torch_threads': 128, 'terminal_skips': 1, 'jpeg_ms': 0.72, 'total_ms': 75.68}
[DIAG] t=1200s in=30673 →wk=19730 ←wk=19729 →cl=19681 drop_in=0 drop_out=0 | since: client=0.0s worker=0.0s sent=0.0s | ch=open buf=0 | lag: max=0ms avg=0.3ms | heap=10.3MB rss=57.1MB | gpu0:R pend=1 frames=13506 buf=0 | gpu1:R pend=0 frames=6223 buf=0
[worker 0] timing@frame13551: {'queue_wait_ms': 0.022, 'decode_in_ms': 0.64, 'prompt_ms': 0.0, 'vae_encode_ms': 17.42, 'transformer_plus_decode_ms': 61.99, 'stage_clock': 'cuda-events', 'benchmark_variant': 'terminal-noop', 'output_cast': 'gpu', 'torch_threads': 128, 'terminal_skips': 1, 'jpeg_ms': 0.72, 'total_ms': 80.84}
[DIAG] t=1205s in=30928 →wk=19791 ←wk=19790 →cl=19742 drop_in=0 drop_out=0 | since: client=0.0s worker=0.0s sent=0.0s | ch=open buf=0 | lag: max=1ms avg=0.3ms | heap=9.9MB rss=57.1MB | gpu0:R pend=1 frames=13567 buf=0 | gpu1:R pend=0 frames=6223 buf=0
[worker 0] timing@frame13601: {'queue_wait_ms': 0.02, 'decode_in_ms': 0.64, 'prompt_ms': 0.0, 'vae_encode_ms': 17.39, 'transformer_plus_decode_ms': 61.55, 'stage_clock': 'cuda-events', 'benchmark_variant': 'terminal-noop', 'output_cast': 'gpu', 'torch_threads': 128, 'terminal_skips': 1, 'jpeg_ms': 0.73, 'total_ms': 80.37}
[DIAG] t=1210s in=31188 →wk=19853 ←wk=19852 →cl=19804 drop_in=0 drop_out=0 | since: client=0.0s worker=0.0s sent=0.0s | ch=open buf=0 | lag: max=0ms avg=0.3ms | heap=10.3MB rss=57.1MB | gpu0:R pend=1 frames=13629 buf=0 | gpu1:R pend=0 frames=6223 buf=0
[worker 0] timing@frame13651: {'queue_wait_ms': 0.024, 'decode_in_ms': 0.63, 'prompt_ms': 0.0, 'vae_encode_ms': 17.6, 'transformer_plus_decode_ms': 56.82, 'stage_clock': 'cuda-events', 'benchmark_variant': 'terminal-noop', 'output_cast': 'gpu', 'torch_threads': 128, 'terminal_skips': 1, 'jpeg_ms': 0.73, 'total_ms': 75.83}
[DIAG] t=1215s in=31443 →wk=19915 ←wk=19914 →cl=19866 drop_in=0 drop_out=0 | since: client=0.0s worker=0.0s sent=0.0s | ch=open buf=0 | lag: max=0ms avg=0.3ms | heap=10.0MB rss=57.1MB | gpu0:R pend=1 frames=13691 buf=0 | gpu1:R pend=0 frames=6223 buf=0
[worker 0] timing@frame13701: {'queue_wait_ms': 0.015, 'decode_in_ms': 0.69, 'prompt_ms': 0.0, 'vae_encode_ms': 17.65, 'transformer_plus_decode_ms': 62.84, 'stage_clock': 'cuda-events', 'benchmark_variant': 'terminal-noop', 'output_cast': 'gpu', 'torch_threads': 128, 'terminal_skips': 1, 'jpeg_ms': 0.76, 'total_ms': 82.02}
[worker 0] timing@frame13751: {'queue_wait_ms': 0.014, 'decode_in_ms': 0.69, 'prompt_ms': 0.0, 'vae_encode_ms': 17.39, 'transformer_plus_decode_ms': 62.15, 'stage_clock': 'cuda-events', 'benchmark_variant': 'terminal-noop', 'output_cast': 'gpu', 'torch_threads': 128, 'terminal_skips': 1, 'jpeg_ms': 0.74, 'total_ms': 81.05}
[DIAG] t=1220s in=31699 →wk=19976 ←wk=19975 →cl=19927 drop_in=0 drop_out=0 | since: client=0.0s worker=0.1s sent=0.1s | ch=open buf=0 | lag: max=1ms avg=0.3ms | heap=10.5MB rss=57.1MB | gpu0:R pend=1 frames=13752 buf=0 | gpu1:R pend=0 frames=6223 buf=0
[worker 0] timing@frame13801: {'queue_wait_ms': 0.016, 'decode_in_ms': 0.63, 'prompt_ms': 0.0, 'vae_encode_ms': 25.19, 'transformer_plus_decode_ms': 57.24, 'stage_clock': 'cuda-events', 'benchmark_variant': 'terminal-noop', 'output_cast': 'gpu', 'torch_threads': 128, 'terminal_skips': 1, 'jpeg_ms': 0.74, 'total_ms': 83.85}
[DIAG] t=1225s in=31956 →wk=20038 ←wk=20037 →cl=19989 drop_in=0 drop_out=0 | since: client=0.0s worker=0.1s sent=0.1s | ch=open buf=0 | lag: max=0ms avg=0.3ms | heap=10.8MB rss=57.1MB | gpu0:R pend=1 frames=13814 buf=0 | gpu1:R pend=0 frames=6223 buf=0
[worker 0] timing@frame13851: {'queue_wait_ms': 0.014, 'decode_in_ms': 0.68, 'prompt_ms': 0.0, 'vae_encode_ms': 17.69, 'transformer_plus_decode_ms': 61.77, 'stage_clock': 'cuda-events', 'benchmark_variant': 'terminal-noop', 'output_cast': 'gpu', 'torch_threads': 128, 'terminal_skips': 1, 'jpeg_ms': 0.73, 'total_ms': 80.93}
[DIAG] t=1230s in=32209 →wk=20101 ←wk=20100 →cl=20052 drop_in=0 drop_out=0 | since: client=0.0s worker=0.0s sent=0.0s | ch=open buf=0 | lag: max=1ms avg=0.3ms | heap=11.4MB rss=57.1MB | gpu0:R pend=1 frames=13877 buf=0 | gpu1:R pend=0 frames=6223 buf=0
[worker 0] timing@frame13901: {'queue_wait_ms': 0.03, 'decode_in_ms': 0.67, 'prompt_ms': 0.0, 'vae_encode_ms': 17.33, 'transformer_plus_decode_ms': 60.92, 'stage_clock': 'cuda-events', 'benchmark_variant': 'terminal-noop', 'output_cast': 'gpu', 'torch_threads': 128, 'terminal_skips': 1, 'jpeg_ms': 0.72, 'total_ms': 79.69}
[DIAG] t=1235s in=32454 →wk=20163 ←wk=20162 →cl=20114 drop_in=0 drop_out=0 | since: client=0.0s worker=0.0s sent=0.0s | ch=open buf=0 | lag: max=0ms avg=0.3ms | heap=10.3MB rss=57.1MB | gpu0:R pend=1 frames=13939 buf=0 | gpu1:R pend=0 frames=6223 buf=0
[worker 0] timing@frame13951: {'queue_wait_ms': 0.016, 'decode_in_ms': 0.67, 'prompt_ms': 0.0, 'vae_encode_ms': 17.62, 'transformer_plus_decode_ms': 57.42, 'stage_clock': 'cuda-events', 'benchmark_variant': 'terminal-noop', 'output_cast': 'gpu', 'torch_threads': 128, 'terminal_skips': 1, 'jpeg_ms': 0.75, 'total_ms': 76.53}
[DIAG] t=1240s in=32690 →wk=20224 ←wk=20223 →cl=20175 drop_in=0 drop_out=0 | since: client=0.0s worker=0.0s sent=0.0s | ch=open buf=0 | lag: max=0ms avg=0.3ms | heap=10.6MB rss=57.1MB | gpu0:R pend=1 frames=14000 buf=0 | gpu1:R pend=0 frames=6223 buf=0
[worker 0] timing@frame14001: {'queue_wait_ms': 0.026, 'decode_in_ms': 0.64, 'prompt_ms': 0.0, 'vae_encode_ms': 17.41, 'transformer_plus_decode_ms': 61.42, 'stage_clock': 'cuda-events', 'benchmark_variant': 'terminal-noop', 'output_cast': 'gpu', 'torch_threads': 128, 'terminal_skips': 1, 'jpeg_ms': 0.74, 'total_ms': 80.27}
[worker 0] timing@frame14051: {'queue_wait_ms': 0.015, 'decode_in_ms': 0.68, 'prompt_ms': 0.0, 'vae_encode_ms': 17.33, 'transformer_plus_decode_ms': 62.24, 'stage_clock': 'cuda-events', 'benchmark_variant': 'terminal-noop', 'output_cast': 'gpu', 'torch_threads': 128, 'terminal_skips': 1, 'jpeg_ms': 0.74, 'total_ms': 81.05}
[DIAG] t=1245s in=32942 →wk=20284 ←wk=20283 →cl=20235 drop_in=0 drop_out=0 | since: client=0.0s worker=0.0s sent=0.0s | ch=open buf=0 | lag: max=1ms avg=0.3ms | heap=10.9MB rss=57.1MB | gpu0:R pend=1 frames=14060 buf=0 | gpu1:R pend=0 frames=6223 buf=0
[worker 0] timing@frame14101: {'queue_wait_ms': 0.013, 'decode_in_ms': 0.66, 'prompt_ms': 0.0, 'vae_encode_ms': 17.56, 'transformer_plus_decode_ms': 56.83, 'stage_clock': 'cuda-events', 'benchmark_variant': 'terminal-noop', 'output_cast': 'gpu', 'torch_threads': 128, 'terminal_skips': 1, 'jpeg_ms': 0.73, 'total_ms': 75.84}
[DIAG] t=1250s in=33191 →wk=20346 ←wk=20345 →cl=20297 drop_in=0 drop_out=0 | since: client=0.0s worker=0.1s sent=0.1s | ch=open buf=0 | lag: max=0ms avg=0.3ms | heap=11.4MB rss=57.1MB | gpu0:R pend=1 frames=14122 buf=0 | gpu1:R pend=0 frames=6223 buf=0
[worker 0] timing@frame14151: {'queue_wait_ms': 0.014, 'decode_in_ms': 0.66, 'prompt_ms': 0.0, 'vae_encode_ms': 17.53, 'transformer_plus_decode_ms': 61.89, 'stage_clock': 'cuda-events', 'benchmark_variant': 'terminal-noop', 'output_cast': 'gpu', 'torch_threads': 128, 'terminal_skips': 1, 'jpeg_ms': 0.73, 'total_ms': 80.87}
[DIAG] t=1255s in=33427 →wk=20408 ←wk=20407 →cl=20359 drop_in=0 drop_out=0 | since: client=0.0s worker=0.1s sent=0.1s | ch=open buf=0 | lag: max=1ms avg=0.3ms | heap=11.7MB rss=57.1MB | gpu0:R pend=1 frames=14184 buf=0 | gpu1:R pend=0 frames=6223 buf=0
[worker 0] timing@frame14201: {'queue_wait_ms': 0.024, 'decode_in_ms': 0.64, 'prompt_ms': 0.01, 'vae_encode_ms': 17.23, 'transformer_plus_decode_ms': 61.8, 'stage_clock': 'cuda-events', 'benchmark_variant': 'terminal-noop', 'output_cast': 'gpu', 'torch_threads': 128, 'terminal_skips': 1, 'jpeg_ms': 0.74, 'total_ms': 80.46}
[DIAG] t=1260s in=33504 →wk=20429 ←wk=20429 →cl=20381 drop_in=0 drop_out=0 | since: client=3.4s worker=3.3s sent=3.3s | ch=open buf=0 | lag: max=1ms avg=0.3ms | heap=11.6MB rss=57.1MB | gpu0:R pend=0 frames=14206 buf=0 | gpu1:R pend=0 frames=6223 buf=0
POST /webrtc/offer
Offer candidates host=2 srflx=1 relay=0
ICE connection state: closed
[DIAG] Connection state: closed (channel=none buf=0)
[DIAG] DataChannel CLOSED (was open)
ICE connection state: new
[DIAG] Connection state: new (channel=none buf=0)
ICE gathering state: gathering
[DIAG] t=1265s in=33504 →wk=20429 ←wk=20429 →cl=20381 drop_in=0 drop_out=0 | since: client=8.4s worker=8.3s sent=8.3s | ch=closed buf=0 | lag: max=1ms avg=0.3ms | heap=11.8MB rss=57.1MB | gpu0:R pend=0 frames=14206 buf=0 | gpu1:R pend=0 frames=6223 buf=0
[DIAG] t=1270s in=33504 →wk=20429 ←wk=20429 →cl=20381 drop_in=0 drop_out=0 | since: client=13.4s worker=13.3s sent=13.3s | ch=closed buf=0 | lag: max=1ms avg=0.3ms | heap=12.0MB rss=57.1MB | gpu0:R pend=0 frames=14206 buf=0 | gpu1:R pend=0 frames=6223 buf=0
Sending SDP answer
ICE gathering state: complete
ICE connection state: connected
[DIAG] Connection state: connected (channel=none buf=0)
DataChannel opened: frames
[worker 1] resolution changed → 1024×576, already compiled by idle warmup
[DIAG] t=1275s in=33589 →wk=20461 ←wk=20459 →cl=20411 drop_in=0 drop_out=0 | since: client=0.0s worker=0.1s sent=0.1s | ch=open buf=0 | lag: max=1ms avg=0.3ms | heap=11.1MB rss=54.9MB | gpu0:R pend=1 frames=14221 buf=0 | gpu1:R pend=1 frames=6238 buf=0
[worker 1] timing@frame6251: {'queue_wait_ms': 0.026, 'decode_in_ms': 0.64, 'prompt_ms': 0.0, 'vae_encode_ms': 18.56, 'transformer_plus_decode_ms': 93.41, 'stage_clock': 'wall-clock', 'benchmark_variant': 'baseline', 'output_cast': 'cpu', 'torch_threads': 128, 'terminal_skips': 0, 'jpeg_ms': 0.73, 'total_ms': 113.36}
[worker 0] timing@frame14251: {'queue_wait_ms': 0.013, 'decode_in_ms': 0.68, 'prompt_ms': 0.0, 'vae_encode_ms': 17.92, 'transformer_plus_decode_ms': 94.92, 'stage_clock': 'wall-clock', 'benchmark_variant': 'baseline', 'output_cast': 'cpu', 'torch_threads': 128, 'terminal_skips': 0, 'jpeg_ms': 0.71, 'total_ms': 114.25}
[DIAG] t=1280s in=33805 →wk=20546 ←wk=20544 →cl=20496 drop_in=0 drop_out=0 | since: client=0.0s worker=0.1s sent=0.1s | ch=open buf=0 | lag: max=0ms avg=0.3ms | heap=10.8MB rss=56.8MB | gpu0:R pend=1 frames=14263 buf=0 | gpu1:R pend=1 frames=6281 buf=0
[worker 1] timing@frame6301: {'queue_wait_ms': 0.028, 'decode_in_ms': 0.64, 'prompt_ms': 0.0, 'vae_encode_ms': 17.93, 'transformer_plus_decode_ms': 95.0, 'stage_clock': 'wall-clock', 'benchmark_variant': 'baseline', 'output_cast': 'cpu', 'torch_threads': 128, 'terminal_skips': 0, 'jpeg_ms': 0.72, 'total_ms': 114.3}
[worker 0] timing@frame14301: {'queue_wait_ms': 0.021, 'decode_in_ms': 0.66, 'prompt_ms': 0.0, 'vae_encode_ms': 17.68, 'transformer_plus_decode_ms': 95.16, 'stage_clock': 'wall-clock', 'benchmark_variant': 'baseline', 'output_cast': 'cpu', 'torch_threads': 128, 'terminal_skips': 0, 'jpeg_ms': 0.72, 'total_ms': 114.24}
[DIAG] t=1285s in=34021 →wk=20634 ←wk=20632 →cl=20584 drop_in=0 drop_out=0 | since: client=0.0s worker=0.0s sent=0.0s | ch=open buf=0 | lag: max=1ms avg=0.3ms | heap=11.5MB rss=56.8MB | gpu0:R pend=1 frames=14307 buf=0 | gpu1:R pend=1 frames=6325 buf=0
[worker 1] timing@frame6351: {'queue_wait_ms': 0.03, 'decode_in_ms': 0.61, 'prompt_ms': 0.0, 'vae_encode_ms': 17.61, 'transformer_plus_decode_ms': 97.69, 'stage_clock': 'wall-clock', 'benchmark_variant': 'baseline', 'output_cast': 'cpu', 'torch_threads': 128, 'terminal_skips': 0, 'jpeg_ms': 0.72, 'total_ms': 116.64}
[worker 0] timing@frame14351: {'queue_wait_ms': 0.014, 'decode_in_ms': 0.66, 'prompt_ms': 0.0, 'vae_encode_ms': 17.73, 'transformer_plus_decode_ms': 91.39, 'stage_clock': 'wall-clock', 'benchmark_variant': 'baseline', 'output_cast': 'cpu', 'torch_threads': 128, 'terminal_skips': 0, 'jpeg_ms': 0.72, 'total_ms': 110.51}
[DIAG] t=1290s in=34249 →wk=20721 ←wk=20720 →cl=20672 drop_in=0 drop_out=0 | since: client=0.0s worker=0.0s sent=0.0s | ch=open buf=0 | lag: max=0ms avg=0.3ms | heap=12.4MB rss=58.8MB | gpu0:R pend=1 frames=14351 buf=0 | gpu1:R pend=0 frames=6369 buf=0
[worker 1] timing@frame6401: {'queue_wait_ms': 0.03, 'decode_in_ms': 0.65, 'prompt_ms': 0.0, 'vae_encode_ms': 17.75, 'transformer_plus_decode_ms': 91.66, 'stage_clock': 'wall-clock', 'benchmark_variant': 'baseline', 'output_cast': 'cpu', 'torch_threads': 128, 'terminal_skips': 0, 'jpeg_ms': 0.84, 'total_ms': 110.93}
[DIAG] t=1295s in=34476 →wk=20808 ←wk=20806 →cl=20758 drop_in=0 drop_out=0 | since: client=0.0s worker=0.0s sent=0.0s | ch=open buf=0 | lag: max=1ms avg=0.3ms | heap=11.5MB rss=58.8MB | gpu0:R pend=1 frames=14394 buf=0 | gpu1:R pend=1 frames=6412 buf=0
[worker 0] timing@frame14401: {'queue_wait_ms': 0.024, 'decode_in_ms': 0.66, 'prompt_ms': 0.0, 'vae_encode_ms': 17.64, 'transformer_plus_decode_ms': 95.07, 'stage_clock': 'wall-clock', 'benchmark_variant': 'baseline', 'output_cast': 'cpu', 'torch_threads': 128, 'terminal_skips': 0, 'jpeg_ms': 0.73, 'total_ms': 114.13}
[worker 1] timing@frame6451: {'queue_wait_ms': 0.029, 'decode_in_ms': 0.64, 'prompt_ms': 0.0, 'vae_encode_ms': 17.69, 'transformer_plus_decode_ms': 95.12, 'stage_clock': 'wall-clock', 'benchmark_variant': 'baseline', 'output_cast': 'cpu', 'torch_threads': 128, 'terminal_skips': 0, 'jpeg_ms': 0.71, 'total_ms': 114.18}
[DIAG] t=1300s in=34698 →wk=20894 ←wk=20892 →cl=20844 drop_in=0 drop_out=0 | since: client=0.0s worker=0.1s sent=0.1s | ch=open buf=0 | lag: max=2ms avg=0.3ms | heap=12.1MB rss=58.8MB | gpu0:R pend=1 frames=14437 buf=0 | gpu1:R pend=1 frames=6455 buf=0
[worker 0] timing@frame14451: {'queue_wait_ms': 0.036, 'decode_in_ms': 0.66, 'prompt_ms': 0.0, 'vae_encode_ms': 17.42, 'transformer_plus_decode_ms': 94.1, 'stage_clock': 'wall-clock', 'benchmark_variant': 'baseline', 'output_cast': 'cpu', 'torch_threads': 128, 'terminal_skips': 0, 'jpeg_ms': 0.72, 'total_ms': 112.94}
[DIAG] t=1305s in=34918 →wk=20981 ←wk=20979 →cl=20931 drop_in=0 drop_out=0 | since: client=0.1s worker=0.0s sent=0.0s | ch=open buf=0 | lag: max=1ms avg=0.3ms | heap=12.5MB rss=58.8MB | gpu0:R pend=1 frames=14481 buf=0 | gpu1:R pend=1 frames=6498 buf=0
[worker 1] timing@frame6501: {'queue_wait_ms': 0.041, 'decode_in_ms': 0.65, 'prompt_ms': 0.0, 'vae_encode_ms': 25.99, 'transformer_plus_decode_ms': 94.8, 'stage_clock': 'wall-clock', 'benchmark_variant': 'baseline', 'output_cast': 'cpu', 'torch_threads': 128, 'terminal_skips': 0, 'jpeg_ms': 0.72, 'total_ms': 122.19}
[worker 0] timing@frame14501: {'queue_wait_ms': 0.026, 'decode_in_ms': 0.64, 'prompt_ms': 0.01, 'vae_encode_ms': 17.91, 'transformer_plus_decode_ms': 97.12, 'stage_clock': 'wall-clock', 'benchmark_variant': 'baseline', 'output_cast': 'cpu', 'torch_threads': 128, 'terminal_skips': 0, 'jpeg_ms': 0.75, 'total_ms': 116.46}
[DIAG] t=1310s in=35130 →wk=21063 ←wk=21061 →cl=21013 drop_in=0 drop_out=0 | since: client=0.0s worker=0.1s sent=0.1s | ch=open buf=0 | lag: max=0ms avg=0.3ms | heap=12.4MB rss=58.8MB | gpu0:R pend=1 frames=14522 buf=0 | gpu1:R pend=1 frames=6539 buf=0
[worker 1] timing@frame6551: {'queue_wait_ms': 0.022, 'decode_in_ms': 0.63, 'prompt_ms': 0.0, 'vae_encode_ms': 17.73, 'transformer_plus_decode_ms': 91.22, 'stage_clock': 'wall-clock', 'benchmark_variant': 'baseline', 'output_cast': 'cpu', 'torch_threads': 128, 'terminal_skips': 0, 'jpeg_ms': 0.72, 'total_ms': 110.32}
[worker 0] timing@frame14551: {'queue_wait_ms': 0.028, 'decode_in_ms': 0.88, 'prompt_ms': 0.01, 'vae_encode_ms': 19.5, 'transformer_plus_decode_ms': 95.38, 'stage_clock': 'wall-clock', 'benchmark_variant': 'baseline', 'output_cast': 'cpu', 'torch_threads': 128, 'terminal_skips': 0, 'jpeg_ms': 0.73, 'total_ms': 116.53}
[DIAG] t=1315s in=35352 →wk=21151 ←wk=21149 →cl=21101 drop_in=0 drop_out=0 | since: client=0.0s worker=0.0s sent=0.0s | ch=open buf=0 | lag: max=1ms avg=0.3ms | heap=11.4MB rss=58.8MB | gpu0:R pend=1 frames=14566 buf=0 | gpu1:R pend=1 frames=6583 buf=0
[worker 1] timing@frame6601: {'queue_wait_ms': 0.027, 'decode_in_ms': 0.65, 'prompt_ms': 0.0, 'vae_encode_ms': 17.73, 'transformer_plus_decode_ms': 95.1, 'stage_clock': 'wall-clock', 'benchmark_variant': 'baseline', 'output_cast': 'cpu', 'torch_threads': 128, 'terminal_skips': 0, 'jpeg_ms': 0.72, 'total_ms': 114.22}
[worker 0] timing@frame14601: {'queue_wait_ms': 0.029, 'decode_in_ms': 0.72, 'prompt_ms': 0.0, 'vae_encode_ms': 18.21, 'transformer_plus_decode_ms': 97.91, 'stage_clock': 'wall-clock', 'benchmark_variant': 'baseline', 'output_cast': 'cpu', 'torch_threads': 128, 'terminal_skips': 0, 'jpeg_ms': 0.74, 'total_ms': 117.62}
[DIAG] t=1320s in=35581 →wk=21238 ←wk=21236 →cl=21188 drop_in=0 drop_out=0 | since: client=0.0s worker=0.0s sent=0.0s | ch=open buf=0 | lag: max=1ms avg=0.3ms | heap=12.1MB rss=58.8MB | gpu0:R pend=1 frames=14609 buf=0 | gpu1:R pend=1 frames=6627 buf=0
[worker 1] timing@frame6651: {'queue_wait_ms': 0.029, 'decode_in_ms': 0.62, 'prompt_ms': 0.0, 'vae_encode_ms': 17.67, 'transformer_plus_decode_ms': 94.99, 'stage_clock': 'wall-clock', 'benchmark_variant': 'baseline', 'output_cast': 'cpu', 'torch_threads': 128, 'terminal_skips': 0, 'jpeg_ms': 0.74, 'total_ms': 114.04}
[worker 0] timing@frame14651: {'queue_wait_ms': 0.021, 'decode_in_ms': 0.66, 'prompt_ms': 0.0, 'vae_encode_ms': 17.6, 'transformer_plus_decode_ms': 95.02, 'stage_clock': 'wall-clock', 'benchmark_variant': 'baseline', 'output_cast': 'cpu', 'torch_threads': 128, 'terminal_skips': 0, 'jpeg_ms': 0.72, 'total_ms': 114.03}
[DIAG] t=1325s in=35806 →wk=21324 ←wk=21322 →cl=21274 drop_in=0 drop_out=0 | since: client=0.0s worker=0.1s sent=0.1s | ch=open buf=0 | lag: max=0ms avg=0.3ms | heap=12.9MB rss=58.8MB | gpu0:R pend=1 frames=14652 buf=0 | gpu1:R pend=1 frames=6670 buf=0
[worker 1] timing@frame6701: {'queue_wait_ms': 0.039, 'decode_in_ms': 0.76, 'prompt_ms': 0.0, 'vae_encode_ms': 18.46, 'transformer_plus_decode_ms': 95.51, 'stage_clock': 'wall-clock', 'benchmark_variant': 'baseline', 'output_cast': 'cpu', 'torch_threads': 128, 'terminal_skips': 0, 'jpeg_ms': 0.84, 'total_ms': 115.58}
[DIAG] t=1330s in=36023 →wk=21411 ←wk=21409 →cl=21361 drop_in=0 drop_out=0 | since: client=0.0s worker=0.0s sent=0.0s | ch=open buf=0 | lag: max=0ms avg=0.3ms | heap=9.7MB rss=60.8MB | gpu0:R pend=1 frames=14696 buf=0 | gpu1:R pend=1 frames=6713 buf=0
[worker 0] timing@frame14701: {'queue_wait_ms': 0.025, 'decode_in_ms': 0.65, 'prompt_ms': 0.0, 'vae_encode_ms': 18.01, 'transformer_plus_decode_ms': 92.19, 'stage_clock': 'wall-clock', 'benchmark_variant': 'baseline', 'output_cast': 'cpu', 'torch_threads': 128, 'terminal_skips': 0, 'jpeg_ms': 0.73, 'total_ms': 111.6}
[worker 1] timing@frame6751: {'queue_wait_ms': 0.031, 'decode_in_ms': 0.69, 'prompt_ms': 0.0, 'vae_encode_ms': 18.06, 'transformer_plus_decode_ms': 99.03, 'stage_clock': 'wall-clock', 'benchmark_variant': 'baseline', 'output_cast': 'cpu', 'torch_threads': 128, 'terminal_skips': 0, 'jpeg_ms': 0.73, 'total_ms': 118.53}
[DIAG] t=1335s in=36237 →wk=21495 ←wk=21493 →cl=21444 drop_in=0 drop_out=0 | since: client=0.0s worker=0.1s sent=0.1s | ch=open buf=0 | lag: max=1ms avg=0.3ms | heap=9.9MB rss=60.8MB | gpu0:R pend=1 frames=14737 buf=0 | gpu1:R pend=1 frames=6756 buf=0
[worker 0] timing@frame14751: {'queue_wait_ms': 0.021, 'decode_in_ms': 0.69, 'prompt_ms': 0.0, 'vae_encode_ms': 17.58, 'transformer_plus_decode_ms': 94.85, 'stage_clock': 'wall-clock', 'benchmark_variant': 'baseline', 'output_cast': 'cpu', 'torch_threads': 128, 'terminal_skips': 0, 'jpeg_ms': 0.73, 'total_ms': 113.87}
[DIAG] t=1340s in=36382 →wk=21550 ←wk=21550 →cl=21501 drop_in=0 drop_out=0 | since: client=1.8s worker=1.7s sent=1.7s | ch=open buf=0 | lag: max=2ms avg=0.3ms | heap=10.3MB rss=60.8MB | gpu0:R pend=0 frames=14766 buf=0 | gpu1:R pend=0 frames=6784 buf=0
POST /webrtc/offer
Offer candidates host=2 srflx=1 relay=0
ICE connection state: closed
[DIAG] Connection state: closed (channel=none buf=0)
[DIAG] DataChannel CLOSED (was open)
ICE connection state: new
[DIAG] Connection state: new (channel=none buf=0)
ICE gathering state: gathering
[DIAG] t=1345s in=36382 →wk=21550 ←wk=21550 →cl=21501 drop_in=0 drop_out=0 | since: client=6.8s worker=6.7s sent=6.7s | ch=closed buf=0 | lag: max=1ms avg=0.3ms | heap=10.6MB rss=60.8MB | gpu0:R pend=0 frames=14766 buf=0 | gpu1:R pend=0 frames=6784 buf=0
[DIAG] t=1350s in=36382 →wk=21550 ←wk=21550 →cl=21501 drop_in=0 drop_out=0 | since: client=11.8s worker=11.7s sent=11.7s | ch=closed buf=0 | lag: max=1ms avg=0.3ms | heap=10.7MB rss=60.8MB | gpu0:R pend=0 frames=14766 buf=0 | gpu1:R pend=0 frames=6784 buf=0
Sending SDP answer
ICE gathering state: complete
ICE connection state: connected
[DIAG] Connection state: connected (channel=none buf=0)
DataChannel opened: frames
[DIAG] t=1355s in=36444 →wk=21584 ←wk=21582 →cl=21533 drop_in=0 drop_out=0 | since: client=0.0s worker=0.0s sent=0.0s | ch=open buf=0 | lag: max=1ms avg=0.3ms | heap=8.8MB rss=58.7MB | gpu0:R pend=1 frames=14782 buf=0 | gpu1:R pend=1 frames=6800 buf=0
[worker 1] timing@frame6801: {'queue_wait_ms': 0.023, 'decode_in_ms': 0.6, 'prompt_ms': 0.0, 'vae_encode_ms': 17.31, 'transformer_plus_decode_ms': 60.98, 'stage_clock': 'cuda-events', 'benchmark_variant': 'terminal-noop', 'output_cast': 'gpu', 'torch_threads': 128, 'terminal_skips': 1, 'jpeg_ms': 0.73, 'total_ms': 79.68}
[worker 0] timing@frame14801: {'queue_wait_ms': 0.022, 'decode_in_ms': 0.67, 'prompt_ms': 0.0, 'vae_encode_ms': 17.34, 'transformer_plus_decode_ms': 61.17, 'stage_clock': 'cuda-events', 'benchmark_variant': 'terminal-noop', 'output_cast': 'gpu', 'torch_threads': 128, 'terminal_skips': 1, 'jpeg_ms': 0.73, 'total_ms': 79.98}
[worker 1] timing@frame6851: {'queue_wait_ms': 0.015, 'decode_in_ms': 0.63, 'prompt_ms': 0.0, 'vae_encode_ms': 17.45, 'transformer_plus_decode_ms': 61.7, 'stage_clock': 'cuda-events', 'benchmark_variant': 'terminal-noop', 'output_cast': 'gpu', 'torch_threads': 128, 'terminal_skips': 1, 'jpeg_ms': 0.73, 'total_ms': 80.56}
[DIAG] t=1360s in=36647 →wk=21706 ←wk=21705 →cl=21656 drop_in=0 drop_out=0 | since: client=0.0s worker=0.0s sent=0.0s | ch=open buf=0 | lag: max=1ms avg=0.3ms | heap=8.2MB rss=56.5MB | gpu0:R pend=1 frames=14843 buf=0 | gpu1:R pend=0 frames=6862 buf=0
[worker 0] timing@frame14851: {'queue_wait_ms': 0.023, 'decode_in_ms': 0.67, 'prompt_ms': 0.0, 'vae_encode_ms': 17.85, 'transformer_plus_decode_ms': 61.85, 'stage_clock': 'cuda-events', 'benchmark_variant': 'terminal-noop', 'output_cast': 'gpu', 'torch_threads': 128, 'terminal_skips': 1, 'jpeg_ms': 0.74, 'total_ms': 81.18}
[worker 1] timing@frame6901: {'queue_wait_ms': 0.029, 'decode_in_ms': 0.6, 'prompt_ms': 0.0, 'vae_encode_ms': 17.56, 'transformer_plus_decode_ms': 56.65, 'stage_clock': 'cuda-events', 'benchmark_variant': 'terminal-noop', 'output_cast': 'gpu', 'torch_threads': 128, 'terminal_skips': 1, 'jpeg_ms': 0.71, 'total_ms': 75.58}
[worker 0] timing@frame14901: {'queue_wait_ms': 0.029, 'decode_in_ms': 0.8, 'prompt_ms': 0.01, 'vae_encode_ms': 17.83, 'transformer_plus_decode_ms': 60.9, 'stage_clock': 'cuda-events', 'benchmark_variant': 'terminal-noop', 'output_cast': 'gpu', 'torch_threads': 128, 'terminal_skips': 1, 'jpeg_ms': 0.88, 'total_ms': 80.5}
[DIAG] t=1365s in=36858 →wk=21829 ←wk=21827 →cl=21778 drop_in=0 drop_out=0 | since: client=0.0s worker=0.0s sent=0.0s | ch=open buf=0 | lag: max=1ms avg=0.3ms | heap=8.2MB rss=56.5MB | gpu0:R pend=1 frames=14904 buf=0 | gpu1:R pend=1 frames=6923 buf=0
[worker 1] timing@frame6951: {'queue_wait_ms': 0.028, 'decode_in_ms': 0.6, 'prompt_ms': 0.0, 'vae_encode_ms': 17.59, 'transformer_plus_decode_ms': 61.75, 'stage_clock': 'cuda-events', 'benchmark_variant': 'terminal-noop', 'output_cast': 'gpu', 'torch_threads': 128, 'terminal_skips': 1, 'jpeg_ms': 0.73, 'total_ms': 80.73}
[worker 0] timing@frame14951: {'queue_wait_ms': 0.027, 'decode_in_ms': 0.67, 'prompt_ms': 0.0, 'vae_encode_ms': 17.53, 'transformer_plus_decode_ms': 61.43, 'stage_clock': 'cuda-events', 'benchmark_variant': 'terminal-noop', 'output_cast': 'gpu', 'torch_threads': 128, 'terminal_skips': 1, 'jpeg_ms': 0.73, 'total_ms': 80.42}
[DIAG] t=1370s in=37070 →wk=21951 ←wk=21949 →cl=21900 drop_in=0 drop_out=0 | since: client=0.1s worker=0.0s sent=0.0s | ch=open buf=0 | lag: max=1ms avg=0.3ms | heap=9.3MB rss=56.5MB | gpu0:R pend=1 frames=14965 buf=0 | gpu1:R pend=1 frames=6984 buf=0
[worker 1] timing@frame7001: {'queue_wait_ms': 0.026, 'decode_in_ms': 0.63, 'prompt_ms': 0.0, 'vae_encode_ms': 17.37, 'transformer_plus_decode_ms': 61.6, 'stage_clock': 'cuda-events', 'benchmark_variant': 'terminal-noop', 'output_cast': 'gpu', 'torch_threads': 128, 'terminal_skips': 1, 'jpeg_ms': 0.72, 'total_ms': 80.37}
[worker 0] timing@frame15001: {'queue_wait_ms': 0.02, 'decode_in_ms': 0.64, 'prompt_ms': 0.01, 'vae_encode_ms': 17.3, 'transformer_plus_decode_ms': 60.84, 'stage_clock': 'cuda-events', 'benchmark_variant': 'terminal-noop', 'output_cast': 'gpu', 'torch_threads': 128, 'terminal_skips': 1, 'jpeg_ms': 0.72, 'total_ms': 79.56}
[DIAG] t=1375s in=37261 →wk=22073 ←wk=22071 →cl=22022 drop_in=0 drop_out=0 | since: client=0.1s worker=0.0s sent=0.0s | ch=open buf=0 | lag: max=1ms avg=0.3ms | heap=9.4MB rss=56.5MB | gpu0:R pend=1 frames=15026 buf=0 | gpu1:R pend=1 frames=7045 buf=0
[worker 1] timing@frame7051: {'queue_wait_ms': 0.033, 'decode_in_ms': 0.62, 'prompt_ms': 0.0, 'vae_encode_ms': 17.57, 'transformer_plus_decode_ms': 56.63, 'stage_clock': 'cuda-events', 'benchmark_variant': 'terminal-noop', 'output_cast': 'gpu', 'torch_threads': 128, 'terminal_skips': 1, 'jpeg_ms': 0.73, 'total_ms': 75.59}
[worker 0] timing@frame15051: {'queue_wait_ms': 0.023, 'decode_in_ms': 0.65, 'prompt_ms': 0.0, 'vae_encode_ms': 17.7, 'transformer_plus_decode_ms': 56.75, 'stage_clock': 'cuda-events', 'benchmark_variant': 'terminal-noop', 'output_cast': 'gpu', 'torch_threads': 128, 'terminal_skips': 1, 'jpeg_ms': 0.73, 'total_ms': 75.89}
[worker 1] timing@frame7101: {'queue_wait_ms': 0.028, 'decode_in_ms': 0.6, 'prompt_ms': 0.0, 'vae_encode_ms': 17.26, 'transformer_plus_decode_ms': 61.15, 'stage_clock': 'cuda-events', 'benchmark_variant': 'terminal-noop', 'output_cast': 'gpu', 'torch_threads': 128, 'terminal_skips': 1, 'jpeg_ms': 0.73, 'total_ms': 79.8}
[DIAG] t=1380s in=37476 →wk=22193 ←wk=22191 →cl=22142 drop_in=0 drop_out=0 | since: client=0.0s worker=0.0s sent=0.0s | ch=open buf=0 | lag: max=1ms avg=0.3ms | heap=9.5MB rss=56.5MB | gpu0:R pend=1 frames=15086 buf=0 | gpu1:R pend=1 frames=7105 buf=0
[worker 0] timing@frame15101: {'queue_wait_ms': 0.021, 'decode_in_ms': 0.68, 'prompt_ms': 0.0, 'vae_encode_ms': 17.65, 'transformer_plus_decode_ms': 61.28, 'stage_clock': 'cuda-events', 'benchmark_variant': 'terminal-noop', 'output_cast': 'gpu', 'torch_threads': 128, 'terminal_skips': 1, 'jpeg_ms': 0.74, 'total_ms': 80.42}
[worker 1] timing@frame7151: {'queue_wait_ms': 0.033, 'decode_in_ms': 0.62, 'prompt_ms': 0.0, 'vae_encode_ms': 17.25, 'transformer_plus_decode_ms': 61.68, 'stage_clock': 'cuda-events', 'benchmark_variant': 'terminal-noop', 'output_cast': 'gpu', 'torch_threads': 128, 'terminal_skips': 1, 'jpeg_ms': 0.71, 'total_ms': 80.31}
[DIAG] t=1385s in=37700 →wk=22314 ←wk=22312 →cl=22263 drop_in=0 drop_out=0 | since: client=0.1s worker=0.0s sent=0.0s | ch=open buf=0 | lag: max=1ms avg=0.3ms | heap=9.7MB rss=56.5MB | gpu0:R pend=1 frames=15147 buf=0 | gpu1:R pend=1 frames=7165 buf=0
[worker 0] timing@frame15151: {'queue_wait_ms': 0.013, 'decode_in_ms': 0.67, 'prompt_ms': 0.0, 'vae_encode_ms': 17.53, 'transformer_plus_decode_ms': 61.33, 'stage_clock': 'cuda-events', 'benchmark_variant': 'terminal-noop', 'output_cast': 'gpu', 'torch_threads': 128, 'terminal_skips': 1, 'jpeg_ms': 0.78, 'total_ms': 80.37}
[worker 1] timing@frame7201: {'queue_wait_ms': 0.026, 'decode_in_ms': 0.62, 'prompt_ms': 0.0, 'vae_encode_ms': 17.33, 'transformer_plus_decode_ms': 62.56, 'stage_clock': 'cuda-events', 'benchmark_variant': 'terminal-noop', 'output_cast': 'gpu', 'torch_threads': 128, 'terminal_skips': 1, 'jpeg_ms': 0.73, 'total_ms': 81.29}
[worker 0] timing@frame15201: {'queue_wait_ms': 0.023, 'decode_in_ms': 0.66, 'prompt_ms': 0.0, 'vae_encode_ms': 17.61, 'transformer_plus_decode_ms': 57.31, 'stage_clock': 'cuda-events', 'benchmark_variant': 'terminal-noop', 'output_cast': 'gpu', 'torch_threads': 128, 'terminal_skips': 1, 'jpeg_ms': 0.75, 'total_ms': 76.39}
[DIAG] t=1390s in=37933 →wk=22435 ←wk=22433 →cl=22384 drop_in=0 drop_out=0 | since: client=0.0s worker=0.0s sent=0.0s | ch=open buf=0 | lag: max=1ms avg=0.3ms | heap=8.5MB rss=56.5MB | gpu0:R pend=1 frames=15207 buf=0 | gpu1:R pend=1 frames=7226 buf=0
[worker 1] timing@frame7251: {'queue_wait_ms': 0.027, 'decode_in_ms': 0.6, 'prompt_ms': 0.0, 'vae_encode_ms': 17.96, 'transformer_plus_decode_ms': 57.29, 'stage_clock': 'cuda-events', 'benchmark_variant': 'terminal-noop', 'output_cast': 'gpu', 'torch_threads': 128, 'terminal_skips': 1, 'jpeg_ms': 0.84, 'total_ms': 76.75}
[worker 0] timing@frame15251: {'queue_wait_ms': 0.025, 'decode_in_ms': 0.67, 'prompt_ms': 0.0, 'vae_encode_ms': 17.43, 'transformer_plus_decode_ms': 62.14, 'stage_clock': 'cuda-events', 'benchmark_variant': 'terminal-noop', 'output_cast': 'gpu', 'torch_threads': 128, 'terminal_skips': 1, 'jpeg_ms': 0.75, 'total_ms': 81.04}
[DIAG] t=1395s in=38155 →wk=22557 ←wk=22555 →cl=22506 drop_in=0 drop_out=0 | since: client=0.0s worker=0.0s sent=0.0s | ch=open buf=0 | lag: max=1ms avg=0.3ms | heap=8.7MB rss=56.5MB | gpu0:R pend=1 frames=15268 buf=0 | gpu1:R pend=1 frames=7287 buf=0
[worker 1] timing@frame7301: {'queue_wait_ms': 0.024, 'decode_in_ms': 0.6, 'prompt_ms': 0.0, 'vae_encode_ms': 17.35, 'transformer_plus_decode_ms': 62.16, 'stage_clock': 'cuda-events', 'benchmark_variant': 'terminal-noop', 'output_cast': 'gpu', 'torch_threads': 128, 'terminal_skips': 1, 'jpeg_ms': 0.76, 'total_ms': 80.92}
[worker 0] timing@frame15301: {'queue_wait_ms': 0.024, 'decode_in_ms': 0.68, 'prompt_ms': 0.01, 'vae_encode_ms': 17.6, 'transformer_plus_decode_ms': 61.86, 'stage_clock': 'cuda-events', 'benchmark_variant': 'terminal-noop', 'output_cast': 'gpu', 'torch_threads': 128, 'terminal_skips': 1, 'jpeg_ms': 0.74, 'total_ms': 80.94}
[DIAG] t=1400s in=38376 →wk=22675 ←wk=22673 →cl=22624 drop_in=0 drop_out=0 | since: client=0.0s worker=0.0s sent=0.0s | ch=open buf=0 | lag: max=1ms avg=0.3ms | heap=8.9MB rss=56.5MB | gpu0:R pend=1 frames=15327 buf=0 | gpu1:R pend=1 frames=7346 buf=0
[worker 1] timing@frame7351: {'queue_wait_ms': 0.025, 'decode_in_ms': 0.65, 'prompt_ms': 0.0, 'vae_encode_ms': 17.33, 'transformer_plus_decode_ms': 62.11, 'stage_clock': 'cuda-events', 'benchmark_variant': 'terminal-noop', 'output_cast': 'gpu', 'torch_threads': 128, 'terminal_skips': 1, 'jpeg_ms': 0.73, 'total_ms': 80.88}
[worker 0] timing@frame15351: {'queue_wait_ms': 0.025, 'decode_in_ms': 0.66, 'prompt_ms': 0.0, 'vae_encode_ms': 17.73, 'transformer_plus_decode_ms': 57.01, 'stage_clock': 'cuda-events', 'benchmark_variant': 'terminal-noop', 'output_cast': 'gpu', 'torch_threads': 128, 'terminal_skips': 1, 'jpeg_ms': 0.72, 'total_ms': 76.17}
[worker 1] timing@frame7401: {'queue_wait_ms': 0.03, 'decode_in_ms': 0.62, 'prompt_ms': 0.0, 'vae_encode_ms': 17.54, 'transformer_plus_decode_ms': 56.69, 'stage_clock': 'cuda-events', 'benchmark_variant': 'terminal-noop', 'output_cast': 'gpu', 'torch_threads': 128, 'terminal_skips': 1, 'jpeg_ms': 0.72, 'total_ms': 75.62}
[DIAG] t=1405s in=38590 →wk=22793 ←wk=22791 →cl=22742 drop_in=0 drop_out=0 | since: client=0.0s worker=0.0s sent=0.0s | ch=open buf=0 | lag: max=1ms avg=0.3ms | heap=9.0MB rss=56.5MB | gpu0:R pend=1 frames=15386 buf=0 | gpu1:R pend=1 frames=7405 buf=0
[worker 0] timing@frame15401: {'queue_wait_ms': 0.028, 'decode_in_ms': 0.67, 'prompt_ms': 0.0, 'vae_encode_ms': 17.52, 'transformer_plus_decode_ms': 61.92, 'stage_clock': 'cuda-events', 'benchmark_variant': 'terminal-noop', 'output_cast': 'gpu', 'torch_threads': 128, 'terminal_skips': 1, 'jpeg_ms': 0.73, 'total_ms': 80.9}
[worker 1] timing@frame7451: {'queue_wait_ms': 0.025, 'decode_in_ms': 0.61, 'prompt_ms': 0.0, 'vae_encode_ms': 17.31, 'transformer_plus_decode_ms': 61.14, 'stage_clock': 'cuda-events', 'benchmark_variant': 'terminal-noop', 'output_cast': 'gpu', 'torch_threads': 128, 'terminal_skips': 1, 'jpeg_ms': 0.72, 'total_ms': 79.84}
[DIAG] t=1410s in=38814 →wk=22912 ←wk=22910 →cl=22860 drop_in=0 drop_out=0 | since: client=0.0s worker=0.1s sent=0.1s | ch=open buf=0 | lag: max=0ms avg=0.3ms | heap=8.9MB rss=56.5MB | gpu0:R pend=1 frames=15445 buf=0 | gpu1:R pend=1 frames=7465 buf=0
[worker 0] timing@frame15451: {'queue_wait_ms': 0.054, 'decode_in_ms': 1.03, 'prompt_ms': 0.01, 'vae_encode_ms': 33.85, 'transformer_plus_decode_ms': 62.88, 'stage_clock': 'cuda-events', 'benchmark_variant': 'terminal-noop', 'output_cast': 'gpu', 'torch_threads': 128, 'terminal_skips': 1, 'jpeg_ms': 0.92, 'total_ms': 98.85}
[worker 1] timing@frame7501: {'queue_wait_ms': 0.026, 'decode_in_ms': 0.6, 'prompt_ms': 0.0, 'vae_encode_ms': 17.22, 'transformer_plus_decode_ms': 61.6, 'stage_clock': 'cuda-events', 'benchmark_variant': 'terminal-noop', 'output_cast': 'gpu', 'torch_threads': 128, 'terminal_skips': 1, 'jpeg_ms': 0.71, 'total_ms': 80.18}
[DIAG] t=1415s in=39061 →wk=23011 ←wk=23009 →cl=22949 drop_in=0 drop_out=0 | since: client=0.0s worker=0.0s sent=0.0s | ch=open buf=0 | lag: max=1ms avg=0.3ms | heap=10.7MB rss=56.5MB | gpu0:R pend=1 frames=15493 buf=0 | gpu1:R pend=1 frames=7516 buf=0
[worker 0] timing@frame15501: {'queue_wait_ms': 0.027, 'decode_in_ms': 0.63, 'prompt_ms': 0.0, 'vae_encode_ms': 17.55, 'transformer_plus_decode_ms': 57.12, 'stage_clock': 'cuda-events', 'benchmark_variant': 'terminal-noop', 'output_cast': 'gpu', 'torch_threads': 128, 'terminal_skips': 1, 'jpeg_ms': 0.73, 'total_ms': 76.09}
[worker 1] timing@frame7551: {'queue_wait_ms': 0.026, 'decode_in_ms': 0.63, 'prompt_ms': 0.0, 'vae_encode_ms': 17.4, 'transformer_plus_decode_ms': 61.41, 'stage_clock': 'cuda-events', 'benchmark_variant': 'terminal-noop', 'output_cast': 'gpu', 'torch_threads': 128, 'terminal_skips': 1, 'jpeg_ms': 0.72, 'total_ms': 80.22}
[DIAG] t=1420s in=39193 →wk=23081 ←wk=23081 →cl=23021 drop_in=0 drop_out=0 | since: client=2.2s worker=2.1s sent=2.1s | ch=open buf=0 | lag: max=0ms avg=0.3ms | heap=12.0MB rss=56.5MB | gpu0:R pend=0 frames=15529 buf=0 | gpu1:R pend=0 frames=7552 buf=0
POST /webrtc/offer
Offer candidates host=2 srflx=1 relay=0
ICE connection state: closed
[DIAG] Connection state: closed (channel=none buf=0)
[DIAG] DataChannel CLOSED (was open)
ICE connection state: new
[DIAG] Connection state: new (channel=none buf=0)
ICE gathering state: gathering
[DIAG] t=1425s in=39193 →wk=23081 ←wk=23081 →cl=23021 drop_in=0 drop_out=0 | since: client=7.2s worker=7.1s sent=7.1s | ch=closed buf=0 | lag: max=1ms avg=0.3ms | heap=9.1MB rss=52.4MB | gpu0:R pend=0 frames=15529 buf=0 | gpu1:R pend=0 frames=7552 buf=0
[DIAG] t=1430s in=39193 →wk=23081 ←wk=23081 →cl=23021 drop_in=0 drop_out=0 | since: client=12.2s worker=12.1s sent=12.1s | ch=closed buf=0 | lag: max=1ms avg=0.3ms | heap=9.1MB rss=52.4MB | gpu0:R pend=0 frames=15529 buf=0 | gpu1:R pend=0 frames=7552 buf=0
Sending SDP answer
ICE gathering state: complete
ICE connection state: connected
[DIAG] Connection state: connected (channel=none buf=0)
DataChannel opened: frames
[worker 0] resolution changed → 512×288, already compiled by idle warmup
[worker 1] resolution changed → 512×288, already compiled by idle warmup
[worker 0] timing@frame15551: {'queue_wait_ms': 0.015, 'decode_in_ms': 0.21, 'prompt_ms': 0.0, 'vae_encode_ms': 4.07, 'transformer_plus_decode_ms': 17.5, 'stage_clock': 'cuda-events', 'benchmark_variant': 'terminal-noop', 'output_cast': 'gpu', 'torch_threads': 128, 'terminal_skips': 1, 'jpeg_ms': 0.24, 'total_ms': 22.05}
[DIAG] t=1435s in=39267 →wk=23155 ←wk=23153 →cl=23093 drop_in=0 drop_out=0 | since: client=0.0s worker=0.0s sent=0.0s | ch=open buf=0 | lag: max=1ms avg=0.3ms | heap=9.2MB rss=50.2MB | gpu0:R pend=1 frames=15565 buf=0 | gpu1:R pend=1 frames=7588 buf=0
[worker 1] timing@frame7601: {'queue_wait_ms': 0.039, 'decode_in_ms': 0.3, 'prompt_ms': 0.0, 'vae_encode_ms': 4.64, 'transformer_plus_decode_ms': 19.97, 'stage_clock': 'cuda-events', 'benchmark_variant': 'terminal-noop', 'output_cast': 'gpu', 'torch_threads': 128, 'terminal_skips': 1, 'jpeg_ms': 0.24, 'total_ms': 25.21}
[worker 0] timing@frame15601: {'queue_wait_ms': 0.034, 'decode_in_ms': 0.31, 'prompt_ms': 0.0, 'vae_encode_ms': 4.33, 'transformer_plus_decode_ms': 19.49, 'stage_clock': 'cuda-events', 'benchmark_variant': 'terminal-noop', 'output_cast': 'gpu', 'torch_threads': 128, 'terminal_skips': 1, 'jpeg_ms': 0.24, 'total_ms': 24.42}
[worker 1] timing@frame7651: {'queue_wait_ms': 0.036, 'decode_in_ms': 0.23, 'prompt_ms': 0.0, 'vae_encode_ms': 3.99, 'transformer_plus_decode_ms': 18.57, 'stage_clock': 'cuda-events', 'benchmark_variant': 'terminal-noop', 'output_cast': 'gpu', 'torch_threads': 128, 'terminal_skips': 1, 'jpeg_ms': 0.23, 'total_ms': 23.05}
[worker 0] timing@frame15651: {'queue_wait_ms': 0.022, 'decode_in_ms': 0.3, 'prompt_ms': 0.0, 'vae_encode_ms': 4.13, 'transformer_plus_decode_ms': 19.04, 'stage_clock': 'cuda-events', 'benchmark_variant': 'terminal-noop', 'output_cast': 'gpu', 'torch_threads': 128, 'terminal_skips': 1, 'jpeg_ms': 0.25, 'total_ms': 23.76}
[DIAG] t=1440s in=39486 →wk=23374 ←wk=23374 →cl=23314 drop_in=0 drop_out=0 | since: client=0.0s worker=0.0s sent=0.0s | ch=open buf=0 | lag: max=1ms avg=0.3ms | heap=9.1MB rss=50.0MB | gpu0:R pend=0 frames=15676 buf=0 | gpu1:R pend=0 frames=7698 buf=0
[worker 1] timing@frame7701: {'queue_wait_ms': 0.025, 'decode_in_ms': 0.22, 'prompt_ms': 0.0, 'vae_encode_ms': 3.98, 'transformer_plus_decode_ms': 18.5, 'stage_clock': 'cuda-events', 'benchmark_variant': 'terminal-noop', 'output_cast': 'gpu', 'torch_threads': 128, 'terminal_skips': 1, 'jpeg_ms': 0.24, 'total_ms': 22.97}
[worker 0] timing@frame15701: {'queue_wait_ms': 0.022, 'decode_in_ms': 0.23, 'prompt_ms': 0.0, 'vae_encode_ms': 3.98, 'transformer_plus_decode_ms': 17.32, 'stage_clock': 'cuda-events', 'benchmark_variant': 'terminal-noop', 'output_cast': 'gpu', 'torch_threads': 128, 'terminal_skips': 1, 'jpeg_ms': 0.24, 'total_ms': 21.8}
[worker 1] timing@frame7751: {'queue_wait_ms': 0.024, 'decode_in_ms': 0.21, 'prompt_ms': 0.0, 'vae_encode_ms': 4.04, 'transformer_plus_decode_ms': 17.22, 'stage_clock': 'cuda-events', 'benchmark_variant': 'terminal-noop', 'output_cast': 'gpu', 'torch_threads': 128, 'terminal_skips': 1, 'jpeg_ms': 0.23, 'total_ms': 21.73}
[worker 0] timing@frame15751: {'queue_wait_ms': 0.021, 'decode_in_ms': 0.27, 'prompt_ms': 0.0, 'vae_encode_ms': 4.37, 'transformer_plus_decode_ms': 19.71, 'stage_clock': 'cuda-events', 'benchmark_variant': 'terminal-noop', 'output_cast': 'gpu', 'torch_threads': 128, 'terminal_skips': 1, 'jpeg_ms': 0.25, 'total_ms': 24.63}
[worker 1] timing@frame7801: {'queue_wait_ms': 0.034, 'decode_in_ms': 0.21, 'prompt_ms': 0.0, 'vae_encode_ms': 3.98, 'transformer_plus_decode_ms': 18.5, 'stage_clock': 'cuda-events', 'benchmark_variant': 'terminal-noop', 'output_cast': 'gpu', 'torch_threads': 128, 'terminal_skips': 1, 'jpeg_ms': 0.24, 'total_ms': 22.95}
[DIAG] t=1445s in=39695 →wk=23583 ←wk=23582 →cl=23522 drop_in=0 drop_out=0 | since: client=0.0s worker=0.0s sent=0.0s | ch=open buf=0 | lag: max=1ms avg=0.3ms | heap=10.1MB rss=52.0MB | gpu0:R pend=0 frames=15780 buf=0 | gpu1:R pend=1 frames=7802 buf=0
[worker 0] timing@frame15801: {'queue_wait_ms': 0.033, 'decode_in_ms': 0.2, 'prompt_ms': 0.0, 'vae_encode_ms': 13.32, 'transformer_plus_decode_ms': 18.61, 'stage_clock': 'cuda-events', 'benchmark_variant': 'terminal-noop', 'output_cast': 'gpu', 'torch_threads': 128, 'terminal_skips': 1, 'jpeg_ms': 0.25, 'total_ms': 32.4}
[worker 1] timing@frame7851: {'queue_wait_ms': 0.036, 'decode_in_ms': 0.22, 'prompt_ms': 0.0, 'vae_encode_ms': 4.07, 'transformer_plus_decode_ms': 19.06, 'stage_clock': 'cuda-events', 'benchmark_variant': 'terminal-noop', 'output_cast': 'gpu', 'torch_threads': 128, 'terminal_skips': 1, 'jpeg_ms': 0.27, 'total_ms': 23.66}
[worker 0] timing@frame15851: {'queue_wait_ms': 0.045, 'decode_in_ms': 0.21, 'prompt_ms': 0.0, 'vae_encode_ms': 4.1, 'transformer_plus_decode_ms': 17.53, 'stage_clock': 'cuda-events', 'benchmark_variant': 'terminal-noop', 'output_cast': 'gpu', 'torch_threads': 128, 'terminal_skips': 1, 'jpeg_ms': 0.22, 'total_ms': 22.1}
[worker 1] timing@frame7901: {'queue_wait_ms': 0.026, 'decode_in_ms': 0.24, 'prompt_ms': 0.0, 'vae_encode_ms': 3.98, 'transformer_plus_decode_ms': 18.54, 'stage_clock': 'cuda-events', 'benchmark_variant': 'terminal-noop', 'output_cast': 'gpu', 'torch_threads': 128, 'terminal_skips': 1, 'jpeg_ms': 0.22, 'total_ms': 23.01}
[DIAG] t=1450s in=39917 →wk=23792 ←wk=23791 →cl=23729 drop_in=0 drop_out=0 | since: client=0.0s worker=0.0s sent=0.0s | ch=open buf=0 | lag: max=1ms avg=0.3ms | heap=10.6MB rss=52.0MB | gpu0:R pend=1 frames=15885 buf=0 | gpu1:R pend=0 frames=7906 buf=0
[worker 0] timing@frame15901: {'queue_wait_ms': 0.028, 'decode_in_ms': 0.23, 'prompt_ms': 0.0, 'vae_encode_ms': 3.99, 'transformer_plus_decode_ms': 18.7, 'stage_clock': 'cuda-events', 'benchmark_variant': 'terminal-noop', 'output_cast': 'gpu', 'torch_threads': 128, 'terminal_skips': 1, 'jpeg_ms': 0.24, 'total_ms': 23.18}
[worker 1] timing@frame7951: {'queue_wait_ms': 0.024, 'decode_in_ms': 0.24, 'prompt_ms': 0.0, 'vae_encode_ms': 4.0, 'transformer_plus_decode_ms': 18.64, 'stage_clock': 'cuda-events', 'benchmark_variant': 'terminal-noop', 'output_cast': 'gpu', 'torch_threads': 128, 'terminal_skips': 1, 'jpeg_ms': 0.25, 'total_ms': 23.16}
[worker 0] timing@frame15951: {'queue_wait_ms': 0.019, 'decode_in_ms': 0.22, 'prompt_ms': 0.0, 'vae_encode_ms': 4.0, 'transformer_plus_decode_ms': 18.66, 'stage_clock': 'cuda-events', 'benchmark_variant': 'terminal-noop', 'output_cast': 'gpu', 'torch_threads': 128, 'terminal_skips': 1, 'jpeg_ms': 0.24, 'total_ms': 23.14}
[worker 1] timing@frame8001: {'queue_wait_ms': 0.038, 'decode_in_ms': 0.26, 'prompt_ms': 0.0, 'vae_encode_ms': 4.16, 'transformer_plus_decode_ms': 18.83, 'stage_clock': 'cuda-events', 'benchmark_variant': 'terminal-noop', 'output_cast': 'gpu', 'torch_threads': 128, 'terminal_skips': 1, 'jpeg_ms': 0.22, 'total_ms': 23.51}
[worker 0] timing@frame16001: {'queue_wait_ms': 0.032, 'decode_in_ms': 0.25, 'prompt_ms': 0.0, 'vae_encode_ms': 4.1, 'transformer_plus_decode_ms': 17.52, 'stage_clock': 'cuda-events', 'benchmark_variant': 'terminal-noop', 'output_cast': 'gpu', 'torch_threads': 128, 'terminal_skips': 1, 'jpeg_ms': 0.24, 'total_ms': 22.14}
[DIAG] t=1455s in=40161 →wk=24035 ←wk=24034 →cl=23972 drop_in=0 drop_out=0 | since: client=0.0s worker=0.0s sent=0.0s | ch=open buf=0 | lag: max=1ms avg=0.3ms | heap=9.5MB rss=52.0MB | gpu0:R pend=0 frames=16007 buf=0 | gpu1:R pend=1 frames=8027 buf=0
[worker 1] timing@frame8051: {'queue_wait_ms': 0.026, 'decode_in_ms': 0.23, 'prompt_ms': 0.0, 'vae_encode_ms': 4.02, 'transformer_plus_decode_ms': 18.36, 'stage_clock': 'cuda-events', 'benchmark_variant': 'terminal-noop', 'output_cast': 'gpu', 'torch_threads': 128, 'terminal_skips': 1, 'jpeg_ms': 0.23, 'total_ms': 22.87}
[worker 0] timing@frame16051: {'queue_wait_ms': 0.032, 'decode_in_ms': 0.23, 'prompt_ms': 0.0, 'vae_encode_ms': 4.0, 'transformer_plus_decode_ms': 18.54, 'stage_clock': 'cuda-events', 'benchmark_variant': 'terminal-noop', 'output_cast': 'gpu', 'torch_threads': 128, 'terminal_skips': 1, 'jpeg_ms': 0.23, 'total_ms': 23.04}
[worker 1] timing@frame8101: {'queue_wait_ms': 0.037, 'decode_in_ms': 0.23, 'prompt_ms': 0.0, 'vae_encode_ms': 4.28, 'transformer_plus_decode_ms': 18.49, 'stage_clock': 'cuda-events', 'benchmark_variant': 'terminal-noop', 'output_cast': 'gpu', 'torch_threads': 128, 'terminal_skips': 1, 'jpeg_ms': 0.23, 'total_ms': 23.27}
[worker 0] timing@frame16101: {'queue_wait_ms': 0.033, 'decode_in_ms': 0.23, 'prompt_ms': 0.0, 'vae_encode_ms': 4.0, 'transformer_plus_decode_ms': 18.62, 'stage_clock': 'cuda-events', 'benchmark_variant': 'terminal-noop', 'output_cast': 'gpu', 'torch_threads': 128, 'terminal_skips': 1, 'jpeg_ms': 0.23, 'total_ms': 23.11}
[DIAG] t=1460s in=40402 →wk=24275 ←wk=24274 →cl=24212 drop_in=0 drop_out=0 | since: client=0.0s worker=0.0s sent=0.0s | ch=open buf=0 | lag: max=1ms avg=0.3ms | heap=9.8MB rss=52.0MB | gpu0:R pend=0 frames=16127 buf=0 | gpu1:R pend=1 frames=8147 buf=0
[worker 1] timing@frame8151: {'queue_wait_ms': 0.034, 'decode_in_ms': 0.25, 'prompt_ms': 0.0, 'vae_encode_ms': 4.09, 'transformer_plus_decode_ms': 18.93, 'stage_clock': 'cuda-events', 'benchmark_variant': 'terminal-noop', 'output_cast': 'gpu', 'torch_threads': 128, 'terminal_skips': 1, 'jpeg_ms': 0.24, 'total_ms': 23.55}
[worker 0] timing@frame16151: {'queue_wait_ms': 0.015, 'decode_in_ms': 0.24, 'prompt_ms': 0.0, 'vae_encode_ms': 4.01, 'transformer_plus_decode_ms': 17.3, 'stage_clock': 'cuda-events', 'benchmark_variant': 'terminal-noop', 'output_cast': 'gpu', 'torch_threads': 128, 'terminal_skips': 1, 'jpeg_ms': 0.24, 'total_ms': 21.82}
[worker 1] timing@frame8201: {'queue_wait_ms': 0.025, 'decode_in_ms': 0.23, 'prompt_ms': 0.0, 'vae_encode_ms': 4.12, 'transformer_plus_decode_ms': 17.47, 'stage_clock': 'cuda-events', 'benchmark_variant': 'terminal-noop', 'output_cast': 'gpu', 'torch_threads': 128, 'terminal_skips': 1, 'jpeg_ms': 0.25, 'total_ms': 22.1}
[worker 0] timing@frame16201: {'queue_wait_ms': 0.03, 'decode_in_ms': 0.19, 'prompt_ms': 0.0, 'vae_encode_ms': 3.99, 'transformer_plus_decode_ms': 18.66, 'stage_clock': 'cuda-events', 'benchmark_variant': 'terminal-noop', 'output_cast': 'gpu', 'torch_threads': 128, 'terminal_skips': 1, 'jpeg_ms': 0.23, 'total_ms': 23.1}
[worker 1] timing@frame8251: {'queue_wait_ms': 0.035, 'decode_in_ms': 0.21, 'prompt_ms': 0.0, 'vae_encode_ms': 3.98, 'transformer_plus_decode_ms': 18.52, 'stage_clock': 'cuda-events', 'benchmark_variant': 'terminal-noop', 'output_cast': 'gpu', 'torch_threads': 128, 'terminal_skips': 1, 'jpeg_ms': 0.22, 'total_ms': 22.95}
[DIAG] t=1465s in=40638 →wk=24511 ←wk=24511 →cl=24449 drop_in=0 drop_out=0 | since: client=0.0s worker=0.0s sent=0.0s | ch=open buf=0 | lag: max=1ms avg=0.3ms | heap=9.9MB rss=52.0MB | gpu0:R pend=0 frames=16245 buf=0 | gpu1:R pend=0 frames=8266 buf=0
[worker 0] timing@frame16251: {'queue_wait_ms': 0.016, 'decode_in_ms': 0.22, 'prompt_ms': 0.0, 'vae_encode_ms': 4.0, 'transformer_plus_decode_ms': 18.5, 'stage_clock': 'cuda-events', 'benchmark_variant': 'terminal-noop', 'output_cast': 'gpu', 'torch_threads': 128, 'terminal_skips': 1, 'jpeg_ms': 0.23, 'total_ms': 22.97}
[worker 1] timing@frame8301: {'queue_wait_ms': 0.025, 'decode_in_ms': 0.21, 'prompt_ms': 0.0, 'vae_encode_ms': 3.96, 'transformer_plus_decode_ms': 18.74, 'stage_clock': 'cuda-events', 'benchmark_variant': 'terminal-noop', 'output_cast': 'gpu', 'torch_threads': 128, 'terminal_skips': 1, 'jpeg_ms': 0.24, 'total_ms': 23.18}
[worker 0] timing@frame16301: {'queue_wait_ms': 0.031, 'decode_in_ms': 0.2, 'prompt_ms': 0.0, 'vae_encode_ms': 3.97, 'transformer_plus_decode_ms': 17.18, 'stage_clock': 'cuda-events', 'benchmark_variant': 'terminal-noop', 'output_cast': 'gpu', 'torch_threads': 128, 'terminal_skips': 1, 'jpeg_ms': 0.26, 'total_ms': 21.63}
[worker 1] timing@frame8351: {'queue_wait_ms': 0.034, 'decode_in_ms': 0.22, 'prompt_ms': 0.0, 'vae_encode_ms': 4.0, 'transformer_plus_decode_ms': 18.64, 'stage_clock': 'cuda-events', 'benchmark_variant': 'terminal-noop', 'output_cast': 'gpu', 'torch_threads': 128, 'terminal_skips': 1, 'jpeg_ms': 0.22, 'total_ms': 23.1}
[worker 0] timing@frame16351: {'queue_wait_ms': 0.06, 'decode_in_ms': 0.44, 'prompt_ms': 0.01, 'vae_encode_ms': 5.21, 'transformer_plus_decode_ms': 20.97, 'stage_clock': 'cuda-events', 'benchmark_variant': 'terminal-noop', 'output_cast': 'gpu', 'torch_threads': 128, 'terminal_skips': 1, 'jpeg_ms': 0.27, 'total_ms': 27.04}
[DIAG] t=1470s in=40873 →wk=24746 ←wk=24745 →cl=24683 drop_in=0 drop_out=0 | since: client=0.0s worker=0.0s sent=0.0s | ch=open buf=0 | lag: max=1ms avg=0.3ms | heap=10.1MB rss=52.0MB | gpu0:R pend=1 frames=16362 buf=0 | gpu1:R pend=0 frames=8383 buf=0
[worker 1] timing@frame8401: {'queue_wait_ms': 0.038, 'decode_in_ms': 0.24, 'prompt_ms': 0.0, 'vae_encode_ms': 3.98, 'transformer_plus_decode_ms': 18.45, 'stage_clock': 'cuda-events', 'benchmark_variant': 'terminal-noop', 'output_cast': 'gpu', 'torch_threads': 128, 'terminal_skips': 1, 'jpeg_ms': 0.23, 'total_ms': 22.93}
[worker 0] timing@frame16401: {'queue_wait_ms': 0.034, 'decode_in_ms': 0.22, 'prompt_ms': 0.0, 'vae_encode_ms': 3.97, 'transformer_plus_decode_ms': 18.43, 'stage_clock': 'cuda-events', 'benchmark_variant': 'terminal-noop', 'output_cast': 'gpu', 'torch_threads': 128, 'terminal_skips': 1, 'jpeg_ms': 0.24, 'total_ms': 22.89}
[worker 1] timing@frame8451: {'queue_wait_ms': 0.026, 'decode_in_ms': 0.23, 'prompt_ms': 0.0, 'vae_encode_ms': 4.0, 'transformer_plus_decode_ms': 18.44, 'stage_clock': 'cuda-events', 'benchmark_variant': 'terminal-noop', 'output_cast': 'gpu', 'torch_threads': 128, 'terminal_skips': 1, 'jpeg_ms': 0.26, 'total_ms': 22.96}
[worker 0] timing@frame16451: {'queue_wait_ms': 0.029, 'decode_in_ms': 0.23, 'prompt_ms': 0.0, 'vae_encode_ms': 4.03, 'transformer_plus_decode_ms': 17.28, 'stage_clock': 'cuda-events', 'benchmark_variant': 'terminal-noop', 'output_cast': 'gpu', 'torch_threads': 128, 'terminal_skips': 1, 'jpeg_ms': 0.25, 'total_ms': 21.8}
[DIAG] t=1475s in=41104 →wk=24977 ←wk=24976 →cl=24914 drop_in=0 drop_out=0 | since: client=0.0s worker=0.0s sent=0.0s | ch=open buf=0 | lag: max=1ms avg=0.3ms | heap=10.0MB rss=52.0MB | gpu0:R pend=0 frames=16478 buf=0 | gpu1:R pend=1 frames=8498 buf=0
[worker 1] timing@frame8501: {'queue_wait_ms': 0.026, 'decode_in_ms': 0.22, 'prompt_ms': 0.0, 'vae_encode_ms': 4.06, 'transformer_plus_decode_ms': 18.63, 'stage_clock': 'cuda-events', 'benchmark_variant': 'terminal-noop', 'output_cast': 'gpu', 'torch_threads': 128, 'terminal_skips': 1, 'jpeg_ms': 0.23, 'total_ms': 23.17}
[worker 0] timing@frame16501: {'queue_wait_ms': 0.026, 'decode_in_ms': 0.23, 'prompt_ms': 0.0, 'vae_encode_ms': 4.01, 'transformer_plus_decode_ms': 18.51, 'stage_clock': 'cuda-events', 'benchmark_variant': 'terminal-noop', 'output_cast': 'gpu', 'torch_threads': 128, 'terminal_skips': 1, 'jpeg_ms': 0.23, 'total_ms': 23.02}
[worker 1] timing@frame8551: {'queue_wait_ms': 0.032, 'decode_in_ms': 0.23, 'prompt_ms': 0.0, 'vae_encode_ms': 3.93, 'transformer_plus_decode_ms': 18.29, 'stage_clock': 'cuda-events', 'benchmark_variant': 'terminal-noop', 'output_cast': 'gpu', 'torch_threads': 128, 'terminal_skips': 1, 'jpeg_ms': 0.23, 'total_ms': 22.72}
[worker 0] timing@frame16551: {'queue_wait_ms': 0.033, 'decode_in_ms': 0.23, 'prompt_ms': 0.0, 'vae_encode_ms': 4.0, 'transformer_plus_decode_ms': 18.45, 'stage_clock': 'cuda-events', 'benchmark_variant': 'terminal-noop', 'output_cast': 'gpu', 'torch_threads': 128, 'terminal_skips': 1, 'jpeg_ms': 0.23, 'total_ms': 22.94}
[worker 1] timing@frame8601: {'queue_wait_ms': 0.025, 'decode_in_ms': 0.22, 'prompt_ms': 0.0, 'vae_encode_ms': 3.96, 'transformer_plus_decode_ms': 18.38, 'stage_clock': 'cuda-events', 'benchmark_variant': 'terminal-noop', 'output_cast': 'gpu', 'torch_threads': 128, 'terminal_skips': 1, 'jpeg_ms': 0.24, 'total_ms': 22.82}
[DIAG] t=1480s in=41347 →wk=25220 ←wk=25219 →cl=25156 drop_in=0 drop_out=0 | since: client=0.0s worker=0.0s sent=0.0s | ch=open buf=0 | lag: max=1ms avg=0.3ms | heap=10.5MB rss=52.0MB | gpu0:R pend=0 frames=16600 buf=0 | gpu1:R pend=1 frames=8619 buf=0
[worker 0] timing@frame16601: {'queue_wait_ms': 0.024, 'decode_in_ms': 0.23, 'prompt_ms': 0.0, 'vae_encode_ms': 3.96, 'transformer_plus_decode_ms': 17.19, 'stage_clock': 'cuda-events', 'benchmark_variant': 'terminal-noop', 'output_cast': 'gpu', 'torch_threads': 128, 'terminal_skips': 1, 'jpeg_ms': 0.27, 'total_ms': 21.66}
[worker 1] timing@frame8651: {'queue_wait_ms': 0.025, 'decode_in_ms': 0.2, 'prompt_ms': 0.0, 'vae_encode_ms': 4.03, 'transformer_plus_decode_ms': 17.22, 'stage_clock': 'cuda-events', 'benchmark_variant': 'terminal-noop', 'output_cast': 'gpu', 'torch_threads': 128, 'terminal_skips': 1, 'jpeg_ms': 0.23, 'total_ms': 21.7}
[worker 0] timing@frame16651: {'queue_wait_ms': 0.034, 'decode_in_ms': 0.23, 'prompt_ms': 0.0, 'vae_encode_ms': 3.98, 'transformer_plus_decode_ms': 18.43, 'stage_clock': 'cuda-events', 'benchmark_variant': 'terminal-noop', 'output_cast': 'gpu', 'torch_threads': 128, 'terminal_skips': 1, 'jpeg_ms': 0.25, 'total_ms': 22.91}
[worker 1] timing@frame8701: {'queue_wait_ms': 0.035, 'decode_in_ms': 0.22, 'prompt_ms': 0.0, 'vae_encode_ms': 3.97, 'transformer_plus_decode_ms': 18.33, 'stage_clock': 'cuda-events', 'benchmark_variant': 'terminal-noop', 'output_cast': 'gpu', 'torch_threads': 128, 'terminal_skips': 1, 'jpeg_ms': 0.23, 'total_ms': 22.77}
[worker 0] timing@frame16701: {'queue_wait_ms': 0.022, 'decode_in_ms': 0.23, 'prompt_ms': 0.0, 'vae_encode_ms': 3.99, 'transformer_plus_decode_ms': 18.7, 'stage_clock': 'cuda-events', 'benchmark_variant': 'terminal-noop', 'output_cast': 'gpu', 'torch_threads': 128, 'terminal_skips': 1, 'jpeg_ms': 0.24, 'total_ms': 23.18}
[DIAG] t=1485s in=41577 →wk=25450 ←wk=25450 →cl=25387 drop_in=0 drop_out=0 | since: client=0.0s worker=0.0s sent=0.0s | ch=open buf=0 | lag: max=0ms avg=0.3ms | heap=10.5MB rss=52.0MB | gpu0:R pend=0 frames=16715 buf=0 | gpu1:R pend=0 frames=8735 buf=0
[worker 1] timing@frame8751: {'queue_wait_ms': 0.038, 'decode_in_ms': 0.22, 'prompt_ms': 0.0, 'vae_encode_ms': 4.04, 'transformer_plus_decode_ms': 18.75, 'stage_clock': 'cuda-events', 'benchmark_variant': 'terminal-noop', 'output_cast': 'gpu', 'torch_threads': 128, 'terminal_skips': 1, 'jpeg_ms': 0.25, 'total_ms': 23.29}
[worker 0] timing@frame16751: {'queue_wait_ms': 0.02, 'decode_in_ms': 0.2, 'prompt_ms': 0.0, 'vae_encode_ms': 3.99, 'transformer_plus_decode_ms': 17.28, 'stage_clock': 'cuda-events', 'benchmark_variant': 'terminal-noop', 'output_cast': 'gpu', 'torch_threads': 128, 'terminal_skips': 1, 'jpeg_ms': 0.26, 'total_ms': 21.76}
[worker 1] timing@frame8801: {'queue_wait_ms': 0.04, 'decode_in_ms': 0.22, 'prompt_ms': 0.0, 'vae_encode_ms': 3.93, 'transformer_plus_decode_ms': 18.34, 'stage_clock': 'cuda-events', 'benchmark_variant': 'terminal-noop', 'output_cast': 'gpu', 'torch_threads': 128, 'terminal_skips': 1, 'jpeg_ms': 0.24, 'total_ms': 22.77}
[worker 0] timing@frame16801: {'queue_wait_ms': 0.019, 'decode_in_ms': 0.23, 'prompt_ms': 0.0, 'vae_encode_ms': 4.01, 'transformer_plus_decode_ms': 18.62, 'stage_clock': 'cuda-events', 'benchmark_variant': 'terminal-noop', 'output_cast': 'gpu', 'torch_threads': 128, 'terminal_skips': 1, 'jpeg_ms': 0.25, 'total_ms': 23.14}
[worker 1] timing@frame8851: {'queue_wait_ms': 0.024, 'decode_in_ms': 0.22, 'prompt_ms': 0.0, 'vae_encode_ms': 4.01, 'transformer_plus_decode_ms': 18.74, 'stage_clock': 'cuda-events', 'benchmark_variant': 'terminal-noop', 'output_cast': 'gpu', 'torch_threads': 128, 'terminal_skips': 1, 'jpeg_ms': 0.23, 'total_ms': 23.24}
[DIAG] t=1490s in=41816 →wk=25689 ←wk=25687 →cl=25624 drop_in=0 drop_out=0 | since: client=0.0s worker=0.0s sent=0.0s | ch=open buf=0 | lag: max=1ms avg=0.3ms | heap=11.3MB rss=54.0MB | gpu0:R pend=1 frames=16834 buf=0 | gpu1:R pend=1 frames=8853 buf=0
[worker 0] timing@frame16851: {'queue_wait_ms': 0.022, 'decode_in_ms': 0.23, 'prompt_ms': 0.0, 'vae_encode_ms': 4.07, 'transformer_plus_decode_ms': 19.06, 'stage_clock': 'cuda-events', 'benchmark_variant': 'terminal-noop', 'output_cast': 'gpu', 'torch_threads': 128, 'terminal_skips': 1, 'jpeg_ms': 0.26, 'total_ms': 23.64}
[worker 1] timing@frame8901: {'queue_wait_ms': 2.474, 'decode_in_ms': 0.35, 'prompt_ms': 0.0, 'vae_encode_ms': 10.81, 'transformer_plus_decode_ms': 20.1, 'stage_clock': 'cuda-events', 'benchmark_variant': 'terminal-noop', 'output_cast': 'gpu', 'torch_threads': 128, 'terminal_skips': 1, 'jpeg_ms': 0.27, 'total_ms': 31.59}
[worker 0] timing@frame16901: {'queue_wait_ms': 0.014, 'decode_in_ms': 0.21, 'prompt_ms': 0.0, 'vae_encode_ms': 4.08, 'transformer_plus_decode_ms': 17.51, 'stage_clock': 'cuda-events', 'benchmark_variant': 'terminal-noop', 'output_cast': 'gpu', 'torch_threads': 128, 'terminal_skips': 1, 'jpeg_ms': 0.24, 'total_ms': 22.07}
[worker 1] timing@frame8951: {'queue_wait_ms': 0.024, 'decode_in_ms': 0.23, 'prompt_ms': 0.0, 'vae_encode_ms': 14.82, 'transformer_plus_decode_ms': 21.43, 'stage_clock': 'cuda-events', 'benchmark_variant': 'terminal-noop', 'output_cast': 'gpu', 'torch_threads': 128, 'terminal_skips': 1, 'jpeg_ms': 0.31, 'total_ms': 36.84}
[DIAG] t=1495s in=42043 →wk=25916 ←wk=25916 →cl=25853 drop_in=0 drop_out=0 | since: client=0.1s worker=0.1s sent=0.1s | ch=open buf=0 | lag: max=1ms avg=0.3ms | heap=11.0MB rss=54.0MB | gpu0:R pend=0 frames=16948 buf=0 | gpu1:R pend=0 frames=8968 buf=0
[worker 0] timing@frame16951: {'queue_wait_ms': 0.042, 'decode_in_ms': 0.51, 'prompt_ms': 0.01, 'vae_encode_ms': 14.24, 'transformer_plus_decode_ms': 22.86, 'stage_clock': 'cuda-events', 'benchmark_variant': 'terminal-noop', 'output_cast': 'gpu', 'torch_threads': 128, 'terminal_skips': 1, 'jpeg_ms': 0.43, 'total_ms': 38.22}
[DIAG] t=1500s in=42102 →wk=25974 ←wk=25974 →cl=25911 drop_in=0 drop_out=0 | since: client=3.7s worker=3.7s sent=3.7s | ch=open buf=0 | lag: max=1ms avg=0.3ms | heap=11.4MB rss=54.0MB | gpu0:R pend=0 frames=16977 buf=0 | gpu1:R pend=0 frames=8997 buf=0
POST /webrtc/offer
Offer candidates host=2 srflx=1 relay=0
ICE connection state: closed
[DIAG] Connection state: closed (channel=none buf=0)
[DIAG] DataChannel CLOSED (was open)
ICE connection state: new
[DIAG] Connection state: new (channel=none buf=0)
ICE gathering state: gathering
[DIAG] t=1505s in=42102 →wk=25974 ←wk=25974 →cl=25911 drop_in=0 drop_out=0 | since: client=8.7s worker=8.7s sent=8.7s | ch=closed buf=0 | lag: max=1ms avg=0.3ms | heap=11.6MB rss=54.0MB | gpu0:R pend=0 frames=16977 buf=0 | gpu1:R pend=0 frames=8997 buf=0
[DIAG] t=1510s in=42102 →wk=25974 ←wk=25974 →cl=25911 drop_in=0 drop_out=0 | since: client=13.7s worker=13.7s sent=13.7s | ch=closed buf=0 | lag: max=1ms avg=0.3ms | heap=11.7MB rss=54.0MB | gpu0:R pend=0 frames=16977 buf=0 | gpu1:R pend=0 frames=8997 buf=0
Sending SDP answer
ICE gathering state: complete
ICE connection state: connected
[DIAG] Connection state: connected (channel=none buf=0)
DataChannel opened: frames
[worker 1] timing@frame9001: {'queue_wait_ms': 0.021, 'decode_in_ms': 0.25, 'prompt_ms': 0.0, 'vae_encode_ms': 4.02, 'transformer_plus_decode_ms': 34.67, 'stage_clock': 'wall-clock', 'benchmark_variant': 'baseline', 'output_cast': 'cpu', 'torch_threads': 128, 'terminal_skips': 0, 'jpeg_ms': 0.26, 'total_ms': 39.22}
[worker 0] timing@frame17001: {'queue_wait_ms': 0.027, 'decode_in_ms': 0.29, 'prompt_ms': 0.0, 'vae_encode_ms': 4.41, 'transformer_plus_decode_ms': 31.78, 'stage_clock': 'wall-clock', 'benchmark_variant': 'baseline', 'output_cast': 'cpu', 'torch_threads': 128, 'terminal_skips': 0, 'jpeg_ms': 0.29, 'total_ms': 36.79}
[worker 1] timing@frame9051: {'queue_wait_ms': 0.027, 'decode_in_ms': 0.33, 'prompt_ms': 0.0, 'vae_encode_ms': 4.24, 'transformer_plus_decode_ms': 29.73, 'stage_clock': 'wall-clock', 'benchmark_variant': 'baseline', 'output_cast': 'cpu', 'torch_threads': 128, 'terminal_skips': 0, 'jpeg_ms': 0.28, 'total_ms': 34.59}
[DIAG] t=1515s in=42251 →wk=26110 ←wk=26109 →cl=26046 drop_in=0 drop_out=0 | since: client=0.0s worker=0.0s sent=0.0s | ch=open buf=0 | lag: max=1ms avg=0.3ms | heap=10.4MB rss=51.8MB | gpu0:R pend=0 frames=17045 buf=0 | gpu1:R pend=1 frames=9064 buf=0
[worker 0] timing@frame17051: {'queue_wait_ms': 0.023, 'decode_in_ms': 0.23, 'prompt_ms': 0.0, 'vae_encode_ms': 4.0, 'transformer_plus_decode_ms': 28.06, 'stage_clock': 'wall-clock', 'benchmark_variant': 'baseline', 'output_cast': 'cpu', 'torch_threads': 128, 'terminal_skips': 0, 'jpeg_ms': 0.27, 'total_ms': 32.57}
[worker 1] timing@frame9101: {'queue_wait_ms': 0.027, 'decode_in_ms': 0.28, 'prompt_ms': 0.0, 'vae_encode_ms': 3.9, 'transformer_plus_decode_ms': 30.85, 'stage_clock': 'wall-clock', 'benchmark_variant': 'baseline', 'output_cast': 'cpu', 'torch_threads': 128, 'terminal_skips': 0, 'jpeg_ms': 0.33, 'total_ms': 35.38}
[worker 0] timing@frame17101: {'queue_wait_ms': 0.022, 'decode_in_ms': 0.27, 'prompt_ms': 0.0, 'vae_encode_ms': 4.01, 'transformer_plus_decode_ms': 29.27, 'stage_clock': 'wall-clock', 'benchmark_variant': 'baseline', 'output_cast': 'cpu', 'torch_threads': 128, 'terminal_skips': 0, 'jpeg_ms': 0.27, 'total_ms': 33.83}
[worker 1] timing@frame9151: {'queue_wait_ms': 0.026, 'decode_in_ms': 0.28, 'prompt_ms': 0.0, 'vae_encode_ms': 3.85, 'transformer_plus_decode_ms': 28.21, 'stage_clock': 'wall-clock', 'benchmark_variant': 'baseline', 'output_cast': 'cpu', 'torch_threads': 128, 'terminal_skips': 0, 'jpeg_ms': 0.25, 'total_ms': 32.6}
[worker 0] timing@frame17151: {'queue_wait_ms': 0.021, 'decode_in_ms': 0.23, 'prompt_ms': 0.0, 'vae_encode_ms': 3.99, 'transformer_plus_decode_ms': 35.73, 'stage_clock': 'wall-clock', 'benchmark_variant': 'baseline', 'output_cast': 'cpu', 'torch_threads': 128, 'terminal_skips': 0, 'jpeg_ms': 0.35, 'total_ms': 40.31}
[DIAG] t=1520s in=42497 →wk=26344 ←wk=26342 →cl=26279 drop_in=0 drop_out=0 | since: client=0.0s worker=0.0s sent=0.0s | ch=open buf=0 | lag: max=12ms avg=0.3ms | heap=11.2MB rss=53.8MB | gpu0:R pend=1 frames=17161 buf=0 | gpu1:R pend=1 frames=9181 buf=0
[worker 1] timing@frame9201: {'queue_wait_ms': 0.026, 'decode_in_ms': 0.28, 'prompt_ms': 0.0, 'vae_encode_ms': 3.91, 'transformer_plus_decode_ms': 33.42, 'stage_clock': 'wall-clock', 'benchmark_variant': 'baseline', 'output_cast': 'cpu', 'torch_threads': 128, 'terminal_skips': 0, 'jpeg_ms': 0.3, 'total_ms': 37.93}
[worker 0] timing@frame17201: {'queue_wait_ms': 0.02, 'decode_in_ms': 0.25, 'prompt_ms': 0.0, 'vae_encode_ms': 3.94, 'transformer_plus_decode_ms': 28.12, 'stage_clock': 'wall-clock', 'benchmark_variant': 'baseline', 'output_cast': 'cpu', 'torch_threads': 128, 'terminal_skips': 0, 'jpeg_ms': 0.28, 'total_ms': 32.6}
[worker 1] timing@frame9251: {'queue_wait_ms': 0.027, 'decode_in_ms': 0.28, 'prompt_ms': 0.0, 'vae_encode_ms': 6.39, 'transformer_plus_decode_ms': 28.97, 'stage_clock': 'wall-clock', 'benchmark_variant': 'baseline', 'output_cast': 'cpu', 'torch_threads': 128, 'terminal_skips': 0, 'jpeg_ms': 0.29, 'total_ms': 35.94}
[worker 0] timing@frame17251: {'queue_wait_ms': 0.021, 'decode_in_ms': 0.2, 'prompt_ms': 0.0, 'vae_encode_ms': 23.08, 'transformer_plus_decode_ms': 29.49, 'stage_clock': 'wall-clock', 'benchmark_variant': 'baseline', 'output_cast': 'cpu', 'torch_threads': 128, 'terminal_skips': 0, 'jpeg_ms': 0.3, 'total_ms': 53.08}
[DIAG] t=1525s in=42749 →wk=26573 ←wk=26571 →cl=26507 drop_in=0 drop_out=0 | since: client=0.0s worker=0.0s sent=0.0s | ch=open buf=0 | lag: max=2ms avg=0.3ms | heap=10.9MB rss=53.8MB | gpu0:R pend=1 frames=17275 buf=0 | gpu1:R pend=1 frames=9296 buf=0
[worker 1] timing@frame9301: {'queue_wait_ms': 0.024, 'decode_in_ms': 0.27, 'prompt_ms': 0.0, 'vae_encode_ms': 3.89, 'transformer_plus_decode_ms': 28.75, 'stage_clock': 'wall-clock', 'benchmark_variant': 'baseline', 'output_cast': 'cpu', 'torch_threads': 128, 'terminal_skips': 0, 'jpeg_ms': 0.26, 'total_ms': 33.18}
[worker 0] timing@frame17301: {'queue_wait_ms': 0.013, 'decode_in_ms': 0.23, 'prompt_ms': 0.0, 'vae_encode_ms': 5.85, 'transformer_plus_decode_ms': 29.15, 'stage_clock': 'wall-clock', 'benchmark_variant': 'baseline', 'output_cast': 'cpu', 'torch_threads': 128, 'terminal_skips': 0, 'jpeg_ms': 0.28, 'total_ms': 35.53}
[worker 1] timing@frame9351: {'queue_wait_ms': 0.029, 'decode_in_ms': 0.31, 'prompt_ms': 0.0, 'vae_encode_ms': 3.98, 'transformer_plus_decode_ms': 29.17, 'stage_clock': 'wall-clock', 'benchmark_variant': 'baseline', 'output_cast': 'cpu', 'torch_threads': 128, 'terminal_skips': 0, 'jpeg_ms': 0.26, 'total_ms': 33.74}
[worker 0] timing@frame17351: {'queue_wait_ms': 0.012, 'decode_in_ms': 0.22, 'prompt_ms': 0.0, 'vae_encode_ms': 3.96, 'transformer_plus_decode_ms': 27.95, 'stage_clock': 'wall-clock', 'benchmark_variant': 'baseline', 'output_cast': 'cpu', 'torch_threads': 128, 'terminal_skips': 0, 'jpeg_ms': 0.24, 'total_ms': 32.38}
[worker 1] timing@frame9401: {'queue_wait_ms': 0.024, 'decode_in_ms': 0.27, 'prompt_ms': 0.0, 'vae_encode_ms': 4.03, 'transformer_plus_decode_ms': 29.01, 'stage_clock': 'wall-clock', 'benchmark_variant': 'baseline', 'output_cast': 'cpu', 'torch_threads': 128, 'terminal_skips': 0, 'jpeg_ms': 0.27, 'total_ms': 33.59}
[DIAG] t=1530s in=43010 →wk=26806 ←wk=26804 →cl=26740 drop_in=0 drop_out=0 | since: client=0.0s worker=0.0s sent=0.0s | ch=open buf=0 | lag: max=1ms avg=0.3ms | heap=11.0MB rss=53.8MB | gpu0:R pend=1 frames=17392 buf=0 | gpu1:R pend=1 frames=9412 buf=0
[worker 0] timing@frame17401: {'queue_wait_ms': 0.025, 'decode_in_ms': 0.23, 'prompt_ms': 0.0, 'vae_encode_ms': 3.92, 'transformer_plus_decode_ms': 29.03, 'stage_clock': 'wall-clock', 'benchmark_variant': 'baseline', 'output_cast': 'cpu', 'torch_threads': 128, 'terminal_skips': 0, 'jpeg_ms': 0.26, 'total_ms': 33.45}
[worker 1] timing@frame9451: {'queue_wait_ms': 0.026, 'decode_in_ms': 0.27, 'prompt_ms': 0.0, 'vae_encode_ms': 4.03, 'transformer_plus_decode_ms': 28.97, 'stage_clock': 'wall-clock', 'benchmark_variant': 'baseline', 'output_cast': 'cpu', 'torch_threads': 128, 'terminal_skips': 0, 'jpeg_ms': 0.25, 'total_ms': 33.54}
[worker 0] timing@frame17451: {'queue_wait_ms': 0.023, 'decode_in_ms': 0.23, 'prompt_ms': 0.0, 'vae_encode_ms': 23.45, 'transformer_plus_decode_ms': 29.89, 'stage_clock': 'wall-clock', 'benchmark_variant': 'baseline', 'output_cast': 'cpu', 'torch_threads': 128, 'terminal_skips': 0, 'jpeg_ms': 0.27, 'total_ms': 53.85}
[worker 1] timing@frame9501: {'queue_wait_ms': 0.032, 'decode_in_ms': 0.27, 'prompt_ms': 0.0, 'vae_encode_ms': 3.89, 'transformer_plus_decode_ms': 28.84, 'stage_clock': 'wall-clock', 'benchmark_variant': 'baseline', 'output_cast': 'cpu', 'torch_threads': 128, 'terminal_skips': 0, 'jpeg_ms': 0.25, 'total_ms': 33.27}
[worker 0] timing@frame17501: {'queue_wait_ms': 0.021, 'decode_in_ms': 0.22, 'prompt_ms': 0.0, 'vae_encode_ms': 3.95, 'transformer_plus_decode_ms': 35.25, 'stage_clock': 'wall-clock', 'benchmark_variant': 'baseline', 'output_cast': 'cpu', 'torch_threads': 128, 'terminal_skips': 0, 'jpeg_ms': 0.33, 'total_ms': 39.76}
[DIAG] t=1535s in=43279 →wk=27040 ←wk=27039 →cl=26971 drop_in=0 drop_out=0 | since: client=0.0s worker=0.0s sent=0.0s | ch=open buf=0 | lag: max=2ms avg=0.3ms | heap=12.2MB rss=53.8MB | gpu0:R pend=1 frames=17511 buf=0 | gpu1:R pend=0 frames=9528 buf=0
[worker 1] timing@frame9551: {'queue_wait_ms': 0.021, 'decode_in_ms': 0.27, 'prompt_ms': 0.0, 'vae_encode_ms': 3.84, 'transformer_plus_decode_ms': 28.4, 'stage_clock': 'wall-clock', 'benchmark_variant': 'baseline', 'output_cast': 'cpu', 'torch_threads': 128, 'terminal_skips': 0, 'jpeg_ms': 0.23, 'total_ms': 32.75}
[worker 0] timing@frame17551: {'queue_wait_ms': 0.023, 'decode_in_ms': 0.24, 'prompt_ms': 0.0, 'vae_encode_ms': 3.97, 'transformer_plus_decode_ms': 28.75, 'stage_clock': 'wall-clock', 'benchmark_variant': 'baseline', 'output_cast': 'cpu', 'torch_threads': 128, 'terminal_skips': 0, 'jpeg_ms': 0.27, 'total_ms': 33.24}
[worker 1] timing@frame9601: {'queue_wait_ms': 0.027, 'decode_in_ms': 0.28, 'prompt_ms': 0.0, 'vae_encode_ms': 3.91, 'transformer_plus_decode_ms': 28.92, 'stage_clock': 'wall-clock', 'benchmark_variant': 'baseline', 'output_cast': 'cpu', 'torch_threads': 128, 'terminal_skips': 0, 'jpeg_ms': 0.27, 'total_ms': 33.39}
[worker 0] timing@frame17601: {'queue_wait_ms': 0.023, 'decode_in_ms': 0.23, 'prompt_ms': 0.0, 'vae_encode_ms': 3.92, 'transformer_plus_decode_ms': 28.73, 'stage_clock': 'wall-clock', 'benchmark_variant': 'baseline', 'output_cast': 'cpu', 'torch_threads': 128, 'terminal_skips': 0, 'jpeg_ms': 0.26, 'total_ms': 33.16}
[worker 1] timing@frame9651: {'queue_wait_ms': 0.035, 'decode_in_ms': 0.3, 'prompt_ms': 0.0, 'vae_encode_ms': 3.95, 'transformer_plus_decode_ms': 28.91, 'stage_clock': 'wall-clock', 'benchmark_variant': 'baseline', 'output_cast': 'cpu', 'torch_threads': 128, 'terminal_skips': 0, 'jpeg_ms': 0.28, 'total_ms': 33.45}
[DIAG] t=1540s in=43543 →wk=27289 ←wk=27287 →cl=27219 drop_in=0 drop_out=0 | since: client=0.0s worker=0.0s sent=0.0s | ch=open buf=0 | lag: max=2ms avg=0.3ms | heap=11.3MB rss=53.8MB | gpu0:R pend=1 frames=17635 buf=0 | gpu1:R pend=1 frames=9652 buf=0
[worker 0] timing@frame17651: {'queue_wait_ms': 0.02, 'decode_in_ms': 0.24, 'prompt_ms': 0.0, 'vae_encode_ms': 3.89, 'transformer_plus_decode_ms': 27.98, 'stage_clock': 'wall-clock', 'benchmark_variant': 'baseline', 'output_cast': 'cpu', 'torch_threads': 128, 'terminal_skips': 0, 'jpeg_ms': 0.28, 'total_ms': 32.41}
[worker 1] timing@frame9701: {'queue_wait_ms': 0.026, 'decode_in_ms': 0.27, 'prompt_ms': 0.0, 'vae_encode_ms': 3.88, 'transformer_plus_decode_ms': 28.62, 'stage_clock': 'wall-clock', 'benchmark_variant': 'baseline', 'output_cast': 'cpu', 'torch_threads': 128, 'terminal_skips': 0, 'jpeg_ms': 0.27, 'total_ms': 33.06}
[worker 0] timing@frame17701: {'queue_wait_ms': 0.022, 'decode_in_ms': 0.2, 'prompt_ms': 0.0, 'vae_encode_ms': 3.97, 'transformer_plus_decode_ms': 28.79, 'stage_clock': 'wall-clock', 'benchmark_variant': 'baseline', 'output_cast': 'cpu', 'torch_threads': 128, 'terminal_skips': 0, 'jpeg_ms': 0.26, 'total_ms': 33.22}
[worker 1] timing@frame9751: {'queue_wait_ms': 0.025, 'decode_in_ms': 0.32, 'prompt_ms': 0.0, 'vae_encode_ms': 4.18, 'transformer_plus_decode_ms': 36.57, 'stage_clock': 'wall-clock', 'benchmark_variant': 'baseline', 'output_cast': 'cpu', 'torch_threads': 128, 'terminal_skips': 0, 'jpeg_ms': 0.34, 'total_ms': 41.42}
[worker 0] timing@frame17751: {'queue_wait_ms': 0.008, 'decode_in_ms': 0.24, 'prompt_ms': 0.0, 'vae_encode_ms': 3.96, 'transformer_plus_decode_ms': 28.97, 'stage_clock': 'wall-clock', 'benchmark_variant': 'baseline', 'output_cast': 'cpu', 'torch_threads': 128, 'terminal_skips': 0, 'jpeg_ms': 0.26, 'total_ms': 33.45}
[DIAG] t=1545s in=43804 →wk=27529 ←wk=27528 →cl=27459 drop_in=0 drop_out=0 | since: client=0.0s worker=0.0s sent=0.0s | ch=open buf=0 | lag: max=1ms avg=0.3ms | heap=12.0MB rss=53.8MB | gpu0:R pend=1 frames=17756 buf=0 | gpu1:R pend=0 frames=9772 buf=0
[worker 1] timing@frame9801: {'queue_wait_ms': 0.016, 'decode_in_ms': 0.37, 'prompt_ms': 0.0, 'vae_encode_ms': 9.38, 'transformer_plus_decode_ms': 37.64, 'stage_clock': 'wall-clock', 'benchmark_variant': 'baseline', 'output_cast': 'cpu', 'torch_threads': 128, 'terminal_skips': 0, 'jpeg_ms': 0.32, 'total_ms': 47.74}
[worker 0] timing@frame17801: {'queue_wait_ms': 0.011, 'decode_in_ms': 0.24, 'prompt_ms': 0.0, 'vae_encode_ms': 6.23, 'transformer_plus_decode_ms': 27.94, 'stage_clock': 'wall-clock', 'benchmark_variant': 'baseline', 'output_cast': 'cpu', 'torch_threads': 128, 'terminal_skips': 0, 'jpeg_ms': 0.25, 'total_ms': 34.67}
[worker 1] timing@frame9851: {'queue_wait_ms': 0.031, 'decode_in_ms': 0.3, 'prompt_ms': 0.0, 'vae_encode_ms': 4.06, 'transformer_plus_decode_ms': 29.07, 'stage_clock': 'wall-clock', 'benchmark_variant': 'baseline', 'output_cast': 'cpu', 'torch_threads': 128, 'terminal_skips': 0, 'jpeg_ms': 0.27, 'total_ms': 33.73}
[worker 0] timing@frame17851: {'queue_wait_ms': 0.022, 'decode_in_ms': 0.23, 'prompt_ms': 0.0, 'vae_encode_ms': 4.01, 'transformer_plus_decode_ms': 28.57, 'stage_clock': 'wall-clock', 'benchmark_variant': 'baseline', 'output_cast': 'cpu', 'torch_threads': 128, 'terminal_skips': 0, 'jpeg_ms': 0.26, 'total_ms': 33.09}
[DIAG] t=1550s in=44046 →wk=27751 ←wk=27749 →cl=27680 drop_in=0 drop_out=0 | since: client=0.0s worker=0.0s sent=0.0s | ch=open buf=0 | lag: max=0ms avg=0.3ms | heap=11.8MB rss=53.8MB | gpu0:R pend=1 frames=17867 buf=0 | gpu1:R pend=1 frames=9882 buf=0
[worker 1] timing@frame9901: {'queue_wait_ms': 0.028, 'decode_in_ms': 0.28, 'prompt_ms': 0.0, 'vae_encode_ms': 3.88, 'transformer_plus_decode_ms': 29.01, 'stage_clock': 'wall-clock', 'benchmark_variant': 'baseline', 'output_cast': 'cpu', 'torch_threads': 128, 'terminal_skips': 0, 'jpeg_ms': 0.29, 'total_ms': 33.48}
[worker 0] timing@frame17901: {'queue_wait_ms': 0.018, 'decode_in_ms': 0.28, 'prompt_ms': 0.0, 'vae_encode_ms': 4.7, 'transformer_plus_decode_ms': 31.55, 'stage_clock': 'wall-clock', 'benchmark_variant': 'baseline', 'output_cast': 'cpu', 'torch_threads': 128, 'terminal_skips': 0, 'jpeg_ms': 0.3, 'total_ms': 36.87}
[worker 1] timing@frame9951: {'queue_wait_ms': 0.03, 'decode_in_ms': 0.27, 'prompt_ms': 0.0, 'vae_encode_ms': 3.89, 'transformer_plus_decode_ms': 28.88, 'stage_clock': 'wall-clock', 'benchmark_variant': 'baseline', 'output_cast': 'cpu', 'torch_threads': 128, 'terminal_skips': 0, 'jpeg_ms': 0.27, 'total_ms': 33.33}
[worker 0] timing@frame17951: {'queue_wait_ms': 0.028, 'decode_in_ms': 0.24, 'prompt_ms': 0.0, 'vae_encode_ms': 4.03, 'transformer_plus_decode_ms': 28.08, 'stage_clock': 'wall-clock', 'benchmark_variant': 'baseline', 'output_cast': 'cpu', 'torch_threads': 128, 'terminal_skips': 0, 'jpeg_ms': 0.27, 'total_ms': 32.64}
[worker 1] timing@frame10001: {'queue_wait_ms': 0.024, 'decode_in_ms': 0.31, 'prompt_ms': 0.0, 'vae_encode_ms': 17.39, 'transformer_plus_decode_ms': 29.69, 'stage_clock': 'wall-clock', 'benchmark_variant': 'baseline', 'output_cast': 'cpu', 'torch_threads': 128, 'terminal_skips': 0, 'jpeg_ms': 0.28, 'total_ms': 47.68}
[DIAG] t=1555s in=44321 →wk=27990 ←wk=27989 →cl=27917 drop_in=0 drop_out=0 | since: client=0.0s worker=0.0s sent=0.0s | ch=open buf=0 | lag: max=1ms avg=0.3ms | heap=12.5MB rss=53.8MB | gpu0:R pend=1 frames=17987 buf=0 | gpu1:R pend=0 frames=10002 buf=0
[worker 0] timing@frame18001: {'queue_wait_ms': 0.021, 'decode_in_ms': 0.22, 'prompt_ms': 0.0, 'vae_encode_ms': 3.87, 'transformer_plus_decode_ms': 28.7, 'stage_clock': 'wall-clock', 'benchmark_variant': 'baseline', 'output_cast': 'cpu', 'torch_threads': 128, 'terminal_skips': 0, 'jpeg_ms': 0.29, 'total_ms': 33.1}
[worker 1] timing@frame10051: {'queue_wait_ms': 0.034, 'decode_in_ms': 0.27, 'prompt_ms': 0.0, 'vae_encode_ms': 4.02, 'transformer_plus_decode_ms': 28.77, 'stage_clock': 'wall-clock', 'benchmark_variant': 'baseline', 'output_cast': 'cpu', 'torch_threads': 128, 'terminal_skips': 0, 'jpeg_ms': 0.26, 'total_ms': 33.34}
[worker 0] timing@frame18051: {'queue_wait_ms': 0.024, 'decode_in_ms': 0.23, 'prompt_ms': 0.0, 'vae_encode_ms': 4.03, 'transformer_plus_decode_ms': 29.13, 'stage_clock': 'wall-clock', 'benchmark_variant': 'baseline', 'output_cast': 'cpu', 'torch_threads': 128, 'terminal_skips': 0, 'jpeg_ms': 0.24, 'total_ms': 33.64}
[worker 1] timing@frame10101: {'queue_wait_ms': 0.025, 'decode_in_ms': 0.28, 'prompt_ms': 0.0, 'vae_encode_ms': 4.12, 'transformer_plus_decode_ms': 29.42, 'stage_clock': 'wall-clock', 'benchmark_variant': 'baseline', 'output_cast': 'cpu', 'torch_threads': 128, 'terminal_skips': 0, 'jpeg_ms': 0.26, 'total_ms': 34.09}
[worker 0] timing@frame18101: {'queue_wait_ms': 0.02, 'decode_in_ms': 0.24, 'prompt_ms': 0.0, 'vae_encode_ms': 3.88, 'transformer_plus_decode_ms': 28.44, 'stage_clock': 'wall-clock', 'benchmark_variant': 'baseline', 'output_cast': 'cpu', 'torch_threads': 128, 'terminal_skips': 0, 'jpeg_ms': 0.25, 'total_ms': 32.83}
[DIAG] t=1560s in=44582 →wk=28237 ←wk=28235 →cl=28163 drop_in=0 drop_out=0 | since: client=0.0s worker=0.0s sent=0.0s | ch=open buf=0 | lag: max=1ms avg=0.3ms | heap=11.7MB rss=53.8MB | gpu0:R pend=1 frames=18110 buf=0 | gpu1:R pend=1 frames=10125 buf=0
[worker 1] timing@frame10151: {'queue_wait_ms': 0.026, 'decode_in_ms': 0.26, 'prompt_ms': 0.0, 'vae_encode_ms': 3.98, 'transformer_plus_decode_ms': 28.43, 'stage_clock': 'wall-clock', 'benchmark_variant': 'baseline', 'output_cast': 'cpu', 'torch_threads': 128, 'terminal_skips': 0, 'jpeg_ms': 0.23, 'total_ms': 32.92}
[worker 0] timing@frame18151: {'queue_wait_ms': 0.02, 'decode_in_ms': 0.23, 'prompt_ms': 0.0, 'vae_encode_ms': 4.2, 'transformer_plus_decode_ms': 29.27, 'stage_clock': 'wall-clock', 'benchmark_variant': 'baseline', 'output_cast': 'cpu', 'torch_threads': 128, 'terminal_skips': 0, 'jpeg_ms': 0.27, 'total_ms': 33.98}
[worker 1] timing@frame10201: {'queue_wait_ms': 0.024, 'decode_in_ms': 0.26, 'prompt_ms': 0.0, 'vae_encode_ms': 3.92, 'transformer_plus_decode_ms': 28.68, 'stage_clock': 'wall-clock', 'benchmark_variant': 'baseline', 'output_cast': 'cpu', 'torch_threads': 128, 'terminal_skips': 0, 'jpeg_ms': 0.28, 'total_ms': 33.15}
[worker 0] timing@frame18201: {'queue_wait_ms': 0.021, 'decode_in_ms': 0.24, 'prompt_ms': 0.0, 'vae_encode_ms': 4.01, 'transformer_plus_decode_ms': 28.59, 'stage_clock': 'wall-clock', 'benchmark_variant': 'baseline', 'output_cast': 'cpu', 'torch_threads': 128, 'terminal_skips': 0, 'jpeg_ms': 0.26, 'total_ms': 33.11}
[worker 1] timing@frame10251: {'queue_wait_ms': 0.026, 'decode_in_ms': 0.27, 'prompt_ms': 0.0, 'vae_encode_ms': 3.9, 'transformer_plus_decode_ms': 28.64, 'stage_clock': 'wall-clock', 'benchmark_variant': 'baseline', 'output_cast': 'cpu', 'torch_threads': 128, 'terminal_skips': 0, 'jpeg_ms': 0.25, 'total_ms': 33.08}
[DIAG] t=1565s in=44845 →wk=28495 ←wk=28493 →cl=28421 drop_in=0 drop_out=0 | since: client=0.0s worker=0.0s sent=0.0s | ch=open buf=0 | lag: max=1ms avg=0.3ms | heap=11.5MB rss=53.8MB | gpu0:R pend=1 frames=18239 buf=0 | gpu1:R pend=1 frames=10254 buf=0
[worker 0] timing@frame18251: {'queue_wait_ms': 0.021, 'decode_in_ms': 0.23, 'prompt_ms': 0.0, 'vae_encode_ms': 3.87, 'transformer_plus_decode_ms': 27.94, 'stage_clock': 'wall-clock', 'benchmark_variant': 'baseline', 'output_cast': 'cpu', 'torch_threads': 128, 'terminal_skips': 0, 'jpeg_ms': 0.26, 'total_ms': 32.31}
[worker 1] timing@frame10301: {'queue_wait_ms': 0.022, 'decode_in_ms': 0.25, 'prompt_ms': 0.0, 'vae_encode_ms': 3.85, 'transformer_plus_decode_ms': 28.33, 'stage_clock': 'wall-clock', 'benchmark_variant': 'baseline', 'output_cast': 'cpu', 'torch_threads': 128, 'terminal_skips': 0, 'jpeg_ms': 0.25, 'total_ms': 32.69}
[worker 0] timing@frame18301: {'queue_wait_ms': 0.022, 'decode_in_ms': 0.2, 'prompt_ms': 0.0, 'vae_encode_ms': 3.83, 'transformer_plus_decode_ms': 28.45, 'stage_clock': 'wall-clock', 'benchmark_variant': 'baseline', 'output_cast': 'cpu', 'torch_threads': 128, 'terminal_skips': 0, 'jpeg_ms': 0.26, 'total_ms': 32.76}
[worker 1] timing@frame10351: {'queue_wait_ms': 0.027, 'decode_in_ms': 0.27, 'prompt_ms': 0.0, 'vae_encode_ms': 3.86, 'transformer_plus_decode_ms': 28.76, 'stage_clock': 'wall-clock', 'benchmark_variant': 'baseline', 'output_cast': 'cpu', 'torch_threads': 128, 'terminal_skips': 0, 'jpeg_ms': 0.28, 'total_ms': 33.18}
[worker 0] timing@frame18351: {'queue_wait_ms': 0.024, 'decode_in_ms': 0.23, 'prompt_ms': 0.0, 'vae_encode_ms': 3.91, 'transformer_plus_decode_ms': 28.44, 'stage_clock': 'wall-clock', 'benchmark_variant': 'baseline', 'output_cast': 'cpu', 'torch_threads': 128, 'terminal_skips': 0, 'jpeg_ms': 0.27, 'total_ms': 32.87}
[DIAG] t=1570s in=45110 →wk=28755 ←wk=28753 →cl=28681 drop_in=0 drop_out=0 | since: client=0.0s worker=0.0s sent=0.0s | ch=open buf=0 | lag: max=1ms avg=0.3ms | heap=11.5MB rss=53.8MB | gpu0:R pend=1 frames=18369 buf=0 | gpu1:R pend=1 frames=10384 buf=0
[worker 1] timing@frame10401: {'queue_wait_ms': 0.028, 'decode_in_ms': 0.27, 'prompt_ms': 0.0, 'vae_encode_ms': 3.88, 'transformer_plus_decode_ms': 28.87, 'stage_clock': 'wall-clock', 'benchmark_variant': 'baseline', 'output_cast': 'cpu', 'torch_threads': 128, 'terminal_skips': 0, 'jpeg_ms': 0.27, 'total_ms': 33.3}
[worker 0] timing@frame18401: {'queue_wait_ms': 0.022, 'decode_in_ms': 0.24, 'prompt_ms': 0.0, 'vae_encode_ms': 3.87, 'transformer_plus_decode_ms': 27.86, 'stage_clock': 'wall-clock', 'benchmark_variant': 'baseline', 'output_cast': 'cpu', 'torch_threads': 128, 'terminal_skips': 0, 'jpeg_ms': 0.26, 'total_ms': 32.25}
[worker 1] timing@frame10451: {'queue_wait_ms': 0.026, 'decode_in_ms': 0.27, 'prompt_ms': 0.0, 'vae_encode_ms': 3.86, 'transformer_plus_decode_ms': 28.79, 'stage_clock': 'wall-clock', 'benchmark_variant': 'baseline', 'output_cast': 'cpu', 'torch_threads': 128, 'terminal_skips': 0, 'jpeg_ms': 0.27, 'total_ms': 33.2}
[worker 0] timing@frame18451: {'queue_wait_ms': 0.019, 'decode_in_ms': 0.23, 'prompt_ms': 0.0, 'vae_encode_ms': 3.86, 'transformer_plus_decode_ms': 28.5, 'stage_clock': 'wall-clock', 'benchmark_variant': 'baseline', 'output_cast': 'cpu', 'torch_threads': 128, 'terminal_skips': 0, 'jpeg_ms': 0.26, 'total_ms': 32.87}
[worker 1] timing@frame10501: {'queue_wait_ms': 0.023, 'decode_in_ms': 0.26, 'prompt_ms': 0.0, 'vae_encode_ms': 3.92, 'transformer_plus_decode_ms': 28.98, 'stage_clock': 'wall-clock', 'benchmark_variant': 'baseline', 'output_cast': 'cpu', 'torch_threads': 128, 'terminal_skips': 0, 'jpeg_ms': 0.26, 'total_ms': 33.43}
[worker 0] timing@frame18501: {'queue_wait_ms': 0.022, 'decode_in_ms': 0.29, 'prompt_ms': 0.0, 'vae_encode_ms': 4.22, 'transformer_plus_decode_ms': 30.02, 'stage_clock': 'wall-clock', 'benchmark_variant': 'baseline', 'output_cast': 'cpu', 'torch_threads': 128, 'terminal_skips': 0, 'jpeg_ms': 0.32, 'total_ms': 34.88}
[DIAG] t=1575s in=45376 →wk=29018 ←wk=29017 →cl=28945 drop_in=0 drop_out=0 | since: client=0.0s worker=0.0s sent=0.0s | ch=open buf=0 | lag: max=1ms avg=0.3ms | heap=11.7MB rss=53.8MB | gpu0:R pend=1 frames=18501 buf=0 | gpu1:R pend=0 frames=10516 buf=0
POST /webrtc/offer
Offer candidates host=2 srflx=1 relay=0
ICE connection state: closed
[DIAG] Connection state: closed (channel=none buf=0)
[DIAG] DataChannel CLOSED (was open)
ICE connection state: new
[DIAG] Connection state: new (channel=none buf=0)
ICE gathering state: gathering
[DIAG] t=1580s in=45376 →wk=29018 ←wk=29018 →cl=28946 drop_in=0 drop_out=0 | since: client=5.0s worker=5.0s sent=5.0s | ch=closed buf=0 | lag: max=1ms avg=0.3ms | heap=12.1MB rss=53.8MB | gpu0:R pend=0 frames=18502 buf=0 | gpu1:R pend=0 frames=10516 buf=0
[DIAG] t=1585s in=45376 →wk=29018 ←wk=29018 →cl=28946 drop_in=0 drop_out=0 | since: client=10.0s worker=10.0s sent=10.0s | ch=closed buf=0 | lag: max=1ms avg=0.3ms | heap=12.2MB rss=53.8MB | gpu0:R pend=0 frames=18502 buf=0 | gpu1:R pend=0 frames=10516 buf=0
Sending SDP answer
ICE gathering state: complete
ICE connection state: connected
[DIAG] Connection state: connected (channel=none buf=0)
DataChannel opened: frames
[DIAG] t=1590s in=45376 →wk=29018 ←wk=29018 →cl=28946 drop_in=0 drop_out=0 | since: client=15.0s worker=15.0s sent=15.0s | ch=closed buf=0 | lag: max=1ms avg=0.3ms | heap=12.3MB rss=53.8MB | gpu0:R pend=0 frames=18502 buf=0 | gpu1:R pend=0 frames=10516 buf=0
[worker 0] timing@frame18551: {'queue_wait_ms': 0.021, 'decode_in_ms': 0.23, 'prompt_ms': 0.0, 'vae_encode_ms': 3.96, 'transformer_plus_decode_ms': 17.3, 'stage_clock': 'cuda-events', 'benchmark_variant': 'terminal-noop', 'output_cast': 'gpu', 'torch_threads': 128, 'terminal_skips': 1, 'jpeg_ms': 0.24, 'total_ms': 21.76}
[worker 0] timing@frame18601: {'queue_wait_ms': 0.022, 'decode_in_ms': 0.2, 'prompt_ms': 0.0, 'vae_encode_ms': 3.98, 'transformer_plus_decode_ms': 18.49, 'stage_clock': 'cuda-events', 'benchmark_variant': 'terminal-noop', 'output_cast': 'gpu', 'torch_threads': 128, 'terminal_skips': 1, 'jpeg_ms': 0.24, 'total_ms': 22.93}
[worker 0] timing@frame18651: {'queue_wait_ms': 0.019, 'decode_in_ms': 0.23, 'prompt_ms': 0.0, 'vae_encode_ms': 3.94, 'transformer_plus_decode_ms': 19.02, 'stage_clock': 'cuda-events', 'benchmark_variant': 'terminal-noop', 'output_cast': 'gpu', 'torch_threads': 128, 'terminal_skips': 1, 'jpeg_ms': 0.26, 'total_ms': 23.48}
[DIAG] t=1595s in=45609 →wk=29209 ←wk=29208 →cl=29136 drop_in=0 drop_out=0 | since: client=0.0s worker=0.0s sent=0.0s | ch=open buf=0 | lag: max=0ms avg=0.3ms | heap=11.9MB rss=55.8MB | gpu0:R pend=1 frames=18692 buf=0 | gpu1:R pend=0 frames=10516 buf=0
[worker 0] timing@frame18701: {'queue_wait_ms': 0.033, 'decode_in_ms': 0.2, 'prompt_ms': 0.0, 'vae_encode_ms': 4.0, 'transformer_plus_decode_ms': 17.31, 'stage_clock': 'cuda-events', 'benchmark_variant': 'terminal-noop', 'output_cast': 'gpu', 'torch_threads': 128, 'terminal_skips': 1, 'jpeg_ms': 0.23, 'total_ms': 21.77}
[worker 0] timing@frame18751: {'queue_wait_ms': 0.025, 'decode_in_ms': 0.23, 'prompt_ms': 0.0, 'vae_encode_ms': 4.06, 'transformer_plus_decode_ms': 18.63, 'stage_clock': 'cuda-events', 'benchmark_variant': 'terminal-noop', 'output_cast': 'gpu', 'torch_threads': 128, 'terminal_skips': 1, 'jpeg_ms': 0.25, 'total_ms': 23.2}
[worker 0] timing@frame18801: {'queue_wait_ms': 0.021, 'decode_in_ms': 0.24, 'prompt_ms': 0.0, 'vae_encode_ms': 4.09, 'transformer_plus_decode_ms': 18.82, 'stage_clock': 'cuda-events', 'benchmark_variant': 'terminal-noop', 'output_cast': 'gpu', 'torch_threads': 128, 'terminal_skips': 1, 'jpeg_ms': 0.24, 'total_ms': 23.41}
[worker 0] timing@frame18851: {'queue_wait_ms': 0.02, 'decode_in_ms': 0.23, 'prompt_ms': 0.0, 'vae_encode_ms': 4.02, 'transformer_plus_decode_ms': 17.42, 'stage_clock': 'cuda-events', 'benchmark_variant': 'terminal-noop', 'output_cast': 'gpu', 'torch_threads': 128, 'terminal_skips': 1, 'jpeg_ms': 0.24, 'total_ms': 21.94}
[DIAG] t=1600s in=45867 →wk=29410 ←wk=29409 →cl=29337 drop_in=0 drop_out=0 | since: client=0.0s worker=0.0s sent=0.0s | ch=open buf=0 | lag: max=0ms avg=0.3ms | heap=11.9MB rss=55.8MB | gpu0:R pend=1 frames=18893 buf=0 | gpu1:R pend=0 frames=10516 buf=0
[worker 0] timing@frame18901: {'queue_wait_ms': 0.02, 'decode_in_ms': 0.24, 'prompt_ms': 0.0, 'vae_encode_ms': 4.08, 'transformer_plus_decode_ms': 18.91, 'stage_clock': 'cuda-events', 'benchmark_variant': 'terminal-noop', 'output_cast': 'gpu', 'torch_threads': 128, 'terminal_skips': 1, 'jpeg_ms': 0.3, 'total_ms': 23.56}
[worker 0] timing@frame18951: {'queue_wait_ms': 0.02, 'decode_in_ms': 0.23, 'prompt_ms': 0.0, 'vae_encode_ms': 9.62, 'transformer_plus_decode_ms': 18.77, 'stage_clock': 'cuda-events', 'benchmark_variant': 'terminal-noop', 'output_cast': 'gpu', 'torch_threads': 128, 'terminal_skips': 1, 'jpeg_ms': 0.23, 'total_ms': 28.88}
[worker 0] timing@frame19001: {'queue_wait_ms': 0.02, 'decode_in_ms': 0.22, 'prompt_ms': 0.0, 'vae_encode_ms': 3.95, 'transformer_plus_decode_ms': 17.23, 'stage_clock': 'cuda-events', 'benchmark_variant': 'terminal-noop', 'output_cast': 'gpu', 'torch_threads': 128, 'terminal_skips': 1, 'jpeg_ms': 0.23, 'total_ms': 21.65}
[worker 0] timing@frame19051: {'queue_wait_ms': 0.017, 'decode_in_ms': 0.24, 'prompt_ms': 0.0, 'vae_encode_ms': 4.06, 'transformer_plus_decode_ms': 18.82, 'stage_clock': 'cuda-events', 'benchmark_variant': 'terminal-noop', 'output_cast': 'gpu', 'torch_threads': 128, 'terminal_skips': 1, 'jpeg_ms': 0.23, 'total_ms': 23.38}
[DIAG] t=1605s in=46113 →wk=29612 ←wk=29611 →cl=29539 drop_in=0 drop_out=0 | since: client=0.0s worker=0.0s sent=0.0s | ch=open buf=0 | lag: max=1ms avg=0.3ms | heap=11.7MB rss=55.8MB | gpu0:R pend=1 frames=19095 buf=0 | gpu1:R pend=0 frames=10516 buf=0
[worker 0] timing@frame19101: {'queue_wait_ms': 0.02, 'decode_in_ms': 0.23, 'prompt_ms': 0.0, 'vae_encode_ms': 4.02, 'transformer_plus_decode_ms': 18.68, 'stage_clock': 'cuda-events', 'benchmark_variant': 'terminal-noop', 'output_cast': 'gpu', 'torch_threads': 128, 'terminal_skips': 1, 'jpeg_ms': 0.25, 'total_ms': 23.22}
[worker 0] timing@frame19151: {'queue_wait_ms': 0.023, 'decode_in_ms': 0.23, 'prompt_ms': 0.0, 'vae_encode_ms': 4.21, 'transformer_plus_decode_ms': 18.39, 'stage_clock': 'cuda-events', 'benchmark_variant': 'terminal-noop', 'output_cast': 'gpu', 'torch_threads': 128, 'terminal_skips': 1, 'jpeg_ms': 0.25, 'total_ms': 23.13}
[worker 0] timing@frame19201: {'queue_wait_ms': 0.021, 'decode_in_ms': 0.23, 'prompt_ms': 0.0, 'vae_encode_ms': 4.01, 'transformer_plus_decode_ms': 18.71, 'stage_clock': 'cuda-events', 'benchmark_variant': 'terminal-noop', 'output_cast': 'gpu', 'torch_threads': 128, 'terminal_skips': 1, 'jpeg_ms': 0.25, 'total_ms': 23.24}
[worker 0] timing@frame19251: {'queue_wait_ms': 0.018, 'decode_in_ms': 0.23, 'prompt_ms': 0.0, 'vae_encode_ms': 3.94, 'transformer_plus_decode_ms': 18.55, 'stage_clock': 'cuda-events', 'benchmark_variant': 'terminal-noop', 'output_cast': 'gpu', 'torch_threads': 128, 'terminal_skips': 1, 'jpeg_ms': 0.22, 'total_ms': 22.97}
[DIAG] t=1610s in=46347 →wk=29808 ←wk=29807 →cl=29735 drop_in=0 drop_out=0 | since: client=0.0s worker=0.0s sent=0.0s | ch=open buf=0 | lag: max=1ms avg=0.3ms | heap=12.1MB rss=55.8MB | gpu0:R pend=1 frames=19291 buf=0 | gpu1:R pend=0 frames=10516 buf=0
[worker 0] timing@frame19301: {'queue_wait_ms': 0.019, 'decode_in_ms': 0.22, 'prompt_ms': 0.0, 'vae_encode_ms': 3.98, 'transformer_plus_decode_ms': 17.19, 'stage_clock': 'cuda-events', 'benchmark_variant': 'terminal-noop', 'output_cast': 'gpu', 'torch_threads': 128, 'terminal_skips': 1, 'jpeg_ms': 0.24, 'total_ms': 21.66}
[worker 0] timing@frame19351: {'queue_wait_ms': 0.017, 'decode_in_ms': 0.2, 'prompt_ms': 0.0, 'vae_encode_ms': 3.98, 'transformer_plus_decode_ms': 18.66, 'stage_clock': 'cuda-events', 'benchmark_variant': 'terminal-noop', 'output_cast': 'gpu', 'torch_threads': 128, 'terminal_skips': 1, 'jpeg_ms': 0.27, 'total_ms': 23.14}
[worker 0] timing@frame19401: {'queue_wait_ms': 0.02, 'decode_in_ms': 0.21, 'prompt_ms': 0.0, 'vae_encode_ms': 3.98, 'transformer_plus_decode_ms': 18.53, 'stage_clock': 'cuda-events', 'benchmark_variant': 'terminal-noop', 'output_cast': 'gpu', 'torch_threads': 128, 'terminal_skips': 1, 'jpeg_ms': 0.24, 'total_ms': 22.99}
[worker 0] timing@frame19451: {'queue_wait_ms': 0.02, 'decode_in_ms': 0.2, 'prompt_ms': 0.0, 'vae_encode_ms': 3.98, 'transformer_plus_decode_ms': 17.33, 'stage_clock': 'cuda-events', 'benchmark_variant': 'terminal-noop', 'output_cast': 'gpu', 'torch_threads': 128, 'terminal_skips': 1, 'jpeg_ms': 0.24, 'total_ms': 21.78}
[DIAG] t=1615s in=46595 →wk=30015 ←wk=30014 →cl=29942 drop_in=0 drop_out=0 | since: client=0.0s worker=0.0s sent=0.0s | ch=open buf=0 | lag: max=1ms avg=0.3ms | heap=12.2MB rss=55.8MB | gpu0:R pend=1 frames=19498 buf=0 | gpu1:R pend=0 frames=10516 buf=0
[worker 0] timing@frame19501: {'queue_wait_ms': 0.019, 'decode_in_ms': 0.19, 'prompt_ms': 0.0, 'vae_encode_ms': 3.96, 'transformer_plus_decode_ms': 18.59, 'stage_clock': 'cuda-events', 'benchmark_variant': 'terminal-noop', 'output_cast': 'gpu', 'torch_threads': 128, 'terminal_skips': 1, 'jpeg_ms': 0.25, 'total_ms': 23.02}
[worker 0] timing@frame19551: {'queue_wait_ms': 0.018, 'decode_in_ms': 0.19, 'prompt_ms': 0.0, 'vae_encode_ms': 3.97, 'transformer_plus_decode_ms': 18.62, 'stage_clock': 'cuda-events', 'benchmark_variant': 'terminal-noop', 'output_cast': 'gpu', 'torch_threads': 128, 'terminal_skips': 1, 'jpeg_ms': 0.24, 'total_ms': 23.05}
[worker 0] timing@frame19601: {'queue_wait_ms': 0.019, 'decode_in_ms': 0.2, 'prompt_ms': 0.0, 'vae_encode_ms': 3.99, 'transformer_plus_decode_ms': 17.31, 'stage_clock': 'cuda-events', 'benchmark_variant': 'terminal-noop', 'output_cast': 'gpu', 'torch_threads': 128, 'terminal_skips': 1, 'jpeg_ms': 0.25, 'total_ms': 21.78}
[worker 0] timing@frame19651: {'queue_wait_ms': 0.017, 'decode_in_ms': 0.23, 'prompt_ms': 0.0, 'vae_encode_ms': 3.94, 'transformer_plus_decode_ms': 18.45, 'stage_clock': 'cuda-events', 'benchmark_variant': 'terminal-noop', 'output_cast': 'gpu', 'torch_threads': 128, 'terminal_skips': 1, 'jpeg_ms': 0.22, 'total_ms': 22.88}
[worker 0] timing@frame19701: {'queue_wait_ms': 0.018, 'decode_in_ms': 0.22, 'prompt_ms': 0.0, 'vae_encode_ms': 3.98, 'transformer_plus_decode_ms': 18.54, 'stage_clock': 'cuda-events', 'benchmark_variant': 'terminal-noop', 'output_cast': 'gpu', 'torch_threads': 128, 'terminal_skips': 1, 'jpeg_ms': 0.23, 'total_ms': 23.0}
[DIAG] t=1620s in=46847 →wk=30220 ←wk=30219 →cl=30147 drop_in=0 drop_out=0 | since: client=0.0s worker=0.0s sent=0.0s | ch=open buf=0 | lag: max=1ms avg=0.3ms | heap=13.1MB rss=55.8MB | gpu0:R pend=1 frames=19703 buf=0 | gpu1:R pend=0 frames=10516 buf=0
[worker 0] timing@frame19751: {'queue_wait_ms': 0.011, 'decode_in_ms': 0.23, 'prompt_ms': 0.0, 'vae_encode_ms': 4.04, 'transformer_plus_decode_ms': 17.44, 'stage_clock': 'cuda-events', 'benchmark_variant': 'terminal-noop', 'output_cast': 'gpu', 'torch_threads': 128, 'terminal_skips': 1, 'jpeg_ms': 0.23, 'total_ms': 21.97}
[worker 0] timing@frame19801: {'queue_wait_ms': 0.02, 'decode_in_ms': 0.19, 'prompt_ms': 0.0, 'vae_encode_ms': 3.98, 'transformer_plus_decode_ms': 18.57, 'stage_clock': 'cuda-events', 'benchmark_variant': 'terminal-noop', 'output_cast': 'gpu', 'torch_threads': 128, 'terminal_skips': 1, 'jpeg_ms': 0.25, 'total_ms': 23.02}
[worker 0] timing@frame19851: {'queue_wait_ms': 0.02, 'decode_in_ms': 0.2, 'prompt_ms': 0.0, 'vae_encode_ms': 3.93, 'transformer_plus_decode_ms': 18.37, 'stage_clock': 'cuda-events', 'benchmark_variant': 'terminal-noop', 'output_cast': 'gpu', 'torch_threads': 128, 'terminal_skips': 1, 'jpeg_ms': 0.24, 'total_ms': 22.77}
[worker 0] timing@frame19901: {'queue_wait_ms': 0.009, 'decode_in_ms': 0.24, 'prompt_ms': 0.0, 'vae_encode_ms': 6.05, 'transformer_plus_decode_ms': 17.33, 'stage_clock': 'cuda-events', 'benchmark_variant': 'terminal-noop', 'output_cast': 'gpu', 'torch_threads': 128, 'terminal_skips': 1, 'jpeg_ms': 0.23, 'total_ms': 23.88}
[DIAG] t=1625s in=47088 →wk=30422 ←wk=30421 →cl=30349 drop_in=0 drop_out=0 | since: client=0.0s worker=0.0s sent=0.0s | ch=open buf=0 | lag: max=1ms avg=0.3ms | heap=13.4MB rss=55.8MB | gpu0:R pend=1 frames=19905 buf=0 | gpu1:R pend=0 frames=10516 buf=0
[worker 0] timing@frame19951: {'queue_wait_ms': 0.021, 'decode_in_ms': 0.25, 'prompt_ms': 0.0, 'vae_encode_ms': 4.03, 'transformer_plus_decode_ms': 18.39, 'stage_clock': 'cuda-events', 'benchmark_variant': 'terminal-noop', 'output_cast': 'gpu', 'torch_threads': 128, 'terminal_skips': 1, 'jpeg_ms': 0.24, 'total_ms': 22.93}
[worker 0] timing@frame20001: {'queue_wait_ms': 0.018, 'decode_in_ms': 0.22, 'prompt_ms': 0.0, 'vae_encode_ms': 4.03, 'transformer_plus_decode_ms': 18.47, 'stage_clock': 'cuda-events', 'benchmark_variant': 'terminal-noop', 'output_cast': 'gpu', 'torch_threads': 128, 'terminal_skips': 1, 'jpeg_ms': 0.24, 'total_ms': 23.01}
[worker 0] timing@frame20051: {'queue_wait_ms': 0.016, 'decode_in_ms': 0.19, 'prompt_ms': 0.0, 'vae_encode_ms': 3.98, 'transformer_plus_decode_ms': 17.27, 'stage_clock': 'cuda-events', 'benchmark_variant': 'terminal-noop', 'output_cast': 'gpu', 'torch_threads': 128, 'terminal_skips': 1, 'jpeg_ms': 0.23, 'total_ms': 21.7}
[worker 0] timing@frame20101: {'queue_wait_ms': 0.021, 'decode_in_ms': 0.2, 'prompt_ms': 0.0, 'vae_encode_ms': 3.99, 'transformer_plus_decode_ms': 18.89, 'stage_clock': 'cuda-events', 'benchmark_variant': 'terminal-noop', 'output_cast': 'gpu', 'torch_threads': 128, 'terminal_skips': 1, 'jpeg_ms': 0.31, 'total_ms': 23.43}
[DIAG] t=1630s in=47316 →wk=30617 ←wk=30617 →cl=30545 drop_in=0 drop_out=0 | since: client=0.1s worker=0.0s sent=0.0s | ch=open buf=0 | lag: max=0ms avg=0.3ms | heap=13.2MB rss=55.8MB | gpu0:R pend=0 frames=20101 buf=0 | gpu1:R pend=0 frames=10516 buf=0
[worker 0] timing@frame20151: {'queue_wait_ms': 0.021, 'decode_in_ms': 0.21, 'prompt_ms': 0.0, 'vae_encode_ms': 3.93, 'transformer_plus_decode_ms': 18.05, 'stage_clock': 'cuda-events', 'benchmark_variant': 'terminal-noop', 'output_cast': 'gpu', 'torch_threads': 128, 'terminal_skips': 1, 'jpeg_ms': 0.25, 'total_ms': 22.48}
[worker 0] timing@frame20201: {'queue_wait_ms': 0.018, 'decode_in_ms': 0.2, 'prompt_ms': 0.0, 'vae_encode_ms': 3.95, 'transformer_plus_decode_ms': 17.27, 'stage_clock': 'cuda-events', 'benchmark_variant': 'terminal-noop', 'output_cast': 'gpu', 'torch_threads': 128, 'terminal_skips': 1, 'jpeg_ms': 0.25, 'total_ms': 21.7}
[worker 0] timing@frame20251: {'queue_wait_ms': 0.02, 'decode_in_ms': 0.19, 'prompt_ms': 0.0, 'vae_encode_ms': 3.95, 'transformer_plus_decode_ms': 18.24, 'stage_clock': 'cuda-events', 'benchmark_variant': 'terminal-noop', 'output_cast': 'gpu', 'torch_threads': 128, 'terminal_skips': 1, 'jpeg_ms': 0.25, 'total_ms': 22.65}
[DIAG] t=1635s in=47549 →wk=30805 ←wk=30804 →cl=30732 drop_in=0 drop_out=0 | since: client=0.0s worker=0.0s sent=0.0s | ch=open buf=0 | lag: max=1ms avg=0.3ms | heap=12.7MB rss=55.8MB | gpu0:R pend=1 frames=20288 buf=0 | gpu1:R pend=0 frames=10516 buf=0
[worker 0] timing@frame20301: {'queue_wait_ms': 0.022, 'decode_in_ms': 0.22, 'prompt_ms': 0.0, 'vae_encode_ms': 4.15, 'transformer_plus_decode_ms': 19.5, 'stage_clock': 'cuda-events', 'benchmark_variant': 'terminal-noop', 'output_cast': 'gpu', 'torch_threads': 128, 'terminal_skips': 1, 'jpeg_ms': 0.28, 'total_ms': 24.2}
[worker 0] timing@frame20351: {'queue_wait_ms': 0.022, 'decode_in_ms': 0.2, 'prompt_ms': 0.0, 'vae_encode_ms': 3.95, 'transformer_plus_decode_ms': 17.15, 'stage_clock': 'cuda-events', 'benchmark_variant': 'terminal-noop', 'output_cast': 'gpu', 'torch_threads': 128, 'terminal_skips': 1, 'jpeg_ms': 0.25, 'total_ms': 21.57}
[worker 0] timing@frame20401: {'queue_wait_ms': 0.018, 'decode_in_ms': 0.2, 'prompt_ms': 0.0, 'vae_encode_ms': 4.05, 'transformer_plus_decode_ms': 18.8, 'stage_clock': 'cuda-events', 'benchmark_variant': 'terminal-noop', 'output_cast': 'gpu', 'torch_threads': 128, 'terminal_skips': 1, 'jpeg_ms': 0.25, 'total_ms': 23.33}
[worker 0] timing@frame20451: {'queue_wait_ms': 0.012, 'decode_in_ms': 0.19, 'prompt_ms': 0.0, 'vae_encode_ms': 3.95, 'transformer_plus_decode_ms': 18.43, 'stage_clock': 'cuda-events', 'benchmark_variant': 'terminal-noop', 'output_cast': 'gpu', 'torch_threads': 128, 'terminal_skips': 1, 'jpeg_ms': 0.23, 'total_ms': 22.83}
[DIAG] t=1640s in=47786 →wk=30998 ←wk=30997 →cl=30925 drop_in=0 drop_out=0 | since: client=0.0s worker=0.0s sent=0.0s | ch=open buf=0 | lag: max=2ms avg=0.3ms | heap=12.4MB rss=55.8MB | gpu0:R pend=1 frames=20481 buf=0 | gpu1:R pend=0 frames=10516 buf=0
[worker 0] timing@frame20501: {'queue_wait_ms': 0.022, 'decode_in_ms': 0.19, 'prompt_ms': 0.0, 'vae_encode_ms': 4.01, 'transformer_plus_decode_ms': 17.29, 'stage_clock': 'cuda-events', 'benchmark_variant': 'terminal-noop', 'output_cast': 'gpu', 'torch_threads': 128, 'terminal_skips': 1, 'jpeg_ms': 0.23, 'total_ms': 21.76}
[worker 0] timing@frame20551: {'queue_wait_ms': 0.025, 'decode_in_ms': 0.2, 'prompt_ms': 0.0, 'vae_encode_ms': 4.01, 'transformer_plus_decode_ms': 18.47, 'stage_clock': 'cuda-events', 'benchmark_variant': 'terminal-noop', 'output_cast': 'gpu', 'torch_threads': 128, 'terminal_skips': 1, 'jpeg_ms': 0.22, 'total_ms': 22.93}
[worker 0] timing@frame20601: {'queue_wait_ms': 0.019, 'decode_in_ms': 0.19, 'prompt_ms': 0.0, 'vae_encode_ms': 3.95, 'transformer_plus_decode_ms': 18.66, 'stage_clock': 'cuda-events', 'benchmark_variant': 'terminal-noop', 'output_cast': 'gpu', 'torch_threads': 128, 'terminal_skips': 1, 'jpeg_ms': 0.24, 'total_ms': 23.08}
[worker 0] timing@frame20651: {'queue_wait_ms': 0.033, 'decode_in_ms': 0.2, 'prompt_ms': 0.0, 'vae_encode_ms': 3.97, 'transformer_plus_decode_ms': 17.18, 'stage_clock': 'cuda-events', 'benchmark_variant': 'terminal-noop', 'output_cast': 'gpu', 'torch_threads': 128, 'terminal_skips': 1, 'jpeg_ms': 0.22, 'total_ms': 21.61}
[DIAG] t=1645s in=48017 →wk=31172 ←wk=31171 →cl=31099 drop_in=0 drop_out=0 | since: client=0.0s worker=0.0s sent=0.0s | ch=open buf=0 | lag: max=1ms avg=0.3ms | heap=13.0MB rss=55.8MB | gpu0:R pend=1 frames=20655 buf=0 | gpu1:R pend=0 frames=10516 buf=0
[worker 0] timing@frame20701: {'queue_wait_ms': 0.019, 'decode_in_ms': 0.22, 'prompt_ms': 0.0, 'vae_encode_ms': 3.96, 'transformer_plus_decode_ms': 18.39, 'stage_clock': 'cuda-events', 'benchmark_variant': 'terminal-noop', 'output_cast': 'gpu', 'torch_threads': 128, 'terminal_skips': 1, 'jpeg_ms': 0.24, 'total_ms': 22.83}
[worker 0] timing@frame20751: {'queue_wait_ms': 0.02, 'decode_in_ms': 0.19, 'prompt_ms': 0.0, 'vae_encode_ms': 3.98, 'transformer_plus_decode_ms': 18.43, 'stage_clock': 'cuda-events', 'benchmark_variant': 'terminal-noop', 'output_cast': 'gpu', 'torch_threads': 128, 'terminal_skips': 1, 'jpeg_ms': 0.23, 'total_ms': 22.85}
[worker 0] timing@frame20801: {'queue_wait_ms': 0.021, 'decode_in_ms': 0.2, 'prompt_ms': 0.0, 'vae_encode_ms': 4.02, 'transformer_plus_decode_ms': 17.3, 'stage_clock': 'cuda-events', 'benchmark_variant': 'terminal-noop', 'output_cast': 'gpu', 'torch_threads': 128, 'terminal_skips': 1, 'jpeg_ms': 0.24, 'total_ms': 21.78}
[DIAG] t=1650s in=48248 →wk=31365 ←wk=31365 →cl=31293 drop_in=0 drop_out=0 | since: client=0.0s worker=0.0s sent=0.0s | ch=open buf=0 | lag: max=0ms avg=0.3ms | heap=12.6MB rss=55.8MB | gpu0:R pend=0 frames=20849 buf=0 | gpu1:R pend=0 frames=10516 buf=0
[worker 0] timing@frame20851: {'queue_wait_ms': 0.018, 'decode_in_ms': 0.2, 'prompt_ms': 0.0, 'vae_encode_ms': 3.99, 'transformer_plus_decode_ms': 18.55, 'stage_clock': 'cuda-events', 'benchmark_variant': 'terminal-noop', 'output_cast': 'gpu', 'torch_threads': 128, 'terminal_skips': 1, 'jpeg_ms': 0.25, 'total_ms': 23.02}
[worker 0] timing@frame20901: {'queue_wait_ms': 0.019, 'decode_in_ms': 0.19, 'prompt_ms': 0.0, 'vae_encode_ms': 3.98, 'transformer_plus_decode_ms': 18.46, 'stage_clock': 'cuda-events', 'benchmark_variant': 'terminal-noop', 'output_cast': 'gpu', 'torch_threads': 128, 'terminal_skips': 1, 'jpeg_ms': 0.23, 'total_ms': 22.89}
[worker 0] timing@frame20951: {'queue_wait_ms': 0.019, 'decode_in_ms': 0.2, 'prompt_ms': 0.0, 'vae_encode_ms': 3.97, 'transformer_plus_decode_ms': 17.34, 'stage_clock': 'cuda-events', 'benchmark_variant': 'terminal-noop', 'output_cast': 'gpu', 'torch_threads': 128, 'terminal_skips': 1, 'jpeg_ms': 0.24, 'total_ms': 21.78}
[DIAG] t=1655s in=48399 →wk=31495 ←wk=31495 →cl=31423 drop_in=0 drop_out=0 | since: client=1.7s worker=1.6s sent=1.6s | ch=open buf=0 | lag: max=1ms avg=0.3ms | heap=13.7MB rss=55.8MB | gpu0:R pend=0 frames=20979 buf=0 | gpu1:R pend=0 frames=10516 buf=0
POST /webrtc/offer
Offer candidates host=2 srflx=1 relay=0
ICE connection state: closed
[DIAG] Connection state: closed (channel=none buf=0)
[DIAG] DataChannel CLOSED (was open)
ICE connection state: new
[DIAG] Connection state: new (channel=none buf=0)
ICE gathering state: gathering
[DIAG] t=1660s in=48399 →wk=31495 ←wk=31495 →cl=31423 drop_in=0 drop_out=0 | since: client=6.7s worker=6.6s sent=6.6s | ch=closed buf=0 | lag: max=1ms avg=0.3ms | heap=14.0MB rss=55.8MB | gpu0:R pend=0 frames=20979 buf=0 | gpu1:R pend=0 frames=10516 buf=0
[DIAG] t=1665s in=48399 →wk=31495 ←wk=31495 →cl=31423 drop_in=0 drop_out=0 | since: client=11.7s worker=11.6s sent=11.6s | ch=closed buf=0 | lag: max=1ms avg=0.3ms | heap=14.0MB rss=55.8MB | gpu0:R pend=0 frames=20979 buf=0 | gpu1:R pend=0 frames=10516 buf=0
Sending SDP answer
ICE gathering state: complete
ICE connection state: connected
[DIAG] Connection state: connected (channel=none buf=0)
DataChannel opened: frames
[worker 0] timing@frame21001: {'queue_wait_ms': 0.019, 'decode_in_ms': 0.2, 'prompt_ms': 0.0, 'vae_encode_ms': 3.87, 'transformer_plus_decode_ms': 28.25, 'stage_clock': 'wall-clock', 'benchmark_variant': 'baseline', 'output_cast': 'cpu', 'torch_threads': 128, 'terminal_skips': 0, 'jpeg_ms': 0.23, 'total_ms': 32.57}
[DIAG] t=1670s in=48459 →wk=31534 ←wk=31533 →cl=31461 drop_in=0 drop_out=0 | since: client=0.0s worker=0.0s sent=0.0s | ch=open buf=0 | lag: max=1ms avg=0.3ms | heap=13.1MB rss=55.8MB | gpu0:R pend=1 frames=21017 buf=0 | gpu1:R pend=0 frames=10516 buf=0
[worker 0] timing@frame21051: {'queue_wait_ms': 0.01, 'decode_in_ms': 0.23, 'prompt_ms': 0.0, 'vae_encode_ms': 3.97, 'transformer_plus_decode_ms': 28.93, 'stage_clock': 'wall-clock', 'benchmark_variant': 'baseline', 'output_cast': 'cpu', 'torch_threads': 128, 'terminal_skips': 0, 'jpeg_ms': 0.28, 'total_ms': 33.43}
[worker 0] timing@frame21101: {'queue_wait_ms': 0.021, 'decode_in_ms': 0.23, 'prompt_ms': 0.0, 'vae_encode_ms': 3.9, 'transformer_plus_decode_ms': 28.12, 'stage_clock': 'wall-clock', 'benchmark_variant': 'baseline', 'output_cast': 'cpu', 'torch_threads': 128, 'terminal_skips': 0, 'jpeg_ms': 0.28, 'total_ms': 32.54}
[worker 0] timing@frame21151: {'queue_wait_ms': 0.011, 'decode_in_ms': 0.24, 'prompt_ms': 0.0, 'vae_encode_ms': 3.99, 'transformer_plus_decode_ms': 29.0, 'stage_clock': 'wall-clock', 'benchmark_variant': 'baseline', 'output_cast': 'cpu', 'torch_threads': 128, 'terminal_skips': 0, 'jpeg_ms': 0.28, 'total_ms': 33.53}
[DIAG] t=1675s in=48674 →wk=31679 ←wk=31678 →cl=31606 drop_in=0 drop_out=0 | since: client=0.0s worker=0.0s sent=0.0s | ch=open buf=0 | lag: max=1ms avg=0.3ms | heap=13.4MB rss=57.7MB | gpu0:R pend=1 frames=21162 buf=0 | gpu1:R pend=0 frames=10516 buf=0
[worker 0] timing@frame21201: {'queue_wait_ms': 0.019, 'decode_in_ms': 0.23, 'prompt_ms': 0.0, 'vae_encode_ms': 5.68, 'transformer_plus_decode_ms': 28.85, 'stage_clock': 'wall-clock', 'benchmark_variant': 'baseline', 'output_cast': 'cpu', 'torch_threads': 128, 'terminal_skips': 0, 'jpeg_ms': 0.28, 'total_ms': 35.07}
[worker 0] timing@frame21251: {'queue_wait_ms': 0.018, 'decode_in_ms': 0.2, 'prompt_ms': 0.0, 'vae_encode_ms': 3.87, 'transformer_plus_decode_ms': 27.62, 'stage_clock': 'wall-clock', 'benchmark_variant': 'baseline', 'output_cast': 'cpu', 'torch_threads': 128, 'terminal_skips': 0, 'jpeg_ms': 0.24, 'total_ms': 31.94}
[worker 0] timing@frame21301: {'queue_wait_ms': 0.023, 'decode_in_ms': 0.24, 'prompt_ms': 0.0, 'vae_encode_ms': 4.08, 'transformer_plus_decode_ms': 29.48, 'stage_clock': 'wall-clock', 'benchmark_variant': 'baseline', 'output_cast': 'cpu', 'torch_threads': 128, 'terminal_skips': 0, 'jpeg_ms': 0.24, 'total_ms': 34.06}
[DIAG] t=1680s in=48901 →wk=31824 ←wk=31823 →cl=31751 drop_in=0 drop_out=0 | since: client=0.0s worker=0.0s sent=0.0s | ch=open buf=0 | lag: max=0ms avg=0.3ms | heap=12.8MB rss=57.7MB | gpu0:R pend=1 frames=21307 buf=0 | gpu1:R pend=0 frames=10516 buf=0
[worker 0] timing@frame21351: {'queue_wait_ms': 0.02, 'decode_in_ms': 0.2, 'prompt_ms': 0.0, 'vae_encode_ms': 5.99, 'transformer_plus_decode_ms': 28.56, 'stage_clock': 'wall-clock', 'benchmark_variant': 'baseline', 'output_cast': 'cpu', 'torch_threads': 128, 'terminal_skips': 0, 'jpeg_ms': 0.23, 'total_ms': 35.0}
[worker 0] timing@frame21401: {'queue_wait_ms': 0.019, 'decode_in_ms': 0.25, 'prompt_ms': 0.0, 'vae_encode_ms': 3.91, 'transformer_plus_decode_ms': 28.06, 'stage_clock': 'wall-clock', 'benchmark_variant': 'baseline', 'output_cast': 'cpu', 'torch_threads': 128, 'terminal_skips': 0, 'jpeg_ms': 0.26, 'total_ms': 32.49}
[DIAG] t=1685s in=49113 →wk=31967 ←wk=31966 →cl=31894 drop_in=0 drop_out=0 | since: client=0.0s worker=0.0s sent=0.0s | ch=open buf=0 | lag: max=1ms avg=0.3ms | heap=12.8MB rss=57.7MB | gpu0:R pend=1 frames=21450 buf=0 | gpu1:R pend=0 frames=10516 buf=0
[worker 0] timing@frame21451: {'queue_wait_ms': 0.019, 'decode_in_ms': 0.2, 'prompt_ms': 0.0, 'vae_encode_ms': 5.13, 'transformer_plus_decode_ms': 28.33, 'stage_clock': 'wall-clock', 'benchmark_variant': 'baseline', 'output_cast': 'cpu', 'torch_threads': 128, 'terminal_skips': 0, 'jpeg_ms': 0.22, 'total_ms': 33.89}
[worker 0] timing@frame21501: {'queue_wait_ms': 0.024, 'decode_in_ms': 0.21, 'prompt_ms': 0.0, 'vae_encode_ms': 3.88, 'transformer_plus_decode_ms': 28.83, 'stage_clock': 'wall-clock', 'benchmark_variant': 'baseline', 'output_cast': 'cpu', 'torch_threads': 128, 'terminal_skips': 0, 'jpeg_ms': 0.23, 'total_ms': 33.16}
[worker 0] timing@frame21551: {'queue_wait_ms': 0.022, 'decode_in_ms': 0.23, 'prompt_ms': 0.0, 'vae_encode_ms': 3.88, 'transformer_plus_decode_ms': 27.66, 'stage_clock': 'wall-clock', 'benchmark_variant': 'baseline', 'output_cast': 'cpu', 'torch_threads': 128, 'terminal_skips': 0, 'jpeg_ms': 0.25, 'total_ms': 32.03}
[DIAG] t=1690s in=49326 →wk=32106 ←wk=32105 →cl=32033 drop_in=0 drop_out=0 | since: client=0.0s worker=0.0s sent=0.0s | ch=open buf=0 | lag: max=4ms avg=0.3ms | heap=12.8MB rss=57.7MB | gpu0:R pend=1 frames=21589 buf=0 | gpu1:R pend=0 frames=10516 buf=0
[worker 0] timing@frame21601: {'queue_wait_ms': 0.02, 'decode_in_ms': 0.23, 'prompt_ms': 0.0, 'vae_encode_ms': 3.84, 'transformer_plus_decode_ms': 28.27, 'stage_clock': 'wall-clock', 'benchmark_variant': 'baseline', 'output_cast': 'cpu', 'torch_threads': 128, 'terminal_skips': 0, 'jpeg_ms': 0.25, 'total_ms': 32.59}
[worker 0] timing@frame21651: {'queue_wait_ms': 0.015, 'decode_in_ms': 0.2, 'prompt_ms': 0.0, 'vae_encode_ms': 4.04, 'transformer_plus_decode_ms': 28.91, 'stage_clock': 'wall-clock', 'benchmark_variant': 'baseline', 'output_cast': 'cpu', 'torch_threads': 128, 'terminal_skips': 0, 'jpeg_ms': 0.28, 'total_ms': 33.44}
[worker 0] timing@frame21701: {'queue_wait_ms': 0.021, 'decode_in_ms': 0.23, 'prompt_ms': 0.0, 'vae_encode_ms': 3.9, 'transformer_plus_decode_ms': 28.01, 'stage_clock': 'wall-clock', 'benchmark_variant': 'baseline', 'output_cast': 'cpu', 'torch_threads': 128, 'terminal_skips': 0, 'jpeg_ms': 0.26, 'total_ms': 32.43}
[DIAG] t=1695s in=49549 →wk=32248 ←wk=32247 →cl=32175 drop_in=0 drop_out=0 | since: client=0.0s worker=0.0s sent=0.0s | ch=open buf=0 | lag: max=1ms avg=0.3ms | heap=13.0MB rss=57.7MB | gpu0:R pend=1 frames=21731 buf=0 | gpu1:R pend=0 frames=10516 buf=0
[worker 0] timing@frame21751: {'queue_wait_ms': 0.021, 'decode_in_ms': 0.23, 'prompt_ms': 0.0, 'vae_encode_ms': 3.92, 'transformer_plus_decode_ms': 32.34, 'stage_clock': 'wall-clock', 'benchmark_variant': 'baseline', 'output_cast': 'cpu', 'torch_threads': 128, 'terminal_skips': 0, 'jpeg_ms': 0.27, 'total_ms': 36.76}
[worker 0] timing@frame21801: {'queue_wait_ms': 0.025, 'decode_in_ms': 0.25, 'prompt_ms': 0.0, 'vae_encode_ms': 3.93, 'transformer_plus_decode_ms': 28.73, 'stage_clock': 'wall-clock', 'benchmark_variant': 'baseline', 'output_cast': 'cpu', 'torch_threads': 128, 'terminal_skips': 0, 'jpeg_ms': 0.26, 'total_ms': 33.18}
[worker 0] timing@frame21851: {'queue_wait_ms': 0.025, 'decode_in_ms': 0.24, 'prompt_ms': 0.0, 'vae_encode_ms': 3.93, 'transformer_plus_decode_ms': 30.54, 'stage_clock': 'wall-clock', 'benchmark_variant': 'baseline', 'output_cast': 'cpu', 'torch_threads': 128, 'terminal_skips': 0, 'jpeg_ms': 0.26, 'total_ms': 34.99}
[DIAG] t=1700s in=49759 →wk=32388 ←wk=32387 →cl=32315 drop_in=0 drop_out=0 | since: client=0.0s worker=0.0s sent=0.0s | ch=open buf=0 | lag: max=1ms avg=0.3ms | heap=12.9MB rss=57.7MB | gpu0:R pend=1 frames=21871 buf=0 | gpu1:R pend=0 frames=10516 buf=0
[worker 0] timing@frame21901: {'queue_wait_ms': 0.026, 'decode_in_ms': 0.23, 'prompt_ms': 0.0, 'vae_encode_ms': 4.03, 'transformer_plus_decode_ms': 28.83, 'stage_clock': 'wall-clock', 'benchmark_variant': 'baseline', 'output_cast': 'cpu', 'torch_threads': 128, 'terminal_skips': 0, 'jpeg_ms': 0.28, 'total_ms': 33.38}
[worker 0] timing@frame21951: {'queue_wait_ms': 0.024, 'decode_in_ms': 0.2, 'prompt_ms': 0.0, 'vae_encode_ms': 4.07, 'transformer_plus_decode_ms': 28.84, 'stage_clock': 'wall-clock', 'benchmark_variant': 'baseline', 'output_cast': 'cpu', 'torch_threads': 128, 'terminal_skips': 0, 'jpeg_ms': 0.25, 'total_ms': 33.37}
[worker 0] timing@frame22001: {'queue_wait_ms': 0.021, 'decode_in_ms': 0.24, 'prompt_ms': 0.0, 'vae_encode_ms': 4.0, 'transformer_plus_decode_ms': 27.92, 'stage_clock': 'wall-clock', 'benchmark_variant': 'baseline', 'output_cast': 'cpu', 'torch_threads': 128, 'terminal_skips': 0, 'jpeg_ms': 0.27, 'total_ms': 32.44}
[DIAG] t=1705s in=49975 →wk=32528 ←wk=32527 →cl=32455 drop_in=0 drop_out=0 | since: client=0.0s worker=0.0s sent=0.0s | ch=open buf=0 | lag: max=0ms avg=0.3ms | heap=13.1MB rss=57.7MB | gpu0:R pend=1 frames=22011 buf=0 | gpu1:R pend=0 frames=10516 buf=0
[worker 0] timing@frame22051: {'queue_wait_ms': 0.02, 'decode_in_ms': 0.23, 'prompt_ms': 0.0, 'vae_encode_ms': 3.87, 'transformer_plus_decode_ms': 28.74, 'stage_clock': 'wall-clock', 'benchmark_variant': 'baseline', 'output_cast': 'cpu', 'torch_threads': 128, 'terminal_skips': 0, 'jpeg_ms': 0.27, 'total_ms': 33.13}
[worker 0] timing@frame22101: {'queue_wait_ms': 0.02, 'decode_in_ms': 0.24, 'prompt_ms': 0.0, 'vae_encode_ms': 3.89, 'transformer_plus_decode_ms': 28.59, 'stage_clock': 'wall-clock', 'benchmark_variant': 'baseline', 'output_cast': 'cpu', 'torch_threads': 128, 'terminal_skips': 0, 'jpeg_ms': 0.27, 'total_ms': 32.99}
[worker 0] timing@frame22151: {'queue_wait_ms': 0.026, 'decode_in_ms': 0.31, 'prompt_ms': 0.0, 'vae_encode_ms': 4.17, 'transformer_plus_decode_ms': 28.99, 'stage_clock': 'wall-clock', 'benchmark_variant': 'baseline', 'output_cast': 'cpu', 'torch_threads': 128, 'terminal_skips': 0, 'jpeg_ms': 0.27, 'total_ms': 33.76}
[DIAG] t=1710s in=50193 →wk=32670 ←wk=32669 →cl=32597 drop_in=0 drop_out=0 | since: client=0.0s worker=0.0s sent=0.0s | ch=open buf=0 | lag: max=1ms avg=0.3ms | heap=13.2MB rss=57.7MB | gpu0:R pend=1 frames=22153 buf=0 | gpu1:R pend=0 frames=10516 buf=0
[worker 0] timing@frame22201: {'queue_wait_ms': 0.02, 'decode_in_ms': 0.24, 'prompt_ms': 0.0, 'vae_encode_ms': 3.86, 'transformer_plus_decode_ms': 31.82, 'stage_clock': 'wall-clock', 'benchmark_variant': 'baseline', 'output_cast': 'cpu', 'torch_threads': 128, 'terminal_skips': 0, 'jpeg_ms': 0.26, 'total_ms': 36.19}
[worker 0] timing@frame22251: {'queue_wait_ms': 0.021, 'decode_in_ms': 0.19, 'prompt_ms': 0.0, 'vae_encode_ms': 3.85, 'transformer_plus_decode_ms': 28.2, 'stage_clock': 'wall-clock', 'benchmark_variant': 'baseline', 'output_cast': 'cpu', 'torch_threads': 128, 'terminal_skips': 0, 'jpeg_ms': 0.23, 'total_ms': 32.49}
[DIAG] t=1715s in=50412 →wk=32813 ←wk=32812 →cl=32740 drop_in=0 drop_out=0 | since: client=0.0s worker=0.0s sent=0.0s | ch=open buf=0 | lag: max=1ms avg=0.3ms | heap=13.4MB rss=57.7MB | gpu0:R pend=1 frames=22296 buf=0 | gpu1:R pend=0 frames=10516 buf=0
[worker 0] timing@frame22301: {'queue_wait_ms': 0.018, 'decode_in_ms': 0.24, 'prompt_ms': 0.0, 'vae_encode_ms': 3.92, 'transformer_plus_decode_ms': 31.84, 'stage_clock': 'wall-clock', 'benchmark_variant': 'baseline', 'output_cast': 'cpu', 'torch_threads': 128, 'terminal_skips': 0, 'jpeg_ms': 0.29, 'total_ms': 36.31}
[worker 0] timing@frame22351: {'queue_wait_ms': 0.022, 'decode_in_ms': 0.22, 'prompt_ms': 0.0, 'vae_encode_ms': 3.87, 'transformer_plus_decode_ms': 28.65, 'stage_clock': 'wall-clock', 'benchmark_variant': 'baseline', 'output_cast': 'cpu', 'torch_threads': 128, 'terminal_skips': 0, 'jpeg_ms': 0.26, 'total_ms': 33.02}
[worker 0] timing@frame22401: {'queue_wait_ms': 0.021, 'decode_in_ms': 0.25, 'prompt_ms': 0.0, 'vae_encode_ms': 3.97, 'transformer_plus_decode_ms': 32.3, 'stage_clock': 'wall-clock', 'benchmark_variant': 'baseline', 'output_cast': 'cpu', 'torch_threads': 128, 'terminal_skips': 0, 'jpeg_ms': 0.26, 'total_ms': 36.79}
[DIAG] t=1720s in=50621 →wk=32953 ←wk=32952 →cl=32880 drop_in=0 drop_out=0 | since: client=0.0s worker=0.0s sent=0.0s | ch=open buf=0 | lag: max=1ms avg=0.3ms | heap=13.7MB rss=57.7MB | gpu0:R pend=1 frames=22436 buf=0 | gpu1:R pend=0 frames=10516 buf=0
[worker 0] timing@frame22451: {'queue_wait_ms': 0.019, 'decode_in_ms': 0.24, 'prompt_ms': 0.0, 'vae_encode_ms': 3.83, 'transformer_plus_decode_ms': 30.92, 'stage_clock': 'wall-clock', 'benchmark_variant': 'baseline', 'output_cast': 'cpu', 'torch_threads': 128, 'terminal_skips': 0, 'jpeg_ms': 0.25, 'total_ms': 35.25}
[worker 0] timing@frame22501: {'queue_wait_ms': 0.02, 'decode_in_ms': 0.23, 'prompt_ms': 0.0, 'vae_encode_ms': 3.88, 'transformer_plus_decode_ms': 28.6, 'stage_clock': 'wall-clock', 'benchmark_variant': 'baseline', 'output_cast': 'cpu', 'torch_threads': 128, 'terminal_skips': 0, 'jpeg_ms': 0.25, 'total_ms': 32.98}
[worker 0] timing@frame22551: {'queue_wait_ms': 0.021, 'decode_in_ms': 0.2, 'prompt_ms': 0.0, 'vae_encode_ms': 3.9, 'transformer_plus_decode_ms': 28.31, 'stage_clock': 'wall-clock', 'benchmark_variant': 'baseline', 'output_cast': 'cpu', 'torch_threads': 128, 'terminal_skips': 0, 'jpeg_ms': 0.24, 'total_ms': 32.66}
[DIAG] t=1725s in=50837 →wk=33100 ←wk=33099 →cl=33027 drop_in=0 drop_out=0 | since: client=0.0s worker=0.0s sent=0.0s | ch=open buf=0 | lag: max=3ms avg=0.3ms | heap=14.2MB rss=57.7MB | gpu0:R pend=1 frames=22583 buf=0 | gpu1:R pend=0 frames=10516 buf=0
[worker 0] timing@frame22601: {'queue_wait_ms': 0.018, 'decode_in_ms': 0.2, 'prompt_ms': 0.0, 'vae_encode_ms': 12.9, 'transformer_plus_decode_ms': 27.64, 'stage_clock': 'wall-clock', 'benchmark_variant': 'baseline', 'output_cast': 'cpu', 'torch_threads': 128, 'terminal_skips': 0, 'jpeg_ms': 0.24, 'total_ms': 40.99}
[worker 0] timing@frame22651: {'queue_wait_ms': 0.021, 'decode_in_ms': 0.23, 'prompt_ms': 0.0, 'vae_encode_ms': 3.88, 'transformer_plus_decode_ms': 28.63, 'stage_clock': 'wall-clock', 'benchmark_variant': 'baseline', 'output_cast': 'cpu', 'torch_threads': 128, 'terminal_skips': 0, 'jpeg_ms': 0.27, 'total_ms': 33.02}
[worker 0] timing@frame22701: {'queue_wait_ms': 0.021, 'decode_in_ms': 0.24, 'prompt_ms': 0.0, 'vae_encode_ms': 4.02, 'transformer_plus_decode_ms': 29.24, 'stage_clock': 'wall-clock', 'benchmark_variant': 'baseline', 'output_cast': 'cpu', 'torch_threads': 128, 'terminal_skips': 0, 'jpeg_ms': 0.28, 'total_ms': 33.8}
[DIAG] t=1730s in=51056 →wk=33241 ←wk=33240 →cl=33168 drop_in=0 drop_out=0 | since: client=0.0s worker=0.0s sent=0.0s | ch=open buf=0 | lag: max=1ms avg=0.3ms | heap=14.4MB rss=57.7MB | gpu0:R pend=1 frames=22724 buf=0 | gpu1:R pend=0 frames=10516 buf=0
[worker 0] timing@frame22751: {'queue_wait_ms': 0.023, 'decode_in_ms': 0.25, 'prompt_ms': 0.0, 'vae_encode_ms': 4.28, 'transformer_plus_decode_ms': 28.23, 'stage_clock': 'wall-clock', 'benchmark_variant': 'baseline', 'output_cast': 'cpu', 'torch_threads': 128, 'terminal_skips': 0, 'jpeg_ms': 0.29, 'total_ms': 33.07}
[worker 0] timing@frame22801: {'queue_wait_ms': 0.022, 'decode_in_ms': 0.25, 'prompt_ms': 0.0, 'vae_encode_ms': 14.04, 'transformer_plus_decode_ms': 28.31, 'stage_clock': 'wall-clock', 'benchmark_variant': 'baseline', 'output_cast': 'cpu', 'torch_threads': 128, 'terminal_skips': 0, 'jpeg_ms': 0.24, 'total_ms': 42.85}
[DIAG] t=1735s in=51173 →wk=33320 ←wk=33320 →cl=33248 drop_in=0 drop_out=0 | since: client=2.2s worker=2.1s sent=2.1s | ch=open buf=0 | lag: max=1ms avg=0.3ms | heap=14.4MB rss=57.7MB | gpu0:R pend=0 frames=22804 buf=0 | gpu1:R pend=0 frames=10516 buf=0
POST /webrtc/offer
Offer candidates host=2 srflx=1 relay=0
ICE connection state: closed
[DIAG] Connection state: closed (channel=none buf=0)
[DIAG] DataChannel CLOSED (was open)
ICE connection state: new
[DIAG] Connection state: new (channel=none buf=0)
ICE gathering state: gathering
[DIAG] t=1740s in=51173 →wk=33320 ←wk=33320 →cl=33248 drop_in=0 drop_out=0 | since: client=7.2s worker=7.1s sent=7.1s | ch=closed buf=0 | lag: max=2ms avg=0.3ms | heap=14.6MB rss=57.7MB | gpu0:R pend=0 frames=22804 buf=0 | gpu1:R pend=0 frames=10516 buf=0
[DIAG] t=1745s in=51173 →wk=33320 ←wk=33320 →cl=33248 drop_in=0 drop_out=0 | since: client=12.2s worker=12.1s sent=12.1s | ch=closed buf=0 | lag: max=1ms avg=0.3ms | heap=14.7MB rss=57.7MB | gpu0:R pend=0 frames=22804 buf=0 | gpu1:R pend=0 frames=10516 buf=0
Sending SDP answer
ICE gathering state: complete
ICE connection state: connected
[DIAG] Connection state: connected (channel=none buf=0)
DataChannel opened: frames
[worker 1] resolution changed → 768×448, already compiled by idle warmup
[worker 0] resolution changed → 768×448, already compiled by idle warmup
[worker 1] timing@frame10551: {'queue_wait_ms': 0.025, 'decode_in_ms': 0.38, 'prompt_ms': 0.0, 'vae_encode_ms': 8.86, 'transformer_plus_decode_ms': 36.81, 'stage_clock': 'cuda-events', 'benchmark_variant': 'terminal-noop', 'output_cast': 'gpu', 'torch_threads': 128, 'terminal_skips': 1, 'jpeg_ms': 0.43, 'total_ms': 46.51}
[DIAG] t=1750s in=51256 →wk=33396 ←wk=33395 →cl=33322 drop_in=0 drop_out=0 | since: client=0.0s worker=0.0s sent=0.0s | ch=open buf=0 | lag: max=1ms avg=0.3ms | heap=13.5MB rss=55.7MB | gpu0:R pend=0 frames=22842 buf=0 | gpu1:R pend=1 frames=10553 buf=0
[worker 0] timing@frame22851: {'queue_wait_ms': 0.029, 'decode_in_ms': 0.43, 'prompt_ms': 0.0, 'vae_encode_ms': 9.17, 'transformer_plus_decode_ms': 36.26, 'stage_clock': 'cuda-events', 'benchmark_variant': 'terminal-noop', 'output_cast': 'gpu', 'torch_threads': 128, 'terminal_skips': 1, 'jpeg_ms': 0.45, 'total_ms': 46.36}
[worker 1] timing@frame10601: {'queue_wait_ms': 0.023, 'decode_in_ms': 0.38, 'prompt_ms': 0.0, 'vae_encode_ms': 8.88, 'transformer_plus_decode_ms': 36.88, 'stage_clock': 'cuda-events', 'benchmark_variant': 'terminal-noop', 'output_cast': 'gpu', 'torch_threads': 128, 'terminal_skips': 1, 'jpeg_ms': 0.43, 'total_ms': 46.61}
[worker 0] timing@frame22901: {'queue_wait_ms': 0.014, 'decode_in_ms': 0.47, 'prompt_ms': 0.0, 'vae_encode_ms': 16.24, 'transformer_plus_decode_ms': 35.32, 'stage_clock': 'cuda-events', 'benchmark_variant': 'terminal-noop', 'output_cast': 'gpu', 'torch_threads': 128, 'terminal_skips': 1, 'jpeg_ms': 0.51, 'total_ms': 52.59}
[DIAG] t=1755s in=51448 →wk=33575 ←wk=33573 →cl=33500 drop_in=0 drop_out=0 | since: client=0.0s worker=0.0s sent=0.0s | ch=open buf=0 | lag: max=1ms avg=0.3ms | heap=13.6MB rss=53.3MB | gpu0:R pend=1 frames=22931 buf=0 | gpu1:R pend=1 frames=10642 buf=0
[worker 1] timing@frame10651: {'queue_wait_ms': 0.027, 'decode_in_ms': 0.39, 'prompt_ms': 0.0, 'vae_encode_ms': 8.94, 'transformer_plus_decode_ms': 37.31, 'stage_clock': 'cuda-events', 'benchmark_variant': 'terminal-noop', 'output_cast': 'gpu', 'torch_threads': 128, 'terminal_skips': 1, 'jpeg_ms': 0.44, 'total_ms': 47.12}
[worker 0] timing@frame22951: {'queue_wait_ms': 0.024, 'decode_in_ms': 0.42, 'prompt_ms': 0.0, 'vae_encode_ms': 8.64, 'transformer_plus_decode_ms': 35.1, 'stage_clock': 'cuda-events', 'benchmark_variant': 'terminal-noop', 'output_cast': 'gpu', 'torch_threads': 128, 'terminal_skips': 1, 'jpeg_ms': 0.44, 'total_ms': 44.63}
[worker 1] timing@frame10701: {'queue_wait_ms': 0.037, 'decode_in_ms': 0.37, 'prompt_ms': 0.0, 'vae_encode_ms': 8.84, 'transformer_plus_decode_ms': 36.3, 'stage_clock': 'cuda-events', 'benchmark_variant': 'terminal-noop', 'output_cast': 'gpu', 'torch_threads': 128, 'terminal_skips': 1, 'jpeg_ms': 0.42, 'total_ms': 45.96}
[worker 0] timing@frame23001: {'queue_wait_ms': 0.027, 'decode_in_ms': 0.46, 'prompt_ms': 0.0, 'vae_encode_ms': 8.89, 'transformer_plus_decode_ms': 36.16, 'stage_clock': 'cuda-events', 'benchmark_variant': 'terminal-noop', 'output_cast': 'gpu', 'torch_threads': 128, 'terminal_skips': 1, 'jpeg_ms': 0.45, 'total_ms': 46.02}
[DIAG] t=1760s in=51642 →wk=33751 ←wk=33749 →cl=33676 drop_in=0 drop_out=0 | since: client=0.0s worker=0.0s sent=0.0s | ch=open buf=0 | lag: max=1ms avg=0.3ms | heap=13.9MB rss=53.3MB | gpu0:R pend=1 frames=23019 buf=0 | gpu1:R pend=1 frames=10730 buf=0
[worker 1] timing@frame10751: {'queue_wait_ms': 0.03, 'decode_in_ms': 0.39, 'prompt_ms': 0.0, 'vae_encode_ms': 8.72, 'transformer_plus_decode_ms': 36.38, 'stage_clock': 'cuda-events', 'benchmark_variant': 'terminal-noop', 'output_cast': 'gpu', 'torch_threads': 128, 'terminal_skips': 1, 'jpeg_ms': 0.43, 'total_ms': 45.96}
[worker 0] timing@frame23051: {'queue_wait_ms': 0.022, 'decode_in_ms': 0.4, 'prompt_ms': 0.0, 'vae_encode_ms': 8.55, 'transformer_plus_decode_ms': 35.0, 'stage_clock': 'cuda-events', 'benchmark_variant': 'terminal-noop', 'output_cast': 'gpu', 'torch_threads': 128, 'terminal_skips': 1, 'jpeg_ms': 0.45, 'total_ms': 44.45}
[worker 1] timing@frame10801: {'queue_wait_ms': 0.026, 'decode_in_ms': 0.39, 'prompt_ms': 0.0, 'vae_encode_ms': 8.84, 'transformer_plus_decode_ms': 36.34, 'stage_clock': 'cuda-events', 'benchmark_variant': 'terminal-noop', 'output_cast': 'gpu', 'torch_threads': 128, 'terminal_skips': 1, 'jpeg_ms': 0.42, 'total_ms': 46.03}
[worker 0] timing@frame23101: {'queue_wait_ms': 0.029, 'decode_in_ms': 0.41, 'prompt_ms': 0.0, 'vae_encode_ms': 8.63, 'transformer_plus_decode_ms': 35.2, 'stage_clock': 'cuda-events', 'benchmark_variant': 'terminal-noop', 'output_cast': 'gpu', 'torch_threads': 128, 'terminal_skips': 1, 'jpeg_ms': 0.44, 'total_ms': 44.71}
[DIAG] t=1765s in=51836 →wk=33928 ←wk=33927 →cl=33854 drop_in=0 drop_out=0 | since: client=0.0s worker=0.0s sent=0.0s | ch=open buf=0 | lag: max=1ms avg=0.3ms | heap=14.1MB rss=53.3MB | gpu0:R pend=0 frames=23108 buf=0 | gpu1:R pend=1 frames=10819 buf=0
[worker 1] timing@frame10851: {'queue_wait_ms': 0.025, 'decode_in_ms': 0.39, 'prompt_ms': 0.0, 'vae_encode_ms': 8.54, 'transformer_plus_decode_ms': 36.16, 'stage_clock': 'cuda-events', 'benchmark_variant': 'terminal-noop', 'output_cast': 'gpu', 'torch_threads': 128, 'terminal_skips': 1, 'jpeg_ms': 0.44, 'total_ms': 45.56}
[worker 0] timing@frame23151: {'queue_wait_ms': 0.014, 'decode_in_ms': 0.41, 'prompt_ms': 0.0, 'vae_encode_ms': 8.57, 'transformer_plus_decode_ms': 35.17, 'stage_clock': 'cuda-events', 'benchmark_variant': 'terminal-noop', 'output_cast': 'gpu', 'torch_threads': 128, 'terminal_skips': 1, 'jpeg_ms': 0.44, 'total_ms': 44.64}
[worker 1] timing@frame10901: {'queue_wait_ms': 0.014, 'decode_in_ms': 0.38, 'prompt_ms': 0.0, 'vae_encode_ms': 8.54, 'transformer_plus_decode_ms': 36.07, 'stage_clock': 'cuda-events', 'benchmark_variant': 'terminal-noop', 'output_cast': 'gpu', 'torch_threads': 128, 'terminal_skips': 1, 'jpeg_ms': 0.43, 'total_ms': 45.46}
[DIAG] t=1770s in=52038 →wk=34114 ←wk=34112 →cl=34039 drop_in=0 drop_out=0 | since: client=0.0s worker=0.0s sent=0.0s | ch=open buf=0 | lag: max=1ms avg=0.3ms | heap=8.4MB rss=53.3MB | gpu0:R pend=1 frames=23200 buf=0 | gpu1:R pend=1 frames=10912 buf=0
[worker 0] timing@frame23201: {'queue_wait_ms': 0.028, 'decode_in_ms': 0.48, 'prompt_ms': 0.0, 'vae_encode_ms': 9.5, 'transformer_plus_decode_ms': 39.12, 'stage_clock': 'cuda-events', 'benchmark_variant': 'terminal-noop', 'output_cast': 'gpu', 'torch_threads': 128, 'terminal_skips': 1, 'jpeg_ms': 0.51, 'total_ms': 49.67}
[worker 1] timing@frame10951: {'queue_wait_ms': 0.04, 'decode_in_ms': 0.47, 'prompt_ms': 0.0, 'vae_encode_ms': 16.57, 'transformer_plus_decode_ms': 36.26, 'stage_clock': 'cuda-events', 'benchmark_variant': 'terminal-noop', 'output_cast': 'gpu', 'torch_threads': 128, 'terminal_skips': 1, 'jpeg_ms': 0.45, 'total_ms': 53.8}
[worker 0] timing@frame23251: {'queue_wait_ms': 0.028, 'decode_in_ms': 0.4, 'prompt_ms': 0.0, 'vae_encode_ms': 8.5, 'transformer_plus_decode_ms': 35.03, 'stage_clock': 'cuda-events', 'benchmark_variant': 'terminal-noop', 'output_cast': 'gpu', 'torch_threads': 128, 'terminal_skips': 1, 'jpeg_ms': 0.44, 'total_ms': 44.4}
[worker 1] timing@frame11001: {'queue_wait_ms': 0.024, 'decode_in_ms': 0.45, 'prompt_ms': 0.0, 'vae_encode_ms': 8.86, 'transformer_plus_decode_ms': 37.74, 'stage_clock': 'cuda-events', 'benchmark_variant': 'terminal-noop', 'output_cast': 'gpu', 'torch_threads': 128, 'terminal_skips': 1, 'jpeg_ms': 0.47, 'total_ms': 47.59}
[DIAG] t=1775s in=52229 →wk=34292 ←wk=34291 →cl=34218 drop_in=0 drop_out=0 | since: client=0.0s worker=0.0s sent=0.0s | ch=open buf=0 | lag: max=1ms avg=0.3ms | heap=8.1MB rss=53.3MB | gpu0:R pend=0 frames=23290 buf=0 | gpu1:R pend=1 frames=11001 buf=0
[worker 0] timing@frame23301: {'queue_wait_ms': 0.032, 'decode_in_ms': 0.44, 'prompt_ms': 0.01, 'vae_encode_ms': 8.87, 'transformer_plus_decode_ms': 35.59, 'stage_clock': 'cuda-events', 'benchmark_variant': 'terminal-noop', 'output_cast': 'gpu', 'torch_threads': 128, 'terminal_skips': 1, 'jpeg_ms': 0.54, 'total_ms': 45.51}
[worker 1] timing@frame11051: {'queue_wait_ms': 0.027, 'decode_in_ms': 0.42, 'prompt_ms': 0.0, 'vae_encode_ms': 8.67, 'transformer_plus_decode_ms': 36.19, 'stage_clock': 'cuda-events', 'benchmark_variant': 'terminal-noop', 'output_cast': 'gpu', 'torch_threads': 128, 'terminal_skips': 1, 'jpeg_ms': 0.45, 'total_ms': 45.78}
[worker 0] timing@frame23351: {'queue_wait_ms': 0.027, 'decode_in_ms': 0.43, 'prompt_ms': 0.0, 'vae_encode_ms': 8.65, 'transformer_plus_decode_ms': 35.02, 'stage_clock': 'cuda-events', 'benchmark_variant': 'terminal-noop', 'output_cast': 'gpu', 'torch_threads': 128, 'terminal_skips': 1, 'jpeg_ms': 0.45, 'total_ms': 44.6}
[DIAG] t=1780s in=52420 →wk=34465 ←wk=34464 →cl=34391 drop_in=0 drop_out=0 | since: client=0.0s worker=0.0s sent=0.0s | ch=open buf=0 | lag: max=1ms avg=0.3ms | heap=8.9MB rss=53.3MB | gpu0:R pend=1 frames=23376 buf=0 | gpu1:R pend=0 frames=11088 buf=0
[worker 1] timing@frame11101: {'queue_wait_ms': 0.026, 'decode_in_ms': 0.42, 'prompt_ms': 0.0, 'vae_encode_ms': 8.61, 'transformer_plus_decode_ms': 36.08, 'stage_clock': 'cuda-events', 'benchmark_variant': 'terminal-noop', 'output_cast': 'gpu', 'torch_threads': 128, 'terminal_skips': 1, 'jpeg_ms': 0.47, 'total_ms': 45.62}
[worker 0] timing@frame23401: {'queue_wait_ms': 0.022, 'decode_in_ms': 0.41, 'prompt_ms': 0.0, 'vae_encode_ms': 8.59, 'transformer_plus_decode_ms': 34.68, 'stage_clock': 'cuda-events', 'benchmark_variant': 'terminal-noop', 'output_cast': 'gpu', 'torch_threads': 128, 'terminal_skips': 1, 'jpeg_ms': 0.43, 'total_ms': 44.15}
[worker 1] timing@frame11151: {'queue_wait_ms': 0.013, 'decode_in_ms': 0.39, 'prompt_ms': 0.0, 'vae_encode_ms': 8.6, 'transformer_plus_decode_ms': 36.2, 'stage_clock': 'cuda-events', 'benchmark_variant': 'terminal-noop', 'output_cast': 'gpu', 'torch_threads': 128, 'terminal_skips': 1, 'jpeg_ms': 0.45, 'total_ms': 45.7}
[worker 0] timing@frame23451: {'queue_wait_ms': 0.022, 'decode_in_ms': 0.44, 'prompt_ms': 0.0, 'vae_encode_ms': 8.7, 'transformer_plus_decode_ms': 35.68, 'stage_clock': 'cuda-events', 'benchmark_variant': 'terminal-noop', 'output_cast': 'gpu', 'torch_threads': 128, 'terminal_skips': 1, 'jpeg_ms': 0.45, 'total_ms': 45.33}
[DIAG] t=1785s in=52610 →wk=34639 ←wk=34637 →cl=34564 drop_in=0 drop_out=0 | since: client=0.0s worker=0.0s sent=0.0s | ch=open buf=0 | lag: max=1ms avg=0.3ms | heap=8.5MB rss=53.3MB | gpu0:R pend=1 frames=23463 buf=0 | gpu1:R pend=1 frames=11174 buf=0
[worker 1] timing@frame11201: {'queue_wait_ms': 0.04, 'decode_in_ms': 0.4, 'prompt_ms': 0.0, 'vae_encode_ms': 9.15, 'transformer_plus_decode_ms': 36.87, 'stage_clock': 'cuda-events', 'benchmark_variant': 'terminal-noop', 'output_cast': 'gpu', 'torch_threads': 128, 'terminal_skips': 1, 'jpeg_ms': 0.45, 'total_ms': 46.92}
[worker 0] timing@frame23501: {'queue_wait_ms': 0.038, 'decode_in_ms': 0.5, 'prompt_ms': 0.0, 'vae_encode_ms': 17.47, 'transformer_plus_decode_ms': 35.16, 'stage_clock': 'cuda-events', 'benchmark_variant': 'terminal-noop', 'output_cast': 'gpu', 'torch_threads': 128, 'terminal_skips': 1, 'jpeg_ms': 0.46, 'total_ms': 53.63}
[worker 1] timing@frame11251: {'queue_wait_ms': 0.036, 'decode_in_ms': 0.4, 'prompt_ms': 0.0, 'vae_encode_ms': 8.6, 'transformer_plus_decode_ms': 35.62, 'stage_clock': 'cuda-events', 'benchmark_variant': 'terminal-noop', 'output_cast': 'gpu', 'torch_threads': 128, 'terminal_skips': 1, 'jpeg_ms': 0.44, 'total_ms': 45.1}
[worker 0] timing@frame23551: {'queue_wait_ms': 0.022, 'decode_in_ms': 0.43, 'prompt_ms': 0.0, 'vae_encode_ms': 8.71, 'transformer_plus_decode_ms': 35.69, 'stage_clock': 'cuda-events', 'benchmark_variant': 'terminal-noop', 'output_cast': 'gpu', 'torch_threads': 128, 'terminal_skips': 1, 'jpeg_ms': 0.45, 'total_ms': 45.34}
[DIAG] t=1790s in=52804 →wk=34816 ←wk=34814 →cl=34741 drop_in=0 drop_out=0 | since: client=0.0s worker=0.0s sent=0.0s | ch=open buf=0 | lag: max=1ms avg=0.3ms | heap=8.2MB rss=53.3MB | gpu0:R pend=1 frames=23551 buf=0 | gpu1:R pend=1 frames=11263 buf=0
[worker 1] timing@frame11301: {'queue_wait_ms': 0.025, 'decode_in_ms': 0.37, 'prompt_ms': 0.0, 'vae_encode_ms': 8.6, 'transformer_plus_decode_ms': 35.5, 'stage_clock': 'cuda-events', 'benchmark_variant': 'terminal-noop', 'output_cast': 'gpu', 'torch_threads': 128, 'terminal_skips': 1, 'jpeg_ms': 0.43, 'total_ms': 44.93}
[worker 0] timing@frame23601: {'queue_wait_ms': 0.022, 'decode_in_ms': 0.4, 'prompt_ms': 0.0, 'vae_encode_ms': 19.34, 'transformer_plus_decode_ms': 36.64, 'stage_clock': 'cuda-events', 'benchmark_variant': 'terminal-noop', 'output_cast': 'gpu', 'torch_threads': 128, 'terminal_skips': 1, 'jpeg_ms': 0.51, 'total_ms': 56.93}
[DIAG] t=1795s in=52996 →wk=34989 ←wk=34987 →cl=34913 drop_in=0 drop_out=0 | since: client=0.0s worker=0.0s sent=0.0s | ch=open buf=0 | lag: max=1ms avg=0.3ms | heap=9.1MB rss=53.3MB | gpu0:R pend=1 frames=23638 buf=0 | gpu1:R pend=1 frames=11349 buf=0
[worker 1] timing@frame11351: {'queue_wait_ms': 0.024, 'decode_in_ms': 0.39, 'prompt_ms': 0.0, 'vae_encode_ms': 8.63, 'transformer_plus_decode_ms': 35.59, 'stage_clock': 'cuda-events', 'benchmark_variant': 'terminal-noop', 'output_cast': 'gpu', 'torch_threads': 128, 'terminal_skips': 1, 'jpeg_ms': 0.43, 'total_ms': 45.08}
[worker 0] timing@frame23651: {'queue_wait_ms': 0.02, 'decode_in_ms': 0.44, 'prompt_ms': 0.0, 'vae_encode_ms': 8.73, 'transformer_plus_decode_ms': 35.16, 'stage_clock': 'cuda-events', 'benchmark_variant': 'terminal-noop', 'output_cast': 'gpu', 'torch_threads': 128, 'terminal_skips': 1, 'jpeg_ms': 0.47, 'total_ms': 44.84}
[worker 1] timing@frame11401: {'queue_wait_ms': 0.026, 'decode_in_ms': 0.4, 'prompt_ms': 0.0, 'vae_encode_ms': 8.61, 'transformer_plus_decode_ms': 35.46, 'stage_clock': 'cuda-events', 'benchmark_variant': 'terminal-noop', 'output_cast': 'gpu', 'torch_threads': 128, 'terminal_skips': 1, 'jpeg_ms': 0.43, 'total_ms': 44.94}
[worker 0] timing@frame23701: {'queue_wait_ms': 0.037, 'decode_in_ms': 0.43, 'prompt_ms': 0.0, 'vae_encode_ms': 8.78, 'transformer_plus_decode_ms': 35.35, 'stage_clock': 'cuda-events', 'benchmark_variant': 'terminal-noop', 'output_cast': 'gpu', 'torch_threads': 128, 'terminal_skips': 1, 'jpeg_ms': 0.46, 'total_ms': 45.07}
[DIAG] t=1800s in=53203 →wk=35173 ←wk=35171 →cl=35097 drop_in=0 drop_out=0 | since: client=0.0s worker=0.0s sent=0.0s | ch=open buf=0 | lag: max=1ms avg=0.3ms | heap=9.4MB rss=53.3MB | gpu0:R pend=1 frames=23730 buf=0 | gpu1:R pend=1 frames=11441 buf=0
[worker 1] timing@frame11451: {'queue_wait_ms': 0.025, 'decode_in_ms': 0.39, 'prompt_ms': 0.0, 'vae_encode_ms': 8.59, 'transformer_plus_decode_ms': 36.16, 'stage_clock': 'cuda-events', 'benchmark_variant': 'terminal-noop', 'output_cast': 'gpu', 'torch_threads': 128, 'terminal_skips': 1, 'jpeg_ms': 0.44, 'total_ms': 45.62}
[worker 0] timing@frame23751: {'queue_wait_ms': 0.024, 'decode_in_ms': 0.44, 'prompt_ms': 0.0, 'vae_encode_ms': 8.76, 'transformer_plus_decode_ms': 35.49, 'stage_clock': 'cuda-events', 'benchmark_variant': 'terminal-noop', 'output_cast': 'gpu', 'torch_threads': 128, 'terminal_skips': 1, 'jpeg_ms': 0.64, 'total_ms': 45.38}
[worker 1] timing@frame11501: {'queue_wait_ms': 0.024, 'decode_in_ms': 0.38, 'prompt_ms': 0.0, 'vae_encode_ms': 8.54, 'transformer_plus_decode_ms': 35.51, 'stage_clock': 'cuda-events', 'benchmark_variant': 'terminal-noop', 'output_cast': 'gpu', 'torch_threads': 128, 'terminal_skips': 1, 'jpeg_ms': 0.42, 'total_ms': 44.89}
[worker 0] timing@frame23801: {'queue_wait_ms': 0.022, 'decode_in_ms': 0.43, 'prompt_ms': 0.0, 'vae_encode_ms': 8.71, 'transformer_plus_decode_ms': 35.74, 'stage_clock': 'cuda-events', 'benchmark_variant': 'terminal-noop', 'output_cast': 'gpu', 'torch_threads': 128, 'terminal_skips': 1, 'jpeg_ms': 0.45, 'total_ms': 45.37}
[DIAG] t=1805s in=53404 →wk=35353 ←wk=35351 →cl=35277 drop_in=0 drop_out=0 | since: client=0.0s worker=0.0s sent=0.0s | ch=open buf=0 | lag: max=2ms avg=0.3ms | heap=9.2MB rss=53.3MB | gpu0:R pend=1 frames=23820 buf=0 | gpu1:R pend=1 frames=11531 buf=0
[worker 1] timing@frame11551: {'queue_wait_ms': 0.022, 'decode_in_ms': 0.38, 'prompt_ms': 0.0, 'vae_encode_ms': 8.65, 'transformer_plus_decode_ms': 35.94, 'stage_clock': 'cuda-events', 'benchmark_variant': 'terminal-noop', 'output_cast': 'gpu', 'torch_threads': 128, 'terminal_skips': 1, 'jpeg_ms': 0.43, 'total_ms': 45.45}
[worker 0] timing@frame23851: {'queue_wait_ms': 0.028, 'decode_in_ms': 0.55, 'prompt_ms': 0.01, 'vae_encode_ms': 16.58, 'transformer_plus_decode_ms': 37.8, 'stage_clock': 'cuda-events', 'benchmark_variant': 'terminal-noop', 'output_cast': 'gpu', 'torch_threads': 128, 'terminal_skips': 1, 'jpeg_ms': 0.53, 'total_ms': 55.58}
[worker 1] timing@frame11601: {'queue_wait_ms': 0.036, 'decode_in_ms': 0.39, 'prompt_ms': 0.0, 'vae_encode_ms': 8.59, 'transformer_plus_decode_ms': 35.5, 'stage_clock': 'cuda-events', 'benchmark_variant': 'terminal-noop', 'output_cast': 'gpu', 'torch_threads': 128, 'terminal_skips': 1, 'jpeg_ms': 0.44, 'total_ms': 44.97}
[worker 0] timing@frame23901: {'queue_wait_ms': 0.019, 'decode_in_ms': 0.4, 'prompt_ms': 0.0, 'vae_encode_ms': 8.53, 'transformer_plus_decode_ms': 35.11, 'stage_clock': 'cuda-events', 'benchmark_variant': 'terminal-noop', 'output_cast': 'gpu', 'torch_threads': 128, 'terminal_skips': 1, 'jpeg_ms': 0.43, 'total_ms': 44.51}
[DIAG] t=1810s in=53607 →wk=35536 ←wk=35534 →cl=35460 drop_in=0 drop_out=0 | since: client=0.0s worker=0.0s sent=0.0s | ch=open buf=0 | lag: max=1ms avg=0.3ms | heap=9.1MB rss=55.3MB | gpu0:R pend=1 frames=23912 buf=0 | gpu1:R pend=1 frames=11622 buf=0
[worker 1] timing@frame11651: {'queue_wait_ms': 0.026, 'decode_in_ms': 0.4, 'prompt_ms': 0.0, 'vae_encode_ms': 8.6, 'transformer_plus_decode_ms': 35.59, 'stage_clock': 'cuda-events', 'benchmark_variant': 'terminal-noop', 'output_cast': 'gpu', 'torch_threads': 128, 'terminal_skips': 1, 'jpeg_ms': 0.43, 'total_ms': 45.07}
[DIAG] t=1815s in=53686 →wk=35607 ←wk=35607 →cl=35533 drop_in=0 drop_out=0 | since: client=2.9s worker=2.9s sent=2.9s | ch=open buf=0 | lag: max=1ms avg=0.3ms | heap=9.6MB rss=55.3MB | gpu0:R pend=0 frames=23948 buf=0 | gpu1:R pend=0 frames=11659 buf=0
POST /webrtc/offer
Offer candidates host=2 srflx=1 relay=0
ICE connection state: closed
[DIAG] Connection state: closed (channel=none buf=0)
[DIAG] DataChannel CLOSED (was open)
ICE connection state: new
[DIAG] Connection state: new (channel=none buf=0)
ICE gathering state: gathering
[DIAG] t=1820s in=53686 →wk=35607 ←wk=35607 →cl=35533 drop_in=0 drop_out=0 | since: client=7.9s worker=7.9s sent=7.9s | ch=closed buf=0 | lag: max=1ms avg=0.3ms | heap=9.8MB rss=55.3MB | gpu0:R pend=0 frames=23948 buf=0 | gpu1:R pend=0 frames=11659 buf=0
[DIAG] t=1825s in=53686 →wk=35607 ←wk=35607 →cl=35533 drop_in=0 drop_out=0 | since: client=12.9s worker=12.9s sent=12.9s | ch=closed buf=0 | lag: max=1ms avg=0.3ms | heap=9.9MB rss=55.3MB | gpu0:R pend=0 frames=23948 buf=0 | gpu1:R pend=0 frames=11659 buf=0
Sending SDP answer
ICE gathering state: complete
ICE connection state: connected
[DIAG] Connection state: connected (channel=none buf=0)
DataChannel opened: frames
[worker 0] timing@frame23951: {'queue_wait_ms': 0.024, 'decode_in_ms': 0.43, 'prompt_ms': 0.0, 'vae_encode_ms': 9.09, 'transformer_plus_decode_ms': 56.25, 'stage_clock': 'wall-clock', 'benchmark_variant': 'baseline', 'output_cast': 'cpu', 'torch_threads': 128, 'terminal_skips': 0, 'jpeg_ms': 0.53, 'total_ms': 66.32}
[DIAG] t=1830s in=53809 →wk=35681 ←wk=35679 →cl=35605 drop_in=0 drop_out=0 | since: client=0.0s worker=0.0s sent=0.0s | ch=open buf=0 | lag: max=1ms avg=0.3ms | heap=8.9MB rss=55.3MB | gpu0:R pend=1 frames=23984 buf=0 | gpu1:R pend=1 frames=11695 buf=0
[worker 1] timing@frame11701: {'queue_wait_ms': 0.024, 'decode_in_ms': 0.49, 'prompt_ms': 0.0, 'vae_encode_ms': 8.65, 'transformer_plus_decode_ms': 57.12, 'stage_clock': 'wall-clock', 'benchmark_variant': 'baseline', 'output_cast': 'cpu', 'torch_threads': 128, 'terminal_skips': 0, 'jpeg_ms': 0.46, 'total_ms': 66.74}
[worker 0] timing@frame24001: {'queue_wait_ms': 1.145, 'decode_in_ms': 0.46, 'prompt_ms': 0.01, 'vae_encode_ms': 18.59, 'transformer_plus_decode_ms': 56.56, 'stage_clock': 'wall-clock', 'benchmark_variant': 'baseline', 'output_cast': 'cpu', 'torch_threads': 128, 'terminal_skips': 0, 'jpeg_ms': 0.54, 'total_ms': 76.19}
[worker 1] timing@frame11751: {'queue_wait_ms': 0.028, 'decode_in_ms': 0.41, 'prompt_ms': 0.0, 'vae_encode_ms': 8.8, 'transformer_plus_decode_ms': 52.63, 'stage_clock': 'wall-clock', 'benchmark_variant': 'baseline', 'output_cast': 'cpu', 'torch_threads': 128, 'terminal_skips': 0, 'jpeg_ms': 0.44, 'total_ms': 62.3}
[worker 0] timing@frame24051: {'queue_wait_ms': 0.02, 'decode_in_ms': 0.39, 'prompt_ms': 0.0, 'vae_encode_ms': 8.62, 'transformer_plus_decode_ms': 53.83, 'stage_clock': 'wall-clock', 'benchmark_variant': 'baseline', 'output_cast': 'cpu', 'torch_threads': 128, 'terminal_skips': 0, 'jpeg_ms': 0.56, 'total_ms': 63.42}
[DIAG] t=1835s in=54004 →wk=35820 ←wk=35818 →cl=35743 drop_in=0 drop_out=0 | since: client=0.0s worker=0.0s sent=0.0s | ch=open buf=0 | lag: max=0ms avg=0.3ms | heap=9.3MB rss=55.3MB | gpu0:R pend=1 frames=24054 buf=0 | gpu1:R pend=1 frames=11764 buf=0
[worker 1] timing@frame11801: {'queue_wait_ms': 0.026, 'decode_in_ms': 0.44, 'prompt_ms': 0.0, 'vae_encode_ms': 8.85, 'transformer_plus_decode_ms': 59.49, 'stage_clock': 'wall-clock', 'benchmark_variant': 'baseline', 'output_cast': 'cpu', 'torch_threads': 128, 'terminal_skips': 0, 'jpeg_ms': 0.5, 'total_ms': 69.3}
[worker 0] timing@frame24101: {'queue_wait_ms': 0.014, 'decode_in_ms': 0.41, 'prompt_ms': 0.01, 'vae_encode_ms': 8.74, 'transformer_plus_decode_ms': 53.3, 'stage_clock': 'wall-clock', 'benchmark_variant': 'baseline', 'output_cast': 'cpu', 'torch_threads': 128, 'terminal_skips': 0, 'jpeg_ms': 0.46, 'total_ms': 62.93}
[DIAG] t=1840s in=54207 →wk=35961 ←wk=35959 →cl=35884 drop_in=0 drop_out=0 | since: client=0.0s worker=0.0s sent=0.0s | ch=open buf=0 | lag: max=1ms avg=0.3ms | heap=9.3MB rss=55.3MB | gpu0:R pend=1 frames=24125 buf=0 | gpu1:R pend=1 frames=11834 buf=0
[worker 1] timing@frame11851: {'queue_wait_ms': 0.028, 'decode_in_ms': 0.59, 'prompt_ms': 0.0, 'vae_encode_ms': 8.93, 'transformer_plus_decode_ms': 57.63, 'stage_clock': 'wall-clock', 'benchmark_variant': 'baseline', 'output_cast': 'cpu', 'torch_threads': 128, 'terminal_skips': 0, 'jpeg_ms': 0.49, 'total_ms': 67.65}
[worker 0] timing@frame24151: {'queue_wait_ms': 0.021, 'decode_in_ms': 0.41, 'prompt_ms': 0.0, 'vae_encode_ms': 8.67, 'transformer_plus_decode_ms': 53.4, 'stage_clock': 'wall-clock', 'benchmark_variant': 'baseline', 'output_cast': 'cpu', 'torch_threads': 128, 'terminal_skips': 0, 'jpeg_ms': 0.53, 'total_ms': 63.03}
[worker 1] timing@frame11901: {'queue_wait_ms': 0.024, 'decode_in_ms': 0.4, 'prompt_ms': 0.0, 'vae_encode_ms': 8.88, 'transformer_plus_decode_ms': 53.46, 'stage_clock': 'wall-clock', 'benchmark_variant': 'baseline', 'output_cast': 'cpu', 'torch_threads': 128, 'terminal_skips': 0, 'jpeg_ms': 0.51, 'total_ms': 63.27}
[DIAG] t=1845s in=54412 →wk=36104 ←wk=36102 →cl=36027 drop_in=0 drop_out=0 | since: client=0.0s worker=0.0s sent=0.0s | ch=open buf=0 | lag: max=0ms avg=0.3ms | heap=9.9MB rss=55.3MB | gpu0:R pend=1 frames=24196 buf=0 | gpu1:R pend=1 frames=11906 buf=0
[worker 0] timing@frame24201: {'queue_wait_ms': 0.024, 'decode_in_ms': 0.39, 'prompt_ms': 0.0, 'vae_encode_ms': 8.68, 'transformer_plus_decode_ms': 53.52, 'stage_clock': 'wall-clock', 'benchmark_variant': 'baseline', 'output_cast': 'cpu', 'torch_threads': 128, 'terminal_skips': 0, 'jpeg_ms': 0.5, 'total_ms': 63.11}
[worker 1] timing@frame11951: {'queue_wait_ms': 0.028, 'decode_in_ms': 0.43, 'prompt_ms': 0.0, 'vae_encode_ms': 8.84, 'transformer_plus_decode_ms': 55.48, 'stage_clock': 'wall-clock', 'benchmark_variant': 'baseline', 'output_cast': 'cpu', 'torch_threads': 128, 'terminal_skips': 0, 'jpeg_ms': 0.44, 'total_ms': 65.19}
[worker 0] timing@frame24251: {'queue_wait_ms': 0.019, 'decode_in_ms': 0.41, 'prompt_ms': 0.0, 'vae_encode_ms': 8.68, 'transformer_plus_decode_ms': 53.42, 'stage_clock': 'wall-clock', 'benchmark_variant': 'baseline', 'output_cast': 'cpu', 'torch_threads': 128, 'terminal_skips': 0, 'jpeg_ms': 0.46, 'total_ms': 62.99}
[DIAG] t=1850s in=54633 →wk=36247 ←wk=36245 →cl=36170 drop_in=0 drop_out=0 | since: client=0.0s worker=0.0s sent=0.0s | ch=open buf=0 | lag: max=0ms avg=0.3ms | heap=9.4MB rss=55.3MB | gpu0:R pend=1 frames=24268 buf=0 | gpu1:R pend=1 frames=11977 buf=0
[worker 1] timing@frame12001: {'queue_wait_ms': 0.034, 'decode_in_ms': 0.5, 'prompt_ms': 0.0, 'vae_encode_ms': 8.72, 'transformer_plus_decode_ms': 55.77, 'stage_clock': 'wall-clock', 'benchmark_variant': 'baseline', 'output_cast': 'cpu', 'torch_threads': 128, 'terminal_skips': 0, 'jpeg_ms': 0.44, 'total_ms': 65.45}
[worker 0] timing@frame24301: {'queue_wait_ms': 0.035, 'decode_in_ms': 0.42, 'prompt_ms': 0.0, 'vae_encode_ms': 8.86, 'transformer_plus_decode_ms': 54.1, 'stage_clock': 'wall-clock', 'benchmark_variant': 'baseline', 'output_cast': 'cpu', 'torch_threads': 128, 'terminal_skips': 0, 'jpeg_ms': 0.52, 'total_ms': 63.93}
[worker 1] timing@frame12051: {'queue_wait_ms': 0.026, 'decode_in_ms': 0.41, 'prompt_ms': 0.0, 'vae_encode_ms': 8.75, 'transformer_plus_decode_ms': 52.87, 'stage_clock': 'wall-clock', 'benchmark_variant': 'baseline', 'output_cast': 'cpu', 'torch_threads': 128, 'terminal_skips': 0, 'jpeg_ms': 0.49, 'total_ms': 62.54}
[DIAG] t=1855s in=54833 →wk=36394 ←wk=36392 →cl=36317 drop_in=0 drop_out=0 | since: client=0.0s worker=0.0s sent=0.0s | ch=open buf=0 | lag: max=1ms avg=0.3ms | heap=8.9MB rss=55.3MB | gpu0:R pend=1 frames=24341 buf=0 | gpu1:R pend=1 frames=12051 buf=0
[worker 0] timing@frame24351: {'queue_wait_ms': 0.021, 'decode_in_ms': 0.41, 'prompt_ms': 0.0, 'vae_encode_ms': 8.65, 'transformer_plus_decode_ms': 53.01, 'stage_clock': 'wall-clock', 'benchmark_variant': 'baseline', 'output_cast': 'cpu', 'torch_threads': 128, 'terminal_skips': 0, 'jpeg_ms': 0.43, 'total_ms': 62.52}
[worker 1] timing@frame12101: {'queue_wait_ms': 0.024, 'decode_in_ms': 0.43, 'prompt_ms': 0.0, 'vae_encode_ms': 8.63, 'transformer_plus_decode_ms': 54.81, 'stage_clock': 'wall-clock', 'benchmark_variant': 'baseline', 'output_cast': 'cpu', 'torch_threads': 128, 'terminal_skips': 0, 'jpeg_ms': 0.43, 'total_ms': 64.32}
[worker 0] timing@frame24401: {'queue_wait_ms': 0.034, 'decode_in_ms': 0.39, 'prompt_ms': 0.0, 'vae_encode_ms': 8.53, 'transformer_plus_decode_ms': 52.25, 'stage_clock': 'wall-clock', 'benchmark_variant': 'baseline', 'output_cast': 'cpu', 'torch_threads': 128, 'terminal_skips': 0, 'jpeg_ms': 0.44, 'total_ms': 61.63}
[DIAG] t=1860s in=55041 →wk=36542 ←wk=36540 →cl=36465 drop_in=0 drop_out=0 | since: client=0.0s worker=0.0s sent=0.0s | ch=open buf=0 | lag: max=0ms avg=0.3ms | heap=10.1MB rss=55.3MB | gpu0:R pend=1 frames=24415 buf=0 | gpu1:R pend=1 frames=12125 buf=0
[worker 1] timing@frame12151: {'queue_wait_ms': 0.042, 'decode_in_ms': 0.89, 'prompt_ms': 0.01, 'vae_encode_ms': 10.88, 'transformer_plus_decode_ms': 59.03, 'stage_clock': 'wall-clock', 'benchmark_variant': 'baseline', 'output_cast': 'cpu', 'torch_threads': 128, 'terminal_skips': 0, 'jpeg_ms': 0.48, 'total_ms': 71.44}
[worker 0] timing@frame24451: {'queue_wait_ms': 0.019, 'decode_in_ms': 0.38, 'prompt_ms': 0.0, 'vae_encode_ms': 9.45, 'transformer_plus_decode_ms': 54.05, 'stage_clock': 'wall-clock', 'benchmark_variant': 'baseline', 'output_cast': 'cpu', 'torch_threads': 128, 'terminal_skips': 0, 'jpeg_ms': 0.5, 'total_ms': 64.39}
[DIAG] t=1865s in=55259 →wk=36687 ←wk=36685 →cl=36610 drop_in=0 drop_out=0 | since: client=0.0s worker=0.0s sent=0.0s | ch=open buf=0 | lag: max=0ms avg=0.3ms | heap=9.8MB rss=55.3MB | gpu0:R pend=1 frames=24488 buf=0 | gpu1:R pend=1 frames=12197 buf=0
[worker 1] timing@frame12201: {'queue_wait_ms': 0.043, 'decode_in_ms': 0.41, 'prompt_ms': 0.0, 'vae_encode_ms': 8.71, 'transformer_plus_decode_ms': 53.38, 'stage_clock': 'wall-clock', 'benchmark_variant': 'baseline', 'output_cast': 'cpu', 'torch_threads': 128, 'terminal_skips': 0, 'jpeg_ms': 0.49, 'total_ms': 63.0}
[worker 0] timing@frame24501: {'queue_wait_ms': 0.02, 'decode_in_ms': 0.42, 'prompt_ms': 0.0, 'vae_encode_ms': 8.59, 'transformer_plus_decode_ms': 53.34, 'stage_clock': 'wall-clock', 'benchmark_variant': 'baseline', 'output_cast': 'cpu', 'torch_threads': 128, 'terminal_skips': 0, 'jpeg_ms': 0.52, 'total_ms': 62.88}
[worker 1] timing@frame12251: {'queue_wait_ms': 0.021, 'decode_in_ms': 0.41, 'prompt_ms': 0.0, 'vae_encode_ms': 8.73, 'transformer_plus_decode_ms': 55.09, 'stage_clock': 'wall-clock', 'benchmark_variant': 'baseline', 'output_cast': 'cpu', 'torch_threads': 128, 'terminal_skips': 0, 'jpeg_ms': 0.43, 'total_ms': 64.68}
[worker 0] timing@frame24551: {'queue_wait_ms': 0.019, 'decode_in_ms': 0.38, 'prompt_ms': 0.0, 'vae_encode_ms': 8.67, 'transformer_plus_decode_ms': 53.78, 'stage_clock': 'wall-clock', 'benchmark_variant': 'baseline', 'output_cast': 'cpu', 'torch_threads': 128, 'terminal_skips': 0, 'jpeg_ms': 0.52, 'total_ms': 63.36}
[DIAG] t=1870s in=55498 →wk=36837 ←wk=36835 →cl=36760 drop_in=0 drop_out=0 | since: client=0.0s worker=0.0s sent=0.0s | ch=open buf=0 | lag: max=0ms avg=0.3ms | heap=10.0MB rss=55.3MB | gpu0:R pend=1 frames=24563 buf=0 | gpu1:R pend=1 frames=12272 buf=0
[worker 1] timing@frame12301: {'queue_wait_ms': 0.027, 'decode_in_ms': 0.51, 'prompt_ms': 0.0, 'vae_encode_ms': 8.77, 'transformer_plus_decode_ms': 55.99, 'stage_clock': 'wall-clock', 'benchmark_variant': 'baseline', 'output_cast': 'cpu', 'torch_threads': 128, 'terminal_skips': 0, 'jpeg_ms': 0.45, 'total_ms': 65.75}
[worker 0] timing@frame24601: {'queue_wait_ms': 0.022, 'decode_in_ms': 0.42, 'prompt_ms': 0.0, 'vae_encode_ms': 22.47, 'transformer_plus_decode_ms': 56.5, 'stage_clock': 'wall-clock', 'benchmark_variant': 'baseline', 'output_cast': 'cpu', 'torch_threads': 128, 'terminal_skips': 0, 'jpeg_ms': 0.49, 'total_ms': 79.9}
[DIAG] t=1875s in=55740 →wk=36979 ←wk=36977 →cl=36902 drop_in=0 drop_out=0 | since: client=0.0s worker=0.0s sent=0.0s | ch=open buf=0 | lag: max=1ms avg=0.3ms | heap=9.6MB rss=55.3MB | gpu0:R pend=1 frames=24634 buf=0 | gpu1:R pend=1 frames=12343 buf=0
[worker 1] timing@frame12351: {'queue_wait_ms': 0.031, 'decode_in_ms': 0.51, 'prompt_ms': 0.0, 'vae_encode_ms': 9.03, 'transformer_plus_decode_ms': 59.45, 'stage_clock': 'wall-clock', 'benchmark_variant': 'baseline', 'output_cast': 'cpu', 'torch_threads': 128, 'terminal_skips': 0, 'jpeg_ms': 0.47, 'total_ms': 69.47}
[worker 0] timing@frame24651: {'queue_wait_ms': 0.012, 'decode_in_ms': 0.42, 'prompt_ms': 0.0, 'vae_encode_ms': 8.81, 'transformer_plus_decode_ms': 54.78, 'stage_clock': 'wall-clock', 'benchmark_variant': 'baseline', 'output_cast': 'cpu', 'torch_threads': 128, 'terminal_skips': 0, 'jpeg_ms': 0.54, 'total_ms': 64.56}
[worker 1] timing@frame12401: {'queue_wait_ms': 0.025, 'decode_in_ms': 0.45, 'prompt_ms': 0.0, 'vae_encode_ms': 9.42, 'transformer_plus_decode_ms': 56.68, 'stage_clock': 'wall-clock', 'benchmark_variant': 'baseline', 'output_cast': 'cpu', 'torch_threads': 128, 'terminal_skips': 0, 'jpeg_ms': 0.45, 'total_ms': 67.01}
[worker 0] timing@frame24701: {'queue_wait_ms': 0.026, 'decode_in_ms': 0.49, 'prompt_ms': 0.0, 'vae_encode_ms': 26.87, 'transformer_plus_decode_ms': 53.54, 'stage_clock': 'wall-clock', 'benchmark_variant': 'baseline', 'output_cast': 'cpu', 'torch_threads': 128, 'terminal_skips': 0, 'jpeg_ms': 0.47, 'total_ms': 81.38}
[DIAG] t=1880s in=55956 →wk=37120 ←wk=37118 →cl=37043 drop_in=0 drop_out=0 | since: client=0.0s worker=0.0s sent=0.0s | ch=open buf=0 | lag: max=0ms avg=0.3ms | heap=10.6MB rss=55.3MB | gpu0:R pend=1 frames=24704 buf=0 | gpu1:R pend=1 frames=12414 buf=0
[worker 1] timing@frame12451: {'queue_wait_ms': 0.024, 'decode_in_ms': 0.47, 'prompt_ms': 0.0, 'vae_encode_ms': 8.6, 'transformer_plus_decode_ms': 55.25, 'stage_clock': 'wall-clock', 'benchmark_variant': 'baseline', 'output_cast': 'cpu', 'torch_threads': 128, 'terminal_skips': 0, 'jpeg_ms': 0.44, 'total_ms': 64.77}
[worker 0] timing@frame24751: {'queue_wait_ms': 0.026, 'decode_in_ms': 0.4, 'prompt_ms': 0.0, 'vae_encode_ms': 8.8, 'transformer_plus_decode_ms': 54.12, 'stage_clock': 'wall-clock', 'benchmark_variant': 'baseline', 'output_cast': 'cpu', 'torch_threads': 128, 'terminal_skips': 0, 'jpeg_ms': 0.53, 'total_ms': 63.87}
[DIAG] t=1885s in=56199 →wk=37261 ←wk=37259 →cl=37184 drop_in=0 drop_out=0 | since: client=0.0s worker=0.0s sent=0.0s | ch=open buf=0 | lag: max=1ms avg=0.3ms | heap=10.2MB rss=55.3MB | gpu0:R pend=1 frames=24775 buf=0 | gpu1:R pend=1 frames=12484 buf=0
[worker 1] timing@frame12501: {'queue_wait_ms': 0.027, 'decode_in_ms': 0.42, 'prompt_ms': 0.0, 'vae_encode_ms': 8.67, 'transformer_plus_decode_ms': 52.77, 'stage_clock': 'wall-clock', 'benchmark_variant': 'baseline', 'output_cast': 'cpu', 'torch_threads': 128, 'terminal_skips': 0, 'jpeg_ms': 0.49, 'total_ms': 62.36}
[worker 0] timing@frame24801: {'queue_wait_ms': 0.019, 'decode_in_ms': 0.42, 'prompt_ms': 0.0, 'vae_encode_ms': 8.7, 'transformer_plus_decode_ms': 53.6, 'stage_clock': 'wall-clock', 'benchmark_variant': 'baseline', 'output_cast': 'cpu', 'torch_threads': 128, 'terminal_skips': 0, 'jpeg_ms': 0.46, 'total_ms': 63.19}
[worker 1] timing@frame12551: {'queue_wait_ms': 0.028, 'decode_in_ms': 0.44, 'prompt_ms': 0.0, 'vae_encode_ms': 8.61, 'transformer_plus_decode_ms': 54.97, 'stage_clock': 'wall-clock', 'benchmark_variant': 'baseline', 'output_cast': 'cpu', 'torch_threads': 128, 'terminal_skips': 0, 'jpeg_ms': 0.43, 'total_ms': 64.47}
[DIAG] t=1890s in=56426 →wk=37401 ←wk=37399 →cl=37324 drop_in=0 drop_out=0 | since: client=0.0s worker=0.0s sent=0.0s | ch=open buf=0 | lag: max=1ms avg=0.3ms | heap=11.0MB rss=55.3MB | gpu0:R pend=1 frames=24845 buf=0 | gpu1:R pend=1 frames=12554 buf=0
[worker 0] timing@frame24851: {'queue_wait_ms': 0.026, 'decode_in_ms': 0.44, 'prompt_ms': 0.01, 'vae_encode_ms': 9.22, 'transformer_plus_decode_ms': 55.69, 'stage_clock': 'wall-clock', 'benchmark_variant': 'baseline', 'output_cast': 'cpu', 'torch_threads': 128, 'terminal_skips': 0, 'jpeg_ms': 0.53, 'total_ms': 65.91}
[DIAG] t=1895s in=56494 →wk=37443 ←wk=37443 →cl=37368 drop_in=0 drop_out=0 | since: client=3.6s worker=3.5s sent=3.5s | ch=open buf=0 | lag: max=1ms avg=0.3ms | heap=9.7MB rss=55.3MB | gpu0:R pend=0 frames=24867 buf=0 | gpu1:R pend=0 frames=12576 buf=0
POST /webrtc/offer
Offer candidates host=2 srflx=1 relay=0
ICE connection state: closed
[DIAG] Connection state: closed (channel=none buf=0)
[DIAG] DataChannel CLOSED (was open)
ICE connection state: new
[DIAG] Connection state: new (channel=none buf=0)
ICE gathering state: gathering
[DIAG] t=1900s in=56494 →wk=37443 ←wk=37443 →cl=37368 drop_in=0 drop_out=0 | since: client=8.6s worker=8.5s sent=8.5s | ch=closed buf=0 | lag: max=1ms avg=0.3ms | heap=9.9MB rss=55.3MB | gpu0:R pend=0 frames=24867 buf=0 | gpu1:R pend=0 frames=12576 buf=0
[DIAG] t=1905s in=56494 →wk=37443 ←wk=37443 →cl=37368 drop_in=0 drop_out=0 | since: client=13.6s worker=13.5s sent=13.5s | ch=closed buf=0 | lag: max=1ms avg=0.3ms | heap=10.0MB rss=55.3MB | gpu0:R pend=0 frames=24867 buf=0 | gpu1:R pend=0 frames=12576 buf=0
Sending SDP answer
ICE gathering state: complete
ICE connection state: connected
[DIAG] Connection state: connected (channel=none buf=0)
DataChannel opened: frames
[worker 0] timing@frame24901: {'queue_wait_ms': 0.027, 'decode_in_ms': 0.41, 'prompt_ms': 0.0, 'vae_encode_ms': 8.66, 'transformer_plus_decode_ms': 35.18, 'stage_clock': 'cuda-events', 'benchmark_variant': 'terminal-noop', 'output_cast': 'gpu', 'torch_threads': 128, 'terminal_skips': 1, 'jpeg_ms': 0.44, 'total_ms': 44.73}
[DIAG] t=1910s in=56601 →wk=37490 ←wk=37489 →cl=37414 drop_in=0 drop_out=0 | since: client=0.0s worker=0.0s sent=0.0s | ch=open buf=0 | lag: max=1ms avg=0.3ms | heap=9.9MB rss=55.3MB | gpu0:R pend=1 frames=24913 buf=0 | gpu1:R pend=0 frames=12576 buf=0
[worker 0] timing@frame24951: {'queue_wait_ms': 0.026, 'decode_in_ms': 0.41, 'prompt_ms': 0.0, 'vae_encode_ms': 8.77, 'transformer_plus_decode_ms': 35.75, 'stage_clock': 'cuda-events', 'benchmark_variant': 'terminal-noop', 'output_cast': 'gpu', 'torch_threads': 128, 'terminal_skips': 1, 'jpeg_ms': 0.45, 'total_ms': 45.43}
[worker 0] timing@frame25001: {'queue_wait_ms': 0.024, 'decode_in_ms': 0.43, 'prompt_ms': 0.0, 'vae_encode_ms': 8.72, 'transformer_plus_decode_ms': 35.78, 'stage_clock': 'cuda-events', 'benchmark_variant': 'terminal-noop', 'output_cast': 'gpu', 'torch_threads': 128, 'terminal_skips': 1, 'jpeg_ms': 0.44, 'total_ms': 45.42}
[DIAG] t=1915s in=56819 →wk=37599 ←wk=37598 →cl=37523 drop_in=0 drop_out=0 | since: client=0.0s worker=0.0s sent=0.0s | ch=open buf=0 | lag: max=1ms avg=0.3ms | heap=10.3MB rss=57.3MB | gpu0:R pend=1 frames=25022 buf=0 | gpu1:R pend=0 frames=12576 buf=0
[worker 0] timing@frame25051: {'queue_wait_ms': 0.031, 'decode_in_ms': 0.43, 'prompt_ms': 0.0, 'vae_encode_ms': 8.77, 'transformer_plus_decode_ms': 36.04, 'stage_clock': 'cuda-events', 'benchmark_variant': 'terminal-noop', 'output_cast': 'gpu', 'torch_threads': 128, 'terminal_skips': 1, 'jpeg_ms': 0.45, 'total_ms': 45.74}
[worker 0] timing@frame25101: {'queue_wait_ms': 0.023, 'decode_in_ms': 0.42, 'prompt_ms': 0.0, 'vae_encode_ms': 8.72, 'transformer_plus_decode_ms': 35.48, 'stage_clock': 'cuda-events', 'benchmark_variant': 'terminal-noop', 'output_cast': 'gpu', 'torch_threads': 128, 'terminal_skips': 1, 'jpeg_ms': 0.44, 'total_ms': 45.11}
[DIAG] t=1920s in=57052 →wk=37710 ←wk=37709 →cl=37634 drop_in=0 drop_out=0 | since: client=0.0s worker=0.0s sent=0.0s | ch=open buf=0 | lag: max=1ms avg=0.3ms | heap=10.2MB rss=57.3MB | gpu0:R pend=1 frames=25133 buf=0 | gpu1:R pend=0 frames=12576 buf=0
[worker 0] timing@frame25151: {'queue_wait_ms': 0.021, 'decode_in_ms': 0.41, 'prompt_ms': 0.0, 'vae_encode_ms': 8.63, 'transformer_plus_decode_ms': 34.93, 'stage_clock': 'cuda-events', 'benchmark_variant': 'terminal-noop', 'output_cast': 'gpu', 'torch_threads': 128, 'terminal_skips': 1, 'jpeg_ms': 0.44, 'total_ms': 44.45}
[worker 0] timing@frame25201: {'queue_wait_ms': 0.026, 'decode_in_ms': 0.4, 'prompt_ms': 0.0, 'vae_encode_ms': 8.65, 'transformer_plus_decode_ms': 35.03, 'stage_clock': 'cuda-events', 'benchmark_variant': 'terminal-noop', 'output_cast': 'gpu', 'torch_threads': 128, 'terminal_skips': 1, 'jpeg_ms': 0.44, 'total_ms': 44.55}
[DIAG] t=1925s in=57288 →wk=37821 ←wk=37820 →cl=37745 drop_in=0 drop_out=0 | since: client=0.0s worker=0.0s sent=0.0s | ch=open buf=0 | lag: max=1ms avg=0.3ms | heap=10.1MB rss=57.3MB | gpu0:R pend=1 frames=25244 buf=0 | gpu1:R pend=0 frames=12576 buf=0
[worker 0] timing@frame25251: {'queue_wait_ms': 0.021, 'decode_in_ms': 0.4, 'prompt_ms': 0.0, 'vae_encode_ms': 8.69, 'transformer_plus_decode_ms': 35.22, 'stage_clock': 'cuda-events', 'benchmark_variant': 'terminal-noop', 'output_cast': 'gpu', 'torch_threads': 128, 'terminal_skips': 1, 'jpeg_ms': 0.44, 'total_ms': 44.78}
[worker 0] timing@frame25301: {'queue_wait_ms': 0.028, 'decode_in_ms': 0.4, 'prompt_ms': 0.0, 'vae_encode_ms': 8.63, 'transformer_plus_decode_ms': 36.5, 'stage_clock': 'cuda-events', 'benchmark_variant': 'terminal-noop', 'output_cast': 'gpu', 'torch_threads': 128, 'terminal_skips': 1, 'jpeg_ms': 0.44, 'total_ms': 46.0}
[worker 0] timing@frame25351: {'queue_wait_ms': 0.013, 'decode_in_ms': 0.41, 'prompt_ms': 0.0, 'vae_encode_ms': 8.67, 'transformer_plus_decode_ms': 35.01, 'stage_clock': 'cuda-events', 'benchmark_variant': 'terminal-noop', 'output_cast': 'gpu', 'torch_threads': 128, 'terminal_skips': 1, 'jpeg_ms': 0.44, 'total_ms': 44.56}
[DIAG] t=1930s in=57511 →wk=37932 ←wk=37931 →cl=37856 drop_in=0 drop_out=0 | since: client=0.0s worker=0.0s sent=0.0s | ch=open buf=0 | lag: max=1ms avg=0.3ms | heap=10.7MB rss=57.3MB | gpu0:R pend=1 frames=25355 buf=0 | gpu1:R pend=0 frames=12576 buf=0
[worker 0] timing@frame25401: {'queue_wait_ms': 0.026, 'decode_in_ms': 0.41, 'prompt_ms': 0.0, 'vae_encode_ms': 8.63, 'transformer_plus_decode_ms': 35.16, 'stage_clock': 'cuda-events', 'benchmark_variant': 'terminal-noop', 'output_cast': 'gpu', 'torch_threads': 128, 'terminal_skips': 1, 'jpeg_ms': 0.44, 'total_ms': 44.67}
[worker 0] timing@frame25451: {'queue_wait_ms': 0.012, 'decode_in_ms': 0.42, 'prompt_ms': 0.0, 'vae_encode_ms': 8.83, 'transformer_plus_decode_ms': 35.72, 'stage_clock': 'cuda-events', 'benchmark_variant': 'terminal-noop', 'output_cast': 'gpu', 'torch_threads': 128, 'terminal_skips': 1, 'jpeg_ms': 0.46, 'total_ms': 45.49}
[DIAG] t=1935s in=57744 →wk=38043 ←wk=38042 →cl=37967 drop_in=0 drop_out=0 | since: client=0.0s worker=0.0s sent=0.0s | ch=open buf=0 | lag: max=2ms avg=0.3ms | heap=11.4MB rss=57.3MB | gpu0:R pend=1 frames=25466 buf=0 | gpu1:R pend=0 frames=12576 buf=0
[worker 0] timing@frame25501: {'queue_wait_ms': 0.021, 'decode_in_ms': 0.4, 'prompt_ms': 0.0, 'vae_encode_ms': 8.56, 'transformer_plus_decode_ms': 35.59, 'stage_clock': 'cuda-events', 'benchmark_variant': 'terminal-noop', 'output_cast': 'gpu', 'torch_threads': 128, 'terminal_skips': 1, 'jpeg_ms': 0.46, 'total_ms': 45.06}
[worker 0] timing@frame25551: {'queue_wait_ms': 0.021, 'decode_in_ms': 0.41, 'prompt_ms': 0.0, 'vae_encode_ms': 8.59, 'transformer_plus_decode_ms': 34.76, 'stage_clock': 'cuda-events', 'benchmark_variant': 'terminal-noop', 'output_cast': 'gpu', 'torch_threads': 128, 'terminal_skips': 1, 'jpeg_ms': 0.44, 'total_ms': 44.24}
[DIAG] t=1940s in=57978 →wk=38155 ←wk=38154 →cl=38079 drop_in=0 drop_out=0 | since: client=0.0s worker=0.0s sent=0.0s | ch=open buf=0 | lag: max=1ms avg=0.3ms | heap=10.6MB rss=57.3MB | gpu0:R pend=1 frames=25578 buf=0 | gpu1:R pend=0 frames=12576 buf=0
[worker 0] timing@frame25601: {'queue_wait_ms': 0.013, 'decode_in_ms': 0.41, 'prompt_ms': 0.0, 'vae_encode_ms': 8.8, 'transformer_plus_decode_ms': 35.54, 'stage_clock': 'cuda-events', 'benchmark_variant': 'terminal-noop', 'output_cast': 'gpu', 'torch_threads': 128, 'terminal_skips': 1, 'jpeg_ms': 0.44, 'total_ms': 45.25}
[worker 0] timing@frame25651: {'queue_wait_ms': 0.019, 'decode_in_ms': 0.4, 'prompt_ms': 0.0, 'vae_encode_ms': 8.58, 'transformer_plus_decode_ms': 34.98, 'stage_clock': 'cuda-events', 'benchmark_variant': 'terminal-noop', 'output_cast': 'gpu', 'torch_threads': 128, 'terminal_skips': 1, 'jpeg_ms': 0.44, 'total_ms': 44.44}
[DIAG] t=1945s in=58215 →wk=38269 ←wk=38268 →cl=38193 drop_in=0 drop_out=0 | since: client=0.0s worker=0.0s sent=0.0s | ch=open buf=0 | lag: max=1ms avg=0.3ms | heap=11.7MB rss=57.3MB | gpu0:R pend=1 frames=25692 buf=0 | gpu1:R pend=0 frames=12576 buf=0
[worker 0] timing@frame25701: {'queue_wait_ms': 0.027, 'decode_in_ms': 0.39, 'prompt_ms': 0.0, 'vae_encode_ms': 8.59, 'transformer_plus_decode_ms': 34.87, 'stage_clock': 'cuda-events', 'benchmark_variant': 'terminal-noop', 'output_cast': 'gpu', 'torch_threads': 128, 'terminal_skips': 1, 'jpeg_ms': 0.43, 'total_ms': 44.33}
[worker 0] timing@frame25751: {'queue_wait_ms': 0.023, 'decode_in_ms': 0.43, 'prompt_ms': 0.0, 'vae_encode_ms': 8.67, 'transformer_plus_decode_ms': 34.7, 'stage_clock': 'cuda-events', 'benchmark_variant': 'terminal-noop', 'output_cast': 'gpu', 'torch_threads': 128, 'terminal_skips': 1, 'jpeg_ms': 0.43, 'total_ms': 44.26}
[DIAG] t=1950s in=58462 →wk=38376 ←wk=38375 →cl=38300 drop_in=0 drop_out=0 | since: client=0.0s worker=0.0s sent=0.0s | ch=open buf=0 | lag: max=2ms avg=0.3ms | heap=10.8MB rss=57.3MB | gpu0:R pend=1 frames=25799 buf=0 | gpu1:R pend=0 frames=12576 buf=0
[worker 0] timing@frame25801: {'queue_wait_ms': 0.021, 'decode_in_ms': 0.41, 'prompt_ms': 0.0, 'vae_encode_ms': 8.66, 'transformer_plus_decode_ms': 35.1, 'stage_clock': 'cuda-events', 'benchmark_variant': 'terminal-noop', 'output_cast': 'gpu', 'torch_threads': 128, 'terminal_skips': 1, 'jpeg_ms': 0.44, 'total_ms': 44.65}
[worker 0] timing@frame25851: {'queue_wait_ms': 0.024, 'decode_in_ms': 0.4, 'prompt_ms': 0.0, 'vae_encode_ms': 8.57, 'transformer_plus_decode_ms': 34.96, 'stage_clock': 'cuda-events', 'benchmark_variant': 'terminal-noop', 'output_cast': 'gpu', 'torch_threads': 128, 'terminal_skips': 1, 'jpeg_ms': 0.44, 'total_ms': 44.42}
[worker 0] timing@frame25901: {'queue_wait_ms': 0.021, 'decode_in_ms': 0.4, 'prompt_ms': 0.0, 'vae_encode_ms': 8.6, 'transformer_plus_decode_ms': 34.87, 'stage_clock': 'cuda-events', 'benchmark_variant': 'terminal-noop', 'output_cast': 'gpu', 'torch_threads': 128, 'terminal_skips': 1, 'jpeg_ms': 0.44, 'total_ms': 44.34}
[DIAG] t=1955s in=58708 →wk=38489 ←wk=38488 →cl=38413 drop_in=0 drop_out=0 | since: client=0.0s worker=0.0s sent=0.0s | ch=open buf=0 | lag: max=1ms avg=0.3ms | heap=11.7MB rss=57.3MB | gpu0:R pend=1 frames=25912 buf=0 | gpu1:R pend=0 frames=12576 buf=0
[worker 0] timing@frame25951: {'queue_wait_ms': 0.027, 'decode_in_ms': 0.46, 'prompt_ms': 0.0, 'vae_encode_ms': 9.36, 'transformer_plus_decode_ms': 36.01, 'stage_clock': 'cuda-events', 'benchmark_variant': 'terminal-noop', 'output_cast': 'gpu', 'torch_threads': 128, 'terminal_skips': 1, 'jpeg_ms': 0.44, 'total_ms': 46.33}
[worker 0] timing@frame26001: {'queue_wait_ms': 0.023, 'decode_in_ms': 0.4, 'prompt_ms': 0.0, 'vae_encode_ms': 8.57, 'transformer_plus_decode_ms': 34.8, 'stage_clock': 'cuda-events', 'benchmark_variant': 'terminal-noop', 'output_cast': 'gpu', 'torch_threads': 128, 'terminal_skips': 1, 'jpeg_ms': 0.44, 'total_ms': 44.24}
[DIAG] t=1960s in=58962 →wk=38603 ←wk=38602 →cl=38527 drop_in=0 drop_out=0 | since: client=0.0s worker=0.0s sent=0.0s | ch=open buf=0 | lag: max=1ms avg=0.3ms | heap=11.4MB rss=57.3MB | gpu0:R pend=1 frames=26026 buf=0 | gpu1:R pend=0 frames=12576 buf=0
[worker 0] timing@frame26051: {'queue_wait_ms': 0.024, 'decode_in_ms': 0.39, 'prompt_ms': 0.0, 'vae_encode_ms': 8.58, 'transformer_plus_decode_ms': 34.91, 'stage_clock': 'cuda-events', 'benchmark_variant': 'terminal-noop', 'output_cast': 'gpu', 'torch_threads': 128, 'terminal_skips': 1, 'jpeg_ms': 0.44, 'total_ms': 44.36}
[worker 0] timing@frame26101: {'queue_wait_ms': 0.022, 'decode_in_ms': 0.39, 'prompt_ms': 0.0, 'vae_encode_ms': 8.57, 'transformer_plus_decode_ms': 34.75, 'stage_clock': 'cuda-events', 'benchmark_variant': 'terminal-noop', 'output_cast': 'gpu', 'torch_threads': 128, 'terminal_skips': 1, 'jpeg_ms': 0.43, 'total_ms': 44.18}
[DIAG] t=1965s in=59218 →wk=38720 ←wk=38719 →cl=38644 drop_in=0 drop_out=0 | since: client=0.0s worker=0.0s sent=0.0s | ch=open buf=0 | lag: max=1ms avg=0.3ms | heap=11.4MB rss=57.3MB | gpu0:R pend=1 frames=26143 buf=0 | gpu1:R pend=0 frames=12576 buf=0
[worker 0] timing@frame26151: {'queue_wait_ms': 0.021, 'decode_in_ms': 0.39, 'prompt_ms': 0.0, 'vae_encode_ms': 8.6, 'transformer_plus_decode_ms': 34.8, 'stage_clock': 'cuda-events', 'benchmark_variant': 'terminal-noop', 'output_cast': 'gpu', 'torch_threads': 128, 'terminal_skips': 1, 'jpeg_ms': 0.43, 'total_ms': 44.25}
[worker 0] timing@frame26201: {'queue_wait_ms': 0.021, 'decode_in_ms': 0.43, 'prompt_ms': 0.0, 'vae_encode_ms': 8.71, 'transformer_plus_decode_ms': 35.74, 'stage_clock': 'cuda-events', 'benchmark_variant': 'terminal-noop', 'output_cast': 'gpu', 'torch_threads': 128, 'terminal_skips': 1, 'jpeg_ms': 0.44, 'total_ms': 45.36}
[worker 0] timing@frame26251: {'queue_wait_ms': 0.022, 'decode_in_ms': 0.42, 'prompt_ms': 0.0, 'vae_encode_ms': 8.59, 'transformer_plus_decode_ms': 35.15, 'stage_clock': 'cuda-events', 'benchmark_variant': 'terminal-noop', 'output_cast': 'gpu', 'torch_threads': 128, 'terminal_skips': 1, 'jpeg_ms': 0.45, 'total_ms': 44.66}
[DIAG] t=1970s in=59462 →wk=38830 ←wk=38829 →cl=38754 drop_in=0 drop_out=0 | since: client=0.0s worker=0.0s sent=0.0s | ch=open buf=0 | lag: max=2ms avg=0.3ms | heap=10.7MB rss=57.3MB | gpu0:R pend=1 frames=26253 buf=0 | gpu1:R pend=0 frames=12576 buf=0
[DIAG] t=1975s in=59557 →wk=38869 ←wk=38869 →cl=38794 drop_in=0 drop_out=0 | since: client=3.3s worker=3.2s sent=3.2s | ch=open buf=0 | lag: max=1ms avg=0.3ms | heap=11.0MB rss=57.3MB | gpu0:R pend=0 frames=26293 buf=0 | gpu1:R pend=0 frames=12576 buf=0
POST /webrtc/offer
Offer candidates host=2 srflx=1 relay=0
ICE connection state: closed
[DIAG] Connection state: closed (channel=none buf=0)
[DIAG] DataChannel CLOSED (was open)
ICE connection state: new
[DIAG] Connection state: new (channel=none buf=0)
ICE gathering state: gathering
[DIAG] t=1980s in=59557 →wk=38869 ←wk=38869 →cl=38794 drop_in=0 drop_out=0 | since: client=8.3s worker=8.2s sent=8.2s | ch=closed buf=0 | lag: max=1ms avg=0.3ms | heap=11.2MB rss=57.3MB | gpu0:R pend=0 frames=26293 buf=0 | gpu1:R pend=0 frames=12576 buf=0
[DIAG] t=1985s in=59557 →wk=38869 ←wk=38869 →cl=38794 drop_in=0 drop_out=0 | since: client=13.3s worker=13.2s sent=13.2s | ch=closed buf=0 | lag: max=1ms avg=0.3ms | heap=11.3MB rss=57.3MB | gpu0:R pend=0 frames=26293 buf=0 | gpu1:R pend=0 frames=12576 buf=0
Sending SDP answer
ICE gathering state: complete
ICE connection state: connected
[DIAG] Connection state: connected (channel=none buf=0)
DataChannel opened: frames
[worker 0] timing@frame26301: {'queue_wait_ms': 0.024, 'decode_in_ms': 0.41, 'prompt_ms': 0.0, 'vae_encode_ms': 8.57, 'transformer_plus_decode_ms': 55.11, 'stage_clock': 'wall-clock', 'benchmark_variant': 'baseline', 'output_cast': 'cpu', 'torch_threads': 128, 'terminal_skips': 0, 'jpeg_ms': 0.47, 'total_ms': 64.58}
[DIAG] t=1990s in=59721 →wk=38915 ←wk=38914 →cl=38839 drop_in=0 drop_out=0 | since: client=0.0s worker=0.1s sent=0.1s | ch=open buf=0 | lag: max=1ms avg=0.3ms | heap=10.8MB rss=59.3MB | gpu0:R pend=1 frames=26338 buf=0 | gpu1:R pend=0 frames=12576 buf=0
[worker 0] timing@frame26351: {'queue_wait_ms': 0.022, 'decode_in_ms': 0.39, 'prompt_ms': 0.0, 'vae_encode_ms': 8.58, 'transformer_plus_decode_ms': 55.85, 'stage_clock': 'wall-clock', 'benchmark_variant': 'baseline', 'output_cast': 'cpu', 'torch_threads': 128, 'terminal_skips': 0, 'jpeg_ms': 0.45, 'total_ms': 65.28}
[worker 0] timing@frame26401: {'queue_wait_ms': 0.025, 'decode_in_ms': 0.42, 'prompt_ms': 0.0, 'vae_encode_ms': 19.32, 'transformer_plus_decode_ms': 56.04, 'stage_clock': 'wall-clock', 'benchmark_variant': 'baseline', 'output_cast': 'cpu', 'torch_threads': 128, 'terminal_skips': 0, 'jpeg_ms': 0.47, 'total_ms': 76.27}
[DIAG] t=1995s in=59986 →wk=38991 ←wk=38990 →cl=38915 drop_in=0 drop_out=0 | since: client=0.0s worker=0.0s sent=0.0s | ch=open buf=0 | lag: max=0ms avg=0.3ms | heap=11.5MB rss=57.3MB | gpu0:R pend=1 frames=26414 buf=0 | gpu1:R pend=0 frames=12576 buf=0
[worker 0] timing@frame26451: {'queue_wait_ms': 0.023, 'decode_in_ms': 0.42, 'prompt_ms': 0.0, 'vae_encode_ms': 8.69, 'transformer_plus_decode_ms': 55.66, 'stage_clock': 'wall-clock', 'benchmark_variant': 'baseline', 'output_cast': 'cpu', 'torch_threads': 128, 'terminal_skips': 0, 'jpeg_ms': 0.44, 'total_ms': 65.23}
[DIAG] t=2000s in=60264 →wk=39066 ←wk=39065 →cl=38990 drop_in=0 drop_out=0 | since: client=0.0s worker=0.0s sent=0.0s | ch=open buf=0 | lag: max=2ms avg=0.3ms | heap=11.2MB rss=57.3MB | gpu0:R pend=1 frames=26489 buf=0 | gpu1:R pend=0 frames=12576 buf=0
[worker 0] timing@frame26501: {'queue_wait_ms': 0.023, 'decode_in_ms': 0.37, 'prompt_ms': 0.0, 'vae_encode_ms': 8.62, 'transformer_plus_decode_ms': 55.1, 'stage_clock': 'wall-clock', 'benchmark_variant': 'baseline', 'output_cast': 'cpu', 'torch_threads': 128, 'terminal_skips': 0, 'jpeg_ms': 0.45, 'total_ms': 64.55}
[worker 0] timing@frame26551: {'queue_wait_ms': 0.021, 'decode_in_ms': 0.38, 'prompt_ms': 0.0, 'vae_encode_ms': 8.56, 'transformer_plus_decode_ms': 54.74, 'stage_clock': 'wall-clock', 'benchmark_variant': 'baseline', 'output_cast': 'cpu', 'torch_threads': 128, 'terminal_skips': 0, 'jpeg_ms': 0.43, 'total_ms': 64.13}
[DIAG] t=2005s in=60531 →wk=39142 ←wk=39141 →cl=39066 drop_in=0 drop_out=0 | since: client=0.0s worker=0.1s sent=0.1s | ch=open buf=0 | lag: max=1ms avg=0.3ms | heap=11.1MB rss=57.3MB | gpu0:R pend=1 frames=26565 buf=0 | gpu1:R pend=0 frames=12576 buf=0
[worker 0] timing@frame26601: {'queue_wait_ms': 0.021, 'decode_in_ms': 0.38, 'prompt_ms': 0.0, 'vae_encode_ms': 8.55, 'transformer_plus_decode_ms': 55.0, 'stage_clock': 'wall-clock', 'benchmark_variant': 'baseline', 'output_cast': 'cpu', 'torch_threads': 128, 'terminal_skips': 0, 'jpeg_ms': 0.44, 'total_ms': 64.39}
[DIAG] t=2010s in=60792 →wk=39219 ←wk=39218 →cl=39143 drop_in=0 drop_out=0 | since: client=0.0s worker=0.0s sent=0.0s | ch=open buf=0 | lag: max=1ms avg=0.3ms | heap=11.8MB rss=57.3MB | gpu0:R pend=1 frames=26642 buf=0 | gpu1:R pend=0 frames=12576 buf=0
[worker 0] timing@frame26651: {'queue_wait_ms': 0.021, 'decode_in_ms': 0.4, 'prompt_ms': 0.0, 'vae_encode_ms': 8.64, 'transformer_plus_decode_ms': 55.35, 'stage_clock': 'wall-clock', 'benchmark_variant': 'baseline', 'output_cast': 'cpu', 'torch_threads': 128, 'terminal_skips': 0, 'jpeg_ms': 0.45, 'total_ms': 64.86}
[worker 0] timing@frame26701: {'queue_wait_ms': 0.021, 'decode_in_ms': 0.41, 'prompt_ms': 0.0, 'vae_encode_ms': 8.58, 'transformer_plus_decode_ms': 55.46, 'stage_clock': 'wall-clock', 'benchmark_variant': 'baseline', 'output_cast': 'cpu', 'torch_threads': 128, 'terminal_skips': 0, 'jpeg_ms': 0.45, 'total_ms': 64.93}
[DIAG] t=2015s in=61056 →wk=39295 ←wk=39294 →cl=39219 drop_in=0 drop_out=0 | since: client=0.0s worker=0.0s sent=0.0s | ch=open buf=0 | lag: max=1ms avg=0.3ms | heap=11.6MB rss=57.3MB | gpu0:R pend=1 frames=26718 buf=0 | gpu1:R pend=0 frames=12576 buf=0
[worker 0] timing@frame26751: {'queue_wait_ms': 0.03, 'decode_in_ms': 0.38, 'prompt_ms': 0.0, 'vae_encode_ms': 8.54, 'transformer_plus_decode_ms': 55.17, 'stage_clock': 'wall-clock', 'benchmark_variant': 'baseline', 'output_cast': 'cpu', 'torch_threads': 128, 'terminal_skips': 0, 'jpeg_ms': 0.43, 'total_ms': 64.53}
[DIAG] t=2020s in=61330 →wk=39369 ←wk=39368 →cl=39293 drop_in=0 drop_out=0 | since: client=0.0s worker=0.1s sent=0.1s | ch=open buf=0 | lag: max=0ms avg=0.3ms | heap=12.3MB rss=57.3MB | gpu0:R pend=1 frames=26792 buf=0 | gpu1:R pend=0 frames=12576 buf=0
[worker 0] timing@frame26801: {'queue_wait_ms': 0.022, 'decode_in_ms': 0.44, 'prompt_ms': 0.0, 'vae_encode_ms': 8.68, 'transformer_plus_decode_ms': 55.65, 'stage_clock': 'wall-clock', 'benchmark_variant': 'baseline', 'output_cast': 'cpu', 'torch_threads': 128, 'terminal_skips': 0, 'jpeg_ms': 0.46, 'total_ms': 65.24}
[worker 0] timing@frame26851: {'queue_wait_ms': 0.013, 'decode_in_ms': 0.42, 'prompt_ms': 0.0, 'vae_encode_ms': 8.85, 'transformer_plus_decode_ms': 55.48, 'stage_clock': 'wall-clock', 'benchmark_variant': 'baseline', 'output_cast': 'cpu', 'torch_threads': 128, 'terminal_skips': 0, 'jpeg_ms': 0.43, 'total_ms': 65.2}
[DIAG] t=2025s in=61594 →wk=39445 ←wk=39444 →cl=39369 drop_in=0 drop_out=0 | since: client=0.0s worker=0.0s sent=0.0s | ch=open buf=0 | lag: max=1ms avg=0.3ms | heap=11.4MB rss=57.3MB | gpu0:R pend=1 frames=26868 buf=0 | gpu1:R pend=0 frames=12576 buf=0
[worker 0] timing@frame26901: {'queue_wait_ms': 0.024, 'decode_in_ms': 0.41, 'prompt_ms': 0.0, 'vae_encode_ms': 8.67, 'transformer_plus_decode_ms': 59.76, 'stage_clock': 'wall-clock', 'benchmark_variant': 'baseline', 'output_cast': 'cpu', 'torch_threads': 128, 'terminal_skips': 0, 'jpeg_ms': 0.46, 'total_ms': 69.32}
[DIAG] t=2030s in=61859 →wk=39520 ←wk=39519 →cl=39444 drop_in=0 drop_out=0 | since: client=0.0s worker=0.1s sent=0.1s | ch=open buf=0 | lag: max=1ms avg=0.3ms | heap=12.1MB rss=57.3MB | gpu0:R pend=1 frames=26943 buf=0 | gpu1:R pend=0 frames=12576 buf=0
[worker 0] timing@frame26951: {'queue_wait_ms': 0.023, 'decode_in_ms': 0.37, 'prompt_ms': 0.0, 'vae_encode_ms': 8.5, 'transformer_plus_decode_ms': 55.13, 'stage_clock': 'wall-clock', 'benchmark_variant': 'baseline', 'output_cast': 'cpu', 'torch_threads': 128, 'terminal_skips': 0, 'jpeg_ms': 0.44, 'total_ms': 64.46}
[worker 0] timing@frame27001: {'queue_wait_ms': 0.022, 'decode_in_ms': 0.43, 'prompt_ms': 0.0, 'vae_encode_ms': 8.7, 'transformer_plus_decode_ms': 55.37, 'stage_clock': 'wall-clock', 'benchmark_variant': 'baseline', 'output_cast': 'cpu', 'torch_threads': 128, 'terminal_skips': 0, 'jpeg_ms': 0.43, 'total_ms': 64.95}
[DIAG] t=2035s in=62129 →wk=39596 ←wk=39595 →cl=39520 drop_in=0 drop_out=0 | since: client=0.0s worker=0.0s sent=0.0s | ch=open buf=0 | lag: max=1ms avg=0.3ms | heap=12.8MB rss=57.3MB | gpu0:R pend=1 frames=27019 buf=0 | gpu1:R pend=0 frames=12576 buf=0
[worker 0] timing@frame27051: {'queue_wait_ms': 0.021, 'decode_in_ms': 0.42, 'prompt_ms': 0.0, 'vae_encode_ms': 8.65, 'transformer_plus_decode_ms': 56.51, 'stage_clock': 'wall-clock', 'benchmark_variant': 'baseline', 'output_cast': 'cpu', 'torch_threads': 128, 'terminal_skips': 0, 'jpeg_ms': 0.54, 'total_ms': 66.14}
[DIAG] t=2040s in=62394 →wk=39672 ←wk=39671 →cl=39596 drop_in=0 drop_out=0 | since: client=0.0s worker=0.1s sent=0.1s | ch=open buf=0 | lag: max=1ms avg=0.3ms | heap=11.9MB rss=57.3MB | gpu0:R pend=1 frames=27095 buf=0 | gpu1:R pend=0 frames=12576 buf=0
[worker 0] timing@frame27101: {'queue_wait_ms': 0.022, 'decode_in_ms': 0.38, 'prompt_ms': 0.0, 'vae_encode_ms': 8.7, 'transformer_plus_decode_ms': 55.0, 'stage_clock': 'wall-clock', 'benchmark_variant': 'baseline', 'output_cast': 'cpu', 'torch_threads': 128, 'terminal_skips': 0, 'jpeg_ms': 0.44, 'total_ms': 64.54}
[worker 0] timing@frame27151: {'queue_wait_ms': 0.02, 'decode_in_ms': 0.38, 'prompt_ms': 0.0, 'vae_encode_ms': 8.57, 'transformer_plus_decode_ms': 54.93, 'stage_clock': 'wall-clock', 'benchmark_variant': 'baseline', 'output_cast': 'cpu', 'torch_threads': 128, 'terminal_skips': 0, 'jpeg_ms': 0.44, 'total_ms': 64.34}
[DIAG] t=2045s in=62648 →wk=39750 ←wk=39749 →cl=39674 drop_in=0 drop_out=0 | since: client=0.0s worker=0.1s sent=0.1s | ch=open buf=0 | lag: max=1ms avg=0.3ms | heap=12.6MB rss=57.3MB | gpu0:R pend=1 frames=27173 buf=0 | gpu1:R pend=0 frames=12576 buf=0
[worker 0] timing@frame27201: {'queue_wait_ms': 0.011, 'decode_in_ms': 0.42, 'prompt_ms': 0.0, 'vae_encode_ms': 8.76, 'transformer_plus_decode_ms': 55.78, 'stage_clock': 'wall-clock', 'benchmark_variant': 'baseline', 'output_cast': 'cpu', 'torch_threads': 128, 'terminal_skips': 0, 'jpeg_ms': 0.45, 'total_ms': 65.43}
[DIAG] t=2050s in=62896 →wk=39827 ←wk=39826 →cl=39751 drop_in=0 drop_out=0 | since: client=0.0s worker=0.1s sent=0.1s | ch=open buf=0 | lag: max=1ms avg=0.3ms | heap=13.0MB rss=57.3MB | gpu0:R pend=1 frames=27250 buf=0 | gpu1:R pend=0 frames=12576 buf=0
[worker 0] timing@frame27251: {'queue_wait_ms': 0.014, 'decode_in_ms': 0.38, 'prompt_ms': 0.0, 'vae_encode_ms': 8.58, 'transformer_plus_decode_ms': 55.09, 'stage_clock': 'wall-clock', 'benchmark_variant': 'baseline', 'output_cast': 'cpu', 'torch_threads': 128, 'terminal_skips': 0, 'jpeg_ms': 0.44, 'total_ms': 64.51}
[DIAG] t=2055s in=63008 →wk=39862 ←wk=39862 →cl=39787 drop_in=0 drop_out=0 | since: client=2.8s worker=2.7s sent=2.7s | ch=open buf=0 | lag: max=1ms avg=0.3ms | heap=13.1MB rss=57.3MB | gpu0:R pend=0 frames=27286 buf=0 | gpu1:R pend=0 frames=12576 buf=0
POST /webrtc/offer
Offer candidates host=2 srflx=1 relay=0
ICE connection state: closed
[DIAG] Connection state: closed (channel=none buf=0)
[DIAG] DataChannel CLOSED (was open)
ICE connection state: new
[DIAG] Connection state: new (channel=none buf=0)
ICE gathering state: gathering
[DIAG] t=2060s in=63008 →wk=39862 ←wk=39862 →cl=39787 drop_in=0 drop_out=0 | since: client=7.8s worker=7.7s sent=7.7s | ch=closed buf=0 | lag: max=1ms avg=0.3ms | heap=11.9MB rss=57.3MB | gpu0:R pend=0 frames=27286 buf=0 | gpu1:R pend=0 frames=12576 buf=0
[DIAG] t=2065s in=63008 →wk=39862 ←wk=39862 →cl=39787 drop_in=0 drop_out=0 | since: client=12.8s worker=12.7s sent=12.7s | ch=closed buf=0 | lag: max=1ms avg=0.3ms | heap=12.0MB rss=57.3MB | gpu0:R pend=0 frames=27286 buf=0 | gpu1:R pend=0 frames=12576 buf=0
Sending SDP answer
ICE gathering state: complete
ICE connection state: connected
[DIAG] Connection state: connected (channel=none buf=0)
DataChannel opened: frames
[worker 1] resolution changed → 1024×576, already compiled by idle warmup
[worker 0] resolution changed → 1024×576, already compiled by idle warmup
[worker 0] timing@frame27301: {'queue_wait_ms': 0.025, 'decode_in_ms': 0.71, 'prompt_ms': 0.01, 'vae_encode_ms': 27.87, 'transformer_plus_decode_ms': 62.52, 'stage_clock': 'cuda-events', 'benchmark_variant': 'terminal-noop', 'output_cast': 'gpu', 'torch_threads': 128, 'terminal_skips': 1, 'jpeg_ms': 0.75, 'total_ms': 91.93}
[worker 1] timing@frame12601: {'queue_wait_ms': 0.025, 'decode_in_ms': 0.61, 'prompt_ms': 0.0, 'vae_encode_ms': 18.29, 'transformer_plus_decode_ms': 58.62, 'stage_clock': 'cuda-events', 'benchmark_variant': 'terminal-noop', 'output_cast': 'gpu', 'torch_threads': 128, 'terminal_skips': 1, 'jpeg_ms': 0.72, 'total_ms': 78.29}
[DIAG] t=2070s in=63120 →wk=39918 ←wk=39916 →cl=39841 drop_in=0 drop_out=0 | since: client=0.0s worker=0.0s sent=0.0s | ch=open buf=0 | lag: max=1ms avg=0.3ms | heap=12.5MB rss=50.9MB | gpu0:R pend=1 frames=27313 buf=0 | gpu1:R pend=1 frames=12603 buf=0
[worker 0] timing@frame27351: {'queue_wait_ms': 0.032, 'decode_in_ms': 0.68, 'prompt_ms': 0.0, 'vae_encode_ms': 17.28, 'transformer_plus_decode_ms': 61.73, 'stage_clock': 'cuda-events', 'benchmark_variant': 'terminal-noop', 'output_cast': 'gpu', 'torch_threads': 128, 'terminal_skips': 1, 'jpeg_ms': 0.75, 'total_ms': 80.51}
[worker 1] timing@frame12651: {'queue_wait_ms': 0.022, 'decode_in_ms': 0.61, 'prompt_ms': 0.0, 'vae_encode_ms': 17.93, 'transformer_plus_decode_ms': 62.06, 'stage_clock': 'cuda-events', 'benchmark_variant': 'terminal-noop', 'output_cast': 'gpu', 'torch_threads': 128, 'terminal_skips': 1, 'jpeg_ms': 0.72, 'total_ms': 81.38}
[DIAG] t=2075s in=63363 →wk=40040 ←wk=40038 →cl=39963 drop_in=0 drop_out=0 | since: client=0.0s worker=0.0s sent=0.0s | ch=open buf=0 | lag: max=1ms avg=0.3ms | heap=12.2MB rss=48.8MB | gpu0:R pend=1 frames=27374 buf=0 | gpu1:R pend=1 frames=12664 buf=0
[worker 0] timing@frame27401: {'queue_wait_ms': 0.026, 'decode_in_ms': 0.67, 'prompt_ms': 0.01, 'vae_encode_ms': 17.52, 'transformer_plus_decode_ms': 57.24, 'stage_clock': 'cuda-events', 'benchmark_variant': 'terminal-noop', 'output_cast': 'gpu', 'torch_threads': 128, 'terminal_skips': 1, 'jpeg_ms': 0.74, 'total_ms': 76.23}
[worker 1] timing@frame12701: {'queue_wait_ms': 0.028, 'decode_in_ms': 0.82, 'prompt_ms': 0.0, 'vae_encode_ms': 28.12, 'transformer_plus_decode_ms': 61.13, 'stage_clock': 'cuda-events', 'benchmark_variant': 'terminal-noop', 'output_cast': 'gpu', 'torch_threads': 128, 'terminal_skips': 1, 'jpeg_ms': 0.74, 'total_ms': 90.86}
[DIAG] t=2080s in=63593 →wk=40162 ←wk=40160 →cl=40085 drop_in=0 drop_out=0 | since: client=0.0s worker=0.0s sent=0.0s | ch=open buf=0 | lag: max=1ms avg=0.3ms | heap=12.5MB rss=48.8MB | gpu0:R pend=1 frames=27435 buf=0 | gpu1:R pend=1 frames=12725 buf=0
[worker 0] timing@frame27451: {'queue_wait_ms': 0.025, 'decode_in_ms': 0.7, 'prompt_ms': 0.01, 'vae_encode_ms': 17.55, 'transformer_plus_decode_ms': 61.29, 'stage_clock': 'cuda-events', 'benchmark_variant': 'terminal-noop', 'output_cast': 'gpu', 'torch_threads': 128, 'terminal_skips': 1, 'jpeg_ms': 0.75, 'total_ms': 80.36}
[worker 1] timing@frame12751: {'queue_wait_ms': 0.026, 'decode_in_ms': 0.62, 'prompt_ms': 0.0, 'vae_encode_ms': 17.44, 'transformer_plus_decode_ms': 56.67, 'stage_clock': 'cuda-events', 'benchmark_variant': 'terminal-noop', 'output_cast': 'gpu', 'torch_threads': 128, 'terminal_skips': 1, 'jpeg_ms': 0.73, 'total_ms': 75.52}
[DIAG] t=2085s in=63818 →wk=40280 ←wk=40278 →cl=40203 drop_in=0 drop_out=0 | since: client=0.0s worker=0.0s sent=0.0s | ch=open buf=0 | lag: max=1ms avg=0.3ms | heap=12.4MB rss=48.8MB | gpu0:R pend=1 frames=27494 buf=0 | gpu1:R pend=1 frames=12784 buf=0
[worker 0] timing@frame27501: {'queue_wait_ms': 0.022, 'decode_in_ms': 0.67, 'prompt_ms': 0.0, 'vae_encode_ms': 17.18, 'transformer_plus_decode_ms': 60.88, 'stage_clock': 'cuda-events', 'benchmark_variant': 'terminal-noop', 'output_cast': 'gpu', 'torch_threads': 128, 'terminal_skips': 1, 'jpeg_ms': 0.74, 'total_ms': 79.52}
[worker 1] timing@frame12801: {'queue_wait_ms': 0.027, 'decode_in_ms': 0.61, 'prompt_ms': 0.0, 'vae_encode_ms': 17.24, 'transformer_plus_decode_ms': 61.1, 'stage_clock': 'cuda-events', 'benchmark_variant': 'terminal-noop', 'output_cast': 'gpu', 'torch_threads': 128, 'terminal_skips': 1, 'jpeg_ms': 0.71, 'total_ms': 79.72}
[worker 0] timing@frame27551: {'queue_wait_ms': 0.039, 'decode_in_ms': 0.94, 'prompt_ms': 0.01, 'vae_encode_ms': 29.5, 'transformer_plus_decode_ms': 58.6, 'stage_clock': 'cuda-events', 'benchmark_variant': 'terminal-noop', 'output_cast': 'gpu', 'torch_threads': 128, 'terminal_skips': 1, 'jpeg_ms': 0.75, 'total_ms': 89.92}
[DIAG] t=2090s in=64031 →wk=40402 ←wk=40400 →cl=40325 drop_in=0 drop_out=0 | since: client=0.0s worker=0.0s sent=0.0s | ch=open buf=0 | lag: max=0ms avg=0.3ms | heap=12.7MB rss=48.8MB | gpu0:R pend=1 frames=27555 buf=0 | gpu1:R pend=1 frames=12845 buf=0
[worker 1] timing@frame12851: {'queue_wait_ms': 0.029, 'decode_in_ms': 0.61, 'prompt_ms': 0.0, 'vae_encode_ms': 17.15, 'transformer_plus_decode_ms': 61.46, 'stage_clock': 'cuda-events', 'benchmark_variant': 'terminal-noop', 'output_cast': 'gpu', 'torch_threads': 128, 'terminal_skips': 1, 'jpeg_ms': 0.88, 'total_ms': 80.16}
[worker 0] timing@frame27601: {'queue_wait_ms': 0.028, 'decode_in_ms': 0.79, 'prompt_ms': 0.01, 'vae_encode_ms': 17.49, 'transformer_plus_decode_ms': 61.08, 'stage_clock': 'cuda-events', 'benchmark_variant': 'terminal-noop', 'output_cast': 'gpu', 'torch_threads': 128, 'terminal_skips': 1, 'jpeg_ms': 0.75, 'total_ms': 80.18}
[worker 1] timing@frame12901: {'queue_wait_ms': 0.032, 'decode_in_ms': 0.63, 'prompt_ms': 0.0, 'vae_encode_ms': 17.42, 'transformer_plus_decode_ms': 61.26, 'stage_clock': 'cuda-events', 'benchmark_variant': 'terminal-noop', 'output_cast': 'gpu', 'torch_threads': 128, 'terminal_skips': 1, 'jpeg_ms': 0.73, 'total_ms': 80.09}
[DIAG] t=2095s in=64263 →wk=40524 ←wk=40522 →cl=40447 drop_in=0 drop_out=0 | since: client=0.0s worker=0.0s sent=0.0s | ch=open buf=0 | lag: max=1ms avg=0.3ms | heap=13.1MB rss=48.8MB | gpu0:R pend=1 frames=27616 buf=0 | gpu1:R pend=1 frames=12906 buf=0
[worker 0] timing@frame27651: {'queue_wait_ms': 0.021, 'decode_in_ms': 0.67, 'prompt_ms': 0.0, 'vae_encode_ms': 17.25, 'transformer_plus_decode_ms': 60.82, 'stage_clock': 'cuda-events', 'benchmark_variant': 'terminal-noop', 'output_cast': 'gpu', 'torch_threads': 128, 'terminal_skips': 1, 'jpeg_ms': 0.72, 'total_ms': 79.51}
[worker 1] timing@frame12951: {'queue_wait_ms': 0.027, 'decode_in_ms': 0.61, 'prompt_ms': 0.0, 'vae_encode_ms': 17.75, 'transformer_plus_decode_ms': 56.71, 'stage_clock': 'cuda-events', 'benchmark_variant': 'terminal-noop', 'output_cast': 'gpu', 'torch_threads': 128, 'terminal_skips': 1, 'jpeg_ms': 0.73, 'total_ms': 75.85}
[DIAG] t=2100s in=64481 →wk=40646 ←wk=40644 →cl=40569 drop_in=0 drop_out=0 | since: client=0.0s worker=0.0s sent=0.0s | ch=open buf=0 | lag: max=1ms avg=0.3ms | heap=13.2MB rss=48.8MB | gpu0:R pend=1 frames=27677 buf=0 | gpu1:R pend=1 frames=12967 buf=0
[worker 0] timing@frame27701: {'queue_wait_ms': 0.021, 'decode_in_ms': 0.67, 'prompt_ms': 0.0, 'vae_encode_ms': 17.58, 'transformer_plus_decode_ms': 57.13, 'stage_clock': 'cuda-events', 'benchmark_variant': 'terminal-noop', 'output_cast': 'gpu', 'torch_threads': 128, 'terminal_skips': 1, 'jpeg_ms': 0.73, 'total_ms': 76.17}
[worker 1] timing@frame13001: {'queue_wait_ms': 0.032, 'decode_in_ms': 0.62, 'prompt_ms': 0.0, 'vae_encode_ms': 17.32, 'transformer_plus_decode_ms': 62.37, 'stage_clock': 'cuda-events', 'benchmark_variant': 'terminal-noop', 'output_cast': 'gpu', 'torch_threads': 128, 'terminal_skips': 1, 'jpeg_ms': 0.72, 'total_ms': 81.08}
[DIAG] t=2105s in=64709 →wk=40769 ←wk=40767 →cl=40692 drop_in=0 drop_out=0 | since: client=0.0s worker=0.0s sent=0.0s | ch=open buf=0 | lag: max=0ms avg=0.3ms | heap=13.6MB rss=48.8MB | gpu0:R pend=1 frames=27738 buf=0 | gpu1:R pend=1 frames=13029 buf=0
[worker 0] timing@frame27751: {'queue_wait_ms': 0.019, 'decode_in_ms': 0.67, 'prompt_ms': 0.0, 'vae_encode_ms': 17.5, 'transformer_plus_decode_ms': 61.19, 'stage_clock': 'cuda-events', 'benchmark_variant': 'terminal-noop', 'output_cast': 'gpu', 'torch_threads': 128, 'terminal_skips': 1, 'jpeg_ms': 0.71, 'total_ms': 80.13}
[worker 1] timing@frame13051: {'queue_wait_ms': 0.03, 'decode_in_ms': 0.64, 'prompt_ms': 0.0, 'vae_encode_ms': 17.35, 'transformer_plus_decode_ms': 61.82, 'stage_clock': 'cuda-events', 'benchmark_variant': 'terminal-noop', 'output_cast': 'gpu', 'torch_threads': 128, 'terminal_skips': 1, 'jpeg_ms': 0.73, 'total_ms': 80.59}
[DIAG] t=2110s in=64932 →wk=40889 ←wk=40887 →cl=40812 drop_in=0 drop_out=0 | since: client=0.0s worker=0.0s sent=0.0s | ch=open buf=0 | lag: max=1ms avg=0.3ms | heap=12.5MB rss=48.8MB | gpu0:R pend=1 frames=27798 buf=0 | gpu1:R pend=1 frames=13089 buf=0
[worker 0] timing@frame27801: {'queue_wait_ms': 0.023, 'decode_in_ms': 0.7, 'prompt_ms': 0.0, 'vae_encode_ms': 17.42, 'transformer_plus_decode_ms': 61.33, 'stage_clock': 'cuda-events', 'benchmark_variant': 'terminal-noop', 'output_cast': 'gpu', 'torch_threads': 128, 'terminal_skips': 1, 'jpeg_ms': 0.73, 'total_ms': 80.23}
[worker 1] timing@frame13101: {'queue_wait_ms': 0.029, 'decode_in_ms': 0.63, 'prompt_ms': 0.0, 'vae_encode_ms': 17.63, 'transformer_plus_decode_ms': 56.79, 'stage_clock': 'cuda-events', 'benchmark_variant': 'terminal-noop', 'output_cast': 'gpu', 'torch_threads': 128, 'terminal_skips': 1, 'jpeg_ms': 0.73, 'total_ms': 75.83}
[worker 0] timing@frame27851: {'queue_wait_ms': 0.027, 'decode_in_ms': 0.67, 'prompt_ms': 0.01, 'vae_encode_ms': 17.81, 'transformer_plus_decode_ms': 57.46, 'stage_clock': 'cuda-events', 'benchmark_variant': 'terminal-noop', 'output_cast': 'gpu', 'torch_threads': 128, 'terminal_skips': 1, 'jpeg_ms': 0.74, 'total_ms': 76.75}
[DIAG] t=2115s in=65144 →wk=41006 ←wk=41005 →cl=40930 drop_in=0 drop_out=0 | since: client=0.0s worker=0.0s sent=0.0s | ch=open buf=0 | lag: max=1ms avg=0.3ms | heap=9.1MB rss=48.8MB | gpu0:R pend=1 frames=27857 buf=0 | gpu1:R pend=0 frames=13148 buf=0
[worker 1] timing@frame13151: {'queue_wait_ms': 0.027, 'decode_in_ms': 0.61, 'prompt_ms': 0.0, 'vae_encode_ms': 17.27, 'transformer_plus_decode_ms': 60.88, 'stage_clock': 'cuda-events', 'benchmark_variant': 'terminal-noop', 'output_cast': 'gpu', 'torch_threads': 128, 'terminal_skips': 1, 'jpeg_ms': 0.73, 'total_ms': 79.54}
[worker 0] timing@frame27901: {'queue_wait_ms': 0.022, 'decode_in_ms': 0.7, 'prompt_ms': 0.0, 'vae_encode_ms': 17.4, 'transformer_plus_decode_ms': 58.65, 'stage_clock': 'cuda-events', 'benchmark_variant': 'terminal-noop', 'output_cast': 'gpu', 'torch_threads': 128, 'terminal_skips': 1, 'jpeg_ms': 0.75, 'total_ms': 77.56}
[worker 1] timing@frame13201: {'queue_wait_ms': 0.028, 'decode_in_ms': 0.65, 'prompt_ms': 0.0, 'vae_encode_ms': 26.02, 'transformer_plus_decode_ms': 61.68, 'stage_clock': 'cuda-events', 'benchmark_variant': 'terminal-noop', 'output_cast': 'gpu', 'torch_threads': 128, 'terminal_skips': 1, 'jpeg_ms': 0.72, 'total_ms': 89.12}
[DIAG] t=2120s in=65357 →wk=41128 ←wk=41126 →cl=41051 drop_in=0 drop_out=0 | since: client=0.0s worker=0.0s sent=0.0s | ch=open buf=0 | lag: max=0ms avg=0.3ms | heap=9.3MB rss=50.8MB | gpu0:R pend=1 frames=27918 buf=0 | gpu1:R pend=1 frames=13208 buf=0
[worker 0] timing@frame27951: {'queue_wait_ms': 0.022, 'decode_in_ms': 0.65, 'prompt_ms': 0.0, 'vae_encode_ms': 17.28, 'transformer_plus_decode_ms': 61.02, 'stage_clock': 'cuda-events', 'benchmark_variant': 'terminal-noop', 'output_cast': 'gpu', 'torch_threads': 128, 'terminal_skips': 1, 'jpeg_ms': 0.72, 'total_ms': 79.73}
[worker 1] timing@frame13251: {'queue_wait_ms': 0.028, 'decode_in_ms': 0.64, 'prompt_ms': 0.0, 'vae_encode_ms': 23.74, 'transformer_plus_decode_ms': 61.84, 'stage_clock': 'cuda-events', 'benchmark_variant': 'terminal-noop', 'output_cast': 'gpu', 'torch_threads': 128, 'terminal_skips': 1, 'jpeg_ms': 0.74, 'total_ms': 87.02}
[DIAG] t=2125s in=65583 →wk=41253 ←wk=41251 →cl=41176 drop_in=0 drop_out=0 | since: client=0.0s worker=0.0s sent=0.0s | ch=open buf=0 | lag: max=1ms avg=0.3ms | heap=9.7MB rss=50.8MB | gpu0:R pend=1 frames=27980 buf=0 | gpu1:R pend=1 frames=13271 buf=0
[worker 0] timing@frame28001: {'queue_wait_ms': 0.023, 'decode_in_ms': 0.68, 'prompt_ms': 0.0, 'vae_encode_ms': 21.47, 'transformer_plus_decode_ms': 57.16, 'stage_clock': 'cuda-events', 'benchmark_variant': 'terminal-noop', 'output_cast': 'gpu', 'torch_threads': 128, 'terminal_skips': 1, 'jpeg_ms': 0.74, 'total_ms': 80.1}
[worker 1] timing@frame13301: {'queue_wait_ms': 0.031, 'decode_in_ms': 0.61, 'prompt_ms': 0.0, 'vae_encode_ms': 17.73, 'transformer_plus_decode_ms': 56.76, 'stage_clock': 'cuda-events', 'benchmark_variant': 'terminal-noop', 'output_cast': 'gpu', 'torch_threads': 128, 'terminal_skips': 1, 'jpeg_ms': 0.71, 'total_ms': 75.87}
[DIAG] t=2130s in=65798 →wk=41377 ←wk=41375 →cl=41300 drop_in=0 drop_out=0 | since: client=0.0s worker=0.0s sent=0.0s | ch=open buf=0 | lag: max=0ms avg=0.3ms | heap=9.9MB rss=50.8MB | gpu0:R pend=1 frames=28042 buf=0 | gpu1:R pend=1 frames=13333 buf=0
[worker 0] timing@frame28051: {'queue_wait_ms': 0.015, 'decode_in_ms': 0.69, 'prompt_ms': 0.0, 'vae_encode_ms': 17.45, 'transformer_plus_decode_ms': 61.65, 'stage_clock': 'cuda-events', 'benchmark_variant': 'terminal-noop', 'output_cast': 'gpu', 'torch_threads': 128, 'terminal_skips': 1, 'jpeg_ms': 0.74, 'total_ms': 80.59}
[worker 1] timing@frame13351: {'queue_wait_ms': 0.027, 'decode_in_ms': 0.58, 'prompt_ms': 0.0, 'vae_encode_ms': 17.29, 'transformer_plus_decode_ms': 61.53, 'stage_clock': 'cuda-events', 'benchmark_variant': 'terminal-noop', 'output_cast': 'gpu', 'torch_threads': 128, 'terminal_skips': 1, 'jpeg_ms': 0.71, 'total_ms': 80.16}
[DIAG] t=2135s in=65878 →wk=41420 ←wk=41420 →cl=41345 drop_in=0 drop_out=0 | since: client=3.3s worker=3.2s sent=3.2s | ch=open buf=0 | lag: max=1ms avg=0.3ms | heap=8.4MB rss=50.8MB | gpu0:R pend=0 frames=28065 buf=0 | gpu1:R pend=0 frames=13355 buf=0
POST /webrtc/offer
Offer candidates host=2 srflx=1 relay=0
ICE connection state: closed
[DIAG] Connection state: closed (channel=none buf=0)
[DIAG] DataChannel CLOSED (was open)
ICE connection state: new
[DIAG] Connection state: new (channel=none buf=0)
ICE gathering state: gathering
[DIAG] t=2140s in=65878 →wk=41420 ←wk=41420 →cl=41345 drop_in=0 drop_out=0 | since: client=8.3s worker=8.2s sent=8.2s | ch=closed buf=0 | lag: max=1ms avg=0.3ms | heap=8.7MB rss=52.8MB | gpu0:R pend=0 frames=28065 buf=0 | gpu1:R pend=0 frames=13355 buf=0
[DIAG] t=2145s in=65878 →wk=41420 ←wk=41420 →cl=41345 drop_in=0 drop_out=0 | since: client=13.3s worker=13.2s sent=13.2s | ch=closed buf=0 | lag: max=1ms avg=0.3ms | heap=8.9MB rss=52.8MB | gpu0:R pend=0 frames=28065 buf=0 | gpu1:R pend=0 frames=13355 buf=0
Sending SDP answer
ICE gathering state: complete
ICE connection state: connected
[DIAG] Connection state: connected (channel=none buf=0)
DataChannel opened: frames
[DIAG] t=2150s in=66012 →wk=41471 ←wk=41469 →cl=41394 drop_in=0 drop_out=0 | since: client=0.0s worker=0.1s sent=0.1s | ch=open buf=0 | lag: max=1ms avg=0.3ms | heap=8.5MB rss=46.6MB | gpu0:R pend=1 frames=28089 buf=0 | gpu1:R pend=1 frames=13380 buf=0
[worker 0] timing@frame28101: {'queue_wait_ms': 0.022, 'decode_in_ms': 0.72, 'prompt_ms': 0.0, 'vae_encode_ms': 17.41, 'transformer_plus_decode_ms': 94.08, 'stage_clock': 'wall-clock', 'benchmark_variant': 'baseline', 'output_cast': 'cpu', 'torch_threads': 128, 'terminal_skips': 0, 'jpeg_ms': 0.72, 'total_ms': 112.95}
[worker 1] timing@frame13401: {'queue_wait_ms': 0.026, 'decode_in_ms': 0.64, 'prompt_ms': 0.0, 'vae_encode_ms': 17.51, 'transformer_plus_decode_ms': 94.57, 'stage_clock': 'wall-clock', 'benchmark_variant': 'baseline', 'output_cast': 'cpu', 'torch_threads': 128, 'terminal_skips': 0, 'jpeg_ms': 0.71, 'total_ms': 113.45}
[DIAG] t=2155s in=66235 →wk=41559 ←wk=41557 →cl=41482 drop_in=0 drop_out=0 | since: client=0.1s worker=0.0s sent=0.0s | ch=open buf=0 | lag: max=1ms avg=0.3ms | heap=8.5MB rss=44.3MB | gpu0:R pend=1 frames=28133 buf=0 | gpu1:R pend=1 frames=13424 buf=0
[worker 0] timing@frame28151: {'queue_wait_ms': 0.026, 'decode_in_ms': 0.72, 'prompt_ms': 0.01, 'vae_encode_ms': 17.85, 'transformer_plus_decode_ms': 95.12, 'stage_clock': 'wall-clock', 'benchmark_variant': 'baseline', 'output_cast': 'cpu', 'torch_threads': 128, 'terminal_skips': 0, 'jpeg_ms': 0.85, 'total_ms': 114.58}
[worker 1] timing@frame13451: {'queue_wait_ms': 0.035, 'decode_in_ms': 0.61, 'prompt_ms': 0.0, 'vae_encode_ms': 17.71, 'transformer_plus_decode_ms': 98.25, 'stage_clock': 'wall-clock', 'benchmark_variant': 'baseline', 'output_cast': 'cpu', 'torch_threads': 128, 'terminal_skips': 0, 'jpeg_ms': 0.71, 'total_ms': 117.3}
[DIAG] t=2160s in=66456 →wk=41643 ←wk=41641 →cl=41566 drop_in=0 drop_out=0 | since: client=0.0s worker=0.0s sent=0.0s | ch=open buf=0 | lag: max=0ms avg=0.3ms | heap=8.8MB rss=44.3MB | gpu0:R pend=1 frames=28175 buf=0 | gpu1:R pend=1 frames=13466 buf=0
[worker 0] timing@frame28201: {'queue_wait_ms': 0.026, 'decode_in_ms': 0.69, 'prompt_ms': 0.0, 'vae_encode_ms': 17.91, 'transformer_plus_decode_ms': 96.03, 'stage_clock': 'wall-clock', 'benchmark_variant': 'baseline', 'output_cast': 'cpu', 'torch_threads': 128, 'terminal_skips': 0, 'jpeg_ms': 0.75, 'total_ms': 115.4}
[worker 1] timing@frame13501: {'queue_wait_ms': 0.03, 'decode_in_ms': 0.63, 'prompt_ms': 0.0, 'vae_encode_ms': 17.76, 'transformer_plus_decode_ms': 92.58, 'stage_clock': 'wall-clock', 'benchmark_variant': 'baseline', 'output_cast': 'cpu', 'torch_threads': 128, 'terminal_skips': 0, 'jpeg_ms': 0.73, 'total_ms': 111.72}
[DIAG] t=2165s in=66675 →wk=41729 ←wk=41727 →cl=41652 drop_in=0 drop_out=0 | since: client=0.0s worker=0.0s sent=0.0s | ch=open buf=0 | lag: max=2ms avg=0.3ms | heap=8.7MB rss=44.3MB | gpu0:R pend=1 frames=28218 buf=0 | gpu1:R pend=1 frames=13509 buf=0
[worker 0] timing@frame28251: {'queue_wait_ms': 0.023, 'decode_in_ms': 0.64, 'prompt_ms': 0.0, 'vae_encode_ms': 17.56, 'transformer_plus_decode_ms': 91.55, 'stage_clock': 'wall-clock', 'benchmark_variant': 'baseline', 'output_cast': 'cpu', 'torch_threads': 128, 'terminal_skips': 0, 'jpeg_ms': 0.73, 'total_ms': 110.5}
[worker 1] timing@frame13551: {'queue_wait_ms': 0.024, 'decode_in_ms': 0.65, 'prompt_ms': 0.0, 'vae_encode_ms': 17.48, 'transformer_plus_decode_ms': 93.92, 'stage_clock': 'wall-clock', 'benchmark_variant': 'baseline', 'output_cast': 'cpu', 'torch_threads': 128, 'terminal_skips': 0, 'jpeg_ms': 0.71, 'total_ms': 112.78}
[DIAG] t=2170s in=66892 →wk=41816 ←wk=41814 →cl=41739 drop_in=0 drop_out=0 | since: client=0.0s worker=0.0s sent=0.0s | ch=open buf=0 | lag: max=1ms avg=0.3ms | heap=9.2MB rss=44.3MB | gpu0:R pend=1 frames=28262 buf=0 | gpu1:R pend=1 frames=13552 buf=0
[worker 0] timing@frame28301: {'queue_wait_ms': 0.015, 'decode_in_ms': 0.66, 'prompt_ms': 0.0, 'vae_encode_ms': 24.02, 'transformer_plus_decode_ms': 97.93, 'stage_clock': 'wall-clock', 'benchmark_variant': 'baseline', 'output_cast': 'cpu', 'torch_threads': 128, 'terminal_skips': 0, 'jpeg_ms': 0.74, 'total_ms': 123.39}
[DIAG] t=2175s in=67114 →wk=41902 ←wk=41900 →cl=41825 drop_in=0 drop_out=0 | since: client=0.0s worker=0.0s sent=0.0s | ch=open buf=0 | lag: max=0ms avg=0.3ms | heap=9.7MB rss=44.3MB | gpu0:R pend=1 frames=28305 buf=0 | gpu1:R pend=1 frames=13595 buf=0
[worker 1] timing@frame13601: {'queue_wait_ms': 0.031, 'decode_in_ms': 0.61, 'prompt_ms': 0.0, 'vae_encode_ms': 17.7, 'transformer_plus_decode_ms': 99.09, 'stage_clock': 'wall-clock', 'benchmark_variant': 'baseline', 'output_cast': 'cpu', 'torch_threads': 128, 'terminal_skips': 0, 'jpeg_ms': 0.72, 'total_ms': 118.13}
[DIAG] t=2180s in=67335 →wk=41987 ←wk=41985 →cl=41910 drop_in=0 drop_out=0 | since: client=0.0s worker=0.1s sent=0.1s | ch=open buf=0 | lag: max=1ms avg=0.3ms | heap=8.7MB rss=44.3MB | gpu0:R pend=1 frames=28347 buf=0 | gpu1:R pend=1 frames=13638 buf=0
[worker 0] timing@frame28351: {'queue_wait_ms': 0.015, 'decode_in_ms': 0.66, 'prompt_ms': 0.0, 'vae_encode_ms': 17.53, 'transformer_plus_decode_ms': 95.45, 'stage_clock': 'wall-clock', 'benchmark_variant': 'baseline', 'output_cast': 'cpu', 'torch_threads': 128, 'terminal_skips': 0, 'jpeg_ms': 0.72, 'total_ms': 114.39}
[worker 1] timing@frame13651: {'queue_wait_ms': 0.027, 'decode_in_ms': 0.63, 'prompt_ms': 0.0, 'vae_encode_ms': 17.57, 'transformer_plus_decode_ms': 90.6, 'stage_clock': 'wall-clock', 'benchmark_variant': 'baseline', 'output_cast': 'cpu', 'torch_threads': 128, 'terminal_skips': 0, 'jpeg_ms': 0.72, 'total_ms': 109.54}
[DIAG] t=2185s in=67553 →wk=42072 ←wk=42070 →cl=41994 drop_in=0 drop_out=0 | since: client=0.0s worker=0.0s sent=0.0s | ch=open buf=0 | lag: max=0ms avg=0.3ms | heap=9.3MB rss=44.3MB | gpu0:R pend=1 frames=28389 buf=0 | gpu1:R pend=1 frames=13681 buf=0
[worker 0] timing@frame28401: {'queue_wait_ms': 0.019, 'decode_in_ms': 0.64, 'prompt_ms': 0.0, 'vae_encode_ms': 17.38, 'transformer_plus_decode_ms': 94.6, 'stage_clock': 'wall-clock', 'benchmark_variant': 'baseline', 'output_cast': 'cpu', 'torch_threads': 128, 'terminal_skips': 0, 'jpeg_ms': 0.73, 'total_ms': 113.37}
[worker 1] timing@frame13701: {'queue_wait_ms': 0.03, 'decode_in_ms': 0.65, 'prompt_ms': 0.0, 'vae_encode_ms': 17.65, 'transformer_plus_decode_ms': 95.77, 'stage_clock': 'wall-clock', 'benchmark_variant': 'baseline', 'output_cast': 'cpu', 'torch_threads': 128, 'terminal_skips': 0, 'jpeg_ms': 0.82, 'total_ms': 114.9}
[DIAG] t=2190s in=67766 →wk=42158 ←wk=42156 →cl=42080 drop_in=0 drop_out=0 | since: client=0.0s worker=0.1s sent=0.1s | ch=open buf=0 | lag: max=1ms avg=0.3ms | heap=10.0MB rss=44.3MB | gpu0:R pend=1 frames=28432 buf=0 | gpu1:R pend=1 frames=13724 buf=0
[worker 0] timing@frame28451: {'queue_wait_ms': 0.023, 'decode_in_ms': 0.72, 'prompt_ms': 0.0, 'vae_encode_ms': 17.41, 'transformer_plus_decode_ms': 96.45, 'stage_clock': 'wall-clock', 'benchmark_variant': 'baseline', 'output_cast': 'cpu', 'torch_threads': 128, 'terminal_skips': 0, 'jpeg_ms': 0.73, 'total_ms': 115.34}
[worker 1] timing@frame13751: {'queue_wait_ms': 0.031, 'decode_in_ms': 0.63, 'prompt_ms': 0.0, 'vae_encode_ms': 18.07, 'transformer_plus_decode_ms': 98.92, 'stage_clock': 'wall-clock', 'benchmark_variant': 'baseline', 'output_cast': 'cpu', 'torch_threads': 128, 'terminal_skips': 0, 'jpeg_ms': 0.74, 'total_ms': 118.38}
[DIAG] t=2195s in=67989 →wk=42245 ←wk=42243 →cl=42167 drop_in=0 drop_out=0 | since: client=0.0s worker=0.0s sent=0.0s | ch=open buf=0 | lag: max=1ms avg=0.3ms | heap=9.3MB rss=44.3MB | gpu0:R pend=1 frames=28476 buf=0 | gpu1:R pend=1 frames=13767 buf=0
[worker 0] timing@frame28501: {'queue_wait_ms': 0.022, 'decode_in_ms': 0.66, 'prompt_ms': 0.01, 'vae_encode_ms': 17.61, 'transformer_plus_decode_ms': 96.86, 'stage_clock': 'wall-clock', 'benchmark_variant': 'baseline', 'output_cast': 'cpu', 'torch_threads': 128, 'terminal_skips': 0, 'jpeg_ms': 0.73, 'total_ms': 115.88}
[worker 1] timing@frame13801: {'queue_wait_ms': 0.027, 'decode_in_ms': 0.72, 'prompt_ms': 0.0, 'vae_encode_ms': 28.44, 'transformer_plus_decode_ms': 91.79, 'stage_clock': 'wall-clock', 'benchmark_variant': 'baseline', 'output_cast': 'cpu', 'torch_threads': 128, 'terminal_skips': 0, 'jpeg_ms': 0.73, 'total_ms': 121.7}
[DIAG] t=2200s in=68195 →wk=42329 ←wk=42327 →cl=42251 drop_in=0 drop_out=0 | since: client=0.0s worker=0.0s sent=0.0s | ch=open buf=0 | lag: max=0ms avg=0.3ms | heap=9.6MB rss=44.3MB | gpu0:R pend=1 frames=28518 buf=0 | gpu1:R pend=1 frames=13809 buf=0
[worker 0] timing@frame28551: {'queue_wait_ms': 0.028, 'decode_in_ms': 0.7, 'prompt_ms': 0.01, 'vae_encode_ms': 18.54, 'transformer_plus_decode_ms': 97.06, 'stage_clock': 'wall-clock', 'benchmark_variant': 'baseline', 'output_cast': 'cpu', 'torch_threads': 128, 'terminal_skips': 0, 'jpeg_ms': 0.74, 'total_ms': 117.09}
[worker 1] timing@frame13851: {'queue_wait_ms': 0.029, 'decode_in_ms': 0.63, 'prompt_ms': 0.0, 'vae_encode_ms': 17.49, 'transformer_plus_decode_ms': 94.36, 'stage_clock': 'wall-clock', 'benchmark_variant': 'baseline', 'output_cast': 'cpu', 'torch_threads': 128, 'terminal_skips': 0, 'jpeg_ms': 0.72, 'total_ms': 113.22}
[DIAG] t=2205s in=68413 →wk=42416 ←wk=42414 →cl=42338 drop_in=0 drop_out=0 | since: client=0.0s worker=0.0s sent=0.0s | ch=open buf=0 | lag: max=3ms avg=0.3ms | heap=11.9MB rss=44.3MB | gpu0:R pend=1 frames=28561 buf=0 | gpu1:R pend=1 frames=13853 buf=0
[worker 0] timing@frame28601: {'queue_wait_ms': 0.022, 'decode_in_ms': 0.65, 'prompt_ms': 0.01, 'vae_encode_ms': 17.62, 'transformer_plus_decode_ms': 92.13, 'stage_clock': 'wall-clock', 'benchmark_variant': 'baseline', 'output_cast': 'cpu', 'torch_threads': 128, 'terminal_skips': 0, 'jpeg_ms': 0.74, 'total_ms': 111.16}
[DIAG] t=2210s in=68616 →wk=42503 ←wk=42501 →cl=42425 drop_in=0 drop_out=0 | since: client=0.0s worker=0.0s sent=0.0s | ch=open buf=0 | lag: max=0ms avg=0.3ms | heap=12.1MB rss=46.3MB | gpu0:R pend=1 frames=28605 buf=0 | gpu1:R pend=1 frames=13896 buf=0
[worker 1] timing@frame13901: {'queue_wait_ms': 0.027, 'decode_in_ms': 0.61, 'prompt_ms': 0.0, 'vae_encode_ms': 17.58, 'transformer_plus_decode_ms': 94.11, 'stage_clock': 'wall-clock', 'benchmark_variant': 'baseline', 'output_cast': 'cpu', 'torch_threads': 128, 'terminal_skips': 0, 'jpeg_ms': 0.72, 'total_ms': 113.04}
[DIAG] t=2215s in=68719 →wk=42545 ←wk=42545 →cl=42469 drop_in=0 drop_out=0 | since: client=2.6s worker=2.5s sent=2.5s | ch=open buf=0 | lag: max=1ms avg=0.3ms | heap=10.7MB rss=46.3MB | gpu0:R pend=0 frames=28627 buf=0 | gpu1:R pend=0 frames=13918 buf=0
POST /webrtc/offer
Offer candidates host=2 srflx=1 relay=0
ICE connection state: closed
[DIAG] Connection state: closed (channel=none buf=0)
[DIAG] DataChannel CLOSED (was open)
ICE connection state: new
[DIAG] Connection state: new (channel=none buf=0)
ICE gathering state: gathering
[DIAG] t=2220s in=68719 →wk=42545 ←wk=42545 →cl=42469 drop_in=0 drop_out=0 | since: client=7.6s worker=7.5s sent=7.5s | ch=closed buf=0 | lag: max=1ms avg=0.3ms | heap=11.0MB rss=46.3MB | gpu0:R pend=0 frames=28627 buf=0 | gpu1:R pend=0 frames=13918 buf=0
[DIAG] t=2225s in=68719 →wk=42545 ←wk=42545 →cl=42469 drop_in=0 drop_out=0 | since: client=12.6s worker=12.5s sent=12.5s | ch=closed buf=0 | lag: max=1ms avg=0.3ms | heap=11.1MB rss=46.3MB | gpu0:R pend=0 frames=28627 buf=0 | gpu1:R pend=0 frames=13918 buf=0
Sending SDP answer
ICE gathering state: complete
ICE connection state: connected
[DIAG] Connection state: connected (channel=none buf=0)
DataChannel opened: frames
[DIAG] t=2230s in=68784 →wk=42560 ←wk=42559 →cl=42483 drop_in=0 drop_out=0 | since: client=0.0s worker=0.1s sent=0.1s | ch=open buf=0 | lag: max=1ms avg=0.3ms | heap=9.5MB rss=44.0MB | gpu0:R pend=1 frames=28641 buf=0 | gpu1:R pend=0 frames=13918 buf=0
[worker 0] timing@frame28651: {'queue_wait_ms': 0.022, 'decode_in_ms': 0.66, 'prompt_ms': 0.0, 'vae_encode_ms': 17.39, 'transformer_plus_decode_ms': 60.84, 'stage_clock': 'cuda-events', 'benchmark_variant': 'terminal-noop', 'output_cast': 'gpu', 'torch_threads': 128, 'terminal_skips': 1, 'jpeg_ms': 0.73, 'total_ms': 79.68}
[worker 0] timing@frame28701: {'queue_wait_ms': 0.027, 'decode_in_ms': 0.67, 'prompt_ms': 0.0, 'vae_encode_ms': 17.76, 'transformer_plus_decode_ms': 57.3, 'stage_clock': 'cuda-events', 'benchmark_variant': 'terminal-noop', 'output_cast': 'gpu', 'torch_threads': 128, 'terminal_skips': 1, 'jpeg_ms': 0.75, 'total_ms': 76.55}
[DIAG] t=2235s in=69049 →wk=42624 ←wk=42623 →cl=42547 drop_in=0 drop_out=0 | since: client=0.0s worker=0.0s sent=0.0s | ch=open buf=0 | lag: max=1ms avg=0.3ms | heap=9.5MB rss=44.0MB | gpu0:R pend=1 frames=28705 buf=0 | gpu1:R pend=0 frames=13918 buf=0
[worker 0] timing@frame28751: {'queue_wait_ms': 0.022, 'decode_in_ms': 0.7, 'prompt_ms': 0.0, 'vae_encode_ms': 17.55, 'transformer_plus_decode_ms': 61.08, 'stage_clock': 'cuda-events', 'benchmark_variant': 'terminal-noop', 'output_cast': 'gpu', 'torch_threads': 128, 'terminal_skips': 1, 'jpeg_ms': 0.76, 'total_ms': 80.14}
[DIAG] t=2240s in=69299 →wk=42686 ←wk=42685 →cl=42609 drop_in=0 drop_out=0 | since: client=0.0s worker=0.0s sent=0.0s | ch=open buf=0 | lag: max=1ms avg=0.3ms | heap=10.9MB rss=44.0MB | gpu0:R pend=1 frames=28767 buf=0 | gpu1:R pend=0 frames=13918 buf=0
[worker 0] timing@frame28801: {'queue_wait_ms': 0.022, 'decode_in_ms': 0.65, 'prompt_ms': 0.0, 'vae_encode_ms': 17.29, 'transformer_plus_decode_ms': 60.82, 'stage_clock': 'cuda-events', 'benchmark_variant': 'terminal-noop', 'output_cast': 'gpu', 'torch_threads': 128, 'terminal_skips': 1, 'jpeg_ms': 0.72, 'total_ms': 79.54}
[DIAG] t=2245s in=69551 →wk=42749 ←wk=42748 →cl=42672 drop_in=0 drop_out=0 | since: client=0.0s worker=0.1s sent=0.1s | ch=open buf=0 | lag: max=1ms avg=0.3ms | heap=9.6MB rss=44.0MB | gpu0:R pend=1 frames=28830 buf=0 | gpu1:R pend=0 frames=13918 buf=0
[worker 0] timing@frame28851: {'queue_wait_ms': 0.023, 'decode_in_ms': 0.65, 'prompt_ms': 0.0, 'vae_encode_ms': 17.7, 'transformer_plus_decode_ms': 56.87, 'stage_clock': 'cuda-events', 'benchmark_variant': 'terminal-noop', 'output_cast': 'gpu', 'torch_threads': 128, 'terminal_skips': 1, 'jpeg_ms': 0.71, 'total_ms': 75.99}
[DIAG] t=2250s in=69815 →wk=42812 ←wk=42811 →cl=42735 drop_in=0 drop_out=0 | since: client=0.0s worker=0.1s sent=0.1s | ch=open buf=0 | lag: max=0ms avg=0.3ms | heap=10.2MB rss=44.0MB | gpu0:R pend=1 frames=28893 buf=0 | gpu1:R pend=0 frames=13918 buf=0
[worker 0] timing@frame28901: {'queue_wait_ms': 0.023, 'decode_in_ms': 0.69, 'prompt_ms': 0.0, 'vae_encode_ms': 17.56, 'transformer_plus_decode_ms': 61.39, 'stage_clock': 'cuda-events', 'benchmark_variant': 'terminal-noop', 'output_cast': 'gpu', 'torch_threads': 128, 'terminal_skips': 1, 'jpeg_ms': 0.73, 'total_ms': 80.43}
[worker 0] timing@frame28951: {'queue_wait_ms': 0.023, 'decode_in_ms': 0.67, 'prompt_ms': 0.0, 'vae_encode_ms': 17.29, 'transformer_plus_decode_ms': 61.51, 'stage_clock': 'cuda-events', 'benchmark_variant': 'terminal-noop', 'output_cast': 'gpu', 'torch_threads': 128, 'terminal_skips': 1, 'jpeg_ms': 0.73, 'total_ms': 80.26}
[DIAG] t=2255s in=70070 →wk=42875 ←wk=42874 →cl=42798 drop_in=0 drop_out=0 | since: client=0.0s worker=0.0s sent=0.0s | ch=open buf=0 | lag: max=1ms avg=0.3ms | heap=10.7MB rss=44.0MB | gpu0:R pend=1 frames=28956 buf=0 | gpu1:R pend=0 frames=13918 buf=0
[worker 0] timing@frame29001: {'queue_wait_ms': 0.028, 'decode_in_ms': 0.65, 'prompt_ms': 0.0, 'vae_encode_ms': 17.58, 'transformer_plus_decode_ms': 57.18, 'stage_clock': 'cuda-events', 'benchmark_variant': 'terminal-noop', 'output_cast': 'gpu', 'torch_threads': 128, 'terminal_skips': 1, 'jpeg_ms': 0.73, 'total_ms': 76.2}
[DIAG] t=2260s in=70324 →wk=42937 ←wk=42936 →cl=42860 drop_in=0 drop_out=0 | since: client=0.0s worker=0.1s sent=0.1s | ch=open buf=0 | lag: max=1ms avg=0.3ms | heap=11.2MB rss=44.0MB | gpu0:R pend=1 frames=29018 buf=0 | gpu1:R pend=0 frames=13918 buf=0
[worker 0] timing@frame29051: {'queue_wait_ms': 0.023, 'decode_in_ms': 0.67, 'prompt_ms': 0.0, 'vae_encode_ms': 20.8, 'transformer_plus_decode_ms': 62.09, 'stage_clock': 'cuda-events', 'benchmark_variant': 'terminal-noop', 'output_cast': 'gpu', 'torch_threads': 128, 'terminal_skips': 1, 'jpeg_ms': 0.73, 'total_ms': 84.35}
[DIAG] t=2265s in=70583 →wk=42999 ←wk=42998 →cl=42922 drop_in=0 drop_out=0 | since: client=0.0s worker=0.1s sent=0.1s | ch=open buf=0 | lag: max=1ms avg=0.3ms | heap=10.0MB rss=44.0MB | gpu0:R pend=1 frames=29080 buf=0 | gpu1:R pend=0 frames=13918 buf=0
[worker 0] timing@frame29101: {'queue_wait_ms': 0.023, 'decode_in_ms': 0.66, 'prompt_ms': 0.0, 'vae_encode_ms': 17.31, 'transformer_plus_decode_ms': 61.29, 'stage_clock': 'cuda-events', 'benchmark_variant': 'terminal-noop', 'output_cast': 'gpu', 'torch_threads': 128, 'terminal_skips': 1, 'jpeg_ms': 0.73, 'total_ms': 80.04}
[DIAG] t=2270s in=70847 →wk=43062 ←wk=43061 →cl=42985 drop_in=0 drop_out=0 | since: client=0.0s worker=0.0s sent=0.0s | ch=open buf=0 | lag: max=1ms avg=0.3ms | heap=10.8MB rss=44.0MB | gpu0:R pend=1 frames=29143 buf=0 | gpu1:R pend=0 frames=13918 buf=0
[worker 0] timing@frame29151: {'queue_wait_ms': 0.022, 'decode_in_ms': 0.65, 'prompt_ms': 0.0, 'vae_encode_ms': 17.65, 'transformer_plus_decode_ms': 56.77, 'stage_clock': 'cuda-events', 'benchmark_variant': 'terminal-noop', 'output_cast': 'gpu', 'torch_threads': 128, 'terminal_skips': 1, 'jpeg_ms': 0.72, 'total_ms': 75.85}
[worker 0] timing@frame29201: {'queue_wait_ms': 0.019, 'decode_in_ms': 0.69, 'prompt_ms': 0.0, 'vae_encode_ms': 17.53, 'transformer_plus_decode_ms': 61.3, 'stage_clock': 'cuda-events', 'benchmark_variant': 'terminal-noop', 'output_cast': 'gpu', 'torch_threads': 128, 'terminal_skips': 1, 'jpeg_ms': 0.74, 'total_ms': 80.3}
[DIAG] t=2275s in=71119 →wk=43124 ←wk=43123 →cl=43047 drop_in=0 drop_out=0 | since: client=0.0s worker=0.0s sent=0.0s | ch=open buf=0 | lag: max=1ms avg=0.3ms | heap=10.0MB rss=44.0MB | gpu0:R pend=1 frames=29205 buf=0 | gpu1:R pend=0 frames=13918 buf=0
[worker 0] timing@frame29251: {'queue_wait_ms': 0.022, 'decode_in_ms': 0.67, 'prompt_ms': 0.0, 'vae_encode_ms': 17.33, 'transformer_plus_decode_ms': 58.39, 'stage_clock': 'cuda-events', 'benchmark_variant': 'terminal-noop', 'output_cast': 'gpu', 'torch_threads': 128, 'terminal_skips': 1, 'jpeg_ms': 0.75, 'total_ms': 77.2}
[DIAG] t=2280s in=71380 →wk=43186 ←wk=43185 →cl=43109 drop_in=0 drop_out=0 | since: client=0.0s worker=0.1s sent=0.1s | ch=open buf=0 | lag: max=0ms avg=0.3ms | heap=10.6MB rss=44.0MB | gpu0:R pend=1 frames=29267 buf=0 | gpu1:R pend=0 frames=13918 buf=0
[worker 0] timing@frame29301: {'queue_wait_ms': 0.023, 'decode_in_ms': 0.69, 'prompt_ms': 0.0, 'vae_encode_ms': 22.22, 'transformer_plus_decode_ms': 57.32, 'stage_clock': 'cuda-events', 'benchmark_variant': 'terminal-noop', 'output_cast': 'gpu', 'torch_threads': 128, 'terminal_skips': 1, 'jpeg_ms': 0.74, 'total_ms': 81.04}
[DIAG] t=2285s in=71647 →wk=43249 ←wk=43248 →cl=43172 drop_in=0 drop_out=0 | since: client=0.0s worker=0.0s sent=0.0s | ch=open buf=0 | lag: max=0ms avg=0.3ms | heap=11.3MB rss=44.0MB | gpu0:R pend=1 frames=29330 buf=0 | gpu1:R pend=0 frames=13918 buf=0
[worker 0] timing@frame29351: {'queue_wait_ms': 0.03, 'decode_in_ms': 0.69, 'prompt_ms': 0.0, 'vae_encode_ms': 17.59, 'transformer_plus_decode_ms': 61.77, 'stage_clock': 'cuda-events', 'benchmark_variant': 'terminal-noop', 'output_cast': 'gpu', 'torch_threads': 128, 'terminal_skips': 1, 'jpeg_ms': 0.75, 'total_ms': 80.86}
[DIAG] t=2290s in=71921 →wk=43311 ←wk=43310 →cl=43234 drop_in=0 drop_out=0 | since: client=0.0s worker=0.0s sent=0.0s | ch=open buf=0 | lag: max=1ms avg=0.3ms | heap=10.5MB rss=44.0MB | gpu0:R pend=1 frames=29392 buf=0 | gpu1:R pend=0 frames=13918 buf=0
[worker 0] timing@frame29401: {'queue_wait_ms': 0.022, 'decode_in_ms': 0.67, 'prompt_ms': 0.0, 'vae_encode_ms': 17.34, 'transformer_plus_decode_ms': 61.53, 'stage_clock': 'cuda-events', 'benchmark_variant': 'terminal-noop', 'output_cast': 'gpu', 'torch_threads': 128, 'terminal_skips': 1, 'jpeg_ms': 0.75, 'total_ms': 80.35}
[DIAG] t=2295s in=72133 →wk=43361 ←wk=43361 →cl=43285 drop_in=0 drop_out=0 | since: client=1.1s worker=0.9s sent=0.9s | ch=open buf=0 | lag: max=1ms avg=0.3ms | heap=11.3MB rss=44.0MB | gpu0:R pend=0 frames=29443 buf=0 | gpu1:R pend=0 frames=13918 buf=0
POST /webrtc/offer
Offer candidates host=2 srflx=1 relay=0
ICE connection state: closed
[DIAG] Connection state: closed (channel=none buf=0)
[DIAG] DataChannel CLOSED (was open)
ICE connection state: new
[DIAG] Connection state: new (channel=none buf=0)
ICE gathering state: gathering
[DIAG] t=2300s in=72133 →wk=43361 ←wk=43361 →cl=43285 drop_in=0 drop_out=0 | since: client=6.1s worker=5.9s sent=5.9s | ch=closed buf=0 | lag: max=2ms avg=0.3ms | heap=11.5MB rss=44.0MB | gpu0:R pend=0 frames=29443 buf=0 | gpu1:R pend=0 frames=13918 buf=0
[DIAG] t=2305s in=72133 →wk=43361 ←wk=43361 →cl=43285 drop_in=0 drop_out=0 | since: client=11.1s worker=10.9s sent=10.9s | ch=closed buf=0 | lag: max=1ms avg=0.3ms | heap=11.7MB rss=44.0MB | gpu0:R pend=0 frames=29443 buf=0 | gpu1:R pend=0 frames=13918 buf=0
Sending SDP answer
ICE gathering state: complete
ICE connection state: connected
[DIAG] Connection state: connected (channel=none buf=0)
DataChannel opened: frames
[DIAG] t=2310s in=72180 →wk=43368 ←wk=43367 →cl=43291 drop_in=0 drop_out=0 | since: client=0.0s worker=0.1s sent=0.1s | ch=open buf=0 | lag: max=1ms avg=0.3ms | heap=11.2MB rss=44.0MB | gpu0:R pend=1 frames=29449 buf=0 | gpu1:R pend=0 frames=13918 buf=0
[worker 0] timing@frame29451: {'queue_wait_ms': 0.022, 'decode_in_ms': 0.72, 'prompt_ms': 0.01, 'vae_encode_ms': 17.88, 'transformer_plus_decode_ms': 95.4, 'stage_clock': 'wall-clock', 'benchmark_variant': 'baseline', 'output_cast': 'cpu', 'torch_threads': 128, 'terminal_skips': 0, 'jpeg_ms': 0.74, 'total_ms': 114.78}
[DIAG] t=2315s in=72451 →wk=43412 ←wk=43411 →cl=43335 drop_in=0 drop_out=0 | since: client=0.0s worker=0.1s sent=0.1s | ch=open buf=0 | lag: max=3ms avg=0.3ms | heap=11.2MB rss=45.4MB | gpu0:R pend=1 frames=29493 buf=0 | gpu1:R pend=0 frames=13918 buf=0
[worker 0] timing@frame29501: {'queue_wait_ms': 0.03, 'decode_in_ms': 0.7, 'prompt_ms': 0.0, 'vae_encode_ms': 17.89, 'transformer_plus_decode_ms': 96.05, 'stage_clock': 'wall-clock', 'benchmark_variant': 'baseline', 'output_cast': 'cpu', 'torch_threads': 128, 'terminal_skips': 0, 'jpeg_ms': 0.73, 'total_ms': 115.38}
[DIAG] t=2320s in=72726 →wk=43455 ←wk=43454 →cl=43378 drop_in=0 drop_out=0 | since: client=0.0s worker=0.1s sent=0.1s | ch=open buf=0 | lag: max=1ms avg=0.3ms | heap=10.6MB rss=45.4MB | gpu0:R pend=1 frames=29536 buf=0 | gpu1:R pend=0 frames=13918 buf=0
[worker 0] timing@frame29551: {'queue_wait_ms': 0.024, 'decode_in_ms': 0.68, 'prompt_ms': 0.0, 'vae_encode_ms': 17.73, 'transformer_plus_decode_ms': 95.54, 'stage_clock': 'wall-clock', 'benchmark_variant': 'baseline', 'output_cast': 'cpu', 'torch_threads': 128, 'terminal_skips': 0, 'jpeg_ms': 0.72, 'total_ms': 114.7}
[DIAG] t=2325s in=73003 →wk=43499 ←wk=43498 →cl=43422 drop_in=0 drop_out=0 | since: client=0.0s worker=0.0s sent=0.0s | ch=open buf=0 | lag: max=1ms avg=0.3ms | heap=10.7MB rss=45.4MB | gpu0:R pend=1 frames=29580 buf=0 | gpu1:R pend=0 frames=13918 buf=0
[worker 0] timing@frame29601: {'queue_wait_ms': 0.021, 'decode_in_ms': 0.64, 'prompt_ms': 0.0, 'vae_encode_ms': 17.72, 'transformer_plus_decode_ms': 92.09, 'stage_clock': 'wall-clock', 'benchmark_variant': 'baseline', 'output_cast': 'cpu', 'torch_threads': 128, 'terminal_skips': 0, 'jpeg_ms': 0.7, 'total_ms': 111.16}
[DIAG] t=2330s in=73269 →wk=43542 ←wk=43541 →cl=43465 drop_in=0 drop_out=0 | since: client=0.0s worker=0.1s sent=0.1s | ch=open buf=0 | lag: max=1ms avg=0.3ms | heap=12.2MB rss=45.4MB | gpu0:R pend=1 frames=29623 buf=0 | gpu1:R pend=0 frames=13918 buf=0
[worker 0] timing@frame29651: {'queue_wait_ms': 0.012, 'decode_in_ms': 0.72, 'prompt_ms': 0.0, 'vae_encode_ms': 17.74, 'transformer_plus_decode_ms': 95.29, 'stage_clock': 'wall-clock', 'benchmark_variant': 'baseline', 'output_cast': 'cpu', 'torch_threads': 128, 'terminal_skips': 0, 'jpeg_ms': 0.75, 'total_ms': 114.52}
[DIAG] t=2335s in=73537 →wk=43586 ←wk=43585 →cl=43509 drop_in=0 drop_out=0 | since: client=0.0s worker=0.1s sent=0.1s | ch=open buf=0 | lag: max=0ms avg=0.3ms | heap=11.4MB rss=45.4MB | gpu0:R pend=1 frames=29667 buf=0 | gpu1:R pend=0 frames=13918 buf=0
[worker 0] timing@frame29701: {'queue_wait_ms': 0.02, 'decode_in_ms': 0.66, 'prompt_ms': 0.0, 'vae_encode_ms': 17.76, 'transformer_plus_decode_ms': 95.61, 'stage_clock': 'wall-clock', 'benchmark_variant': 'baseline', 'output_cast': 'cpu', 'torch_threads': 128, 'terminal_skips': 0, 'jpeg_ms': 0.72, 'total_ms': 114.78}
[DIAG] t=2340s in=73813 →wk=43630 ←wk=43629 →cl=43553 drop_in=0 drop_out=0 | since: client=0.0s worker=0.1s sent=0.1s | ch=open buf=0 | lag: max=1ms avg=0.3ms | heap=12.3MB rss=45.4MB | gpu0:R pend=1 frames=29711 buf=0 | gpu1:R pend=0 frames=13918 buf=0
[worker 0] timing@frame29751: {'queue_wait_ms': 0.026, 'decode_in_ms': 0.66, 'prompt_ms': 0.0, 'vae_encode_ms': 17.63, 'transformer_plus_decode_ms': 97.68, 'stage_clock': 'wall-clock', 'benchmark_variant': 'baseline', 'output_cast': 'cpu', 'torch_threads': 128, 'terminal_skips': 0, 'jpeg_ms': 0.73, 'total_ms': 116.75}
[DIAG] t=2345s in=74087 →wk=43674 ←wk=43673 →cl=43597 drop_in=0 drop_out=0 | since: client=0.0s worker=0.1s sent=0.1s | ch=open buf=0 | lag: max=1ms avg=0.3ms | heap=11.5MB rss=45.4MB | gpu0:R pend=1 frames=29755 buf=0 | gpu1:R pend=0 frames=13918 buf=0
[DIAG] t=2350s in=74363 →wk=43717 ←wk=43716 →cl=43640 drop_in=0 drop_out=0 | since: client=0.0s worker=0.0s sent=0.0s | ch=open buf=0 | lag: max=0ms avg=0.3ms | heap=12.4MB rss=45.4MB | gpu0:R pend=1 frames=29798 buf=0 | gpu1:R pend=0 frames=13918 buf=0
[worker 0] timing@frame29801: {'queue_wait_ms': 0.02, 'decode_in_ms': 0.72, 'prompt_ms': 0.01, 'vae_encode_ms': 17.61, 'transformer_plus_decode_ms': 94.67, 'stage_clock': 'wall-clock', 'benchmark_variant': 'baseline', 'output_cast': 'cpu', 'torch_threads': 128, 'terminal_skips': 0, 'jpeg_ms': 0.73, 'total_ms': 113.77}
[DIAG] t=2355s in=74638 →wk=43760 ←wk=43759 →cl=43683 drop_in=0 drop_out=0 | since: client=0.0s worker=0.0s sent=0.0s | ch=open buf=0 | lag: max=1ms avg=0.3ms | heap=11.7MB rss=45.4MB | gpu0:R pend=1 frames=29841 buf=0 | gpu1:R pend=0 frames=13918 buf=0
[worker 0] timing@frame29851: {'queue_wait_ms': 0.021, 'decode_in_ms': 0.66, 'prompt_ms': 0.0, 'vae_encode_ms': 17.6, 'transformer_plus_decode_ms': 94.24, 'stage_clock': 'wall-clock', 'benchmark_variant': 'baseline', 'output_cast': 'cpu', 'torch_threads': 128, 'terminal_skips': 0, 'jpeg_ms': 0.72, 'total_ms': 113.26}
[DIAG] t=2360s in=74924 →wk=43803 ←wk=43802 →cl=43726 drop_in=0 drop_out=0 | since: client=0.0s worker=0.1s sent=0.1s | ch=open buf=0 | lag: max=0ms avg=0.3ms | heap=12.8MB rss=45.4MB | gpu0:R pend=1 frames=29884 buf=0 | gpu1:R pend=0 frames=13918 buf=0
[worker 0] timing@frame29901: {'queue_wait_ms': 0.021, 'decode_in_ms': 0.66, 'prompt_ms': 0.01, 'vae_encode_ms': 17.47, 'transformer_plus_decode_ms': 94.58, 'stage_clock': 'wall-clock', 'benchmark_variant': 'baseline', 'output_cast': 'cpu', 'torch_threads': 128, 'terminal_skips': 0, 'jpeg_ms': 0.74, 'total_ms': 113.47}
[DIAG] t=2365s in=75206 →wk=43846 ←wk=43845 →cl=43769 drop_in=0 drop_out=0 | since: client=0.0s worker=0.1s sent=0.1s | ch=open buf=0 | lag: max=0ms avg=0.3ms | heap=12.0MB rss=45.4MB | gpu0:R pend=1 frames=29927 buf=0 | gpu1:R pend=0 frames=13918 buf=0
[worker 0] timing@frame29951: {'queue_wait_ms': 0.023, 'decode_in_ms': 0.64, 'prompt_ms': 0.0, 'vae_encode_ms': 17.93, 'transformer_plus_decode_ms': 92.71, 'stage_clock': 'wall-clock', 'benchmark_variant': 'baseline', 'output_cast': 'cpu', 'torch_threads': 128, 'terminal_skips': 0, 'jpeg_ms': 0.74, 'total_ms': 112.04}
[DIAG] t=2370s in=75488 →wk=43889 ←wk=43888 →cl=43812 drop_in=0 drop_out=0 | since: client=0.0s worker=0.1s sent=0.1s | ch=open buf=0 | lag: max=0ms avg=0.3ms | heap=11.4MB rss=45.4MB | gpu0:R pend=1 frames=29970 buf=0 | gpu1:R pend=0 frames=13918 buf=0
[worker 0] timing@frame30001: {'queue_wait_ms': 0.016, 'decode_in_ms': 0.64, 'prompt_ms': 0.0, 'vae_encode_ms': 17.9, 'transformer_plus_decode_ms': 95.86, 'stage_clock': 'wall-clock', 'benchmark_variant': 'baseline', 'output_cast': 'cpu', 'torch_threads': 128, 'terminal_skips': 0, 'jpeg_ms': 0.73, 'total_ms': 115.15}
[DIAG] t=2375s in=75753 →wk=43932 ←wk=43931 →cl=43855 drop_in=0 drop_out=0 | since: client=0.0s worker=0.1s sent=0.1s | ch=open buf=0 | lag: max=0ms avg=0.3ms | heap=12.3MB rss=45.4MB | gpu0:R pend=1 frames=30013 buf=0 | gpu1:R pend=0 frames=13918 buf=0
[DIAG] t=2380s in=75822 →wk=43944 ←wk=43944 →cl=43868 drop_in=0 drop_out=0 | since: client=3.8s worker=3.6s sent=3.6s | ch=open buf=0 | lag: max=1ms avg=0.3ms | heap=12.9MB rss=45.4MB | gpu0:R pend=0 frames=30026 buf=0 | gpu1:R pend=0 frames=13918 buf=0
POST /webrtc/offer
Offer candidates host=2 srflx=1 relay=0
ICE connection state: closed
[DIAG] Connection state: closed (channel=none buf=0)
[DIAG] DataChannel CLOSED (was open)
ICE connection state: new
[DIAG] Connection state: new (channel=none buf=0)
ICE gathering state: gathering
[DIAG] t=2385s in=75822 →wk=43944 ←wk=43944 →cl=43868 drop_in=0 drop_out=0 | since: client=8.8s worker=8.6s sent=8.6s | ch=closed buf=0 | lag: max=1ms avg=0.3ms | heap=13.2MB rss=45.4MB | gpu0:R pend=0 frames=30026 buf=0 | gpu1:R pend=0 frames=13918 buf=0
[DIAG] t=2390s in=75822 →wk=43944 ←wk=43944 →cl=43868 drop_in=0 drop_out=0 | since: client=13.8s worker=13.6s sent=13.6s | ch=closed buf=0 | lag: max=1ms avg=0.3ms | heap=13.2MB rss=45.4MB | gpu0:R pend=0 frames=30026 buf=0 | gpu1:R pend=0 frames=13918 buf=0
Sending SDP answer
ICE gathering state: complete
ICE connection state: connected
[DIAG] Connection state: connected (channel=none buf=0)
DataChannel opened: frames
[worker 0] resolution changed → 512×288, already compiled by idle warmup
[worker 0] timing@frame30051: {'queue_wait_ms': 0.019, 'decode_in_ms': 0.23, 'prompt_ms': 0.0, 'vae_encode_ms': 3.88, 'transformer_plus_decode_ms': 28.45, 'stage_clock': 'wall-clock', 'benchmark_variant': 'baseline', 'output_cast': 'cpu', 'torch_threads': 128, 'terminal_skips': 0, 'jpeg_ms': 0.27, 'total_ms': 32.83}
[worker 0] timing@frame30101: {'queue_wait_ms': 0.022, 'decode_in_ms': 0.23, 'prompt_ms': 0.0, 'vae_encode_ms': 6.1, 'transformer_plus_decode_ms': 28.75, 'stage_clock': 'wall-clock', 'benchmark_variant': 'baseline', 'output_cast': 'cpu', 'torch_threads': 128, 'terminal_skips': 0, 'jpeg_ms': 0.28, 'total_ms': 35.38}
[DIAG] t=2395s in=76018 →wk=44051 ←wk=44050 →cl=43974 drop_in=0 drop_out=0 | since: client=0.0s worker=0.0s sent=0.0s | ch=open buf=0 | lag: max=1ms avg=0.3ms | heap=12.4MB rss=45.4MB | gpu0:R pend=1 frames=30132 buf=0 | gpu1:R pend=0 frames=13918 buf=0
[worker 0] timing@frame30151: {'queue_wait_ms': 0.022, 'decode_in_ms': 0.26, 'prompt_ms': 0.0, 'vae_encode_ms': 4.11, 'transformer_plus_decode_ms': 28.53, 'stage_clock': 'wall-clock', 'benchmark_variant': 'baseline', 'output_cast': 'cpu', 'torch_threads': 128, 'terminal_skips': 0, 'jpeg_ms': 0.27, 'total_ms': 33.19}
[worker 0] timing@frame30201: {'queue_wait_ms': 0.021, 'decode_in_ms': 0.26, 'prompt_ms': 0.0, 'vae_encode_ms': 3.97, 'transformer_plus_decode_ms': 28.86, 'stage_clock': 'wall-clock', 'benchmark_variant': 'baseline', 'output_cast': 'cpu', 'torch_threads': 128, 'terminal_skips': 0, 'jpeg_ms': 0.28, 'total_ms': 33.39}
[worker 0] timing@frame30251: {'queue_wait_ms': 0.02, 'decode_in_ms': 0.23, 'prompt_ms': 0.0, 'vae_encode_ms': 3.9, 'transformer_plus_decode_ms': 28.28, 'stage_clock': 'wall-clock', 'benchmark_variant': 'baseline', 'output_cast': 'cpu', 'torch_threads': 128, 'terminal_skips': 0, 'jpeg_ms': 0.22, 'total_ms': 32.65}
[DIAG] t=2400s in=76291 →wk=44196 ←wk=44195 →cl=44119 drop_in=0 drop_out=0 | since: client=0.0s worker=0.0s sent=0.0s | ch=open buf=0 | lag: max=1ms avg=0.3ms | heap=12.5MB rss=47.4MB | gpu0:R pend=1 frames=30277 buf=0 | gpu1:R pend=0 frames=13918 buf=0
[worker 0] timing@frame30301: {'queue_wait_ms': 0.02, 'decode_in_ms': 0.25, 'prompt_ms': 0.0, 'vae_encode_ms': 3.88, 'transformer_plus_decode_ms': 27.56, 'stage_clock': 'wall-clock', 'benchmark_variant': 'baseline', 'output_cast': 'cpu', 'torch_threads': 128, 'terminal_skips': 0, 'jpeg_ms': 0.26, 'total_ms': 31.96}
[worker 0] timing@frame30351: {'queue_wait_ms': 0.026, 'decode_in_ms': 0.24, 'prompt_ms': 0.0, 'vae_encode_ms': 3.93, 'transformer_plus_decode_ms': 28.66, 'stage_clock': 'wall-clock', 'benchmark_variant': 'baseline', 'output_cast': 'cpu', 'torch_threads': 128, 'terminal_skips': 0, 'jpeg_ms': 0.26, 'total_ms': 33.11}
[worker 0] timing@frame30401: {'queue_wait_ms': 0.042, 'decode_in_ms': 0.33, 'prompt_ms': 0.01, 'vae_encode_ms': 10.32, 'transformer_plus_decode_ms': 32.02, 'stage_clock': 'wall-clock', 'benchmark_variant': 'baseline', 'output_cast': 'cpu', 'torch_threads': 128, 'terminal_skips': 0, 'jpeg_ms': 0.31, 'total_ms': 43.03}
[DIAG] t=2405s in=76554 →wk=44340 ←wk=44339 →cl=44263 drop_in=0 drop_out=0 | since: client=0.0s worker=0.0s sent=0.0s | ch=open buf=0 | lag: max=2ms avg=0.3ms | heap=12.2MB rss=47.4MB | gpu0:R pend=1 frames=30421 buf=0 | gpu1:R pend=0 frames=13918 buf=0
[worker 0] timing@frame30451: {'queue_wait_ms': 0.022, 'decode_in_ms': 0.2, 'prompt_ms': 0.0, 'vae_encode_ms': 3.81, 'transformer_plus_decode_ms': 27.41, 'stage_clock': 'wall-clock', 'benchmark_variant': 'baseline', 'output_cast': 'cpu', 'torch_threads': 128, 'terminal_skips': 0, 'jpeg_ms': 0.23, 'total_ms': 31.66}
[worker 0] timing@frame30501: {'queue_wait_ms': 0.021, 'decode_in_ms': 0.23, 'prompt_ms': 0.0, 'vae_encode_ms': 3.86, 'transformer_plus_decode_ms': 28.25, 'stage_clock': 'wall-clock', 'benchmark_variant': 'baseline', 'output_cast': 'cpu', 'torch_threads': 128, 'terminal_skips': 0, 'jpeg_ms': 0.26, 'total_ms': 32.61}
[worker 0] timing@frame30551: {'queue_wait_ms': 0.026, 'decode_in_ms': 0.22, 'prompt_ms': 0.0, 'vae_encode_ms': 3.84, 'transformer_plus_decode_ms': 27.91, 'stage_clock': 'wall-clock', 'benchmark_variant': 'baseline', 'output_cast': 'cpu', 'torch_threads': 128, 'terminal_skips': 0, 'jpeg_ms': 0.24, 'total_ms': 32.22}
[DIAG] t=2410s in=76815 →wk=44486 ←wk=44485 →cl=44409 drop_in=0 drop_out=0 | since: client=0.0s worker=0.0s sent=0.0s | ch=open buf=0 | lag: max=0ms avg=0.3ms | heap=12.0MB rss=47.4MB | gpu0:R pend=1 frames=30567 buf=0 | gpu1:R pend=0 frames=13918 buf=0
[worker 0] timing@frame30601: {'queue_wait_ms': 0.024, 'decode_in_ms': 0.25, 'prompt_ms': 0.0, 'vae_encode_ms': 3.87, 'transformer_plus_decode_ms': 27.94, 'stage_clock': 'wall-clock', 'benchmark_variant': 'baseline', 'output_cast': 'cpu', 'torch_threads': 128, 'terminal_skips': 0, 'jpeg_ms': 0.27, 'total_ms': 32.36}
[worker 0] timing@frame30651: {'queue_wait_ms': 0.019, 'decode_in_ms': 0.26, 'prompt_ms': 0.0, 'vae_encode_ms': 4.06, 'transformer_plus_decode_ms': 32.62, 'stage_clock': 'wall-clock', 'benchmark_variant': 'baseline', 'output_cast': 'cpu', 'torch_threads': 128, 'terminal_skips': 0, 'jpeg_ms': 0.26, 'total_ms': 37.22}
[worker 0] timing@frame30701: {'queue_wait_ms': 0.024, 'decode_in_ms': 0.24, 'prompt_ms': 0.0, 'vae_encode_ms': 3.98, 'transformer_plus_decode_ms': 32.24, 'stage_clock': 'wall-clock', 'benchmark_variant': 'baseline', 'output_cast': 'cpu', 'torch_threads': 128, 'terminal_skips': 0, 'jpeg_ms': 0.28, 'total_ms': 36.75}
[DIAG] t=2415s in=77079 →wk=44633 ←wk=44632 →cl=44556 drop_in=0 drop_out=0 | since: client=0.0s worker=0.0s sent=0.0s | ch=open buf=0 | lag: max=2ms avg=0.3ms | heap=12.5MB rss=47.4MB | gpu0:R pend=1 frames=30714 buf=0 | gpu1:R pend=0 frames=13918 buf=0
[worker 0] timing@frame30751: {'queue_wait_ms': 0.023, 'decode_in_ms': 0.24, 'prompt_ms': 0.0, 'vae_encode_ms': 3.88, 'transformer_plus_decode_ms': 27.95, 'stage_clock': 'wall-clock', 'benchmark_variant': 'baseline', 'output_cast': 'cpu', 'torch_threads': 128, 'terminal_skips': 0, 'jpeg_ms': 0.26, 'total_ms': 32.34}
[worker 0] timing@frame30801: {'queue_wait_ms': 0.031, 'decode_in_ms': 0.3, 'prompt_ms': 0.0, 'vae_encode_ms': 4.45, 'transformer_plus_decode_ms': 30.66, 'stage_clock': 'wall-clock', 'benchmark_variant': 'baseline', 'output_cast': 'cpu', 'torch_threads': 128, 'terminal_skips': 0, 'jpeg_ms': 0.28, 'total_ms': 35.72}
[worker 0] timing@frame30851: {'queue_wait_ms': 0.021, 'decode_in_ms': 0.22, 'prompt_ms': 0.0, 'vae_encode_ms': 3.91, 'transformer_plus_decode_ms': 28.82, 'stage_clock': 'wall-clock', 'benchmark_variant': 'baseline', 'output_cast': 'cpu', 'torch_threads': 128, 'terminal_skips': 0, 'jpeg_ms': 0.3, 'total_ms': 33.27}
[DIAG] t=2420s in=77346 →wk=44781 ←wk=44780 →cl=44704 drop_in=0 drop_out=0 | since: client=0.0s worker=0.0s sent=0.0s | ch=open buf=0 | lag: max=1ms avg=0.3ms | heap=12.7MB rss=47.4MB | gpu0:R pend=1 frames=30862 buf=0 | gpu1:R pend=0 frames=13918 buf=0
[worker 0] timing@frame30901: {'queue_wait_ms': 0.021, 'decode_in_ms': 0.23, 'prompt_ms': 0.0, 'vae_encode_ms': 3.9, 'transformer_plus_decode_ms': 27.9, 'stage_clock': 'wall-clock', 'benchmark_variant': 'baseline', 'output_cast': 'cpu', 'torch_threads': 128, 'terminal_skips': 0, 'jpeg_ms': 0.27, 'total_ms': 32.32}
[worker 0] timing@frame30951: {'queue_wait_ms': 0.011, 'decode_in_ms': 0.23, 'prompt_ms': 0.0, 'vae_encode_ms': 3.91, 'transformer_plus_decode_ms': 28.59, 'stage_clock': 'wall-clock', 'benchmark_variant': 'baseline', 'output_cast': 'cpu', 'torch_threads': 128, 'terminal_skips': 0, 'jpeg_ms': 0.28, 'total_ms': 33.03}
[worker 0] timing@frame31001: {'queue_wait_ms': 0.023, 'decode_in_ms': 0.23, 'prompt_ms': 0.0, 'vae_encode_ms': 3.98, 'transformer_plus_decode_ms': 28.6, 'stage_clock': 'wall-clock', 'benchmark_variant': 'baseline', 'output_cast': 'cpu', 'torch_threads': 128, 'terminal_skips': 0, 'jpeg_ms': 0.27, 'total_ms': 33.1}
[DIAG] t=2425s in=77602 →wk=44929 ←wk=44928 →cl=44852 drop_in=0 drop_out=0 | since: client=0.0s worker=0.0s sent=0.0s | ch=open buf=0 | lag: max=1ms avg=0.3ms | heap=13.4MB rss=47.4MB | gpu0:R pend=1 frames=31010 buf=0 | gpu1:R pend=0 frames=13918 buf=0
[worker 0] timing@frame31051: {'queue_wait_ms': 0.026, 'decode_in_ms': 0.24, 'prompt_ms': 0.0, 'vae_encode_ms': 3.95, 'transformer_plus_decode_ms': 28.05, 'stage_clock': 'wall-clock', 'benchmark_variant': 'baseline', 'output_cast': 'cpu', 'torch_threads': 128, 'terminal_skips': 0, 'jpeg_ms': 0.27, 'total_ms': 32.53}
[worker 0] timing@frame31101: {'queue_wait_ms': 0.027, 'decode_in_ms': 0.37, 'prompt_ms': 0.01, 'vae_encode_ms': 16.51, 'transformer_plus_decode_ms': 38.22, 'stage_clock': 'wall-clock', 'benchmark_variant': 'baseline', 'output_cast': 'cpu', 'torch_threads': 128, 'terminal_skips': 0, 'jpeg_ms': 0.33, 'total_ms': 55.46}
[DIAG] t=2430s in=77862 →wk=45051 ←wk=45050 →cl=44974 drop_in=0 drop_out=0 | since: client=0.0s worker=0.0s sent=0.0s | ch=open buf=0 | lag: max=2ms avg=0.3ms | heap=13.1MB rss=47.4MB | gpu0:R pend=1 frames=31132 buf=0 | gpu1:R pend=0 frames=13918 buf=0
[worker 0] timing@frame31151: {'queue_wait_ms': 0.019, 'decode_in_ms': 0.23, 'prompt_ms': 0.0, 'vae_encode_ms': 3.86, 'transformer_plus_decode_ms': 27.98, 'stage_clock': 'wall-clock', 'benchmark_variant': 'baseline', 'output_cast': 'cpu', 'torch_threads': 128, 'terminal_skips': 0, 'jpeg_ms': 0.24, 'total_ms': 32.32}
[worker 0] timing@frame31201: {'queue_wait_ms': 0.019, 'decode_in_ms': 0.2, 'prompt_ms': 0.0, 'vae_encode_ms': 3.83, 'transformer_plus_decode_ms': 27.48, 'stage_clock': 'wall-clock', 'benchmark_variant': 'baseline', 'output_cast': 'cpu', 'torch_threads': 128, 'terminal_skips': 0, 'jpeg_ms': 0.24, 'total_ms': 31.76}
[worker 0] timing@frame31251: {'queue_wait_ms': 0.021, 'decode_in_ms': 0.24, 'prompt_ms': 0.0, 'vae_encode_ms': 3.87, 'transformer_plus_decode_ms': 28.56, 'stage_clock': 'wall-clock', 'benchmark_variant': 'baseline', 'output_cast': 'cpu', 'torch_threads': 128, 'terminal_skips': 0, 'jpeg_ms': 0.29, 'total_ms': 32.97}
[DIAG] t=2435s in=78116 →wk=45200 ←wk=45199 →cl=45123 drop_in=0 drop_out=0 | since: client=0.0s worker=0.0s sent=0.0s | ch=open buf=0 | lag: max=1ms avg=0.3ms | heap=12.4MB rss=47.4MB | gpu0:R pend=1 frames=31281 buf=0 | gpu1:R pend=0 frames=13918 buf=0
[worker 0] timing@frame31301: {'queue_wait_ms': 0.022, 'decode_in_ms': 0.24, 'prompt_ms': 0.0, 'vae_encode_ms': 3.97, 'transformer_plus_decode_ms': 28.66, 'stage_clock': 'wall-clock', 'benchmark_variant': 'baseline', 'output_cast': 'cpu', 'torch_threads': 128, 'terminal_skips': 0, 'jpeg_ms': 0.27, 'total_ms': 33.16}
[worker 0] timing@frame31351: {'queue_wait_ms': 0.019, 'decode_in_ms': 0.23, 'prompt_ms': 0.0, 'vae_encode_ms': 3.86, 'transformer_plus_decode_ms': 27.91, 'stage_clock': 'wall-clock', 'benchmark_variant': 'baseline', 'output_cast': 'cpu', 'torch_threads': 128, 'terminal_skips': 0, 'jpeg_ms': 0.26, 'total_ms': 32.27}
[worker 0] timing@frame31401: {'queue_wait_ms': 0.02, 'decode_in_ms': 0.23, 'prompt_ms': 0.0, 'vae_encode_ms': 3.84, 'transformer_plus_decode_ms': 28.1, 'stage_clock': 'wall-clock', 'benchmark_variant': 'baseline', 'output_cast': 'cpu', 'torch_threads': 128, 'terminal_skips': 0, 'jpeg_ms': 0.25, 'total_ms': 32.43}
[DIAG] t=2440s in=78372 →wk=45346 ←wk=45345 →cl=45269 drop_in=0 drop_out=0 | since: client=0.0s worker=0.0s sent=0.0s | ch=open buf=0 | lag: max=1ms avg=0.3ms | heap=13.0MB rss=47.4MB | gpu0:R pend=1 frames=31427 buf=0 | gpu1:R pend=0 frames=13918 buf=0
[worker 0] timing@frame31451: {'queue_wait_ms': 0.02, 'decode_in_ms': 0.21, 'prompt_ms': 0.0, 'vae_encode_ms': 3.91, 'transformer_plus_decode_ms': 28.31, 'stage_clock': 'wall-clock', 'benchmark_variant': 'baseline', 'output_cast': 'cpu', 'torch_threads': 128, 'terminal_skips': 0, 'jpeg_ms': 0.24, 'total_ms': 32.68}
[worker 0] timing@frame31501: {'queue_wait_ms': 0.022, 'decode_in_ms': 0.24, 'prompt_ms': 0.0, 'vae_encode_ms': 3.91, 'transformer_plus_decode_ms': 29.66, 'stage_clock': 'wall-clock', 'benchmark_variant': 'baseline', 'output_cast': 'cpu', 'torch_threads': 128, 'terminal_skips': 0, 'jpeg_ms': 0.37, 'total_ms': 34.19}
[worker 0] timing@frame31551: {'queue_wait_ms': 0.026, 'decode_in_ms': 0.33, 'prompt_ms': 0.0, 'vae_encode_ms': 13.28, 'transformer_plus_decode_ms': 30.36, 'stage_clock': 'wall-clock', 'benchmark_variant': 'baseline', 'output_cast': 'cpu', 'torch_threads': 128, 'terminal_skips': 0, 'jpeg_ms': 0.26, 'total_ms': 44.26}
[DIAG] t=2445s in=78622 →wk=45489 ←wk=45488 →cl=45412 drop_in=0 drop_out=0 | since: client=0.0s worker=0.0s sent=0.0s | ch=open buf=0 | lag: max=0ms avg=0.3ms | heap=13.7MB rss=47.4MB | gpu0:R pend=1 frames=31570 buf=0 | gpu1:R pend=0 frames=13918 buf=0
[worker 0] timing@frame31601: {'queue_wait_ms': 0.019, 'decode_in_ms': 0.19, 'prompt_ms': 0.0, 'vae_encode_ms': 3.94, 'transformer_plus_decode_ms': 28.3, 'stage_clock': 'wall-clock', 'benchmark_variant': 'baseline', 'output_cast': 'cpu', 'torch_threads': 128, 'terminal_skips': 0, 'jpeg_ms': 0.24, 'total_ms': 32.7}
[worker 0] timing@frame31651: {'queue_wait_ms': 0.021, 'decode_in_ms': 0.26, 'prompt_ms': 0.0, 'vae_encode_ms': 4.04, 'transformer_plus_decode_ms': 28.41, 'stage_clock': 'wall-clock', 'benchmark_variant': 'baseline', 'output_cast': 'cpu', 'torch_threads': 128, 'terminal_skips': 0, 'jpeg_ms': 0.28, 'total_ms': 33.0}
[worker 0] timing@frame31701: {'queue_wait_ms': 0.012, 'decode_in_ms': 0.23, 'prompt_ms': 0.0, 'vae_encode_ms': 3.92, 'transformer_plus_decode_ms': 28.68, 'stage_clock': 'wall-clock', 'benchmark_variant': 'baseline', 'output_cast': 'cpu', 'torch_threads': 128, 'terminal_skips': 0, 'jpeg_ms': 0.3, 'total_ms': 33.15}
[DIAG] t=2450s in=78878 →wk=45630 ←wk=45629 →cl=45553 drop_in=0 drop_out=0 | since: client=0.0s worker=0.0s sent=0.0s | ch=open buf=0 | lag: max=1ms avg=0.3ms | heap=12.9MB rss=47.4MB | gpu0:R pend=1 frames=31711 buf=0 | gpu1:R pend=0 frames=13918 buf=0
[worker 0] timing@frame31751: {'queue_wait_ms': 0.025, 'decode_in_ms': 0.23, 'prompt_ms': 0.0, 'vae_encode_ms': 4.02, 'transformer_plus_decode_ms': 28.8, 'stage_clock': 'wall-clock', 'benchmark_variant': 'baseline', 'output_cast': 'cpu', 'torch_threads': 128, 'terminal_skips': 0, 'jpeg_ms': 0.3, 'total_ms': 33.37}
[worker 0] timing@frame31801: {'queue_wait_ms': 0.027, 'decode_in_ms': 0.27, 'prompt_ms': 0.0, 'vae_encode_ms': 4.16, 'transformer_plus_decode_ms': 28.95, 'stage_clock': 'wall-clock', 'benchmark_variant': 'baseline', 'output_cast': 'cpu', 'torch_threads': 128, 'terminal_skips': 0, 'jpeg_ms': 0.29, 'total_ms': 33.69}
[worker 0] timing@frame31851: {'queue_wait_ms': 0.012, 'decode_in_ms': 0.25, 'prompt_ms': 0.0, 'vae_encode_ms': 4.13, 'transformer_plus_decode_ms': 28.86, 'stage_clock': 'wall-clock', 'benchmark_variant': 'baseline', 'output_cast': 'cpu', 'torch_threads': 128, 'terminal_skips': 0, 'jpeg_ms': 0.28, 'total_ms': 33.54}
[DIAG] t=2455s in=79121 →wk=45770 ←wk=45769 →cl=45693 drop_in=0 drop_out=0 | since: client=0.0s worker=0.0s sent=0.0s | ch=open buf=0 | lag: max=1ms avg=0.3ms | heap=13.2MB rss=47.4MB | gpu0:R pend=1 frames=31851 buf=0 | gpu1:R pend=0 frames=13918 buf=0
[DIAG] t=2460s in=79131 →wk=45777 ←wk=45777 →cl=45701 drop_in=0 drop_out=0 | since: client=4.8s worker=4.7s sent=4.7s | ch=open buf=0 | lag: max=1ms avg=0.3ms | heap=13.9MB rss=47.4MB | gpu0:R pend=0 frames=31859 buf=0 | gpu1:R pend=0 frames=13918 buf=0
POST /webrtc/offer
Offer candidates host=2 srflx=1 relay=0
ICE connection state: closed
[DIAG] Connection state: closed (channel=none buf=0)
[DIAG] DataChannel CLOSED (was open)
ICE connection state: new
[DIAG] Connection state: new (channel=none buf=0)
ICE gathering state: gathering
[DIAG] t=2465s in=79131 →wk=45777 ←wk=45777 →cl=45701 drop_in=0 drop_out=0 | since: client=9.8s worker=9.7s sent=9.7s | ch=closed buf=0 | lag: max=1ms avg=0.3ms | heap=14.1MB rss=47.4MB | gpu0:R pend=0 frames=31859 buf=0 | gpu1:R pend=0 frames=13918 buf=0
[DIAG] t=2470s in=79131 →wk=45777 ←wk=45777 →cl=45701 drop_in=0 drop_out=0 | since: client=14.8s worker=14.7s sent=14.7s | ch=closed buf=0 | lag: max=1ms avg=0.3ms | heap=12.7MB rss=45.3MB | gpu0:R pend=0 frames=31859 buf=0 | gpu1:R pend=0 frames=13918 buf=0
Sending SDP answer
ICE gathering state: complete
ICE connection state: connected
[DIAG] Connection state: connected (channel=none buf=0)
DataChannel opened: frames
[worker 0] timing@frame31901: {'queue_wait_ms': 0.019, 'decode_in_ms': 0.22, 'prompt_ms': 0.0, 'vae_encode_ms': 3.98, 'transformer_plus_decode_ms': 18.13, 'stage_clock': 'cuda-events', 'benchmark_variant': 'terminal-noop', 'output_cast': 'gpu', 'torch_threads': 128, 'terminal_skips': 1, 'jpeg_ms': 0.24, 'total_ms': 22.6}
[worker 0] timing@frame31951: {'queue_wait_ms': 0.011, 'decode_in_ms': 0.2, 'prompt_ms': 0.0, 'vae_encode_ms': 3.96, 'transformer_plus_decode_ms': 18.29, 'stage_clock': 'cuda-events', 'benchmark_variant': 'terminal-noop', 'output_cast': 'gpu', 'torch_threads': 128, 'terminal_skips': 1, 'jpeg_ms': 0.34, 'total_ms': 22.84}
[worker 0] timing@frame32001: {'queue_wait_ms': 0.02, 'decode_in_ms': 0.24, 'prompt_ms': 0.0, 'vae_encode_ms': 4.04, 'transformer_plus_decode_ms': 18.24, 'stage_clock': 'cuda-events', 'benchmark_variant': 'terminal-noop', 'output_cast': 'gpu', 'torch_threads': 128, 'terminal_skips': 1, 'jpeg_ms': 0.23, 'total_ms': 22.78}
[DIAG] t=2475s in=79312 →wk=45926 ←wk=45925 →cl=45849 drop_in=0 drop_out=0 | since: client=0.0s worker=0.0s sent=0.0s | ch=open buf=0 | lag: max=1ms avg=0.3ms | heap=13.1MB rss=44.0MB | gpu0:R pend=1 frames=32007 buf=0 | gpu1:R pend=0 frames=13918 buf=0
[worker 0] timing@frame32051: {'queue_wait_ms': 0.018, 'decode_in_ms': 0.23, 'prompt_ms': 0.0, 'vae_encode_ms': 3.93, 'transformer_plus_decode_ms': 18.01, 'stage_clock': 'cuda-events', 'benchmark_variant': 'terminal-noop', 'output_cast': 'gpu', 'torch_threads': 128, 'terminal_skips': 1, 'jpeg_ms': 0.22, 'total_ms': 22.42}
[worker 0] timing@frame32101: {'queue_wait_ms': 0.021, 'decode_in_ms': 0.23, 'prompt_ms': 0.0, 'vae_encode_ms': 4.85, 'transformer_plus_decode_ms': 17.23, 'stage_clock': 'cuda-events', 'benchmark_variant': 'terminal-noop', 'output_cast': 'gpu', 'torch_threads': 128, 'terminal_skips': 1, 'jpeg_ms': 0.23, 'total_ms': 22.58}
[worker 0] timing@frame32151: {'queue_wait_ms': 0.019, 'decode_in_ms': 0.2, 'prompt_ms': 0.0, 'vae_encode_ms': 3.97, 'transformer_plus_decode_ms': 18.13, 'stage_clock': 'cuda-events', 'benchmark_variant': 'terminal-noop', 'output_cast': 'gpu', 'torch_threads': 128, 'terminal_skips': 1, 'jpeg_ms': 0.23, 'total_ms': 22.57}
[worker 0] timing@frame32201: {'queue_wait_ms': 0.018, 'decode_in_ms': 0.22, 'prompt_ms': 0.0, 'vae_encode_ms': 4.0, 'transformer_plus_decode_ms': 18.07, 'stage_clock': 'cuda-events', 'benchmark_variant': 'terminal-noop', 'output_cast': 'gpu', 'torch_threads': 128, 'terminal_skips': 1, 'jpeg_ms': 0.24, 'total_ms': 22.56}
[DIAG] t=2480s in=79549 →wk=46126 ←wk=46125 →cl=46049 drop_in=0 drop_out=0 | since: client=0.0s worker=0.0s sent=0.0s | ch=open buf=0 | lag: max=0ms avg=0.3ms | heap=12.8MB rss=44.0MB | gpu0:R pend=1 frames=32207 buf=0 | gpu1:R pend=0 frames=13918 buf=0
[worker 0] timing@frame32251: {'queue_wait_ms': 0.018, 'decode_in_ms': 0.23, 'prompt_ms': 0.0, 'vae_encode_ms': 3.93, 'transformer_plus_decode_ms': 17.24, 'stage_clock': 'cuda-events', 'benchmark_variant': 'terminal-noop', 'output_cast': 'gpu', 'torch_threads': 128, 'terminal_skips': 1, 'jpeg_ms': 0.24, 'total_ms': 21.66}
[worker 0] timing@frame32301: {'queue_wait_ms': 0.02, 'decode_in_ms': 0.23, 'prompt_ms': 0.0, 'vae_encode_ms': 3.98, 'transformer_plus_decode_ms': 17.99, 'stage_clock': 'cuda-events', 'benchmark_variant': 'terminal-noop', 'output_cast': 'gpu', 'torch_threads': 128, 'terminal_skips': 1, 'jpeg_ms': 0.27, 'total_ms': 22.49}
[worker 0] timing@frame32351: {'queue_wait_ms': 0.019, 'decode_in_ms': 0.23, 'prompt_ms': 0.0, 'vae_encode_ms': 4.0, 'transformer_plus_decode_ms': 18.08, 'stage_clock': 'cuda-events', 'benchmark_variant': 'terminal-noop', 'output_cast': 'gpu', 'torch_threads': 128, 'terminal_skips': 1, 'jpeg_ms': 0.26, 'total_ms': 22.59}
[worker 0] timing@frame32401: {'queue_wait_ms': 0.02, 'decode_in_ms': 0.21, 'prompt_ms': 0.0, 'vae_encode_ms': 4.14, 'transformer_plus_decode_ms': 18.21, 'stage_clock': 'cuda-events', 'benchmark_variant': 'terminal-noop', 'output_cast': 'gpu', 'torch_threads': 128, 'terminal_skips': 1, 'jpeg_ms': 0.28, 'total_ms': 22.88}
[DIAG] t=2485s in=79792 →wk=46329 ←wk=46328 →cl=46252 drop_in=0 drop_out=0 | since: client=0.0s worker=0.0s sent=0.0s | ch=open buf=0 | lag: max=0ms avg=0.3ms | heap=13.7MB rss=44.0MB | gpu0:R pend=1 frames=32410 buf=0 | gpu1:R pend=0 frames=13918 buf=0
[worker 0] timing@frame32451: {'queue_wait_ms': 0.019, 'decode_in_ms': 0.19, 'prompt_ms': 0.0, 'vae_encode_ms': 3.99, 'transformer_plus_decode_ms': 18.08, 'stage_clock': 'cuda-events', 'benchmark_variant': 'terminal-noop', 'output_cast': 'gpu', 'torch_threads': 128, 'terminal_skips': 1, 'jpeg_ms': 0.22, 'total_ms': 22.51}
[worker 0] timing@frame32501: {'queue_wait_ms': 0.017, 'decode_in_ms': 0.19, 'prompt_ms': 0.0, 'vae_encode_ms': 3.92, 'transformer_plus_decode_ms': 17.79, 'stage_clock': 'cuda-events', 'benchmark_variant': 'terminal-noop', 'output_cast': 'gpu', 'torch_threads': 128, 'terminal_skips': 1, 'jpeg_ms': 0.24, 'total_ms': 22.17}
[worker 0] timing@frame32551: {'queue_wait_ms': 0.021, 'decode_in_ms': 0.24, 'prompt_ms': 0.0, 'vae_encode_ms': 10.99, 'transformer_plus_decode_ms': 17.16, 'stage_clock': 'cuda-events', 'benchmark_variant': 'terminal-noop', 'output_cast': 'gpu', 'torch_threads': 128, 'terminal_skips': 1, 'jpeg_ms': 0.25, 'total_ms': 28.67}
[worker 0] timing@frame32601: {'queue_wait_ms': 0.02, 'decode_in_ms': 0.2, 'prompt_ms': 0.0, 'vae_encode_ms': 4.07, 'transformer_plus_decode_ms': 18.68, 'stage_clock': 'cuda-events', 'benchmark_variant': 'terminal-noop', 'output_cast': 'gpu', 'torch_threads': 128, 'terminal_skips': 1, 'jpeg_ms': 0.3, 'total_ms': 23.3}
[DIAG] t=2490s in=80031 →wk=46530 ←wk=46529 →cl=46453 drop_in=0 drop_out=0 | since: client=0.0s worker=0.0s sent=0.0s | ch=open buf=0 | lag: max=1ms avg=0.3ms | heap=13.8MB rss=44.0MB | gpu0:R pend=1 frames=32611 buf=0 | gpu1:R pend=0 frames=13918 buf=0
[worker 0] timing@frame32651: {'queue_wait_ms': 0.017, 'decode_in_ms': 0.19, 'prompt_ms': 0.0, 'vae_encode_ms': 3.97, 'transformer_plus_decode_ms': 17.95, 'stage_clock': 'cuda-events', 'benchmark_variant': 'terminal-noop', 'output_cast': 'gpu', 'torch_threads': 128, 'terminal_skips': 1, 'jpeg_ms': 0.25, 'total_ms': 22.39}
[worker 0] timing@frame32701: {'queue_wait_ms': 0.02, 'decode_in_ms': 0.22, 'prompt_ms': 0.0, 'vae_encode_ms': 3.92, 'transformer_plus_decode_ms': 17.18, 'stage_clock': 'cuda-events', 'benchmark_variant': 'terminal-noop', 'output_cast': 'gpu', 'torch_threads': 128, 'terminal_skips': 1, 'jpeg_ms': 0.24, 'total_ms': 21.59}
[worker 0] timing@frame32751: {'queue_wait_ms': 0.02, 'decode_in_ms': 0.24, 'prompt_ms': 0.0, 'vae_encode_ms': 3.93, 'transformer_plus_decode_ms': 17.81, 'stage_clock': 'cuda-events', 'benchmark_variant': 'terminal-noop', 'output_cast': 'gpu', 'torch_threads': 128, 'terminal_skips': 1, 'jpeg_ms': 0.23, 'total_ms': 22.23}
[worker 0] timing@frame32801: {'queue_wait_ms': 0.02, 'decode_in_ms': 0.21, 'prompt_ms': 0.0, 'vae_encode_ms': 3.94, 'transformer_plus_decode_ms': 18.18, 'stage_clock': 'cuda-events', 'benchmark_variant': 'terminal-noop', 'output_cast': 'gpu', 'torch_threads': 128, 'terminal_skips': 1, 'jpeg_ms': 0.24, 'total_ms': 22.6}
[DIAG] t=2495s in=80251 →wk=46722 ←wk=46722 →cl=46646 drop_in=0 drop_out=0 | since: client=0.0s worker=0.0s sent=0.0s | ch=open buf=0 | lag: max=1ms avg=0.3ms | heap=13.1MB rss=44.0MB | gpu0:R pend=0 frames=32804 buf=0 | gpu1:R pend=0 frames=13918 buf=0
[worker 0] timing@frame32851: {'queue_wait_ms': 0.022, 'decode_in_ms': 0.22, 'prompt_ms': 0.0, 'vae_encode_ms': 3.92, 'transformer_plus_decode_ms': 17.09, 'stage_clock': 'cuda-events', 'benchmark_variant': 'terminal-noop', 'output_cast': 'gpu', 'torch_threads': 128, 'terminal_skips': 1, 'jpeg_ms': 0.26, 'total_ms': 21.52}
[worker 0] timing@frame32901: {'queue_wait_ms': 0.019, 'decode_in_ms': 0.19, 'prompt_ms': 0.0, 'vae_encode_ms': 3.94, 'transformer_plus_decode_ms': 18.13, 'stage_clock': 'cuda-events', 'benchmark_variant': 'terminal-noop', 'output_cast': 'gpu', 'torch_threads': 128, 'terminal_skips': 1, 'jpeg_ms': 0.24, 'total_ms': 22.54}
[worker 0] timing@frame32951: {'queue_wait_ms': 0.019, 'decode_in_ms': 0.23, 'prompt_ms': 0.0, 'vae_encode_ms': 3.98, 'transformer_plus_decode_ms': 18.36, 'stage_clock': 'cuda-events', 'benchmark_variant': 'terminal-noop', 'output_cast': 'gpu', 'torch_threads': 128, 'terminal_skips': 1, 'jpeg_ms': 0.24, 'total_ms': 22.84}
[worker 0] timing@frame33001: {'queue_wait_ms': 0.021, 'decode_in_ms': 0.22, 'prompt_ms': 0.0, 'vae_encode_ms': 3.94, 'transformer_plus_decode_ms': 17.19, 'stage_clock': 'cuda-events', 'benchmark_variant': 'terminal-noop', 'output_cast': 'gpu', 'torch_threads': 128, 'terminal_skips': 1, 'jpeg_ms': 0.24, 'total_ms': 21.62}
[DIAG] t=2500s in=80479 →wk=46921 ←wk=46920 →cl=46844 drop_in=0 drop_out=0 | since: client=0.0s worker=0.0s sent=0.0s | ch=open buf=0 | lag: max=1ms avg=0.3ms | heap=13.5MB rss=44.0MB | gpu0:R pend=1 frames=33002 buf=0 | gpu1:R pend=0 frames=13918 buf=0
[worker 0] timing@frame33051: {'queue_wait_ms': 0.021, 'decode_in_ms': 0.24, 'prompt_ms': 0.0, 'vae_encode_ms': 3.97, 'transformer_plus_decode_ms': 18.19, 'stage_clock': 'cuda-events', 'benchmark_variant': 'terminal-noop', 'output_cast': 'gpu', 'torch_threads': 128, 'terminal_skips': 1, 'jpeg_ms': 0.22, 'total_ms': 22.65}
[worker 0] timing@frame33101: {'queue_wait_ms': 0.019, 'decode_in_ms': 0.22, 'prompt_ms': 0.0, 'vae_encode_ms': 3.93, 'transformer_plus_decode_ms': 18.14, 'stage_clock': 'cuda-events', 'benchmark_variant': 'terminal-noop', 'output_cast': 'gpu', 'torch_threads': 128, 'terminal_skips': 1, 'jpeg_ms': 0.24, 'total_ms': 22.56}
[worker 0] timing@frame33151: {'queue_wait_ms': 0.019, 'decode_in_ms': 0.2, 'prompt_ms': 0.0, 'vae_encode_ms': 3.97, 'transformer_plus_decode_ms': 17.2, 'stage_clock': 'cuda-events', 'benchmark_variant': 'terminal-noop', 'output_cast': 'gpu', 'torch_threads': 128, 'terminal_skips': 1, 'jpeg_ms': 0.22, 'total_ms': 21.62}
[worker 0] timing@frame33201: {'queue_wait_ms': 0.017, 'decode_in_ms': 0.19, 'prompt_ms': 0.0, 'vae_encode_ms': 3.93, 'transformer_plus_decode_ms': 18.14, 'stage_clock': 'cuda-events', 'benchmark_variant': 'terminal-noop', 'output_cast': 'gpu', 'torch_threads': 128, 'terminal_skips': 1, 'jpeg_ms': 0.25, 'total_ms': 22.53}
[DIAG] t=2505s in=80717 →wk=47123 ←wk=47122 →cl=47046 drop_in=0 drop_out=0 | since: client=0.0s worker=0.0s sent=0.0s | ch=open buf=0 | lag: max=2ms avg=0.3ms | heap=13.6MB rss=44.0MB | gpu0:R pend=1 frames=33204 buf=0 | gpu1:R pend=0 frames=13918 buf=0
[worker 0] timing@frame33251: {'queue_wait_ms': 0.017, 'decode_in_ms': 0.23, 'prompt_ms': 0.0, 'vae_encode_ms': 4.03, 'transformer_plus_decode_ms': 18.44, 'stage_clock': 'cuda-events', 'benchmark_variant': 'terminal-noop', 'output_cast': 'gpu', 'torch_threads': 128, 'terminal_skips': 1, 'jpeg_ms': 0.25, 'total_ms': 22.98}
[worker 0] timing@frame33301: {'queue_wait_ms': 0.02, 'decode_in_ms': 0.22, 'prompt_ms': 0.0, 'vae_encode_ms': 3.95, 'transformer_plus_decode_ms': 17.14, 'stage_clock': 'cuda-events', 'benchmark_variant': 'terminal-noop', 'output_cast': 'gpu', 'torch_threads': 128, 'terminal_skips': 1, 'jpeg_ms': 0.24, 'total_ms': 21.59}
[worker 0] timing@frame33351: {'queue_wait_ms': 0.031, 'decode_in_ms': 0.24, 'prompt_ms': 0.0, 'vae_encode_ms': 4.0, 'transformer_plus_decode_ms': 17.94, 'stage_clock': 'cuda-events', 'benchmark_variant': 'terminal-noop', 'output_cast': 'gpu', 'torch_threads': 128, 'terminal_skips': 1, 'jpeg_ms': 0.26, 'total_ms': 22.48}
[DIAG] t=2510s in=80937 →wk=47312 ←wk=47311 →cl=47235 drop_in=0 drop_out=0 | since: client=0.0s worker=0.0s sent=0.0s | ch=open buf=0 | lag: max=1ms avg=0.3ms | heap=14.4MB rss=44.0MB | gpu0:R pend=1 frames=33393 buf=0 | gpu1:R pend=0 frames=13918 buf=0
[worker 0] timing@frame33401: {'queue_wait_ms': 0.019, 'decode_in_ms': 0.19, 'prompt_ms': 0.0, 'vae_encode_ms': 3.94, 'transformer_plus_decode_ms': 17.95, 'stage_clock': 'cuda-events', 'benchmark_variant': 'terminal-noop', 'output_cast': 'gpu', 'torch_threads': 128, 'terminal_skips': 1, 'jpeg_ms': 0.23, 'total_ms': 22.34}
[worker 0] timing@frame33451: {'queue_wait_ms': 0.021, 'decode_in_ms': 0.22, 'prompt_ms': 0.0, 'vae_encode_ms': 3.98, 'transformer_plus_decode_ms': 17.18, 'stage_clock': 'cuda-events', 'benchmark_variant': 'terminal-noop', 'output_cast': 'gpu', 'torch_threads': 128, 'terminal_skips': 1, 'jpeg_ms': 0.23, 'total_ms': 21.65}
[worker 0] timing@frame33501: {'queue_wait_ms': 0.018, 'decode_in_ms': 0.22, 'prompt_ms': 0.0, 'vae_encode_ms': 3.92, 'transformer_plus_decode_ms': 17.94, 'stage_clock': 'cuda-events', 'benchmark_variant': 'terminal-noop', 'output_cast': 'gpu', 'torch_threads': 128, 'terminal_skips': 1, 'jpeg_ms': 0.24, 'total_ms': 22.35}
[worker 0] timing@frame33551: {'queue_wait_ms': 0.019, 'decode_in_ms': 0.23, 'prompt_ms': 0.0, 'vae_encode_ms': 3.95, 'transformer_plus_decode_ms': 17.95, 'stage_clock': 'cuda-events', 'benchmark_variant': 'terminal-noop', 'output_cast': 'gpu', 'torch_threads': 128, 'terminal_skips': 1, 'jpeg_ms': 0.23, 'total_ms': 22.39}
[DIAG] t=2515s in=81159 →wk=47512 ←wk=47511 →cl=47435 drop_in=0 drop_out=0 | since: client=0.0s worker=0.0s sent=0.0s | ch=open buf=0 | lag: max=1ms avg=0.3ms | heap=14.4MB rss=44.0MB | gpu0:R pend=1 frames=33593 buf=0 | gpu1:R pend=0 frames=13918 buf=0
[worker 0] timing@frame33601: {'queue_wait_ms': 0.021, 'decode_in_ms': 0.23, 'prompt_ms': 0.0, 'vae_encode_ms': 3.96, 'transformer_plus_decode_ms': 17.28, 'stage_clock': 'cuda-events', 'benchmark_variant': 'terminal-noop', 'output_cast': 'gpu', 'torch_threads': 128, 'terminal_skips': 1, 'jpeg_ms': 0.23, 'total_ms': 21.72}
[worker 0] timing@frame33651: {'queue_wait_ms': 0.021, 'decode_in_ms': 0.24, 'prompt_ms': 0.0, 'vae_encode_ms': 3.97, 'transformer_plus_decode_ms': 17.96, 'stage_clock': 'cuda-events', 'benchmark_variant': 'terminal-noop', 'output_cast': 'gpu', 'torch_threads': 128, 'terminal_skips': 1, 'jpeg_ms': 0.24, 'total_ms': 22.44}
[worker 0] timing@frame33701: {'queue_wait_ms': 0.02, 'decode_in_ms': 0.19, 'prompt_ms': 0.0, 'vae_encode_ms': 3.94, 'transformer_plus_decode_ms': 17.89, 'stage_clock': 'cuda-events', 'benchmark_variant': 'terminal-noop', 'output_cast': 'gpu', 'torch_threads': 128, 'terminal_skips': 1, 'jpeg_ms': 0.24, 'total_ms': 22.29}
[worker 0] timing@frame33751: {'queue_wait_ms': 0.02, 'decode_in_ms': 0.2, 'prompt_ms': 0.0, 'vae_encode_ms': 4.02, 'transformer_plus_decode_ms': 17.42, 'stage_clock': 'cuda-events', 'benchmark_variant': 'terminal-noop', 'output_cast': 'gpu', 'torch_threads': 128, 'terminal_skips': 1, 'jpeg_ms': 0.26, 'total_ms': 21.92}
[DIAG] t=2520s in=81379 →wk=47709 ←wk=47709 →cl=47633 drop_in=0 drop_out=0 | since: client=0.0s worker=0.0s sent=0.0s | ch=open buf=0 | lag: max=1ms avg=0.3ms | heap=14.2MB rss=44.0MB | gpu0:R pend=0 frames=33791 buf=0 | gpu1:R pend=0 frames=13918 buf=0
[worker 0] timing@frame33801: {'queue_wait_ms': 0.022, 'decode_in_ms': 0.23, 'prompt_ms': 0.0, 'vae_encode_ms': 4.03, 'transformer_plus_decode_ms': 18.12, 'stage_clock': 'cuda-events', 'benchmark_variant': 'terminal-noop', 'output_cast': 'gpu', 'torch_threads': 128, 'terminal_skips': 1, 'jpeg_ms': 0.24, 'total_ms': 22.66}
[worker 0] timing@frame33851: {'queue_wait_ms': 0.02, 'decode_in_ms': 0.21, 'prompt_ms': 0.0, 'vae_encode_ms': 3.95, 'transformer_plus_decode_ms': 17.95, 'stage_clock': 'cuda-events', 'benchmark_variant': 'terminal-noop', 'output_cast': 'gpu', 'torch_threads': 128, 'terminal_skips': 1, 'jpeg_ms': 0.26, 'total_ms': 22.4}
[worker 0] timing@frame33901: {'queue_wait_ms': 0.017, 'decode_in_ms': 0.23, 'prompt_ms': 0.0, 'vae_encode_ms': 3.99, 'transformer_plus_decode_ms': 17.26, 'stage_clock': 'cuda-events', 'benchmark_variant': 'terminal-noop', 'output_cast': 'gpu', 'torch_threads': 128, 'terminal_skips': 1, 'jpeg_ms': 0.24, 'total_ms': 21.75}
[worker 0] timing@frame33951: {'queue_wait_ms': 0.018, 'decode_in_ms': 0.19, 'prompt_ms': 0.0, 'vae_encode_ms': 3.95, 'transformer_plus_decode_ms': 18.09, 'stage_clock': 'cuda-events', 'benchmark_variant': 'terminal-noop', 'output_cast': 'gpu', 'torch_threads': 128, 'terminal_skips': 1, 'jpeg_ms': 0.23, 'total_ms': 22.49}
[DIAG] t=2525s in=81599 →wk=47910 ←wk=47909 →cl=47833 drop_in=0 drop_out=0 | since: client=0.0s worker=0.0s sent=0.0s | ch=open buf=0 | lag: max=1ms avg=0.3ms | heap=14.1MB rss=44.0MB | gpu0:R pend=1 frames=33991 buf=0 | gpu1:R pend=0 frames=13918 buf=0
[worker 0] timing@frame34001: {'queue_wait_ms': 0.018, 'decode_in_ms': 0.22, 'prompt_ms': 0.0, 'vae_encode_ms': 3.92, 'transformer_plus_decode_ms': 17.88, 'stage_clock': 'cuda-events', 'benchmark_variant': 'terminal-noop', 'output_cast': 'gpu', 'torch_threads': 128, 'terminal_skips': 1, 'jpeg_ms': 0.24, 'total_ms': 22.29}
[worker 0] timing@frame34051: {'queue_wait_ms': 0.02, 'decode_in_ms': 0.23, 'prompt_ms': 0.0, 'vae_encode_ms': 3.96, 'transformer_plus_decode_ms': 17.19, 'stage_clock': 'cuda-events', 'benchmark_variant': 'terminal-noop', 'output_cast': 'gpu', 'torch_threads': 128, 'terminal_skips': 1, 'jpeg_ms': 0.23, 'total_ms': 21.64}
[worker 0] timing@frame34101: {'queue_wait_ms': 0.018, 'decode_in_ms': 0.22, 'prompt_ms': 0.0, 'vae_encode_ms': 3.92, 'transformer_plus_decode_ms': 17.87, 'stage_clock': 'cuda-events', 'benchmark_variant': 'terminal-noop', 'output_cast': 'gpu', 'torch_threads': 128, 'terminal_skips': 1, 'jpeg_ms': 0.24, 'total_ms': 22.28}
[worker 0] timing@frame34151: {'queue_wait_ms': 0.017, 'decode_in_ms': 0.25, 'prompt_ms': 0.0, 'vae_encode_ms': 3.95, 'transformer_plus_decode_ms': 17.8, 'stage_clock': 'cuda-events', 'benchmark_variant': 'terminal-noop', 'output_cast': 'gpu', 'torch_threads': 128, 'terminal_skips': 1, 'jpeg_ms': 0.23, 'total_ms': 22.26}
[DIAG] t=2530s in=81813 →wk=48107 ←wk=48107 →cl=48031 drop_in=0 drop_out=0 | since: client=0.0s worker=0.0s sent=0.0s | ch=open buf=0 | lag: max=1ms avg=0.3ms | heap=13.8MB rss=44.0MB | gpu0:R pend=0 frames=34189 buf=0 | gpu1:R pend=0 frames=13918 buf=0
[worker 0] timing@frame34201: {'queue_wait_ms': 0.018, 'decode_in_ms': 0.19, 'prompt_ms': 0.0, 'vae_encode_ms': 3.91, 'transformer_plus_decode_ms': 17.08, 'stage_clock': 'cuda-events', 'benchmark_variant': 'terminal-noop', 'output_cast': 'gpu', 'torch_threads': 128, 'terminal_skips': 1, 'jpeg_ms': 0.24, 'total_ms': 21.46}
[worker 0] timing@frame34251: {'queue_wait_ms': 0.021, 'decode_in_ms': 0.19, 'prompt_ms': 0.0, 'vae_encode_ms': 3.92, 'transformer_plus_decode_ms': 17.84, 'stage_clock': 'cuda-events', 'benchmark_variant': 'terminal-noop', 'output_cast': 'gpu', 'torch_threads': 128, 'terminal_skips': 1, 'jpeg_ms': 0.24, 'total_ms': 22.22}
[worker 0] timing@frame34301: {'queue_wait_ms': 0.011, 'decode_in_ms': 0.26, 'prompt_ms': 0.0, 'vae_encode_ms': 4.01, 'transformer_plus_decode_ms': 18.17, 'stage_clock': 'cuda-events', 'benchmark_variant': 'terminal-noop', 'output_cast': 'gpu', 'torch_threads': 128, 'terminal_skips': 1, 'jpeg_ms': 0.24, 'total_ms': 22.71}
[worker 0] timing@frame34351: {'queue_wait_ms': 0.019, 'decode_in_ms': 0.21, 'prompt_ms': 0.0, 'vae_encode_ms': 4.0, 'transformer_plus_decode_ms': 17.33, 'stage_clock': 'cuda-events', 'benchmark_variant': 'terminal-noop', 'output_cast': 'gpu', 'torch_threads': 128, 'terminal_skips': 1, 'jpeg_ms': 0.23, 'total_ms': 21.79}
[DIAG] t=2535s in=82010 →wk=48281 ←wk=48281 →cl=48205 drop_in=0 drop_out=0 | since: client=0.7s worker=0.7s sent=0.7s | ch=open buf=0 | lag: max=1ms avg=0.3ms | heap=14.0MB rss=44.0MB | gpu0:R pend=0 frames=34363 buf=0 | gpu1:R pend=0 frames=13918 buf=0
POST /webrtc/offer
Offer candidates host=2 srflx=1 relay=0
ICE connection state: closed
[DIAG] Connection state: closed (channel=none buf=0)
[DIAG] DataChannel CLOSED (was open)
ICE connection state: new
[DIAG] Connection state: new (channel=none buf=0)
ICE gathering state: gathering
[DIAG] t=2540s in=82010 →wk=48281 ←wk=48281 →cl=48205 drop_in=0 drop_out=0 | since: client=5.7s worker=5.7s sent=5.7s | ch=closed buf=0 | lag: max=1ms avg=0.3ms | heap=14.3MB rss=44.0MB | gpu0:R pend=0 frames=34363 buf=0 | gpu1:R pend=0 frames=13918 buf=0
[DIAG] t=2545s in=82010 →wk=48281 ←wk=48281 →cl=48205 drop_in=0 drop_out=0 | since: client=10.7s worker=10.7s sent=10.7s | ch=closed buf=0 | lag: max=1ms avg=0.3ms | heap=14.4MB rss=44.0MB | gpu0:R pend=0 frames=34363 buf=0 | gpu1:R pend=0 frames=13918 buf=0
Sending SDP answer
ICE gathering state: complete
ICE connection state: connected
[DIAG] Connection state: connected (channel=none buf=0)
DataChannel opened: frames
[worker 1] resolution changed → 512×288, already compiled by idle warmup
[DIAG] t=2550s in=82017 →wk=48288 ←wk=48288 →cl=48212 drop_in=0 drop_out=0 | since: client=0.1s worker=0.0s sent=0.0s | ch=open buf=0 | lag: max=1ms avg=0.3ms | heap=14.9MB rss=44.0MB | gpu0:R pend=0 frames=34366 buf=0 | gpu1:R pend=0 frames=13922 buf=0
[worker 1] timing@frame13951: {'queue_wait_ms': 0.023, 'decode_in_ms': 0.21, 'prompt_ms': 0.0, 'vae_encode_ms': 13.77, 'transformer_plus_decode_ms': 30.03, 'stage_clock': 'wall-clock', 'benchmark_variant': 'baseline', 'output_cast': 'cpu', 'torch_threads': 128, 'terminal_skips': 0, 'jpeg_ms': 0.27, 'total_ms': 44.29}
[worker 0] timing@frame34401: {'queue_wait_ms': 0.02, 'decode_in_ms': 0.23, 'prompt_ms': 0.0, 'vae_encode_ms': 3.98, 'transformer_plus_decode_ms': 28.38, 'stage_clock': 'wall-clock', 'benchmark_variant': 'baseline', 'output_cast': 'cpu', 'torch_threads': 128, 'terminal_skips': 0, 'jpeg_ms': 0.28, 'total_ms': 32.88}
[worker 1] timing@frame14001: {'queue_wait_ms': 0.033, 'decode_in_ms': 0.26, 'prompt_ms': 0.0, 'vae_encode_ms': 4.1, 'transformer_plus_decode_ms': 48.96, 'stage_clock': 'wall-clock', 'benchmark_variant': 'baseline', 'output_cast': 'cpu', 'torch_threads': 128, 'terminal_skips': 0, 'jpeg_ms': 0.29, 'total_ms': 53.62}
[worker 0] timing@frame34451: {'queue_wait_ms': 0.022, 'decode_in_ms': 0.28, 'prompt_ms': 0.0, 'vae_encode_ms': 7.74, 'transformer_plus_decode_ms': 29.96, 'stage_clock': 'wall-clock', 'benchmark_variant': 'baseline', 'output_cast': 'cpu', 'torch_threads': 128, 'terminal_skips': 0, 'jpeg_ms': 0.29, 'total_ms': 38.3}
[DIAG] t=2555s in=82226 →wk=48482 ←wk=48482 →cl=48406 drop_in=0 drop_out=0 | since: client=0.1s worker=0.0s sent=0.0s | ch=open buf=0 | lag: max=1ms avg=0.3ms | heap=14.4MB rss=47.1MB | gpu0:R pend=0 frames=34463 buf=0 | gpu1:R pend=0 frames=14019 buf=0
[worker 1] timing@frame14051: {'queue_wait_ms': 0.026, 'decode_in_ms': 0.24, 'prompt_ms': 0.0, 'vae_encode_ms': 25.99, 'transformer_plus_decode_ms': 40.81, 'stage_clock': 'wall-clock', 'benchmark_variant': 'baseline', 'output_cast': 'cpu', 'torch_threads': 128, 'terminal_skips': 0, 'jpeg_ms': 0.31, 'total_ms': 67.36}
[worker 0] timing@frame34501: {'queue_wait_ms': 0.026, 'decode_in_ms': 0.31, 'prompt_ms': 0.0, 'vae_encode_ms': 4.46, 'transformer_plus_decode_ms': 29.44, 'stage_clock': 'wall-clock', 'benchmark_variant': 'baseline', 'output_cast': 'cpu', 'torch_threads': 128, 'terminal_skips': 0, 'jpeg_ms': 0.28, 'total_ms': 34.53}
[worker 1] timing@frame14101: {'queue_wait_ms': 0.026, 'decode_in_ms': 0.26, 'prompt_ms': 0.0, 'vae_encode_ms': 4.04, 'transformer_plus_decode_ms': 29.87, 'stage_clock': 'wall-clock', 'benchmark_variant': 'baseline', 'output_cast': 'cpu', 'torch_threads': 128, 'terminal_skips': 0, 'jpeg_ms': 0.25, 'total_ms': 34.44}
[worker 0] timing@frame34551: {'queue_wait_ms': 0.026, 'decode_in_ms': 0.29, 'prompt_ms': 0.0, 'vae_encode_ms': 13.27, 'transformer_plus_decode_ms': 32.28, 'stage_clock': 'wall-clock', 'benchmark_variant': 'baseline', 'output_cast': 'cpu', 'torch_threads': 128, 'terminal_skips': 0, 'jpeg_ms': 0.36, 'total_ms': 46.21}
[DIAG] t=2560s in=82422 →wk=48666 ←wk=48664 →cl=48588 drop_in=0 drop_out=0 | since: client=0.0s worker=0.0s sent=0.0s | ch=open buf=0 | lag: max=1ms avg=0.3ms | heap=13.9MB rss=47.1MB | gpu0:R pend=1 frames=34554 buf=0 | gpu1:R pend=1 frames=14110 buf=0
[worker 1] timing@frame14151: {'queue_wait_ms': 0.025, 'decode_in_ms': 0.26, 'prompt_ms': 0.0, 'vae_encode_ms': 3.99, 'transformer_plus_decode_ms': 29.04, 'stage_clock': 'wall-clock', 'benchmark_variant': 'baseline', 'output_cast': 'cpu', 'torch_threads': 128, 'terminal_skips': 0, 'jpeg_ms': 0.27, 'total_ms': 33.58}
[worker 0] timing@frame34601: {'queue_wait_ms': 0.016, 'decode_in_ms': 0.19, 'prompt_ms': 0.0, 'vae_encode_ms': 3.87, 'transformer_plus_decode_ms': 41.19, 'stage_clock': 'wall-clock', 'benchmark_variant': 'baseline', 'output_cast': 'cpu', 'torch_threads': 128, 'terminal_skips': 0, 'jpeg_ms': 0.4, 'total_ms': 45.67}
[worker 1] timing@frame14201: {'queue_wait_ms': 0.025, 'decode_in_ms': 0.26, 'prompt_ms': 0.0, 'vae_encode_ms': 3.99, 'transformer_plus_decode_ms': 33.7, 'stage_clock': 'wall-clock', 'benchmark_variant': 'baseline', 'output_cast': 'cpu', 'torch_threads': 128, 'terminal_skips': 0, 'jpeg_ms': 0.28, 'total_ms': 38.25}
[worker 0] timing@frame34651: {'queue_wait_ms': 0.021, 'decode_in_ms': 0.24, 'prompt_ms': 0.0, 'vae_encode_ms': 4.05, 'transformer_plus_decode_ms': 27.98, 'stage_clock': 'wall-clock', 'benchmark_variant': 'baseline', 'output_cast': 'cpu', 'torch_threads': 128, 'terminal_skips': 0, 'jpeg_ms': 0.26, 'total_ms': 32.55}
[DIAG] t=2565s in=82631 →wk=48870 ←wk=48869 →cl=48792 drop_in=0 drop_out=0 | since: client=0.0s worker=0.0s sent=0.0s | ch=open buf=0 | lag: max=1ms avg=0.3ms | heap=13.9MB rss=47.1MB | gpu0:R pend=0 frames=34657 buf=0 | gpu1:R pend=1 frames=14212 buf=0
[worker 1] timing@frame14251: {'queue_wait_ms': 0.026, 'decode_in_ms': 0.22, 'prompt_ms': 0.0, 'vae_encode_ms': 4.18, 'transformer_plus_decode_ms': 29.86, 'stage_clock': 'wall-clock', 'benchmark_variant': 'baseline', 'output_cast': 'cpu', 'torch_threads': 128, 'terminal_skips': 0, 'jpeg_ms': 0.26, 'total_ms': 34.53}
[worker 0] timing@frame34701: {'queue_wait_ms': 0.013, 'decode_in_ms': 0.23, 'prompt_ms': 0.0, 'vae_encode_ms': 17.68, 'transformer_plus_decode_ms': 31.93, 'stage_clock': 'wall-clock', 'benchmark_variant': 'baseline', 'output_cast': 'cpu', 'torch_threads': 128, 'terminal_skips': 0, 'jpeg_ms': 0.34, 'total_ms': 50.2}
[worker 1] timing@frame14301: {'queue_wait_ms': 0.026, 'decode_in_ms': 0.25, 'prompt_ms': 0.0, 'vae_encode_ms': 3.91, 'transformer_plus_decode_ms': 36.22, 'stage_clock': 'wall-clock', 'benchmark_variant': 'baseline', 'output_cast': 'cpu', 'torch_threads': 128, 'terminal_skips': 0, 'jpeg_ms': 0.32, 'total_ms': 40.71}
[worker 0] timing@frame34751: {'queue_wait_ms': 0.024, 'decode_in_ms': 0.2, 'prompt_ms': 0.0, 'vae_encode_ms': 4.08, 'transformer_plus_decode_ms': 28.8, 'stage_clock': 'wall-clock', 'benchmark_variant': 'baseline', 'output_cast': 'cpu', 'torch_threads': 128, 'terminal_skips': 0, 'jpeg_ms': 0.28, 'total_ms': 33.38}
[DIAG] t=2570s in=82841 →wk=49068 ←wk=49067 →cl=48990 drop_in=0 drop_out=0 | since: client=0.0s worker=0.0s sent=0.0s | ch=open buf=0 | lag: max=3ms avg=0.3ms | heap=14.3MB rss=47.1MB | gpu0:R pend=0 frames=34756 buf=0 | gpu1:R pend=1 frames=14311 buf=0
[worker 1] timing@frame14351: {'queue_wait_ms': 0.027, 'decode_in_ms': 0.33, 'prompt_ms': 0.01, 'vae_encode_ms': 13.18, 'transformer_plus_decode_ms': 34.04, 'stage_clock': 'wall-clock', 'benchmark_variant': 'baseline', 'output_cast': 'cpu', 'torch_threads': 128, 'terminal_skips': 0, 'jpeg_ms': 0.32, 'total_ms': 47.88}
[worker 0] timing@frame34801: {'queue_wait_ms': 0.017, 'decode_in_ms': 0.21, 'prompt_ms': 0.0, 'vae_encode_ms': 3.89, 'transformer_plus_decode_ms': 29.04, 'stage_clock': 'wall-clock', 'benchmark_variant': 'baseline', 'output_cast': 'cpu', 'torch_threads': 128, 'terminal_skips': 0, 'jpeg_ms': 0.25, 'total_ms': 33.4}
[worker 1] timing@frame14401: {'queue_wait_ms': 0.024, 'decode_in_ms': 0.22, 'prompt_ms': 0.0, 'vae_encode_ms': 4.05, 'transformer_plus_decode_ms': 28.56, 'stage_clock': 'wall-clock', 'benchmark_variant': 'baseline', 'output_cast': 'cpu', 'torch_threads': 128, 'terminal_skips': 0, 'jpeg_ms': 0.26, 'total_ms': 33.11}
[worker 0] timing@frame34851: {'queue_wait_ms': 2.207, 'decode_in_ms': 0.45, 'prompt_ms': 0.01, 'vae_encode_ms': 16.52, 'transformer_plus_decode_ms': 46.45, 'stage_clock': 'wall-clock', 'benchmark_variant': 'baseline', 'output_cast': 'cpu', 'torch_threads': 128, 'terminal_skips': 0, 'jpeg_ms': 0.34, 'total_ms': 63.86}
[DIAG] t=2575s in=83052 →wk=49263 ←wk=49261 →cl=49183 drop_in=0 drop_out=0 | since: client=0.0s worker=0.0s sent=0.0s | ch=open buf=0 | lag: max=1ms avg=0.3ms | heap=15.6MB rss=47.1MB | gpu0:R pend=1 frames=34853 buf=0 | gpu1:R pend=1 frames=14408 buf=0
[worker 1] timing@frame14451: {'queue_wait_ms': 0.036, 'decode_in_ms': 0.22, 'prompt_ms': 0.0, 'vae_encode_ms': 4.23, 'transformer_plus_decode_ms': 29.95, 'stage_clock': 'wall-clock', 'benchmark_variant': 'baseline', 'output_cast': 'cpu', 'torch_threads': 128, 'terminal_skips': 0, 'jpeg_ms': 0.26, 'total_ms': 34.68}
[worker 0] timing@frame34901: {'queue_wait_ms': 0.021, 'decode_in_ms': 0.22, 'prompt_ms': 0.0, 'vae_encode_ms': 3.93, 'transformer_plus_decode_ms': 28.6, 'stage_clock': 'wall-clock', 'benchmark_variant': 'baseline', 'output_cast': 'cpu', 'torch_threads': 128, 'terminal_skips': 0, 'jpeg_ms': 0.27, 'total_ms': 33.03}
[worker 1] timing@frame14501: {'queue_wait_ms': 0.031, 'decode_in_ms': 0.24, 'prompt_ms': 0.0, 'vae_encode_ms': 3.87, 'transformer_plus_decode_ms': 28.68, 'stage_clock': 'wall-clock', 'benchmark_variant': 'baseline', 'output_cast': 'cpu', 'torch_threads': 128, 'terminal_skips': 0, 'jpeg_ms': 0.26, 'total_ms': 33.07}
[worker 0] timing@frame34951: {'queue_wait_ms': 0.021, 'decode_in_ms': 0.22, 'prompt_ms': 0.0, 'vae_encode_ms': 3.97, 'transformer_plus_decode_ms': 31.51, 'stage_clock': 'wall-clock', 'benchmark_variant': 'baseline', 'output_cast': 'cpu', 'torch_threads': 128, 'terminal_skips': 0, 'jpeg_ms': 0.27, 'total_ms': 35.98}
[DIAG] t=2580s in=83256 →wk=49464 ←wk=49463 →cl=49385 drop_in=0 drop_out=0 | since: client=0.0s worker=0.0s sent=0.0s | ch=open buf=0 | lag: max=1ms avg=0.3ms | heap=9.3MB rss=47.1MB | gpu0:R pend=1 frames=34954 buf=0 | gpu1:R pend=0 frames=14509 buf=0
[worker 1] timing@frame14551: {'queue_wait_ms': 0.025, 'decode_in_ms': 0.22, 'prompt_ms': 0.0, 'vae_encode_ms': 3.97, 'transformer_plus_decode_ms': 29.16, 'stage_clock': 'wall-clock', 'benchmark_variant': 'baseline', 'output_cast': 'cpu', 'torch_threads': 128, 'terminal_skips': 0, 'jpeg_ms': 0.27, 'total_ms': 33.62}
[worker 0] timing@frame35001: {'queue_wait_ms': 0.021, 'decode_in_ms': 0.23, 'prompt_ms': 0.0, 'vae_encode_ms': 3.93, 'transformer_plus_decode_ms': 28.14, 'stage_clock': 'wall-clock', 'benchmark_variant': 'baseline', 'output_cast': 'cpu', 'torch_threads': 128, 'terminal_skips': 0, 'jpeg_ms': 0.24, 'total_ms': 32.56}
[worker 1] timing@frame14601: {'queue_wait_ms': 0.028, 'decode_in_ms': 0.25, 'prompt_ms': 0.0, 'vae_encode_ms': 3.96, 'transformer_plus_decode_ms': 28.81, 'stage_clock': 'wall-clock', 'benchmark_variant': 'baseline', 'output_cast': 'cpu', 'torch_threads': 128, 'terminal_skips': 0, 'jpeg_ms': 0.29, 'total_ms': 33.33}
[worker 0] timing@frame35051: {'queue_wait_ms': 0.019, 'decode_in_ms': 0.23, 'prompt_ms': 0.0, 'vae_encode_ms': 4.13, 'transformer_plus_decode_ms': 28.84, 'stage_clock': 'wall-clock', 'benchmark_variant': 'baseline', 'output_cast': 'cpu', 'torch_threads': 128, 'terminal_skips': 0, 'jpeg_ms': 0.26, 'total_ms': 33.49}
[DIAG] t=2585s in=83461 →wk=49659 ←wk=49657 →cl=49578 drop_in=0 drop_out=0 | since: client=0.0s worker=0.0s sent=0.0s | ch=open buf=0 | lag: max=1ms avg=0.3ms | heap=9.0MB rss=47.1MB | gpu0:R pend=1 frames=35051 buf=0 | gpu1:R pend=1 frames=14606 buf=0
[worker 1] timing@frame14651: {'queue_wait_ms': 0.025, 'decode_in_ms': 0.22, 'prompt_ms': 0.0, 'vae_encode_ms': 3.97, 'transformer_plus_decode_ms': 28.83, 'stage_clock': 'wall-clock', 'benchmark_variant': 'baseline', 'output_cast': 'cpu', 'torch_threads': 128, 'terminal_skips': 0, 'jpeg_ms': 0.28, 'total_ms': 33.3}
[worker 0] timing@frame35101: {'queue_wait_ms': 0.032, 'decode_in_ms': 0.25, 'prompt_ms': 0.0, 'vae_encode_ms': 4.04, 'transformer_plus_decode_ms': 27.92, 'stage_clock': 'wall-clock', 'benchmark_variant': 'baseline', 'output_cast': 'cpu', 'torch_threads': 128, 'terminal_skips': 0, 'jpeg_ms': 0.26, 'total_ms': 32.49}
[worker 1] timing@frame14701: {'queue_wait_ms': 0.035, 'decode_in_ms': 0.22, 'prompt_ms': 0.0, 'vae_encode_ms': 4.05, 'transformer_plus_decode_ms': 29.5, 'stage_clock': 'wall-clock', 'benchmark_variant': 'baseline', 'output_cast': 'cpu', 'torch_threads': 128, 'terminal_skips': 0, 'jpeg_ms': 0.23, 'total_ms': 34.02}
[DIAG] t=2590s in=83655 →wk=49849 ←wk=49848 →cl=49768 drop_in=0 drop_out=0 | since: client=0.0s worker=0.0s sent=0.0s | ch=open buf=0 | lag: max=1ms avg=0.3ms | heap=8.3MB rss=47.1MB | gpu0:R pend=1 frames=35147 buf=0 | gpu1:R pend=0 frames=14701 buf=0
[worker 0] timing@frame35151: {'queue_wait_ms': 0.022, 'decode_in_ms': 0.24, 'prompt_ms': 0.0, 'vae_encode_ms': 4.12, 'transformer_plus_decode_ms': 28.69, 'stage_clock': 'wall-clock', 'benchmark_variant': 'baseline', 'output_cast': 'cpu', 'torch_threads': 128, 'terminal_skips': 0, 'jpeg_ms': 0.28, 'total_ms': 33.35}
[worker 1] timing@frame14751: {'queue_wait_ms': 0.025, 'decode_in_ms': 0.24, 'prompt_ms': 0.0, 'vae_encode_ms': 3.86, 'transformer_plus_decode_ms': 28.66, 'stage_clock': 'wall-clock', 'benchmark_variant': 'baseline', 'output_cast': 'cpu', 'torch_threads': 128, 'terminal_skips': 0, 'jpeg_ms': 0.25, 'total_ms': 33.03}
[worker 0] timing@frame35201: {'queue_wait_ms': 0.017, 'decode_in_ms': 0.23, 'prompt_ms': 0.0, 'vae_encode_ms': 3.91, 'transformer_plus_decode_ms': 28.56, 'stage_clock': 'wall-clock', 'benchmark_variant': 'baseline', 'output_cast': 'cpu', 'torch_threads': 128, 'terminal_skips': 0, 'jpeg_ms': 0.26, 'total_ms': 32.98}
[worker 1] timing@frame14801: {'queue_wait_ms': 0.022, 'decode_in_ms': 0.26, 'prompt_ms': 0.0, 'vae_encode_ms': 29.2, 'transformer_plus_decode_ms': 30.75, 'stage_clock': 'wall-clock', 'benchmark_variant': 'baseline', 'output_cast': 'cpu', 'torch_threads': 128, 'terminal_skips': 0, 'jpeg_ms': 0.31, 'total_ms': 60.54}
[DIAG] t=2595s in=83862 →wk=50052 ←wk=50050 →cl=49969 drop_in=0 drop_out=0 | since: client=0.0s worker=0.0s sent=0.0s | ch=open buf=0 | lag: max=1ms avg=0.3ms | heap=9.7MB rss=47.1MB | gpu0:R pend=1 frames=35248 buf=0 | gpu1:R pend=1 frames=14802 buf=0
[worker 0] timing@frame35251: {'queue_wait_ms': 0.011, 'decode_in_ms': 0.36, 'prompt_ms': 0.0, 'vae_encode_ms': 4.38, 'transformer_plus_decode_ms': 29.33, 'stage_clock': 'wall-clock', 'benchmark_variant': 'baseline', 'output_cast': 'cpu', 'torch_threads': 128, 'terminal_skips': 0, 'jpeg_ms': 0.28, 'total_ms': 34.38}
[worker 1] timing@frame14851: {'queue_wait_ms': 0.035, 'decode_in_ms': 0.27, 'prompt_ms': 0.0, 'vae_encode_ms': 12.85, 'transformer_plus_decode_ms': 31.3, 'stage_clock': 'wall-clock', 'benchmark_variant': 'baseline', 'output_cast': 'cpu', 'torch_threads': 128, 'terminal_skips': 0, 'jpeg_ms': 0.28, 'total_ms': 44.72}
[worker 0] timing@frame35301: {'queue_wait_ms': 0.021, 'decode_in_ms': 0.31, 'prompt_ms': 0.0, 'vae_encode_ms': 4.23, 'transformer_plus_decode_ms': 29.6, 'stage_clock': 'wall-clock', 'benchmark_variant': 'baseline', 'output_cast': 'cpu', 'torch_threads': 128, 'terminal_skips': 0, 'jpeg_ms': 0.31, 'total_ms': 34.47}
[DIAG] t=2600s in=84060 →wk=50242 ←wk=50241 →cl=50160 drop_in=0 drop_out=0 | since: client=0.0s worker=0.0s sent=0.0s | ch=open buf=0 | lag: max=1ms avg=0.3ms | heap=9.1MB rss=47.1MB | gpu0:R pend=1 frames=35343 buf=0 | gpu1:R pend=0 frames=14898 buf=0
[worker 1] timing@frame14901: {'queue_wait_ms': 0.025, 'decode_in_ms': 0.21, 'prompt_ms': 0.0, 'vae_encode_ms': 3.93, 'transformer_plus_decode_ms': 28.38, 'stage_clock': 'wall-clock', 'benchmark_variant': 'baseline', 'output_cast': 'cpu', 'torch_threads': 128, 'terminal_skips': 0, 'jpeg_ms': 0.22, 'total_ms': 32.76}
[worker 0] timing@frame35351: {'queue_wait_ms': 0.02, 'decode_in_ms': 0.22, 'prompt_ms': 0.0, 'vae_encode_ms': 3.91, 'transformer_plus_decode_ms': 28.55, 'stage_clock': 'wall-clock', 'benchmark_variant': 'baseline', 'output_cast': 'cpu', 'torch_threads': 128, 'terminal_skips': 0, 'jpeg_ms': 0.25, 'total_ms': 32.96}
[worker 1] timing@frame14951: {'queue_wait_ms': 0.026, 'decode_in_ms': 0.22, 'prompt_ms': 0.0, 'vae_encode_ms': 3.97, 'transformer_plus_decode_ms': 51.62, 'stage_clock': 'wall-clock', 'benchmark_variant': 'baseline', 'output_cast': 'cpu', 'torch_threads': 128, 'terminal_skips': 0, 'jpeg_ms': 0.24, 'total_ms': 56.06}
[worker 0] timing@frame35401: {'queue_wait_ms': 0.024, 'decode_in_ms': 0.24, 'prompt_ms': 0.0, 'vae_encode_ms': 3.89, 'transformer_plus_decode_ms': 28.12, 'stage_clock': 'wall-clock', 'benchmark_variant': 'baseline', 'output_cast': 'cpu', 'torch_threads': 128, 'terminal_skips': 0, 'jpeg_ms': 0.27, 'total_ms': 32.53}
[DIAG] t=2605s in=84258 →wk=50435 ←wk=50434 →cl=50351 drop_in=0 drop_out=0 | since: client=0.0s worker=0.0s sent=0.0s | ch=open buf=0 | lag: max=1ms avg=0.3ms | heap=8.7MB rss=47.1MB | gpu0:R pend=0 frames=35440 buf=0 | gpu1:R pend=1 frames=14994 buf=0
[worker 1] timing@frame15001: {'queue_wait_ms': 0.039, 'decode_in_ms': 0.28, 'prompt_ms': 0.0, 'vae_encode_ms': 9.1, 'transformer_plus_decode_ms': 29.78, 'stage_clock': 'wall-clock', 'benchmark_variant': 'baseline', 'output_cast': 'cpu', 'torch_threads': 128, 'terminal_skips': 0, 'jpeg_ms': 0.29, 'total_ms': 39.48}
[worker 0] timing@frame35451: {'queue_wait_ms': 0.021, 'decode_in_ms': 0.25, 'prompt_ms': 0.0, 'vae_encode_ms': 4.04, 'transformer_plus_decode_ms': 28.94, 'stage_clock': 'wall-clock', 'benchmark_variant': 'baseline', 'output_cast': 'cpu', 'torch_threads': 128, 'terminal_skips': 0, 'jpeg_ms': 0.27, 'total_ms': 33.5}
[worker 1] timing@frame15051: {'queue_wait_ms': 0.026, 'decode_in_ms': 0.23, 'prompt_ms': 0.0, 'vae_encode_ms': 3.87, 'transformer_plus_decode_ms': 28.96, 'stage_clock': 'wall-clock', 'benchmark_variant': 'baseline', 'output_cast': 'cpu', 'torch_threads': 128, 'terminal_skips': 0, 'jpeg_ms': 0.26, 'total_ms': 33.33}
[worker 0] timing@frame35501: {'queue_wait_ms': 0.031, 'decode_in_ms': 0.25, 'prompt_ms': 0.0, 'vae_encode_ms': 4.69, 'transformer_plus_decode_ms': 28.59, 'stage_clock': 'wall-clock', 'benchmark_variant': 'baseline', 'output_cast': 'cpu', 'torch_threads': 128, 'terminal_skips': 0, 'jpeg_ms': 0.27, 'total_ms': 33.84}
[DIAG] t=2610s in=84458 →wk=50633 ←wk=50631 →cl=50548 drop_in=0 drop_out=0 | since: client=0.0s worker=0.0s sent=0.0s | ch=open buf=0 | lag: max=1ms avg=0.3ms | heap=8.5MB rss=47.1MB | gpu0:R pend=1 frames=35538 buf=0 | gpu1:R pend=1 frames=15093 buf=0
[worker 1] timing@frame15101: {'queue_wait_ms': 0.025, 'decode_in_ms': 0.23, 'prompt_ms': 0.0, 'vae_encode_ms': 4.0, 'transformer_plus_decode_ms': 28.98, 'stage_clock': 'wall-clock', 'benchmark_variant': 'baseline', 'output_cast': 'cpu', 'torch_threads': 128, 'terminal_skips': 0, 'jpeg_ms': 0.27, 'total_ms': 33.48}
[worker 0] timing@frame35551: {'queue_wait_ms': 0.011, 'decode_in_ms': 0.24, 'prompt_ms': 0.0, 'vae_encode_ms': 3.91, 'transformer_plus_decode_ms': 28.0, 'stage_clock': 'wall-clock', 'benchmark_variant': 'baseline', 'output_cast': 'cpu', 'torch_threads': 128, 'terminal_skips': 0, 'jpeg_ms': 0.27, 'total_ms': 32.45}
[worker 1] timing@frame15151: {'queue_wait_ms': 0.028, 'decode_in_ms': 0.21, 'prompt_ms': 0.0, 'vae_encode_ms': 3.91, 'transformer_plus_decode_ms': 29.08, 'stage_clock': 'wall-clock', 'benchmark_variant': 'baseline', 'output_cast': 'cpu', 'torch_threads': 128, 'terminal_skips': 0, 'jpeg_ms': 0.23, 'total_ms': 33.44}
[worker 0] timing@frame35601: {'queue_wait_ms': 0.021, 'decode_in_ms': 0.22, 'prompt_ms': 0.01, 'vae_encode_ms': 3.97, 'transformer_plus_decode_ms': 28.41, 'stage_clock': 'wall-clock', 'benchmark_variant': 'baseline', 'output_cast': 'cpu', 'torch_threads': 128, 'terminal_skips': 0, 'jpeg_ms': 0.26, 'total_ms': 32.87}
[DIAG] t=2615s in=84581 →wk=50756 ←wk=50756 →cl=50673 drop_in=0 drop_out=0 | since: client=2.1s worker=2.0s sent=2.0s | ch=open buf=0 | lag: max=1ms avg=0.3ms | heap=9.1MB rss=47.1MB | gpu0:R pend=0 frames=35601 buf=0 | gpu1:R pend=0 frames=15155 buf=0
POST /webrtc/offer
Offer candidates host=2 srflx=1 relay=0
ICE connection state: closed
[DIAG] Connection state: closed (channel=none buf=0)
[DIAG] DataChannel CLOSED (was open)
ICE connection state: new
[DIAG] Connection state: new (channel=none buf=0)
ICE gathering state: gathering
[DIAG] t=2620s in=84581 →wk=50756 ←wk=50756 →cl=50673 drop_in=0 drop_out=0 | since: client=7.1s worker=7.0s sent=7.0s | ch=closed buf=0 | lag: max=1ms avg=0.3ms | heap=9.3MB rss=47.1MB | gpu0:R pend=0 frames=35601 buf=0 | gpu1:R pend=0 frames=15155 buf=0
[DIAG] t=2625s in=84581 →wk=50756 ←wk=50756 →cl=50673 drop_in=0 drop_out=0 | since: client=12.1s worker=12.0s sent=12.0s | ch=closed buf=0 | lag: max=1ms avg=0.3ms | heap=9.4MB rss=47.1MB | gpu0:R pend=0 frames=35601 buf=0 | gpu1:R pend=0 frames=15155 buf=0
Sending SDP answer
ICE gathering state: complete
ICE connection state: connected
[DIAG] Connection state: connected (channel=none buf=0)
DataChannel opened: frames
[DIAG] t=2630s in=84611 →wk=50786 ←wk=50786 →cl=50703 drop_in=0 drop_out=0 | since: client=0.0s worker=0.0s sent=0.0s | ch=open buf=0 | lag: max=7ms avg=0.3ms | heap=8.8MB rss=47.1MB | gpu0:R pend=0 frames=35616 buf=0 | gpu1:R pend=0 frames=15170 buf=0
[worker 1] timing@frame15201: {'queue_wait_ms': 0.03, 'decode_in_ms': 0.31, 'prompt_ms': 0.0, 'vae_encode_ms': 4.37, 'transformer_plus_decode_ms': 19.35, 'stage_clock': 'cuda-events', 'benchmark_variant': 'terminal-noop', 'output_cast': 'gpu', 'torch_threads': 128, 'terminal_skips': 1, 'jpeg_ms': 0.23, 'total_ms': 24.3}
[worker 0] timing@frame35651: {'queue_wait_ms': 0.012, 'decode_in_ms': 0.23, 'prompt_ms': 0.0, 'vae_encode_ms': 4.09, 'transformer_plus_decode_ms': 18.87, 'stage_clock': 'cuda-events', 'benchmark_variant': 'terminal-noop', 'output_cast': 'gpu', 'torch_threads': 128, 'terminal_skips': 1, 'jpeg_ms': 0.27, 'total_ms': 23.5}
[worker 1] timing@frame15251: {'queue_wait_ms': 0.038, 'decode_in_ms': 0.23, 'prompt_ms': 0.0, 'vae_encode_ms': 4.03, 'transformer_plus_decode_ms': 19.19, 'stage_clock': 'cuda-events', 'benchmark_variant': 'terminal-noop', 'output_cast': 'gpu', 'torch_threads': 128, 'terminal_skips': 1, 'jpeg_ms': 0.23, 'total_ms': 23.72}
[worker 0] timing@frame35701: {'queue_wait_ms': 0.036, 'decode_in_ms': 0.27, 'prompt_ms': 0.0, 'vae_encode_ms': 4.18, 'transformer_plus_decode_ms': 17.93, 'stage_clock': 'cuda-events', 'benchmark_variant': 'terminal-noop', 'output_cast': 'gpu', 'torch_threads': 128, 'terminal_skips': 1, 'jpeg_ms': 0.25, 'total_ms': 22.67}
[DIAG] t=2635s in=84812 →wk=50987 ←wk=50986 →cl=50902 drop_in=0 drop_out=0 | since: client=0.0s worker=0.0s sent=0.0s | ch=open buf=0 | lag: max=1ms avg=0.3ms | heap=9.4MB rss=52.9MB | gpu0:R pend=1 frames=35716 buf=0 | gpu1:R pend=0 frames=15270 buf=0
[worker 1] timing@frame15301: {'queue_wait_ms': 0.026, 'decode_in_ms': 0.21, 'prompt_ms': 0.0, 'vae_encode_ms': 4.94, 'transformer_plus_decode_ms': 17.34, 'stage_clock': 'cuda-events', 'benchmark_variant': 'terminal-noop', 'output_cast': 'gpu', 'torch_threads': 128, 'terminal_skips': 1, 'jpeg_ms': 0.22, 'total_ms': 22.74}
[worker 0] timing@frame35751: {'queue_wait_ms': 0.03, 'decode_in_ms': 0.21, 'prompt_ms': 0.0, 'vae_encode_ms': 4.09, 'transformer_plus_decode_ms': 18.35, 'stage_clock': 'cuda-events', 'benchmark_variant': 'terminal-noop', 'output_cast': 'gpu', 'torch_threads': 128, 'terminal_skips': 1, 'jpeg_ms': 0.23, 'total_ms': 22.92}
[worker 1] timing@frame15351: {'queue_wait_ms': 0.018, 'decode_in_ms': 0.3, 'prompt_ms': 0.0, 'vae_encode_ms': 12.03, 'transformer_plus_decode_ms': 20.31, 'stage_clock': 'cuda-events', 'benchmark_variant': 'terminal-noop', 'output_cast': 'gpu', 'torch_threads': 128, 'terminal_skips': 1, 'jpeg_ms': 0.24, 'total_ms': 32.94}
[worker 0] timing@frame35801: {'queue_wait_ms': 0.024, 'decode_in_ms': 0.24, 'prompt_ms': 0.0, 'vae_encode_ms': 12.33, 'transformer_plus_decode_ms': 18.53, 'stage_clock': 'cuda-events', 'benchmark_variant': 'terminal-noop', 'output_cast': 'gpu', 'torch_threads': 128, 'terminal_skips': 1, 'jpeg_ms': 0.24, 'total_ms': 31.37}
[DIAG] t=2640s in=85001 →wk=51176 ←wk=51175 →cl=51091 drop_in=0 drop_out=0 | since: client=0.0s worker=0.0s sent=0.0s | ch=open buf=0 | lag: max=1ms avg=0.3ms | heap=9.0MB rss=52.9MB | gpu0:R pend=0 frames=35811 buf=0 | gpu1:R pend=1 frames=15364 buf=0
[worker 1] timing@frame15401: {'queue_wait_ms': 0.04, 'decode_in_ms': 0.33, 'prompt_ms': 0.01, 'vae_encode_ms': 4.69, 'transformer_plus_decode_ms': 21.27, 'stage_clock': 'cuda-events', 'benchmark_variant': 'terminal-noop', 'output_cast': 'gpu', 'torch_threads': 128, 'terminal_skips': 1, 'jpeg_ms': 0.29, 'total_ms': 26.65}
[worker 0] timing@frame35851: {'queue_wait_ms': 0.024, 'decode_in_ms': 0.29, 'prompt_ms': 0.0, 'vae_encode_ms': 4.47, 'transformer_plus_decode_ms': 18.47, 'stage_clock': 'cuda-events', 'benchmark_variant': 'terminal-noop', 'output_cast': 'gpu', 'torch_threads': 128, 'terminal_skips': 1, 'jpeg_ms': 0.27, 'total_ms': 23.55}
[worker 1] timing@frame15451: {'queue_wait_ms': 0.044, 'decode_in_ms': 0.24, 'prompt_ms': 0.0, 'vae_encode_ms': 3.95, 'transformer_plus_decode_ms': 18.73, 'stage_clock': 'cuda-events', 'benchmark_variant': 'terminal-noop', 'output_cast': 'gpu', 'torch_threads': 128, 'terminal_skips': 1, 'jpeg_ms': 0.27, 'total_ms': 23.23}
[worker 0] timing@frame35901: {'queue_wait_ms': 0.033, 'decode_in_ms': 0.2, 'prompt_ms': 0.0, 'vae_encode_ms': 4.01, 'transformer_plus_decode_ms': 18.03, 'stage_clock': 'cuda-events', 'benchmark_variant': 'terminal-noop', 'output_cast': 'gpu', 'torch_threads': 128, 'terminal_skips': 1, 'jpeg_ms': 0.24, 'total_ms': 22.51}
[DIAG] t=2645s in=85204 →wk=51379 ←wk=51377 →cl=51292 drop_in=0 drop_out=0 | since: client=0.0s worker=0.0s sent=0.0s | ch=open buf=0 | lag: max=1ms avg=0.3ms | heap=8.8MB rss=52.9MB | gpu0:R pend=1 frames=35912 buf=0 | gpu1:R pend=1 frames=15465 buf=0
[worker 1] timing@frame15501: {'queue_wait_ms': 0.025, 'decode_in_ms': 0.24, 'prompt_ms': 0.0, 'vae_encode_ms': 15.66, 'transformer_plus_decode_ms': 18.46, 'stage_clock': 'cuda-events', 'benchmark_variant': 'terminal-noop', 'output_cast': 'gpu', 'torch_threads': 128, 'terminal_skips': 1, 'jpeg_ms': 0.24, 'total_ms': 34.63}
[worker 0] timing@frame35951: {'queue_wait_ms': 0.026, 'decode_in_ms': 0.21, 'prompt_ms': 0.0, 'vae_encode_ms': 4.04, 'transformer_plus_decode_ms': 18.86, 'stage_clock': 'cuda-events', 'benchmark_variant': 'terminal-noop', 'output_cast': 'gpu', 'torch_threads': 128, 'terminal_skips': 1, 'jpeg_ms': 0.24, 'total_ms': 23.38}
[worker 1] timing@frame15551: {'queue_wait_ms': 0.024, 'decode_in_ms': 0.3, 'prompt_ms': 0.0, 'vae_encode_ms': 4.34, 'transformer_plus_decode_ms': 19.44, 'stage_clock': 'cuda-events', 'benchmark_variant': 'terminal-noop', 'output_cast': 'gpu', 'torch_threads': 128, 'terminal_skips': 1, 'jpeg_ms': 0.25, 'total_ms': 24.37}
[worker 0] timing@frame36001: {'queue_wait_ms': 0.028, 'decode_in_ms': 0.27, 'prompt_ms': 0.0, 'vae_encode_ms': 4.1, 'transformer_plus_decode_ms': 17.63, 'stage_clock': 'cuda-events', 'benchmark_variant': 'terminal-noop', 'output_cast': 'gpu', 'torch_threads': 128, 'terminal_skips': 1, 'jpeg_ms': 0.24, 'total_ms': 22.28}
[DIAG] t=2650s in=85421 →wk=51595 ←wk=51594 →cl=51509 drop_in=0 drop_out=0 | since: client=0.0s worker=0.0s sent=0.0s | ch=open buf=0 | lag: max=1ms avg=0.3ms | heap=9.4MB rss=52.9MB | gpu0:R pend=0 frames=36021 buf=0 | gpu1:R pend=1 frames=15573 buf=0
[worker 1] timing@frame15601: {'queue_wait_ms': 0.036, 'decode_in_ms': 0.22, 'prompt_ms': 0.0, 'vae_encode_ms': 4.02, 'transformer_plus_decode_ms': 18.67, 'stage_clock': 'cuda-events', 'benchmark_variant': 'terminal-noop', 'output_cast': 'gpu', 'torch_threads': 128, 'terminal_skips': 1, 'jpeg_ms': 0.25, 'total_ms': 23.2}
[worker 0] timing@frame36051: {'queue_wait_ms': 0.033, 'decode_in_ms': 0.27, 'prompt_ms': 0.0, 'vae_encode_ms': 4.02, 'transformer_plus_decode_ms': 18.79, 'stage_clock': 'cuda-events', 'benchmark_variant': 'terminal-noop', 'output_cast': 'gpu', 'torch_threads': 128, 'terminal_skips': 1, 'jpeg_ms': 0.23, 'total_ms': 23.35}
[worker 1] timing@frame15651: {'queue_wait_ms': 0.037, 'decode_in_ms': 0.23, 'prompt_ms': 0.0, 'vae_encode_ms': 4.02, 'transformer_plus_decode_ms': 18.83, 'stage_clock': 'cuda-events', 'benchmark_variant': 'terminal-noop', 'output_cast': 'gpu', 'torch_threads': 128, 'terminal_skips': 1, 'jpeg_ms': 0.29, 'total_ms': 23.41}
[worker 0] timing@frame36101: {'queue_wait_ms': 0.035, 'decode_in_ms': 0.22, 'prompt_ms': 0.0, 'vae_encode_ms': 4.11, 'transformer_plus_decode_ms': 18.94, 'stage_clock': 'cuda-events', 'benchmark_variant': 'terminal-noop', 'output_cast': 'gpu', 'torch_threads': 128, 'terminal_skips': 1, 'jpeg_ms': 0.24, 'total_ms': 23.54}
[DIAG] t=2655s in=85634 →wk=51808 ←wk=51806 →cl=51721 drop_in=0 drop_out=0 | since: client=0.0s worker=0.0s sent=0.0s | ch=open buf=0 | lag: max=1ms avg=0.3ms | heap=8.9MB rss=52.9MB | gpu0:R pend=1 frames=36127 buf=0 | gpu1:R pend=1 frames=15679 buf=0
[worker 1] timing@frame15701: {'queue_wait_ms': 0.014, 'decode_in_ms': 0.24, 'prompt_ms': 0.0, 'vae_encode_ms': 4.09, 'transformer_plus_decode_ms': 19.63, 'stage_clock': 'cuda-events', 'benchmark_variant': 'terminal-noop', 'output_cast': 'gpu', 'torch_threads': 128, 'terminal_skips': 1, 'jpeg_ms': 0.28, 'total_ms': 24.28}
[worker 0] timing@frame36151: {'queue_wait_ms': 0.028, 'decode_in_ms': 0.29, 'prompt_ms': 0.0, 'vae_encode_ms': 3.99, 'transformer_plus_decode_ms': 17.39, 'stage_clock': 'cuda-events', 'benchmark_variant': 'terminal-noop', 'output_cast': 'gpu', 'torch_threads': 128, 'terminal_skips': 1, 'jpeg_ms': 0.24, 'total_ms': 21.93}
[worker 1] timing@frame15751: {'queue_wait_ms': 0.024, 'decode_in_ms': 0.22, 'prompt_ms': 0.0, 'vae_encode_ms': 4.1, 'transformer_plus_decode_ms': 17.43, 'stage_clock': 'cuda-events', 'benchmark_variant': 'terminal-noop', 'output_cast': 'gpu', 'torch_threads': 128, 'terminal_skips': 1, 'jpeg_ms': 0.23, 'total_ms': 22.01}
[worker 0] timing@frame36201: {'queue_wait_ms': 0.027, 'decode_in_ms': 0.29, 'prompt_ms': 0.0, 'vae_encode_ms': 4.01, 'transformer_plus_decode_ms': 19.29, 'stage_clock': 'cuda-events', 'benchmark_variant': 'terminal-noop', 'output_cast': 'gpu', 'torch_threads': 128, 'terminal_skips': 1, 'jpeg_ms': 0.28, 'total_ms': 23.9}
[DIAG] t=2660s in=85847 →wk=52021 ←wk=52020 →cl=51935 drop_in=0 drop_out=0 | since: client=0.0s worker=0.0s sent=0.0s | ch=open buf=0 | lag: max=1ms avg=0.3ms | heap=10.2MB rss=52.9MB | gpu0:R pend=0 frames=36234 buf=0 | gpu1:R pend=1 frames=15786 buf=0
[worker 1] timing@frame15801: {'queue_wait_ms': 0.027, 'decode_in_ms': 0.23, 'prompt_ms': 0.0, 'vae_encode_ms': 4.04, 'transformer_plus_decode_ms': 18.77, 'stage_clock': 'cuda-events', 'benchmark_variant': 'terminal-noop', 'output_cast': 'gpu', 'torch_threads': 128, 'terminal_skips': 1, 'jpeg_ms': 0.24, 'total_ms': 23.31}
[worker 0] timing@frame36251: {'queue_wait_ms': 0.035, 'decode_in_ms': 0.26, 'prompt_ms': 0.0, 'vae_encode_ms': 4.02, 'transformer_plus_decode_ms': 18.95, 'stage_clock': 'cuda-events', 'benchmark_variant': 'terminal-noop', 'output_cast': 'gpu', 'torch_threads': 128, 'terminal_skips': 1, 'jpeg_ms': 0.28, 'total_ms': 23.55}
[worker 1] timing@frame15851: {'queue_wait_ms': 0.038, 'decode_in_ms': 0.26, 'prompt_ms': 0.0, 'vae_encode_ms': 11.64, 'transformer_plus_decode_ms': 18.76, 'stage_clock': 'cuda-events', 'benchmark_variant': 'terminal-noop', 'output_cast': 'gpu', 'torch_threads': 128, 'terminal_skips': 1, 'jpeg_ms': 0.24, 'total_ms': 30.93}
[worker 0] timing@frame36301: {'queue_wait_ms': 0.035, 'decode_in_ms': 0.28, 'prompt_ms': 0.0, 'vae_encode_ms': 4.0, 'transformer_plus_decode_ms': 17.32, 'stage_clock': 'cuda-events', 'benchmark_variant': 'terminal-noop', 'output_cast': 'gpu', 'torch_threads': 128, 'terminal_skips': 1, 'jpeg_ms': 0.23, 'total_ms': 21.86}
[DIAG] t=2665s in=86064 →wk=52236 ←wk=52234 →cl=52149 drop_in=0 drop_out=0 | since: client=0.0s worker=0.0s sent=0.0s | ch=open buf=0 | lag: max=1ms avg=0.3ms | heap=9.2MB rss=52.9MB | gpu0:R pend=1 frames=36341 buf=0 | gpu1:R pend=1 frames=15893 buf=0
[worker 1] timing@frame15901: {'queue_wait_ms': 0.036, 'decode_in_ms': 0.23, 'prompt_ms': 0.0, 'vae_encode_ms': 3.99, 'transformer_plus_decode_ms': 18.59, 'stage_clock': 'cuda-events', 'benchmark_variant': 'terminal-noop', 'output_cast': 'gpu', 'torch_threads': 128, 'terminal_skips': 1, 'jpeg_ms': 0.23, 'total_ms': 23.08}
[worker 0] timing@frame36351: {'queue_wait_ms': 0.038, 'decode_in_ms': 0.22, 'prompt_ms': 0.0, 'vae_encode_ms': 4.05, 'transformer_plus_decode_ms': 18.78, 'stage_clock': 'cuda-events', 'benchmark_variant': 'terminal-noop', 'output_cast': 'gpu', 'torch_threads': 128, 'terminal_skips': 1, 'jpeg_ms': 0.26, 'total_ms': 23.35}
[worker 1] timing@frame15951: {'queue_wait_ms': 0.024, 'decode_in_ms': 0.22, 'prompt_ms': 0.0, 'vae_encode_ms': 3.92, 'transformer_plus_decode_ms': 18.83, 'stage_clock': 'cuda-events', 'benchmark_variant': 'terminal-noop', 'output_cast': 'gpu', 'torch_threads': 128, 'terminal_skips': 1, 'jpeg_ms': 0.27, 'total_ms': 23.27}
[worker 0] timing@frame36401: {'queue_wait_ms': 0.038, 'decode_in_ms': 0.28, 'prompt_ms': 0.0, 'vae_encode_ms': 4.06, 'transformer_plus_decode_ms': 18.83, 'stage_clock': 'cuda-events', 'benchmark_variant': 'terminal-noop', 'output_cast': 'gpu', 'torch_threads': 128, 'terminal_skips': 1, 'jpeg_ms': 0.25, 'total_ms': 23.45}
[worker 1] timing@frame16001: {'queue_wait_ms': 0.028, 'decode_in_ms': 0.23, 'prompt_ms': 0.0, 'vae_encode_ms': 3.91, 'transformer_plus_decode_ms': 18.37, 'stage_clock': 'cuda-events', 'benchmark_variant': 'terminal-noop', 'output_cast': 'gpu', 'torch_threads': 128, 'terminal_skips': 1, 'jpeg_ms': 0.23, 'total_ms': 22.76}
[DIAG] t=2670s in=86278 →wk=52451 ←wk=52451 →cl=52366 drop_in=0 drop_out=0 | since: client=0.0s worker=0.0s sent=0.0s | ch=open buf=0 | lag: max=1ms avg=0.3ms | heap=9.8MB rss=52.9MB | gpu0:R pend=0 frames=36449 buf=0 | gpu1:R pend=0 frames=16002 buf=0
[worker 0] timing@frame36451: {'queue_wait_ms': 0.028, 'decode_in_ms': 0.32, 'prompt_ms': 0.0, 'vae_encode_ms': 4.36, 'transformer_plus_decode_ms': 18.62, 'stage_clock': 'cuda-events', 'benchmark_variant': 'terminal-noop', 'output_cast': 'gpu', 'torch_threads': 128, 'terminal_skips': 1, 'jpeg_ms': 0.33, 'total_ms': 23.68}
[worker 1] timing@frame16051: {'queue_wait_ms': 0.027, 'decode_in_ms': 0.22, 'prompt_ms': 0.0, 'vae_encode_ms': 3.99, 'transformer_plus_decode_ms': 18.58, 'stage_clock': 'cuda-events', 'benchmark_variant': 'terminal-noop', 'output_cast': 'gpu', 'torch_threads': 128, 'terminal_skips': 1, 'jpeg_ms': 0.23, 'total_ms': 23.05}
[worker 0] timing@frame36501: {'queue_wait_ms': 0.03, 'decode_in_ms': 0.3, 'prompt_ms': 0.0, 'vae_encode_ms': 4.11, 'transformer_plus_decode_ms': 19.3, 'stage_clock': 'cuda-events', 'benchmark_variant': 'terminal-noop', 'output_cast': 'gpu', 'torch_threads': 128, 'terminal_skips': 1, 'jpeg_ms': 0.23, 'total_ms': 23.98}
[worker 1] timing@frame16101: {'queue_wait_ms': 0.049, 'decode_in_ms': 0.24, 'prompt_ms': 0.0, 'vae_encode_ms': 4.03, 'transformer_plus_decode_ms': 18.66, 'stage_clock': 'cuda-events', 'benchmark_variant': 'terminal-noop', 'output_cast': 'gpu', 'torch_threads': 128, 'terminal_skips': 1, 'jpeg_ms': 0.24, 'total_ms': 23.2}
[worker 0] timing@frame36551: {'queue_wait_ms': 0.028, 'decode_in_ms': 0.27, 'prompt_ms': 0.0, 'vae_encode_ms': 4.03, 'transformer_plus_decode_ms': 18.94, 'stage_clock': 'cuda-events', 'benchmark_variant': 'terminal-noop', 'output_cast': 'gpu', 'torch_threads': 128, 'terminal_skips': 1, 'jpeg_ms': 0.24, 'total_ms': 23.51}
[DIAG] t=2675s in=86489 →wk=52662 ←wk=52661 →cl=52576 drop_in=0 drop_out=0 | since: client=0.0s worker=0.0s sent=0.0s | ch=open buf=0 | lag: max=1ms avg=0.3ms | heap=10.3MB rss=52.9MB | gpu0:R pend=1 frames=36554 buf=0 | gpu1:R pend=0 frames=16107 buf=0
[worker 1] timing@frame16151: {'queue_wait_ms': 0.03, 'decode_in_ms': 0.23, 'prompt_ms': 0.0, 'vae_encode_ms': 3.94, 'transformer_plus_decode_ms': 18.91, 'stage_clock': 'cuda-events', 'benchmark_variant': 'terminal-noop', 'output_cast': 'gpu', 'torch_threads': 128, 'terminal_skips': 1, 'jpeg_ms': 0.27, 'total_ms': 23.38}
[worker 0] timing@frame36601: {'queue_wait_ms': 0.045, 'decode_in_ms': 0.28, 'prompt_ms': 0.0, 'vae_encode_ms': 4.03, 'transformer_plus_decode_ms': 17.41, 'stage_clock': 'cuda-events', 'benchmark_variant': 'terminal-noop', 'output_cast': 'gpu', 'torch_threads': 128, 'terminal_skips': 1, 'jpeg_ms': 0.23, 'total_ms': 21.99}
[worker 1] timing@frame16201: {'queue_wait_ms': 0.024, 'decode_in_ms': 0.2, 'prompt_ms': 0.0, 'vae_encode_ms': 4.05, 'transformer_plus_decode_ms': 17.33, 'stage_clock': 'cuda-events', 'benchmark_variant': 'terminal-noop', 'output_cast': 'gpu', 'torch_threads': 128, 'terminal_skips': 1, 'jpeg_ms': 0.24, 'total_ms': 21.85}
[worker 0] timing@frame36651: {'queue_wait_ms': 0.026, 'decode_in_ms': 0.26, 'prompt_ms': 0.0, 'vae_encode_ms': 3.99, 'transformer_plus_decode_ms': 18.62, 'stage_clock': 'cuda-events', 'benchmark_variant': 'terminal-noop', 'output_cast': 'gpu', 'torch_threads': 128, 'terminal_skips': 1, 'jpeg_ms': 0.22, 'total_ms': 23.13}
[DIAG] t=2680s in=86698 →wk=52871 ←wk=52870 →cl=52785 drop_in=0 drop_out=0 | since: client=0.0s worker=0.0s sent=0.0s | ch=open buf=0 | lag: max=1ms avg=0.3ms | heap=10.6MB rss=52.9MB | gpu0:R pend=0 frames=36659 buf=0 | gpu1:R pend=1 frames=16211 buf=0
[worker 1] timing@frame16251: {'queue_wait_ms': 0.026, 'decode_in_ms': 0.25, 'prompt_ms': 0.0, 'vae_encode_ms': 4.19, 'transformer_plus_decode_ms': 19.07, 'stage_clock': 'cuda-events', 'benchmark_variant': 'terminal-noop', 'output_cast': 'gpu', 'torch_threads': 128, 'terminal_skips': 1, 'jpeg_ms': 0.23, 'total_ms': 23.78}
[worker 0] timing@frame36701: {'queue_wait_ms': 0.023, 'decode_in_ms': 0.28, 'prompt_ms': 0.0, 'vae_encode_ms': 4.14, 'transformer_plus_decode_ms': 19.31, 'stage_clock': 'cuda-events', 'benchmark_variant': 'terminal-noop', 'output_cast': 'gpu', 'torch_threads': 128, 'terminal_skips': 1, 'jpeg_ms': 0.25, 'total_ms': 24.01}
[worker 1] timing@frame16301: {'queue_wait_ms': 0.024, 'decode_in_ms': 0.21, 'prompt_ms': 0.0, 'vae_encode_ms': 6.72, 'transformer_plus_decode_ms': 18.88, 'stage_clock': 'cuda-events', 'benchmark_variant': 'terminal-noop', 'output_cast': 'gpu', 'torch_threads': 128, 'terminal_skips': 1, 'jpeg_ms': 0.25, 'total_ms': 26.09}
[worker 0] timing@frame36751: {'queue_wait_ms': 0.015, 'decode_in_ms': 0.3, 'prompt_ms': 0.0, 'vae_encode_ms': 4.38, 'transformer_plus_decode_ms': 18.54, 'stage_clock': 'cuda-events', 'benchmark_variant': 'terminal-noop', 'output_cast': 'gpu', 'torch_threads': 128, 'terminal_skips': 1, 'jpeg_ms': 0.26, 'total_ms': 23.53}
[DIAG] t=2685s in=86910 →wk=53083 ←wk=53082 →cl=52997 drop_in=0 drop_out=0 | since: client=0.0s worker=0.0s sent=0.0s | ch=open buf=0 | lag: max=1ms avg=0.3ms | heap=9.5MB rss=52.9MB | gpu0:R pend=0 frames=36765 buf=0 | gpu1:R pend=1 frames=16317 buf=0
[worker 1] timing@frame16351: {'queue_wait_ms': 0.026, 'decode_in_ms': 0.27, 'prompt_ms': 0.0, 'vae_encode_ms': 4.25, 'transformer_plus_decode_ms': 19.9, 'stage_clock': 'cuda-events', 'benchmark_variant': 'terminal-noop', 'output_cast': 'gpu', 'torch_threads': 128, 'terminal_skips': 1, 'jpeg_ms': 0.29, 'total_ms': 24.75}
[worker 0] timing@frame36801: {'queue_wait_ms': 0.026, 'decode_in_ms': 0.35, 'prompt_ms': 0.0, 'vae_encode_ms': 4.5, 'transformer_plus_decode_ms': 20.41, 'stage_clock': 'cuda-events', 'benchmark_variant': 'terminal-noop', 'output_cast': 'gpu', 'torch_threads': 128, 'terminal_skips': 1, 'jpeg_ms': 0.27, 'total_ms': 25.59}
[worker 1] timing@frame16401: {'queue_wait_ms': 0.023, 'decode_in_ms': 0.27, 'prompt_ms': 0.0, 'vae_encode_ms': 4.25, 'transformer_plus_decode_ms': 19.43, 'stage_clock': 'cuda-events', 'benchmark_variant': 'terminal-noop', 'output_cast': 'gpu', 'torch_threads': 128, 'terminal_skips': 1, 'jpeg_ms': 0.26, 'total_ms': 24.26}
[worker 0] timing@frame36851: {'queue_wait_ms': 0.027, 'decode_in_ms': 0.26, 'prompt_ms': 0.0, 'vae_encode_ms': 4.59, 'transformer_plus_decode_ms': 20.49, 'stage_clock': 'cuda-events', 'benchmark_variant': 'terminal-noop', 'output_cast': 'gpu', 'torch_threads': 128, 'terminal_skips': 1, 'jpeg_ms': 0.26, 'total_ms': 25.66}
[DIAG] t=2690s in=87116 →wk=53286 ←wk=53284 →cl=53198 drop_in=0 drop_out=0 | since: client=0.0s worker=0.0s sent=0.0s | ch=open buf=0 | lag: max=1ms avg=0.3ms | heap=9.5MB rss=52.9MB | gpu0:R pend=1 frames=36865 buf=0 | gpu1:R pend=1 frames=16419 buf=0
[worker 1] timing@frame16451: {'queue_wait_ms': 0.027, 'decode_in_ms': 0.26, 'prompt_ms': 0.0, 'vae_encode_ms': 3.96, 'transformer_plus_decode_ms': 18.64, 'stage_clock': 'cuda-events', 'benchmark_variant': 'terminal-noop', 'output_cast': 'gpu', 'torch_threads': 128, 'terminal_skips': 1, 'jpeg_ms': 0.23, 'total_ms': 23.11}
[worker 0] timing@frame36901: {'queue_wait_ms': 0.038, 'decode_in_ms': 0.2, 'prompt_ms': 0.0, 'vae_encode_ms': 4.03, 'transformer_plus_decode_ms': 17.27, 'stage_clock': 'cuda-events', 'benchmark_variant': 'terminal-noop', 'output_cast': 'gpu', 'torch_threads': 128, 'terminal_skips': 1, 'jpeg_ms': 0.24, 'total_ms': 21.78}
[DIAG] t=2695s in=87267 →wk=53432 ←wk=53432 →cl=53346 drop_in=0 drop_out=0 | since: client=1.6s worker=1.5s sent=1.5s | ch=open buf=0 | lag: max=1ms avg=0.3ms | heap=9.7MB rss=52.9MB | gpu0:R pend=0 frames=36939 buf=0 | gpu1:R pend=0 frames=16493 buf=0
POST /webrtc/offer
Offer candidates host=2 srflx=1 relay=0
ICE connection state: closed
[DIAG] Connection state: closed (channel=none buf=0)
[DIAG] DataChannel CLOSED (was open)
ICE connection state: new
[DIAG] Connection state: new (channel=none buf=0)
ICE gathering state: gathering
[DIAG] t=2700s in=87267 →wk=53432 ←wk=53432 →cl=53346 drop_in=0 drop_out=0 | since: client=6.6s worker=6.5s sent=6.5s | ch=closed buf=0 | lag: max=1ms avg=0.3ms | heap=10.0MB rss=52.9MB | gpu0:R pend=0 frames=36939 buf=0 | gpu1:R pend=0 frames=16493 buf=0
[DIAG] t=2705s in=87267 →wk=53432 ←wk=53432 →cl=53346 drop_in=0 drop_out=0 | since: client=11.6s worker=11.5s sent=11.5s | ch=closed buf=0 | lag: max=1ms avg=0.3ms | heap=10.1MB rss=52.9MB | gpu0:R pend=0 frames=36939 buf=0 | gpu1:R pend=0 frames=16493 buf=0
Sending SDP answer
ICE gathering state: complete
ICE connection state: connected
[DIAG] Connection state: connected (channel=none buf=0)
DataChannel opened: frames
[worker 0] resolution changed → 768×448, already compiled by idle warmup
[worker 0] timing@frame36951: {'queue_wait_ms': 0.015, 'decode_in_ms': 0.44, 'prompt_ms': 0.0, 'vae_encode_ms': 9.21, 'transformer_plus_decode_ms': 57.71, 'stage_clock': 'wall-clock', 'benchmark_variant': 'baseline', 'output_cast': 'cpu', 'torch_threads': 128, 'terminal_skips': 0, 'jpeg_ms': 0.48, 'total_ms': 67.86}
[DIAG] t=2710s in=87334 →wk=53452 ←wk=53451 →cl=53365 drop_in=0 drop_out=0 | since: client=0.0s worker=0.0s sent=0.0s | ch=open buf=0 | lag: max=1ms avg=0.3ms | heap=9.6MB rss=50.8MB | gpu0:R pend=1 frames=36958 buf=0 | gpu1:R pend=0 frames=16493 buf=0
[worker 0] timing@frame37001: {'queue_wait_ms': 0.024, 'decode_in_ms': 0.4, 'prompt_ms': 0.0, 'vae_encode_ms': 8.8, 'transformer_plus_decode_ms': 60.22, 'stage_clock': 'wall-clock', 'benchmark_variant': 'baseline', 'output_cast': 'cpu', 'torch_threads': 128, 'terminal_skips': 0, 'jpeg_ms': 0.59, 'total_ms': 70.04}
[DIAG] t=2715s in=87598 →wk=53527 ←wk=53526 →cl=53440 drop_in=0 drop_out=0 | since: client=0.0s worker=0.1s sent=0.1s | ch=open buf=0 | lag: max=1ms avg=0.3ms | heap=10.3MB rss=54.8MB | gpu0:R pend=1 frames=37033 buf=0 | gpu1:R pend=0 frames=16493 buf=0
[worker 0] timing@frame37051: {'queue_wait_ms': 0.022, 'decode_in_ms': 0.41, 'prompt_ms': 0.0, 'vae_encode_ms': 8.67, 'transformer_plus_decode_ms': 55.1, 'stage_clock': 'wall-clock', 'benchmark_variant': 'baseline', 'output_cast': 'cpu', 'torch_threads': 128, 'terminal_skips': 0, 'jpeg_ms': 0.43, 'total_ms': 64.63}
[worker 0] timing@frame37101: {'queue_wait_ms': 0.02, 'decode_in_ms': 0.39, 'prompt_ms': 0.0, 'vae_encode_ms': 8.68, 'transformer_plus_decode_ms': 55.0, 'stage_clock': 'wall-clock', 'benchmark_variant': 'baseline', 'output_cast': 'cpu', 'torch_threads': 128, 'terminal_skips': 0, 'jpeg_ms': 0.43, 'total_ms': 64.51}
[DIAG] t=2720s in=87854 →wk=53605 ←wk=53604 →cl=53518 drop_in=0 drop_out=0 | since: client=0.0s worker=0.0s sent=0.0s | ch=open buf=0 | lag: max=1ms avg=0.3ms | heap=10.2MB rss=54.8MB | gpu0:R pend=1 frames=37111 buf=0 | gpu1:R pend=0 frames=16493 buf=0
[worker 0] timing@frame37151: {'queue_wait_ms': 0.022, 'decode_in_ms': 0.4, 'prompt_ms': 0.0, 'vae_encode_ms': 8.6, 'transformer_plus_decode_ms': 55.25, 'stage_clock': 'wall-clock', 'benchmark_variant': 'baseline', 'output_cast': 'cpu', 'torch_threads': 128, 'terminal_skips': 0, 'jpeg_ms': 0.43, 'total_ms': 64.7}
[DIAG] t=2725s in=88115 →wk=53683 ←wk=53682 →cl=53596 drop_in=0 drop_out=0 | since: client=0.0s worker=0.0s sent=0.0s | ch=open buf=0 | lag: max=1ms avg=0.3ms | heap=10.1MB rss=54.8MB | gpu0:R pend=1 frames=37189 buf=0 | gpu1:R pend=0 frames=16493 buf=0
[worker 0] timing@frame37201: {'queue_wait_ms': 0.019, 'decode_in_ms': 0.4, 'prompt_ms': 0.0, 'vae_encode_ms': 8.63, 'transformer_plus_decode_ms': 55.32, 'stage_clock': 'wall-clock', 'benchmark_variant': 'baseline', 'output_cast': 'cpu', 'torch_threads': 128, 'terminal_skips': 0, 'jpeg_ms': 0.44, 'total_ms': 64.8}
[worker 0] timing@frame37251: {'queue_wait_ms': 0.022, 'decode_in_ms': 0.4, 'prompt_ms': 0.0, 'vae_encode_ms': 8.8, 'transformer_plus_decode_ms': 55.69, 'stage_clock': 'wall-clock', 'benchmark_variant': 'baseline', 'output_cast': 'cpu', 'torch_threads': 128, 'terminal_skips': 0, 'jpeg_ms': 0.45, 'total_ms': 65.36}
[DIAG] t=2730s in=88373 →wk=53759 ←wk=53758 →cl=53672 drop_in=0 drop_out=0 | since: client=0.0s worker=0.0s sent=0.0s | ch=open buf=0 | lag: max=1ms avg=0.3ms | heap=10.5MB rss=54.8MB | gpu0:R pend=1 frames=37265 buf=0 | gpu1:R pend=0 frames=16493 buf=0
[worker 0] timing@frame37301: {'queue_wait_ms': 0.02, 'decode_in_ms': 0.39, 'prompt_ms': 0.0, 'vae_encode_ms': 17.36, 'transformer_plus_decode_ms': 55.84, 'stage_clock': 'wall-clock', 'benchmark_variant': 'baseline', 'output_cast': 'cpu', 'torch_threads': 128, 'terminal_skips': 0, 'jpeg_ms': 0.45, 'total_ms': 74.06}
[DIAG] t=2735s in=88623 →wk=53835 ←wk=53834 →cl=53748 drop_in=0 drop_out=0 | since: client=0.0s worker=0.0s sent=0.0s | ch=open buf=0 | lag: max=1ms avg=0.3ms | heap=11.0MB rss=54.8MB | gpu0:R pend=1 frames=37341 buf=0 | gpu1:R pend=0 frames=16493 buf=0
[worker 0] timing@frame37351: {'queue_wait_ms': 0.012, 'decode_in_ms': 0.39, 'prompt_ms': 0.0, 'vae_encode_ms': 8.66, 'transformer_plus_decode_ms': 59.62, 'stage_clock': 'wall-clock', 'benchmark_variant': 'baseline', 'output_cast': 'cpu', 'torch_threads': 128, 'terminal_skips': 0, 'jpeg_ms': 0.46, 'total_ms': 69.14}
[worker 0] timing@frame37401: {'queue_wait_ms': 0.011, 'decode_in_ms': 0.41, 'prompt_ms': 0.0, 'vae_encode_ms': 8.91, 'transformer_plus_decode_ms': 57.17, 'stage_clock': 'wall-clock', 'benchmark_variant': 'baseline', 'output_cast': 'cpu', 'torch_threads': 128, 'terminal_skips': 0, 'jpeg_ms': 0.49, 'total_ms': 66.99}
[DIAG] t=2740s in=88871 →wk=53909 ←wk=53908 →cl=53822 drop_in=0 drop_out=0 | since: client=0.0s worker=0.1s sent=0.1s | ch=open buf=0 | lag: max=1ms avg=0.3ms | heap=11.3MB rss=54.8MB | gpu0:R pend=1 frames=37415 buf=0 | gpu1:R pend=0 frames=16493 buf=0
[worker 0] timing@frame37451: {'queue_wait_ms': 0.011, 'decode_in_ms': 0.41, 'prompt_ms': 0.0, 'vae_encode_ms': 8.76, 'transformer_plus_decode_ms': 55.62, 'stage_clock': 'wall-clock', 'benchmark_variant': 'baseline', 'output_cast': 'cpu', 'torch_threads': 128, 'terminal_skips': 0, 'jpeg_ms': 0.44, 'total_ms': 65.25}
[DIAG] t=2745s in=89135 →wk=53985 ←wk=53984 →cl=53898 drop_in=0 drop_out=0 | since: client=0.0s worker=0.0s sent=0.0s | ch=open buf=0 | lag: max=1ms avg=0.3ms | heap=10.4MB rss=54.8MB | gpu0:R pend=1 frames=37491 buf=0 | gpu1:R pend=0 frames=16493 buf=0
[worker 0] timing@frame37501: {'queue_wait_ms': 0.021, 'decode_in_ms': 0.39, 'prompt_ms': 0.0, 'vae_encode_ms': 8.64, 'transformer_plus_decode_ms': 56.03, 'stage_clock': 'wall-clock', 'benchmark_variant': 'baseline', 'output_cast': 'cpu', 'torch_threads': 128, 'terminal_skips': 0, 'jpeg_ms': 0.49, 'total_ms': 65.57}
[worker 0] timing@frame37551: {'queue_wait_ms': 0.02, 'decode_in_ms': 0.37, 'prompt_ms': 0.0, 'vae_encode_ms': 8.51, 'transformer_plus_decode_ms': 54.37, 'stage_clock': 'wall-clock', 'benchmark_variant': 'baseline', 'output_cast': 'cpu', 'torch_threads': 128, 'terminal_skips': 0, 'jpeg_ms': 0.42, 'total_ms': 63.69}
[DIAG] t=2750s in=89385 →wk=54062 ←wk=54061 →cl=53975 drop_in=0 drop_out=0 | since: client=0.0s worker=0.0s sent=0.0s | ch=open buf=0 | lag: max=4ms avg=0.3ms | heap=11.0MB rss=54.8MB | gpu0:R pend=1 frames=37568 buf=0 | gpu1:R pend=0 frames=16493 buf=0
[worker 0] timing@frame37601: {'queue_wait_ms': 0.028, 'decode_in_ms': 0.4, 'prompt_ms': 0.0, 'vae_encode_ms': 8.67, 'transformer_plus_decode_ms': 55.49, 'stage_clock': 'wall-clock', 'benchmark_variant': 'baseline', 'output_cast': 'cpu', 'torch_threads': 128, 'terminal_skips': 0, 'jpeg_ms': 0.45, 'total_ms': 65.02}
[DIAG] t=2755s in=89648 →wk=54137 ←wk=54136 →cl=54050 drop_in=0 drop_out=0 | since: client=0.0s worker=0.0s sent=0.0s | ch=open buf=0 | lag: max=1ms avg=0.3ms | heap=11.6MB rss=54.8MB | gpu0:R pend=1 frames=37643 buf=0 | gpu1:R pend=0 frames=16493 buf=0
[worker 0] timing@frame37651: {'queue_wait_ms': 0.012, 'decode_in_ms': 0.42, 'prompt_ms': 0.0, 'vae_encode_ms': 8.7, 'transformer_plus_decode_ms': 55.55, 'stage_clock': 'wall-clock', 'benchmark_variant': 'baseline', 'output_cast': 'cpu', 'torch_threads': 128, 'terminal_skips': 0, 'jpeg_ms': 0.44, 'total_ms': 65.13}
[worker 0] timing@frame37701: {'queue_wait_ms': 0.019, 'decode_in_ms': 0.39, 'prompt_ms': 0.0, 'vae_encode_ms': 8.52, 'transformer_plus_decode_ms': 54.6, 'stage_clock': 'wall-clock', 'benchmark_variant': 'baseline', 'output_cast': 'cpu', 'torch_threads': 128, 'terminal_skips': 0, 'jpeg_ms': 0.44, 'total_ms': 63.96}
[DIAG] t=2760s in=89897 →wk=54214 ←wk=54213 →cl=54127 drop_in=0 drop_out=0 | since: client=0.0s worker=0.0s sent=0.0s | ch=open buf=0 | lag: max=1ms avg=0.3ms | heap=10.5MB rss=54.8MB | gpu0:R pend=1 frames=37720 buf=0 | gpu1:R pend=0 frames=16493 buf=0
[worker 0] timing@frame37751: {'queue_wait_ms': 0.009, 'decode_in_ms': 0.39, 'prompt_ms': 0.0, 'vae_encode_ms': 8.56, 'transformer_plus_decode_ms': 54.92, 'stage_clock': 'wall-clock', 'benchmark_variant': 'baseline', 'output_cast': 'cpu', 'torch_threads': 128, 'terminal_skips': 0, 'jpeg_ms': 0.45, 'total_ms': 64.34}
[DIAG] t=2765s in=90156 →wk=54289 ←wk=54288 →cl=54202 drop_in=0 drop_out=0 | since: client=0.0s worker=0.0s sent=0.0s | ch=open buf=0 | lag: max=1ms avg=0.3ms | heap=11.0MB rss=56.8MB | gpu0:R pend=1 frames=37795 buf=0 | gpu1:R pend=0 frames=16493 buf=0
[worker 0] timing@frame37801: {'queue_wait_ms': 0.024, 'decode_in_ms': 0.39, 'prompt_ms': 0.0, 'vae_encode_ms': 8.56, 'transformer_plus_decode_ms': 55.15, 'stage_clock': 'wall-clock', 'benchmark_variant': 'baseline', 'output_cast': 'cpu', 'torch_threads': 128, 'terminal_skips': 0, 'jpeg_ms': 0.43, 'total_ms': 64.55}
[worker 0] timing@frame37851: {'queue_wait_ms': 0.029, 'decode_in_ms': 0.37, 'prompt_ms': 0.0, 'vae_encode_ms': 8.68, 'transformer_plus_decode_ms': 55.51, 'stage_clock': 'wall-clock', 'benchmark_variant': 'baseline', 'output_cast': 'cpu', 'torch_threads': 128, 'terminal_skips': 0, 'jpeg_ms': 0.43, 'total_ms': 65.01}
[DIAG] t=2770s in=90416 →wk=54365 ←wk=54364 →cl=54278 drop_in=0 drop_out=0 | since: client=0.0s worker=0.0s sent=0.0s | ch=open buf=0 | lag: max=1ms avg=0.3ms | heap=11.7MB rss=54.0MB | gpu0:R pend=1 frames=37871 buf=0 | gpu1:R pend=0 frames=16493 buf=0
[worker 0] timing@frame37901: {'queue_wait_ms': 0.028, 'decode_in_ms': 0.42, 'prompt_ms': 0.0, 'vae_encode_ms': 8.92, 'transformer_plus_decode_ms': 55.69, 'stage_clock': 'wall-clock', 'benchmark_variant': 'baseline', 'output_cast': 'cpu', 'torch_threads': 128, 'terminal_skips': 0, 'jpeg_ms': 0.43, 'total_ms': 65.48}
[DIAG] t=2775s in=90611 →wk=54424 ←wk=54424 →cl=54338 drop_in=0 drop_out=0 | since: client=1.2s worker=1.1s sent=1.1s | ch=open buf=0 | lag: max=1ms avg=0.3ms | heap=10.9MB rss=54.0MB | gpu0:R pend=0 frames=37931 buf=0 | gpu1:R pend=0 frames=16493 buf=0
POST /webrtc/offer
Offer candidates host=2 srflx=1 relay=0
ICE connection state: closed
[DIAG] Connection state: closed (channel=none buf=0)
[DIAG] DataChannel CLOSED (was open)
ICE connection state: new
[DIAG] Connection state: new (channel=none buf=0)
ICE gathering state: gathering
[DIAG] t=2780s in=90611 →wk=54424 ←wk=54424 →cl=54338 drop_in=0 drop_out=0 | since: client=6.2s worker=6.1s sent=6.1s | ch=closed buf=0 | lag: max=1ms avg=0.3ms | heap=11.1MB rss=56.0MB | gpu0:R pend=0 frames=37931 buf=0 | gpu1:R pend=0 frames=16493 buf=0
[DIAG] t=2785s in=90611 →wk=54424 ←wk=54424 →cl=54338 drop_in=0 drop_out=0 | since: client=11.2s worker=11.1s sent=11.1s | ch=closed buf=0 | lag: max=1ms avg=0.3ms | heap=11.2MB rss=56.0MB | gpu0:R pend=0 frames=37931 buf=0 | gpu1:R pend=0 frames=16493 buf=0
Sending SDP answer
ICE gathering state: complete
ICE connection state: connected
[DIAG] Connection state: connected (channel=none buf=0)
DataChannel opened: frames
[worker 0] timing@frame37951: {'queue_wait_ms': 0.018, 'decode_in_ms': 0.43, 'prompt_ms': 0.0, 'vae_encode_ms': 9.26, 'transformer_plus_decode_ms': 33.56, 'stage_clock': 'cuda-events', 'benchmark_variant': 'terminal-noop', 'output_cast': 'gpu', 'torch_threads': 128, 'terminal_skips': 1, 'jpeg_ms': 0.45, 'total_ms': 43.75}
[DIAG] t=2790s in=90662 →wk=54447 ←wk=54446 →cl=54360 drop_in=0 drop_out=0 | since: client=0.0s worker=0.0s sent=0.0s | ch=open buf=0 | lag: max=1ms avg=0.3ms | heap=10.8MB rss=56.0MB | gpu0:R pend=1 frames=37953 buf=0 | gpu1:R pend=0 frames=16493 buf=0
[worker 0] timing@frame38001: {'queue_wait_ms': 0.014, 'decode_in_ms': 0.4, 'prompt_ms': 0.0, 'vae_encode_ms': 8.89, 'transformer_plus_decode_ms': 33.4, 'stage_clock': 'cuda-events', 'benchmark_variant': 'terminal-noop', 'output_cast': 'gpu', 'torch_threads': 128, 'terminal_skips': 1, 'jpeg_ms': 0.43, 'total_ms': 43.18}
[worker 0] timing@frame38051: {'queue_wait_ms': 0.023, 'decode_in_ms': 0.4, 'prompt_ms': 0.0, 'vae_encode_ms': 19.06, 'transformer_plus_decode_ms': 33.1, 'stage_clock': 'cuda-events', 'benchmark_variant': 'terminal-noop', 'output_cast': 'gpu', 'torch_threads': 128, 'terminal_skips': 1, 'jpeg_ms': 0.45, 'total_ms': 53.06}
[DIAG] t=2795s in=90898 →wk=54559 ←wk=54558 →cl=54472 drop_in=0 drop_out=0 | since: client=0.0s worker=0.0s sent=0.0s | ch=open buf=0 | lag: max=1ms avg=0.3ms | heap=11.5MB rss=59.9MB | gpu0:R pend=1 frames=38065 buf=0 | gpu1:R pend=0 frames=16493 buf=0
[worker 0] timing@frame38101: {'queue_wait_ms': 0.01, 'decode_in_ms': 0.38, 'prompt_ms': 0.0, 'vae_encode_ms': 8.76, 'transformer_plus_decode_ms': 32.99, 'stage_clock': 'cuda-events', 'benchmark_variant': 'terminal-noop', 'output_cast': 'gpu', 'torch_threads': 128, 'terminal_skips': 1, 'jpeg_ms': 0.44, 'total_ms': 42.61}
[worker 0] timing@frame38151: {'queue_wait_ms': 0.011, 'decode_in_ms': 0.37, 'prompt_ms': 0.0, 'vae_encode_ms': 8.75, 'transformer_plus_decode_ms': 32.68, 'stage_clock': 'cuda-events', 'benchmark_variant': 'terminal-noop', 'output_cast': 'gpu', 'torch_threads': 128, 'terminal_skips': 1, 'jpeg_ms': 0.45, 'total_ms': 42.29}
[DIAG] t=2800s in=91140 →wk=54671 ←wk=54670 →cl=54584 drop_in=0 drop_out=0 | since: client=0.0s worker=0.0s sent=0.0s | ch=open buf=0 | lag: max=1ms avg=0.3ms | heap=11.5MB rss=59.9MB | gpu0:R pend=1 frames=38177 buf=0 | gpu1:R pend=0 frames=16493 buf=0
[worker 0] timing@frame38201: {'queue_wait_ms': 0.02, 'decode_in_ms': 0.4, 'prompt_ms': 0.0, 'vae_encode_ms': 8.82, 'transformer_plus_decode_ms': 33.1, 'stage_clock': 'cuda-events', 'benchmark_variant': 'terminal-noop', 'output_cast': 'gpu', 'torch_threads': 128, 'terminal_skips': 1, 'jpeg_ms': 0.43, 'total_ms': 42.8}
[worker 0] timing@frame38251: {'queue_wait_ms': 0.012, 'decode_in_ms': 0.38, 'prompt_ms': 0.0, 'vae_encode_ms': 8.81, 'transformer_plus_decode_ms': 32.86, 'stage_clock': 'cuda-events', 'benchmark_variant': 'terminal-noop', 'output_cast': 'gpu', 'torch_threads': 128, 'terminal_skips': 1, 'jpeg_ms': 0.45, 'total_ms': 42.55}
[DIAG] t=2805s in=91394 →wk=54785 ←wk=54784 →cl=54698 drop_in=0 drop_out=0 | since: client=0.0s worker=0.0s sent=0.0s | ch=open buf=0 | lag: max=1ms avg=0.3ms | heap=11.0MB rss=59.9MB | gpu0:R pend=1 frames=38291 buf=0 | gpu1:R pend=0 frames=16493 buf=0
[worker 0] timing@frame38301: {'queue_wait_ms': 0.028, 'decode_in_ms': 0.37, 'prompt_ms': 0.0, 'vae_encode_ms': 8.74, 'transformer_plus_decode_ms': 32.72, 'stage_clock': 'cuda-events', 'benchmark_variant': 'terminal-noop', 'output_cast': 'gpu', 'torch_threads': 128, 'terminal_skips': 1, 'jpeg_ms': 0.44, 'total_ms': 42.31}
[worker 0] timing@frame38351: {'queue_wait_ms': 0.026, 'decode_in_ms': 0.38, 'prompt_ms': 0.0, 'vae_encode_ms': 8.78, 'transformer_plus_decode_ms': 32.78, 'stage_clock': 'cuda-events', 'benchmark_variant': 'terminal-noop', 'output_cast': 'gpu', 'torch_threads': 128, 'terminal_skips': 1, 'jpeg_ms': 0.44, 'total_ms': 42.42}
[worker 0] timing@frame38401: {'queue_wait_ms': 0.027, 'decode_in_ms': 0.38, 'prompt_ms': 0.0, 'vae_encode_ms': 8.8, 'transformer_plus_decode_ms': 32.79, 'stage_clock': 'cuda-events', 'benchmark_variant': 'terminal-noop', 'output_cast': 'gpu', 'torch_threads': 128, 'terminal_skips': 1, 'jpeg_ms': 0.43, 'total_ms': 42.44}
[DIAG] t=2810s in=91644 →wk=54897 ←wk=54896 →cl=54810 drop_in=0 drop_out=0 | since: client=0.0s worker=0.0s sent=0.0s | ch=open buf=0 | lag: max=1ms avg=0.3ms | heap=11.1MB rss=59.9MB | gpu0:R pend=1 frames=38403 buf=0 | gpu1:R pend=0 frames=16493 buf=0
[worker 0] timing@frame38451: {'queue_wait_ms': 0.025, 'decode_in_ms': 0.38, 'prompt_ms': 0.0, 'vae_encode_ms': 8.78, 'transformer_plus_decode_ms': 32.76, 'stage_clock': 'cuda-events', 'benchmark_variant': 'terminal-noop', 'output_cast': 'gpu', 'torch_threads': 128, 'terminal_skips': 1, 'jpeg_ms': 0.44, 'total_ms': 42.4}
[worker 0] timing@frame38501: {'queue_wait_ms': 0.026, 'decode_in_ms': 0.42, 'prompt_ms': 0.0, 'vae_encode_ms': 9.15, 'transformer_plus_decode_ms': 33.95, 'stage_clock': 'cuda-events', 'benchmark_variant': 'terminal-noop', 'output_cast': 'gpu', 'torch_threads': 128, 'terminal_skips': 1, 'jpeg_ms': 0.47, 'total_ms': 44.04}
[DIAG] t=2815s in=91901 →wk=55010 ←wk=55009 →cl=54923 drop_in=0 drop_out=0 | since: client=0.0s worker=0.0s sent=0.0s | ch=open buf=0 | lag: max=1ms avg=0.3ms | heap=11.3MB rss=59.9MB | gpu0:R pend=1 frames=38516 buf=0 | gpu1:R pend=0 frames=16493 buf=0
[worker 0] timing@frame38551: {'queue_wait_ms': 0.022, 'decode_in_ms': 0.38, 'prompt_ms': 0.0, 'vae_encode_ms': 8.92, 'transformer_plus_decode_ms': 33.18, 'stage_clock': 'cuda-events', 'benchmark_variant': 'terminal-noop', 'output_cast': 'gpu', 'torch_threads': 128, 'terminal_skips': 1, 'jpeg_ms': 0.45, 'total_ms': 42.99}
[worker 0] timing@frame38601: {'queue_wait_ms': 0.04, 'decode_in_ms': 0.38, 'prompt_ms': 0.0, 'vae_encode_ms': 8.84, 'transformer_plus_decode_ms': 33.03, 'stage_clock': 'cuda-events', 'benchmark_variant': 'terminal-noop', 'output_cast': 'gpu', 'torch_threads': 128, 'terminal_skips': 1, 'jpeg_ms': 0.43, 'total_ms': 42.74}
[DIAG] t=2820s in=92145 →wk=55119 ←wk=55118 →cl=55032 drop_in=0 drop_out=0 | since: client=0.0s worker=0.0s sent=0.0s | ch=open buf=0 | lag: max=1ms avg=0.3ms | heap=12.3MB rss=59.9MB | gpu0:R pend=1 frames=38625 buf=0 | gpu1:R pend=0 frames=16493 buf=0
[worker 0] timing@frame38651: {'queue_wait_ms': 0.02, 'decode_in_ms': 0.38, 'prompt_ms': 0.0, 'vae_encode_ms': 8.78, 'transformer_plus_decode_ms': 33.13, 'stage_clock': 'cuda-events', 'benchmark_variant': 'terminal-noop', 'output_cast': 'gpu', 'torch_threads': 128, 'terminal_skips': 1, 'jpeg_ms': 0.44, 'total_ms': 42.79}
[worker 0] timing@frame38701: {'queue_wait_ms': 0.02, 'decode_in_ms': 0.39, 'prompt_ms': 0.0, 'vae_encode_ms': 8.89, 'transformer_plus_decode_ms': 33.11, 'stage_clock': 'cuda-events', 'benchmark_variant': 'terminal-noop', 'output_cast': 'gpu', 'torch_threads': 128, 'terminal_skips': 1, 'jpeg_ms': 0.43, 'total_ms': 42.87}
[DIAG] t=2825s in=92400 →wk=55232 ←wk=55231 →cl=55145 drop_in=0 drop_out=0 | since: client=0.0s worker=0.0s sent=0.0s | ch=open buf=0 | lag: max=1ms avg=0.3ms | heap=11.9MB rss=59.9MB | gpu0:R pend=1 frames=38738 buf=0 | gpu1:R pend=0 frames=16493 buf=0
[worker 0] timing@frame38751: {'queue_wait_ms': 0.021, 'decode_in_ms': 0.38, 'prompt_ms': 0.0, 'vae_encode_ms': 8.81, 'transformer_plus_decode_ms': 33.06, 'stage_clock': 'cuda-events', 'benchmark_variant': 'terminal-noop', 'output_cast': 'gpu', 'torch_threads': 128, 'terminal_skips': 1, 'jpeg_ms': 0.45, 'total_ms': 42.75}
[worker 0] timing@frame38801: {'queue_wait_ms': 0.022, 'decode_in_ms': 0.39, 'prompt_ms': 0.0, 'vae_encode_ms': 8.84, 'transformer_plus_decode_ms': 36.18, 'stage_clock': 'cuda-events', 'benchmark_variant': 'terminal-noop', 'output_cast': 'gpu', 'torch_threads': 128, 'terminal_skips': 1, 'jpeg_ms': 0.51, 'total_ms': 45.98}
[worker 0] timing@frame38851: {'queue_wait_ms': 0.021, 'decode_in_ms': 0.37, 'prompt_ms': 0.0, 'vae_encode_ms': 8.73, 'transformer_plus_decode_ms': 33.45, 'stage_clock': 'cuda-events', 'benchmark_variant': 'terminal-noop', 'output_cast': 'gpu', 'torch_threads': 128, 'terminal_skips': 1, 'jpeg_ms': 0.58, 'total_ms': 43.19}
[DIAG] t=2830s in=92655 →wk=55345 ←wk=55344 →cl=55258 drop_in=0 drop_out=0 | since: client=0.0s worker=0.0s sent=0.0s | ch=open buf=0 | lag: max=1ms avg=0.3ms | heap=11.3MB rss=59.9MB | gpu0:R pend=1 frames=38851 buf=0 | gpu1:R pend=0 frames=16493 buf=0
[worker 0] timing@frame38901: {'queue_wait_ms': 0.02, 'decode_in_ms': 0.37, 'prompt_ms': 0.0, 'vae_encode_ms': 8.7, 'transformer_plus_decode_ms': 33.78, 'stage_clock': 'cuda-events', 'benchmark_variant': 'terminal-noop', 'output_cast': 'gpu', 'torch_threads': 128, 'terminal_skips': 1, 'jpeg_ms': 0.46, 'total_ms': 43.37}
[worker 0] timing@frame38951: {'queue_wait_ms': 0.018, 'decode_in_ms': 0.4, 'prompt_ms': 0.0, 'vae_encode_ms': 8.71, 'transformer_plus_decode_ms': 32.91, 'stage_clock': 'cuda-events', 'benchmark_variant': 'terminal-noop', 'output_cast': 'gpu', 'torch_threads': 128, 'terminal_skips': 1, 'jpeg_ms': 0.43, 'total_ms': 42.49}
[DIAG] t=2835s in=92912 →wk=55455 ←wk=55454 →cl=55368 drop_in=0 drop_out=0 | since: client=0.0s worker=0.0s sent=0.0s | ch=open buf=0 | lag: max=1ms avg=0.3ms | heap=12.4MB rss=59.9MB | gpu0:R pend=1 frames=38961 buf=0 | gpu1:R pend=0 frames=16493 buf=0
[worker 0] timing@frame39001: {'queue_wait_ms': 0.018, 'decode_in_ms': 0.38, 'prompt_ms': 0.0, 'vae_encode_ms': 8.88, 'transformer_plus_decode_ms': 33.11, 'stage_clock': 'cuda-events', 'benchmark_variant': 'terminal-noop', 'output_cast': 'gpu', 'torch_threads': 128, 'terminal_skips': 1, 'jpeg_ms': 0.47, 'total_ms': 42.88}
[worker 0] timing@frame39051: {'queue_wait_ms': 0.018, 'decode_in_ms': 0.37, 'prompt_ms': 0.0, 'vae_encode_ms': 8.82, 'transformer_plus_decode_ms': 32.72, 'stage_clock': 'cuda-events', 'benchmark_variant': 'terminal-noop', 'output_cast': 'gpu', 'torch_threads': 128, 'terminal_skips': 1, 'jpeg_ms': 0.44, 'total_ms': 42.39}
[DIAG] t=2840s in=93180 →wk=55567 ←wk=55566 →cl=55480 drop_in=0 drop_out=0 | since: client=0.0s worker=0.0s sent=0.0s | ch=open buf=0 | lag: max=1ms avg=0.3ms | heap=12.0MB rss=59.9MB | gpu0:R pend=1 frames=39073 buf=0 | gpu1:R pend=0 frames=16493 buf=0
[worker 0] timing@frame39101: {'queue_wait_ms': 0.02, 'decode_in_ms': 0.39, 'prompt_ms': 0.0, 'vae_encode_ms': 8.8, 'transformer_plus_decode_ms': 33.17, 'stage_clock': 'cuda-events', 'benchmark_variant': 'terminal-noop', 'output_cast': 'gpu', 'torch_threads': 128, 'terminal_skips': 1, 'jpeg_ms': 0.46, 'total_ms': 42.87}
[worker 0] timing@frame39151: {'queue_wait_ms': 0.017, 'decode_in_ms': 0.38, 'prompt_ms': 0.0, 'vae_encode_ms': 8.82, 'transformer_plus_decode_ms': 32.86, 'stage_clock': 'cuda-events', 'benchmark_variant': 'terminal-noop', 'output_cast': 'gpu', 'torch_threads': 128, 'terminal_skips': 1, 'jpeg_ms': 0.43, 'total_ms': 42.53}
[DIAG] t=2845s in=93442 →wk=55680 ←wk=55679 →cl=55593 drop_in=0 drop_out=0 | since: client=0.0s worker=0.1s sent=0.1s | ch=open buf=0 | lag: max=1ms avg=0.3ms | heap=11.6MB rss=59.9MB | gpu0:R pend=1 frames=39186 buf=0 | gpu1:R pend=0 frames=16493 buf=0
[worker 0] timing@frame39201: {'queue_wait_ms': 0.018, 'decode_in_ms': 0.4, 'prompt_ms': 0.0, 'vae_encode_ms': 8.87, 'transformer_plus_decode_ms': 32.99, 'stage_clock': 'cuda-events', 'benchmark_variant': 'terminal-noop', 'output_cast': 'gpu', 'torch_threads': 128, 'terminal_skips': 1, 'jpeg_ms': 0.46, 'total_ms': 42.78}
[worker 0] timing@frame39251: {'queue_wait_ms': 0.023, 'decode_in_ms': 0.44, 'prompt_ms': 0.0, 'vae_encode_ms': 16.28, 'transformer_plus_decode_ms': 33.32, 'stage_clock': 'cuda-events', 'benchmark_variant': 'terminal-noop', 'output_cast': 'gpu', 'torch_threads': 128, 'terminal_skips': 1, 'jpeg_ms': 0.45, 'total_ms': 50.54}
[DIAG] t=2850s in=93695 →wk=55793 ←wk=55792 →cl=55706 drop_in=0 drop_out=0 | since: client=0.0s worker=0.0s sent=0.0s | ch=open buf=0 | lag: max=1ms avg=0.3ms | heap=12.7MB rss=59.9MB | gpu0:R pend=1 frames=39299 buf=0 | gpu1:R pend=0 frames=16493 buf=0
[worker 0] timing@frame39301: {'queue_wait_ms': 0.025, 'decode_in_ms': 0.37, 'prompt_ms': 0.0, 'vae_encode_ms': 8.84, 'transformer_plus_decode_ms': 32.61, 'stage_clock': 'cuda-events', 'benchmark_variant': 'terminal-noop', 'output_cast': 'gpu', 'torch_threads': 128, 'terminal_skips': 1, 'jpeg_ms': 0.44, 'total_ms': 42.29}
[worker 0] timing@frame39351: {'queue_wait_ms': 0.029, 'decode_in_ms': 0.38, 'prompt_ms': 0.0, 'vae_encode_ms': 8.91, 'transformer_plus_decode_ms': 32.99, 'stage_clock': 'cuda-events', 'benchmark_variant': 'terminal-noop', 'output_cast': 'gpu', 'torch_threads': 128, 'terminal_skips': 1, 'jpeg_ms': 0.44, 'total_ms': 42.77}
[DIAG] t=2855s in=93853 →wk=55862 ←wk=55862 →cl=55776 drop_in=0 drop_out=0 | since: client=1.9s worker=1.9s sent=1.9s | ch=open buf=0 | lag: max=1ms avg=0.3ms | heap=11.9MB rss=61.9MB | gpu0:R pend=0 frames=39369 buf=0 | gpu1:R pend=0 frames=16493 buf=0
POST /webrtc/offer
Offer candidates host=2 srflx=1 relay=0
ICE connection state: closed
[DIAG] Connection state: closed (channel=none buf=0)
[DIAG] DataChannel CLOSED (was open)
ICE connection state: new
[DIAG] Connection state: new (channel=none buf=0)
ICE gathering state: gathering
[DIAG] t=2860s in=93853 →wk=55862 ←wk=55862 →cl=55776 drop_in=0 drop_out=0 | since: client=6.9s worker=6.9s sent=6.9s | ch=closed buf=0 | lag: max=1ms avg=0.3ms | heap=12.2MB rss=61.9MB | gpu0:R pend=0 frames=39369 buf=0 | gpu1:R pend=0 frames=16493 buf=0
[DIAG] t=2865s in=93853 →wk=55862 ←wk=55862 →cl=55776 drop_in=0 drop_out=0 | since: client=11.9s worker=11.9s sent=11.9s | ch=closed buf=0 | lag: max=1ms avg=0.3ms | heap=12.3MB rss=61.9MB | gpu0:R pend=0 frames=39369 buf=0 | gpu1:R pend=0 frames=16493 buf=0
Sending SDP answer
ICE gathering state: complete
ICE connection state: connected
[DIAG] Connection state: connected (channel=none buf=0)
DataChannel opened: frames
[worker 1] resolution changed → 768×448, already compiled by idle warmup
[worker 1] timing@frame16501: {'queue_wait_ms': 0.024, 'decode_in_ms': 0.44, 'prompt_ms': 0.0, 'vae_encode_ms': 9.14, 'transformer_plus_decode_ms': 56.04, 'stage_clock': 'wall-clock', 'benchmark_variant': 'baseline', 'output_cast': 'cpu', 'torch_threads': 128, 'terminal_skips': 0, 'jpeg_ms': 0.49, 'total_ms': 66.11}
[DIAG] t=2870s in=93936 →wk=55906 ←wk=55904 →cl=55816 drop_in=0 drop_out=0 | since: client=0.0s worker=0.0s sent=0.0s | ch=open buf=0 | lag: max=1ms avg=0.3ms | heap=12.4MB rss=61.9MB | gpu0:R pend=1 frames=39390 buf=0 | gpu1:R pend=1 frames=16514 buf=0
[worker 0] timing@frame39401: {'queue_wait_ms': 0.019, 'decode_in_ms': 0.43, 'prompt_ms': 0.0, 'vae_encode_ms': 8.69, 'transformer_plus_decode_ms': 54.97, 'stage_clock': 'wall-clock', 'benchmark_variant': 'baseline', 'output_cast': 'cpu', 'torch_threads': 128, 'terminal_skips': 0, 'jpeg_ms': 0.42, 'total_ms': 64.52}
[worker 1] timing@frame16551: {'queue_wait_ms': 0.024, 'decode_in_ms': 0.41, 'prompt_ms': 0.0, 'vae_encode_ms': 8.82, 'transformer_plus_decode_ms': 55.91, 'stage_clock': 'wall-clock', 'benchmark_variant': 'baseline', 'output_cast': 'cpu', 'torch_threads': 128, 'terminal_skips': 0, 'jpeg_ms': 0.52, 'total_ms': 65.67}
[worker 0] timing@frame39451: {'queue_wait_ms': 0.041, 'decode_in_ms': 0.51, 'prompt_ms': 0.01, 'vae_encode_ms': 21.86, 'transformer_plus_decode_ms': 56.7, 'stage_clock': 'wall-clock', 'benchmark_variant': 'baseline', 'output_cast': 'cpu', 'torch_threads': 128, 'terminal_skips': 0, 'jpeg_ms': 0.45, 'total_ms': 79.55}
[DIAG] t=2875s in=94188 →wk=56048 ←wk=56046 →cl=55958 drop_in=0 drop_out=0 | since: client=0.0s worker=0.0s sent=0.0s | ch=open buf=0 | lag: max=1ms avg=0.3ms | heap=11.9MB rss=59.8MB | gpu0:R pend=1 frames=39461 buf=0 | gpu1:R pend=1 frames=16585 buf=0
[worker 1] timing@frame16601: {'queue_wait_ms': 0.023, 'decode_in_ms': 0.42, 'prompt_ms': 0.0, 'vae_encode_ms': 8.61, 'transformer_plus_decode_ms': 54.0, 'stage_clock': 'wall-clock', 'benchmark_variant': 'baseline', 'output_cast': 'cpu', 'torch_threads': 128, 'terminal_skips': 0, 'jpeg_ms': 0.49, 'total_ms': 63.53}
[worker 0] timing@frame39501: {'queue_wait_ms': 0.021, 'decode_in_ms': 0.38, 'prompt_ms': 0.0, 'vae_encode_ms': 8.7, 'transformer_plus_decode_ms': 61.43, 'stage_clock': 'wall-clock', 'benchmark_variant': 'baseline', 'output_cast': 'cpu', 'torch_threads': 128, 'terminal_skips': 0, 'jpeg_ms': 0.5, 'total_ms': 71.04}
[worker 1] timing@frame16651: {'queue_wait_ms': 0.024, 'decode_in_ms': 0.38, 'prompt_ms': 0.0, 'vae_encode_ms': 23.73, 'transformer_plus_decode_ms': 57.88, 'stage_clock': 'wall-clock', 'benchmark_variant': 'baseline', 'output_cast': 'cpu', 'torch_threads': 128, 'terminal_skips': 0, 'jpeg_ms': 0.5, 'total_ms': 82.51}
[DIAG] t=2880s in=94445 →wk=56189 ←wk=56187 →cl=56098 drop_in=0 drop_out=0 | since: client=0.0s worker=0.1s sent=0.1s | ch=open buf=0 | lag: max=1ms avg=0.3ms | heap=12.1MB rss=59.8MB | gpu0:R pend=1 frames=39532 buf=0 | gpu1:R pend=1 frames=16655 buf=0
[worker 0] timing@frame39551: {'queue_wait_ms': 0.018, 'decode_in_ms': 0.41, 'prompt_ms': 0.0, 'vae_encode_ms': 8.64, 'transformer_plus_decode_ms': 62.17, 'stage_clock': 'wall-clock', 'benchmark_variant': 'baseline', 'output_cast': 'cpu', 'torch_threads': 128, 'terminal_skips': 0, 'jpeg_ms': 0.48, 'total_ms': 71.71}
[worker 1] timing@frame16701: {'queue_wait_ms': 0.025, 'decode_in_ms': 0.4, 'prompt_ms': 0.0, 'vae_encode_ms': 8.51, 'transformer_plus_decode_ms': 52.96, 'stage_clock': 'wall-clock', 'benchmark_variant': 'baseline', 'output_cast': 'cpu', 'torch_threads': 128, 'terminal_skips': 0, 'jpeg_ms': 0.48, 'total_ms': 62.37}
[worker 0] timing@frame39601: {'queue_wait_ms': 0.019, 'decode_in_ms': 0.4, 'prompt_ms': 0.0, 'vae_encode_ms': 8.74, 'transformer_plus_decode_ms': 55.36, 'stage_clock': 'wall-clock', 'benchmark_variant': 'baseline', 'output_cast': 'cpu', 'torch_threads': 128, 'terminal_skips': 0, 'jpeg_ms': 0.43, 'total_ms': 64.94}
[DIAG] t=2885s in=94695 →wk=56332 ←wk=56330 →cl=56240 drop_in=0 drop_out=0 | since: client=0.0s worker=0.0s sent=0.0s | ch=open buf=0 | lag: max=1ms avg=0.3ms | heap=12.7MB rss=59.8MB | gpu0:R pend=1 frames=39604 buf=0 | gpu1:R pend=1 frames=16726 buf=0
[worker 1] timing@frame16751: {'queue_wait_ms': 0.026, 'decode_in_ms': 0.44, 'prompt_ms': 0.0, 'vae_encode_ms': 8.83, 'transformer_plus_decode_ms': 55.07, 'stage_clock': 'wall-clock', 'benchmark_variant': 'baseline', 'output_cast': 'cpu', 'torch_threads': 128, 'terminal_skips': 0, 'jpeg_ms': 0.45, 'total_ms': 64.81}
[worker 0] timing@frame39651: {'queue_wait_ms': 0.033, 'decode_in_ms': 0.42, 'prompt_ms': 0.0, 'vae_encode_ms': 17.1, 'transformer_plus_decode_ms': 55.99, 'stage_clock': 'wall-clock', 'benchmark_variant': 'baseline', 'output_cast': 'cpu', 'torch_threads': 128, 'terminal_skips': 0, 'jpeg_ms': 0.45, 'total_ms': 73.98}
[DIAG] t=2890s in=94932 →wk=56473 ←wk=56471 →cl=56381 drop_in=0 drop_out=0 | since: client=0.0s worker=0.0s sent=0.0s | ch=open buf=0 | lag: max=1ms avg=0.3ms | heap=12.3MB rss=59.8MB | gpu0:R pend=1 frames=39674 buf=0 | gpu1:R pend=1 frames=16797 buf=0
[worker 1] timing@frame16801: {'queue_wait_ms': 0.045, 'decode_in_ms': 0.46, 'prompt_ms': 0.0, 'vae_encode_ms': 16.56, 'transformer_plus_decode_ms': 53.94, 'stage_clock': 'wall-clock', 'benchmark_variant': 'baseline', 'output_cast': 'cpu', 'torch_threads': 128, 'terminal_skips': 0, 'jpeg_ms': 0.5, 'total_ms': 71.47}
[worker 0] timing@frame39701: {'queue_wait_ms': 0.03, 'decode_in_ms': 0.41, 'prompt_ms': 0.0, 'vae_encode_ms': 8.78, 'transformer_plus_decode_ms': 56.47, 'stage_clock': 'wall-clock', 'benchmark_variant': 'baseline', 'output_cast': 'cpu', 'torch_threads': 128, 'terminal_skips': 0, 'jpeg_ms': 0.46, 'total_ms': 66.13}
[worker 1] timing@frame16851: {'queue_wait_ms': 0.023, 'decode_in_ms': 0.42, 'prompt_ms': 0.0, 'vae_encode_ms': 8.77, 'transformer_plus_decode_ms': 56.89, 'stage_clock': 'wall-clock', 'benchmark_variant': 'baseline', 'output_cast': 'cpu', 'torch_threads': 128, 'terminal_skips': 0, 'jpeg_ms': 0.48, 'total_ms': 66.58}
[DIAG] t=2895s in=95168 →wk=56617 ←wk=56615 →cl=56525 drop_in=0 drop_out=0 | since: client=0.0s worker=0.0s sent=0.0s | ch=open buf=0 | lag: max=1ms avg=0.3ms | heap=13.4MB rss=59.8MB | gpu0:R pend=1 frames=39746 buf=0 | gpu1:R pend=1 frames=16869 buf=0
[worker 0] timing@frame39751: {'queue_wait_ms': 0.022, 'decode_in_ms': 0.38, 'prompt_ms': 0.0, 'vae_encode_ms': 8.52, 'transformer_plus_decode_ms': 54.73, 'stage_clock': 'wall-clock', 'benchmark_variant': 'baseline', 'output_cast': 'cpu', 'torch_threads': 128, 'terminal_skips': 0, 'jpeg_ms': 0.44, 'total_ms': 64.08}
[worker 1] timing@frame16901: {'queue_wait_ms': 0.025, 'decode_in_ms': 0.44, 'prompt_ms': 0.0, 'vae_encode_ms': 8.58, 'transformer_plus_decode_ms': 52.7, 'stage_clock': 'wall-clock', 'benchmark_variant': 'baseline', 'output_cast': 'cpu', 'torch_threads': 128, 'terminal_skips': 0, 'jpeg_ms': 0.44, 'total_ms': 62.18}
[worker 0] timing@frame39801: {'queue_wait_ms': 0.02, 'decode_in_ms': 0.37, 'prompt_ms': 0.0, 'vae_encode_ms': 8.5, 'transformer_plus_decode_ms': 54.62, 'stage_clock': 'wall-clock', 'benchmark_variant': 'baseline', 'output_cast': 'cpu', 'torch_threads': 128, 'terminal_skips': 0, 'jpeg_ms': 0.44, 'total_ms': 63.95}
[DIAG] t=2900s in=95411 →wk=56763 ←wk=56761 →cl=56670 drop_in=0 drop_out=0 | since: client=0.0s worker=0.0s sent=0.0s | ch=open buf=0 | lag: max=1ms avg=0.3ms | heap=13.0MB rss=59.8MB | gpu0:R pend=1 frames=39820 buf=0 | gpu1:R pend=1 frames=16941 buf=0
[worker 1] timing@frame16951: {'queue_wait_ms': 0.029, 'decode_in_ms': 0.43, 'prompt_ms': 0.0, 'vae_encode_ms': 8.58, 'transformer_plus_decode_ms': 52.45, 'stage_clock': 'wall-clock', 'benchmark_variant': 'baseline', 'output_cast': 'cpu', 'torch_threads': 128, 'terminal_skips': 0, 'jpeg_ms': 0.42, 'total_ms': 61.9}
[worker 0] timing@frame39851: {'queue_wait_ms': 0.029, 'decode_in_ms': 0.4, 'prompt_ms': 0.0, 'vae_encode_ms': 8.84, 'transformer_plus_decode_ms': 55.4, 'stage_clock': 'wall-clock', 'benchmark_variant': 'baseline', 'output_cast': 'cpu', 'torch_threads': 128, 'terminal_skips': 0, 'jpeg_ms': 0.43, 'total_ms': 65.08}
[worker 1] timing@frame17001: {'queue_wait_ms': 0.024, 'decode_in_ms': 0.4, 'prompt_ms': 0.0, 'vae_encode_ms': 8.57, 'transformer_plus_decode_ms': 52.99, 'stage_clock': 'wall-clock', 'benchmark_variant': 'baseline', 'output_cast': 'cpu', 'torch_threads': 128, 'terminal_skips': 0, 'jpeg_ms': 0.51, 'total_ms': 62.49}
[DIAG] t=2905s in=95650 →wk=56911 ←wk=56909 →cl=56818 drop_in=0 drop_out=0 | since: client=0.0s worker=0.0s sent=0.0s | ch=open buf=0 | lag: max=1ms avg=0.3ms | heap=12.9MB rss=59.8MB | gpu0:R pend=1 frames=39894 buf=0 | gpu1:R pend=1 frames=17015 buf=0
[worker 0] timing@frame39901: {'queue_wait_ms': 0.026, 'decode_in_ms': 0.39, 'prompt_ms': 0.0, 'vae_encode_ms': 8.65, 'transformer_plus_decode_ms': 55.36, 'stage_clock': 'wall-clock', 'benchmark_variant': 'baseline', 'output_cast': 'cpu', 'torch_threads': 128, 'terminal_skips': 0, 'jpeg_ms': 0.44, 'total_ms': 64.85}
[worker 1] timing@frame17051: {'queue_wait_ms': 0.026, 'decode_in_ms': 0.41, 'prompt_ms': 0.0, 'vae_encode_ms': 8.62, 'transformer_plus_decode_ms': 53.04, 'stage_clock': 'wall-clock', 'benchmark_variant': 'baseline', 'output_cast': 'cpu', 'torch_threads': 128, 'terminal_skips': 0, 'jpeg_ms': 0.5, 'total_ms': 62.58}
[worker 0] timing@frame39951: {'queue_wait_ms': 0.012, 'decode_in_ms': 0.4, 'prompt_ms': 0.0, 'vae_encode_ms': 8.61, 'transformer_plus_decode_ms': 55.38, 'stage_clock': 'wall-clock', 'benchmark_variant': 'baseline', 'output_cast': 'cpu', 'torch_threads': 128, 'terminal_skips': 0, 'jpeg_ms': 0.44, 'total_ms': 64.85}
[DIAG] t=2910s in=95887 →wk=57062 ←wk=57060 →cl=56969 drop_in=0 drop_out=0 | since: client=0.0s worker=0.0s sent=0.0s | ch=open buf=0 | lag: max=1ms avg=0.3ms | heap=13.0MB rss=59.8MB | gpu0:R pend=1 frames=39969 buf=0 | gpu1:R pend=1 frames=17091 buf=0
[worker 1] timing@frame17101: {'queue_wait_ms': 0.023, 'decode_in_ms': 0.39, 'prompt_ms': 0.0, 'vae_encode_ms': 8.61, 'transformer_plus_decode_ms': 53.16, 'stage_clock': 'wall-clock', 'benchmark_variant': 'baseline', 'output_cast': 'cpu', 'torch_threads': 128, 'terminal_skips': 0, 'jpeg_ms': 0.5, 'total_ms': 62.68}
[worker 0] timing@frame40001: {'queue_wait_ms': 0.025, 'decode_in_ms': 0.4, 'prompt_ms': 0.0, 'vae_encode_ms': 8.64, 'transformer_plus_decode_ms': 55.04, 'stage_clock': 'wall-clock', 'benchmark_variant': 'baseline', 'output_cast': 'cpu', 'torch_threads': 128, 'terminal_skips': 0, 'jpeg_ms': 0.45, 'total_ms': 64.55}
[worker 1] timing@frame17151: {'queue_wait_ms': 0.027, 'decode_in_ms': 0.44, 'prompt_ms': 0.0, 'vae_encode_ms': 8.52, 'transformer_plus_decode_ms': 52.55, 'stage_clock': 'wall-clock', 'benchmark_variant': 'baseline', 'output_cast': 'cpu', 'torch_threads': 128, 'terminal_skips': 0, 'jpeg_ms': 0.43, 'total_ms': 61.96}
[DIAG] t=2915s in=96107 →wk=57203 ←wk=57201 →cl=57109 drop_in=0 drop_out=0 | since: client=0.0s worker=0.0s sent=0.0s | ch=open buf=0 | lag: max=1ms avg=0.3ms | heap=13.9MB rss=59.8MB | gpu0:R pend=1 frames=40039 buf=0 | gpu1:R pend=1 frames=17162 buf=0
[worker 0] timing@frame40051: {'queue_wait_ms': 0.039, 'decode_in_ms': 0.37, 'prompt_ms': 0.0, 'vae_encode_ms': 8.65, 'transformer_plus_decode_ms': 55.53, 'stage_clock': 'wall-clock', 'benchmark_variant': 'baseline', 'output_cast': 'cpu', 'torch_threads': 128, 'terminal_skips': 0, 'jpeg_ms': 0.45, 'total_ms': 65.01}
[worker 1] timing@frame17201: {'queue_wait_ms': 0.031, 'decode_in_ms': 0.41, 'prompt_ms': 0.0, 'vae_encode_ms': 8.49, 'transformer_plus_decode_ms': 53.52, 'stage_clock': 'wall-clock', 'benchmark_variant': 'baseline', 'output_cast': 'cpu', 'torch_threads': 128, 'terminal_skips': 0, 'jpeg_ms': 0.5, 'total_ms': 62.94}
[worker 0] timing@frame40101: {'queue_wait_ms': 0.013, 'decode_in_ms': 0.39, 'prompt_ms': 0.0, 'vae_encode_ms': 8.69, 'transformer_plus_decode_ms': 55.72, 'stage_clock': 'wall-clock', 'benchmark_variant': 'baseline', 'output_cast': 'cpu', 'torch_threads': 128, 'terminal_skips': 0, 'jpeg_ms': 0.44, 'total_ms': 65.26}
[DIAG] t=2920s in=96341 →wk=57352 ←wk=57350 →cl=57257 drop_in=0 drop_out=0 | since: client=0.0s worker=0.0s sent=0.0s | ch=open buf=0 | lag: max=1ms avg=0.3ms | heap=13.7MB rss=59.8MB | gpu0:R pend=1 frames=40113 buf=0 | gpu1:R pend=1 frames=17237 buf=0
[worker 1] timing@frame17251: {'queue_wait_ms': 0.029, 'decode_in_ms': 0.41, 'prompt_ms': 0.0, 'vae_encode_ms': 18.08, 'transformer_plus_decode_ms': 56.79, 'stage_clock': 'wall-clock', 'benchmark_variant': 'baseline', 'output_cast': 'cpu', 'torch_threads': 128, 'terminal_skips': 0, 'jpeg_ms': 0.47, 'total_ms': 75.77}
[worker 0] timing@frame40151: {'queue_wait_ms': 0.04, 'decode_in_ms': 0.39, 'prompt_ms': 0.0, 'vae_encode_ms': 8.74, 'transformer_plus_decode_ms': 55.1, 'stage_clock': 'wall-clock', 'benchmark_variant': 'baseline', 'output_cast': 'cpu', 'torch_threads': 128, 'terminal_skips': 0, 'jpeg_ms': 0.45, 'total_ms': 64.69}
[DIAG] t=2925s in=96461 →wk=57433 ←wk=57431 →cl=57336 drop_in=0 drop_out=0 | since: client=0.0s worker=0.0s sent=0.0s | ch=open buf=0 | lag: max=1ms avg=0.3ms | heap=13.4MB rss=59.8MB | gpu0:R pend=1 frames=40154 buf=0 | gpu1:R pend=1 frames=17277 buf=0
[worker 1] timing@frame17301: {'queue_wait_ms': 0.03, 'decode_in_ms': 0.52, 'prompt_ms': 0.0, 'vae_encode_ms': 17.81, 'transformer_plus_decode_ms': 54.77, 'stage_clock': 'wall-clock', 'benchmark_variant': 'baseline', 'output_cast': 'cpu', 'torch_threads': 128, 'terminal_skips': 0, 'jpeg_ms': 0.5, 'total_ms': 73.61}
[worker 0] timing@frame40201: {'queue_wait_ms': 0.046, 'decode_in_ms': 0.38, 'prompt_ms': 0.0, 'vae_encode_ms': 8.69, 'transformer_plus_decode_ms': 54.18, 'stage_clock': 'wall-clock', 'benchmark_variant': 'baseline', 'output_cast': 'cpu', 'torch_threads': 128, 'terminal_skips': 0, 'jpeg_ms': 0.44, 'total_ms': 63.71}
[DIAG] t=2930s in=96679 →wk=57565 ←wk=57565 →cl=57469 drop_in=0 drop_out=0 | since: client=0.1s worker=0.1s sent=0.1s | ch=open buf=0 | lag: max=1ms avg=0.3ms | heap=13.7MB rss=59.8MB | gpu0:R pend=0 frames=40220 buf=0 | gpu1:R pend=0 frames=17345 buf=0
[worker 1] timing@frame17351: {'queue_wait_ms': 0.044, 'decode_in_ms': 0.47, 'prompt_ms': 0.0, 'vae_encode_ms': 22.2, 'transformer_plus_decode_ms': 57.49, 'stage_clock': 'wall-clock', 'benchmark_variant': 'baseline', 'output_cast': 'cpu', 'torch_threads': 128, 'terminal_skips': 0, 'jpeg_ms': 0.52, 'total_ms': 80.71}
[DIAG] t=2935s in=96782 →wk=57621 ←wk=57621 →cl=57521 drop_in=0 drop_out=0 | since: client=2.6s worker=2.5s sent=2.5s | ch=open buf=0 | lag: max=1ms avg=0.3ms | heap=13.4MB rss=59.8MB | gpu0:R pend=0 frames=40248 buf=0 | gpu1:R pend=0 frames=17373 buf=0
POST /webrtc/offer
Offer candidates host=2 srflx=1 relay=0
ICE connection state: closed
[DIAG] Connection state: closed (channel=none buf=0)
[DIAG] DataChannel CLOSED (was open)
ICE connection state: new
[DIAG] Connection state: new (channel=none buf=0)
ICE gathering state: gathering
[DIAG] t=2940s in=96782 →wk=57621 ←wk=57621 →cl=57521 drop_in=0 drop_out=0 | since: client=7.6s worker=7.5s sent=7.5s | ch=closed buf=0 | lag: max=1ms avg=0.3ms | heap=13.7MB rss=59.8MB | gpu0:R pend=0 frames=40248 buf=0 | gpu1:R pend=0 frames=17373 buf=0
[DIAG] t=2945s in=96782 →wk=57621 ←wk=57621 →cl=57521 drop_in=0 drop_out=0 | since: client=12.6s worker=12.5s sent=12.5s | ch=closed buf=0 | lag: max=1ms avg=0.3ms | heap=13.8MB rss=59.8MB | gpu0:R pend=0 frames=40248 buf=0 | gpu1:R pend=0 frames=17373 buf=0
Sending SDP answer
ICE gathering state: complete
ICE connection state: connected
[DIAG] Connection state: connected (channel=none buf=0)
DataChannel opened: frames
[DIAG] t=2950s in=96782 →wk=57621 ←wk=57621 →cl=57521 drop_in=0 drop_out=0 | since: client=17.6s worker=17.5s sent=17.5s | ch=closed buf=0 | lag: max=1ms avg=0.3ms | heap=13.9MB rss=59.8MB | gpu0:R pend=0 frames=40248 buf=0 | gpu1:R pend=0 frames=17373 buf=0
[worker 0] timing@frame40251: {'queue_wait_ms': 0.022, 'decode_in_ms': 0.4, 'prompt_ms': 0.0, 'vae_encode_ms': 8.68, 'transformer_plus_decode_ms': 35.46, 'stage_clock': 'cuda-events', 'benchmark_variant': 'terminal-noop', 'output_cast': 'gpu', 'torch_threads': 128, 'terminal_skips': 1, 'jpeg_ms': 0.44, 'total_ms': 45.03}
[worker 1] timing@frame17401: {'queue_wait_ms': 0.024, 'decode_in_ms': 0.39, 'prompt_ms': 0.0, 'vae_encode_ms': 8.65, 'transformer_plus_decode_ms': 36.23, 'stage_clock': 'cuda-events', 'benchmark_variant': 'terminal-noop', 'output_cast': 'gpu', 'torch_threads': 128, 'terminal_skips': 1, 'jpeg_ms': 0.44, 'total_ms': 45.76}
[worker 0] timing@frame40301: {'queue_wait_ms': 0.021, 'decode_in_ms': 0.42, 'prompt_ms': 0.0, 'vae_encode_ms': 8.64, 'transformer_plus_decode_ms': 32.64, 'stage_clock': 'cuda-events', 'benchmark_variant': 'terminal-noop', 'output_cast': 'gpu', 'torch_threads': 128, 'terminal_skips': 1, 'jpeg_ms': 0.45, 'total_ms': 42.2}
[worker 1] timing@frame17451: {'queue_wait_ms': 0.037, 'decode_in_ms': 0.41, 'prompt_ms': 0.0, 'vae_encode_ms': 8.59, 'transformer_plus_decode_ms': 35.01, 'stage_clock': 'cuda-events', 'benchmark_variant': 'terminal-noop', 'output_cast': 'gpu', 'torch_threads': 128, 'terminal_skips': 1, 'jpeg_ms': 0.44, 'total_ms': 44.49}
[DIAG] t=2955s in=96990 →wk=57791 ←wk=57790 →cl=57688 drop_in=0 drop_out=0 | since: client=0.0s worker=0.0s sent=0.0s | ch=open buf=0 | lag: max=1ms avg=0.3ms | heap=13.6MB rss=57.3MB | gpu0:R pend=0 frames=40332 buf=0 | gpu1:R pend=1 frames=17458 buf=0
[worker 0] timing@frame40351: {'queue_wait_ms': 0.018, 'decode_in_ms': 0.43, 'prompt_ms': 0.0, 'vae_encode_ms': 8.62, 'transformer_plus_decode_ms': 32.42, 'stage_clock': 'cuda-events', 'benchmark_variant': 'terminal-noop', 'output_cast': 'gpu', 'torch_threads': 128, 'terminal_skips': 1, 'jpeg_ms': 0.44, 'total_ms': 41.95}
[worker 1] timing@frame17501: {'queue_wait_ms': 0.025, 'decode_in_ms': 0.38, 'prompt_ms': 0.0, 'vae_encode_ms': 8.6, 'transformer_plus_decode_ms': 32.58, 'stage_clock': 'cuda-events', 'benchmark_variant': 'terminal-noop', 'output_cast': 'gpu', 'torch_threads': 128, 'terminal_skips': 1, 'jpeg_ms': 0.43, 'total_ms': 42.02}
[worker 0] timing@frame40401: {'queue_wait_ms': 0.018, 'decode_in_ms': 0.47, 'prompt_ms': 0.0, 'vae_encode_ms': 8.82, 'transformer_plus_decode_ms': 33.48, 'stage_clock': 'cuda-events', 'benchmark_variant': 'terminal-noop', 'output_cast': 'gpu', 'torch_threads': 128, 'terminal_skips': 1, 'jpeg_ms': 0.47, 'total_ms': 43.29}
[worker 1] timing@frame17551: {'queue_wait_ms': 0.027, 'decode_in_ms': 0.4, 'prompt_ms': 0.0, 'vae_encode_ms': 8.54, 'transformer_plus_decode_ms': 35.72, 'stage_clock': 'cuda-events', 'benchmark_variant': 'terminal-noop', 'output_cast': 'gpu', 'torch_threads': 128, 'terminal_skips': 1, 'jpeg_ms': 0.43, 'total_ms': 45.13}
[DIAG] t=2960s in=97204 →wk=57981 ←wk=57979 →cl=57877 drop_in=0 drop_out=0 | since: client=0.0s worker=0.0s sent=0.0s | ch=open buf=0 | lag: max=1ms avg=0.3ms | heap=12.9MB rss=57.3MB | gpu0:R pend=1 frames=40426 buf=0 | gpu1:R pend=1 frames=17553 buf=0
[worker 0] timing@frame40451: {'queue_wait_ms': 0.021, 'decode_in_ms': 0.4, 'prompt_ms': 0.0, 'vae_encode_ms': 8.55, 'transformer_plus_decode_ms': 32.47, 'stage_clock': 'cuda-events', 'benchmark_variant': 'terminal-noop', 'output_cast': 'gpu', 'torch_threads': 128, 'terminal_skips': 1, 'jpeg_ms': 0.45, 'total_ms': 41.92}
[worker 1] timing@frame17601: {'queue_wait_ms': 0.024, 'decode_in_ms': 0.39, 'prompt_ms': 0.0, 'vae_encode_ms': 8.73, 'transformer_plus_decode_ms': 35.66, 'stage_clock': 'cuda-events', 'benchmark_variant': 'terminal-noop', 'output_cast': 'gpu', 'torch_threads': 128, 'terminal_skips': 1, 'jpeg_ms': 0.45, 'total_ms': 45.27}
[worker 0] timing@frame40501: {'queue_wait_ms': 0.05, 'decode_in_ms': 0.66, 'prompt_ms': 0.01, 'vae_encode_ms': 9.68, 'transformer_plus_decode_ms': 34.81, 'stage_clock': 'cuda-events', 'benchmark_variant': 'terminal-noop', 'output_cast': 'gpu', 'torch_threads': 128, 'terminal_skips': 1, 'jpeg_ms': 0.48, 'total_ms': 45.76}
[DIAG] t=2965s in=97418 →wk=58173 ←wk=58171 →cl=58069 drop_in=0 drop_out=0 | since: client=0.0s worker=0.0s sent=0.0s | ch=open buf=0 | lag: max=1ms avg=0.3ms | heap=13.4MB rss=57.3MB | gpu0:R pend=1 frames=40522 buf=0 | gpu1:R pend=1 frames=17649 buf=0
[worker 1] timing@frame17651: {'queue_wait_ms': 0.028, 'decode_in_ms': 0.42, 'prompt_ms': 0.0, 'vae_encode_ms': 8.63, 'transformer_plus_decode_ms': 32.78, 'stage_clock': 'cuda-events', 'benchmark_variant': 'terminal-noop', 'output_cast': 'gpu', 'torch_threads': 128, 'terminal_skips': 1, 'jpeg_ms': 0.45, 'total_ms': 42.32}
[worker 0] timing@frame40551: {'queue_wait_ms': 0.022, 'decode_in_ms': 0.46, 'prompt_ms': 0.0, 'vae_encode_ms': 8.66, 'transformer_plus_decode_ms': 34.14, 'stage_clock': 'cuda-events', 'benchmark_variant': 'terminal-noop', 'output_cast': 'gpu', 'torch_threads': 128, 'terminal_skips': 1, 'jpeg_ms': 0.62, 'total_ms': 43.93}
[worker 1] timing@frame17701: {'queue_wait_ms': 0.032, 'decode_in_ms': 0.4, 'prompt_ms': 0.0, 'vae_encode_ms': 8.56, 'transformer_plus_decode_ms': 36.38, 'stage_clock': 'cuda-events', 'benchmark_variant': 'terminal-noop', 'output_cast': 'gpu', 'torch_threads': 128, 'terminal_skips': 1, 'jpeg_ms': 0.43, 'total_ms': 45.81}
[worker 0] timing@frame40601: {'queue_wait_ms': 0.051, 'decode_in_ms': 0.57, 'prompt_ms': 0.01, 'vae_encode_ms': 9.31, 'transformer_plus_decode_ms': 33.91, 'stage_clock': 'cuda-events', 'benchmark_variant': 'terminal-noop', 'output_cast': 'gpu', 'torch_threads': 128, 'terminal_skips': 1, 'jpeg_ms': 0.49, 'total_ms': 44.4}
[DIAG] t=2970s in=97625 →wk=58356 ←wk=58354 →cl=58252 drop_in=0 drop_out=0 | since: client=0.0s worker=0.0s sent=0.0s | ch=open buf=0 | lag: max=1ms avg=0.3ms | heap=13.4MB rss=57.3MB | gpu0:R pend=1 frames=40614 buf=0 | gpu1:R pend=1 frames=17740 buf=0
[worker 1] timing@frame17751: {'queue_wait_ms': 0.029, 'decode_in_ms': 0.46, 'prompt_ms': 0.0, 'vae_encode_ms': 9.85, 'transformer_plus_decode_ms': 35.36, 'stage_clock': 'cuda-events', 'benchmark_variant': 'terminal-noop', 'output_cast': 'gpu', 'torch_threads': 128, 'terminal_skips': 1, 'jpeg_ms': 0.43, 'total_ms': 46.12}
[worker 0] timing@frame40651: {'queue_wait_ms': 0.022, 'decode_in_ms': 0.45, 'prompt_ms': 0.0, 'vae_encode_ms': 8.71, 'transformer_plus_decode_ms': 33.04, 'stage_clock': 'cuda-events', 'benchmark_variant': 'terminal-noop', 'output_cast': 'gpu', 'torch_threads': 128, 'terminal_skips': 1, 'jpeg_ms': 0.45, 'total_ms': 42.7}
[worker 1] timing@frame17801: {'queue_wait_ms': 0.024, 'decode_in_ms': 0.37, 'prompt_ms': 0.0, 'vae_encode_ms': 8.54, 'transformer_plus_decode_ms': 32.44, 'stage_clock': 'cuda-events', 'benchmark_variant': 'terminal-noop', 'output_cast': 'gpu', 'torch_threads': 128, 'terminal_skips': 1, 'jpeg_ms': 0.43, 'total_ms': 41.82}
[worker 0] timing@frame40701: {'queue_wait_ms': 0.02, 'decode_in_ms': 0.43, 'prompt_ms': 0.0, 'vae_encode_ms': 8.87, 'transformer_plus_decode_ms': 33.01, 'stage_clock': 'cuda-events', 'benchmark_variant': 'terminal-noop', 'output_cast': 'gpu', 'torch_threads': 128, 'terminal_skips': 1, 'jpeg_ms': 0.44, 'total_ms': 42.8}
[DIAG] t=2975s in=97830 →wk=58538 ←wk=58536 →cl=58434 drop_in=0 drop_out=0 | since: client=0.0s worker=0.0s sent=0.0s | ch=open buf=0 | lag: max=1ms avg=0.3ms | heap=13.2MB rss=57.3MB | gpu0:R pend=1 frames=40705 buf=0 | gpu1:R pend=1 frames=17831 buf=0
[worker 1] timing@frame17851: {'queue_wait_ms': 0.036, 'decode_in_ms': 0.4, 'prompt_ms': 0.0, 'vae_encode_ms': 8.47, 'transformer_plus_decode_ms': 35.54, 'stage_clock': 'cuda-events', 'benchmark_variant': 'terminal-noop', 'output_cast': 'gpu', 'torch_threads': 128, 'terminal_skips': 1, 'jpeg_ms': 0.43, 'total_ms': 44.89}
[worker 0] timing@frame40751: {'queue_wait_ms': 0.014, 'decode_in_ms': 0.44, 'prompt_ms': 0.0, 'vae_encode_ms': 8.74, 'transformer_plus_decode_ms': 33.31, 'stage_clock': 'cuda-events', 'benchmark_variant': 'terminal-noop', 'output_cast': 'gpu', 'torch_threads': 128, 'terminal_skips': 1, 'jpeg_ms': 0.45, 'total_ms': 42.99}
[worker 1] timing@frame17901: {'queue_wait_ms': 0.041, 'decode_in_ms': 0.39, 'prompt_ms': 0.0, 'vae_encode_ms': 8.54, 'transformer_plus_decode_ms': 35.26, 'stage_clock': 'cuda-events', 'benchmark_variant': 'terminal-noop', 'output_cast': 'gpu', 'torch_threads': 128, 'terminal_skips': 1, 'jpeg_ms': 0.43, 'total_ms': 44.65}
[DIAG] t=2980s in=98031 →wk=58718 ←wk=58716 →cl=58614 drop_in=0 drop_out=0 | since: client=0.0s worker=0.0s sent=0.0s | ch=open buf=0 | lag: max=1ms avg=0.3ms | heap=14.7MB rss=57.3MB | gpu0:R pend=1 frames=40795 buf=0 | gpu1:R pend=1 frames=17921 buf=0
[worker 0] timing@frame40801: {'queue_wait_ms': 0.022, 'decode_in_ms': 0.41, 'prompt_ms': 0.0, 'vae_encode_ms': 8.53, 'transformer_plus_decode_ms': 32.65, 'stage_clock': 'cuda-events', 'benchmark_variant': 'terminal-noop', 'output_cast': 'gpu', 'torch_threads': 128, 'terminal_skips': 1, 'jpeg_ms': 0.43, 'total_ms': 42.07}
[worker 1] timing@frame17951: {'queue_wait_ms': 0.025, 'decode_in_ms': 0.41, 'prompt_ms': 0.0, 'vae_encode_ms': 8.51, 'transformer_plus_decode_ms': 32.65, 'stage_clock': 'cuda-events', 'benchmark_variant': 'terminal-noop', 'output_cast': 'gpu', 'torch_threads': 128, 'terminal_skips': 1, 'jpeg_ms': 0.43, 'total_ms': 42.04}
[worker 0] timing@frame40851: {'queue_wait_ms': 0.021, 'decode_in_ms': 0.41, 'prompt_ms': 0.0, 'vae_encode_ms': 8.51, 'transformer_plus_decode_ms': 32.54, 'stage_clock': 'cuda-events', 'benchmark_variant': 'terminal-noop', 'output_cast': 'gpu', 'torch_threads': 128, 'terminal_skips': 1, 'jpeg_ms': 0.44, 'total_ms': 41.94}
[worker 1] timing@frame18001: {'queue_wait_ms': 0.044, 'decode_in_ms': 0.42, 'prompt_ms': 0.0, 'vae_encode_ms': 8.7, 'transformer_plus_decode_ms': 36.37, 'stage_clock': 'cuda-events', 'benchmark_variant': 'terminal-noop', 'output_cast': 'gpu', 'torch_threads': 128, 'terminal_skips': 1, 'jpeg_ms': 0.46, 'total_ms': 46.0}
[DIAG] t=2985s in=98258 →wk=58911 ←wk=58909 →cl=58807 drop_in=0 drop_out=0 | since: client=0.0s worker=0.0s sent=0.0s | ch=open buf=0 | lag: max=1ms avg=0.3ms | heap=13.9MB rss=57.3MB | gpu0:R pend=1 frames=40891 buf=0 | gpu1:R pend=1 frames=18018 buf=0
[worker 0] timing@frame40901: {'queue_wait_ms': 0.024, 'decode_in_ms': 0.5, 'prompt_ms': 0.0, 'vae_encode_ms': 11.6, 'transformer_plus_decode_ms': 33.05, 'stage_clock': 'cuda-events', 'benchmark_variant': 'terminal-noop', 'output_cast': 'gpu', 'torch_threads': 128, 'terminal_skips': 1, 'jpeg_ms': 0.44, 'total_ms': 45.65}
[worker 1] timing@frame18051: {'queue_wait_ms': 0.021, 'decode_in_ms': 0.4, 'prompt_ms': 0.0, 'vae_encode_ms': 8.52, 'transformer_plus_decode_ms': 34.91, 'stage_clock': 'cuda-events', 'benchmark_variant': 'terminal-noop', 'output_cast': 'gpu', 'torch_threads': 128, 'terminal_skips': 1, 'jpeg_ms': 0.43, 'total_ms': 44.3}
[worker 0] timing@frame40951: {'queue_wait_ms': 0.021, 'decode_in_ms': 0.42, 'prompt_ms': 0.0, 'vae_encode_ms': 8.6, 'transformer_plus_decode_ms': 32.54, 'stage_clock': 'cuda-events', 'benchmark_variant': 'terminal-noop', 'output_cast': 'gpu', 'torch_threads': 128, 'terminal_skips': 1, 'jpeg_ms': 0.42, 'total_ms': 42.02}
[worker 1] timing@frame18101: {'queue_wait_ms': 0.025, 'decode_in_ms': 0.44, 'prompt_ms': 0.0, 'vae_encode_ms': 8.62, 'transformer_plus_decode_ms': 32.84, 'stage_clock': 'cuda-events', 'benchmark_variant': 'terminal-noop', 'output_cast': 'gpu', 'torch_threads': 128, 'terminal_skips': 1, 'jpeg_ms': 0.45, 'total_ms': 42.4}
[DIAG] t=2990s in=98457 →wk=59091 ←wk=59089 →cl=58987 drop_in=0 drop_out=0 | since: client=0.0s worker=0.0s sent=0.0s | ch=open buf=0 | lag: max=1ms avg=0.3ms | heap=13.8MB rss=57.3MB | gpu0:R pend=1 frames=40981 buf=0 | gpu1:R pend=1 frames=18108 buf=0
[worker 0] timing@frame41001: {'queue_wait_ms': 0.034, 'decode_in_ms': 0.43, 'prompt_ms': 0.0, 'vae_encode_ms': 8.68, 'transformer_plus_decode_ms': 32.72, 'stage_clock': 'cuda-events', 'benchmark_variant': 'terminal-noop', 'output_cast': 'gpu', 'torch_threads': 128, 'terminal_skips': 1, 'jpeg_ms': 0.44, 'total_ms': 42.32}
[worker 1] timing@frame18151: {'queue_wait_ms': 0.027, 'decode_in_ms': 0.4, 'prompt_ms': 0.0, 'vae_encode_ms': 8.6, 'transformer_plus_decode_ms': 35.61, 'stage_clock': 'cuda-events', 'benchmark_variant': 'terminal-noop', 'output_cast': 'gpu', 'torch_threads': 128, 'terminal_skips': 1, 'jpeg_ms': 0.43, 'total_ms': 45.07}
[worker 0] timing@frame41051: {'queue_wait_ms': 0.035, 'decode_in_ms': 0.44, 'prompt_ms': 0.0, 'vae_encode_ms': 8.69, 'transformer_plus_decode_ms': 34.14, 'stage_clock': 'cuda-events', 'benchmark_variant': 'terminal-noop', 'output_cast': 'gpu', 'torch_threads': 128, 'terminal_skips': 1, 'jpeg_ms': 0.44, 'total_ms': 43.75}
[DIAG] t=2995s in=98658 →wk=59271 ←wk=59269 →cl=59167 drop_in=0 drop_out=0 | since: client=0.0s worker=0.0s sent=0.0s | ch=open buf=0 | lag: max=1ms avg=0.3ms | heap=13.9MB rss=57.3MB | gpu0:R pend=1 frames=41071 buf=0 | gpu1:R pend=1 frames=18198 buf=0
[worker 1] timing@frame18201: {'queue_wait_ms': 0.038, 'decode_in_ms': 0.39, 'prompt_ms': 0.0, 'vae_encode_ms': 8.65, 'transformer_plus_decode_ms': 34.89, 'stage_clock': 'cuda-events', 'benchmark_variant': 'terminal-noop', 'output_cast': 'gpu', 'torch_threads': 128, 'terminal_skips': 1, 'jpeg_ms': 0.43, 'total_ms': 44.41}
[worker 0] timing@frame41101: {'queue_wait_ms': 0.019, 'decode_in_ms': 0.4, 'prompt_ms': 0.0, 'vae_encode_ms': 8.56, 'transformer_plus_decode_ms': 32.69, 'stage_clock': 'cuda-events', 'benchmark_variant': 'terminal-noop', 'output_cast': 'gpu', 'torch_threads': 128, 'terminal_skips': 1, 'jpeg_ms': 0.43, 'total_ms': 42.14}
[worker 1] timing@frame18251: {'queue_wait_ms': 0.025, 'decode_in_ms': 0.4, 'prompt_ms': 0.0, 'vae_encode_ms': 8.52, 'transformer_plus_decode_ms': 32.34, 'stage_clock': 'cuda-events', 'benchmark_variant': 'terminal-noop', 'output_cast': 'gpu', 'torch_threads': 128, 'terminal_skips': 1, 'jpeg_ms': 0.42, 'total_ms': 41.72}
[worker 0] timing@frame41151: {'queue_wait_ms': 0.016, 'decode_in_ms': 0.41, 'prompt_ms': 0.0, 'vae_encode_ms': 8.63, 'transformer_plus_decode_ms': 33.02, 'stage_clock': 'cuda-events', 'benchmark_variant': 'terminal-noop', 'output_cast': 'gpu', 'torch_threads': 128, 'terminal_skips': 1, 'jpeg_ms': 0.5, 'total_ms': 42.61}
[DIAG] t=3000s in=98857 →wk=59454 ←wk=59452 →cl=59350 drop_in=0 drop_out=0 | since: client=0.0s worker=0.0s sent=0.0s | ch=open buf=0 | lag: max=1ms avg=0.3ms | heap=13.6MB rss=57.3MB | gpu0:R pend=1 frames=41163 buf=0 | gpu1:R pend=1 frames=18289 buf=0
[worker 1] timing@frame18301: {'queue_wait_ms': 0.039, 'decode_in_ms': 0.41, 'prompt_ms': 0.0, 'vae_encode_ms': 8.58, 'transformer_plus_decode_ms': 35.51, 'stage_clock': 'cuda-events', 'benchmark_variant': 'terminal-noop', 'output_cast': 'gpu', 'torch_threads': 128, 'terminal_skips': 1, 'jpeg_ms': 0.43, 'total_ms': 44.96}
[worker 0] timing@frame41201: {'queue_wait_ms': 0.016, 'decode_in_ms': 0.39, 'prompt_ms': 0.0, 'vae_encode_ms': 8.68, 'transformer_plus_decode_ms': 32.93, 'stage_clock': 'cuda-events', 'benchmark_variant': 'terminal-noop', 'output_cast': 'gpu', 'torch_threads': 128, 'terminal_skips': 1, 'jpeg_ms': 0.44, 'total_ms': 42.49}
[worker 1] timing@frame18351: {'queue_wait_ms': 0.04, 'decode_in_ms': 0.43, 'prompt_ms': 0.0, 'vae_encode_ms': 8.58, 'transformer_plus_decode_ms': 34.76, 'stage_clock': 'cuda-events', 'benchmark_variant': 'terminal-noop', 'output_cast': 'gpu', 'torch_threads': 128, 'terminal_skips': 1, 'jpeg_ms': 0.43, 'total_ms': 44.25}
[worker 0] timing@frame41251: {'queue_wait_ms': 0.012, 'decode_in_ms': 0.39, 'prompt_ms': 0.0, 'vae_encode_ms': 8.7, 'transformer_plus_decode_ms': 32.92, 'stage_clock': 'cuda-events', 'benchmark_variant': 'terminal-noop', 'output_cast': 'gpu', 'torch_threads': 128, 'terminal_skips': 1, 'jpeg_ms': 0.43, 'total_ms': 42.48}
[DIAG] t=3005s in=99059 →wk=59634 ←wk=59632 →cl=59530 drop_in=0 drop_out=0 | since: client=0.0s worker=0.0s sent=0.0s | ch=open buf=0 | lag: max=1ms avg=0.3ms | heap=15.1MB rss=57.3MB | gpu0:R pend=1 frames=41253 buf=0 | gpu1:R pend=1 frames=18379 buf=0
[worker 1] timing@frame18401: {'queue_wait_ms': 0.028, 'decode_in_ms': 0.39, 'prompt_ms': 0.0, 'vae_encode_ms': 8.54, 'transformer_plus_decode_ms': 32.33, 'stage_clock': 'cuda-events', 'benchmark_variant': 'terminal-noop', 'output_cast': 'gpu', 'torch_threads': 128, 'terminal_skips': 1, 'jpeg_ms': 0.42, 'total_ms': 41.72}
[worker 0] timing@frame41301: {'queue_wait_ms': 0.013, 'decode_in_ms': 0.41, 'prompt_ms': 0.0, 'vae_encode_ms': 8.66, 'transformer_plus_decode_ms': 33.22, 'stage_clock': 'cuda-events', 'benchmark_variant': 'terminal-noop', 'output_cast': 'gpu', 'torch_threads': 128, 'terminal_skips': 1, 'jpeg_ms': 0.45, 'total_ms': 42.79}
[worker 1] timing@frame18451: {'queue_wait_ms': 0.043, 'decode_in_ms': 0.37, 'prompt_ms': 0.0, 'vae_encode_ms': 8.54, 'transformer_plus_decode_ms': 35.1, 'stage_clock': 'cuda-events', 'benchmark_variant': 'terminal-noop', 'output_cast': 'gpu', 'torch_threads': 128, 'terminal_skips': 1, 'jpeg_ms': 0.43, 'total_ms': 44.48}
[DIAG] t=3010s in=99241 →wk=59810 ←wk=59809 →cl=59707 drop_in=0 drop_out=0 | since: client=0.0s worker=0.0s sent=0.0s | ch=open buf=0 | lag: max=1ms avg=0.3ms | heap=14.7MB rss=57.3MB | gpu0:R pend=1 frames=41341 buf=0 | gpu1:R pend=0 frames=18468 buf=0
[worker 0] timing@frame41351: {'queue_wait_ms': 0.016, 'decode_in_ms': 0.43, 'prompt_ms': 0.0, 'vae_encode_ms': 8.89, 'transformer_plus_decode_ms': 33.27, 'stage_clock': 'cuda-events', 'benchmark_variant': 'terminal-noop', 'output_cast': 'gpu', 'torch_threads': 128, 'terminal_skips': 1, 'jpeg_ms': 0.46, 'total_ms': 43.1}
[worker 1] timing@frame18501: {'queue_wait_ms': 0.027, 'decode_in_ms': 0.38, 'prompt_ms': 0.0, 'vae_encode_ms': 8.51, 'transformer_plus_decode_ms': 34.57, 'stage_clock': 'cuda-events', 'benchmark_variant': 'terminal-noop', 'output_cast': 'gpu', 'torch_threads': 128, 'terminal_skips': 1, 'jpeg_ms': 0.42, 'total_ms': 43.91}
[worker 0] timing@frame41401: {'queue_wait_ms': 0.011, 'decode_in_ms': 0.41, 'prompt_ms': 0.0, 'vae_encode_ms': 8.65, 'transformer_plus_decode_ms': 32.75, 'stage_clock': 'cuda-events', 'benchmark_variant': 'terminal-noop', 'output_cast': 'gpu', 'torch_threads': 128, 'terminal_skips': 1, 'jpeg_ms': 0.45, 'total_ms': 42.31}
[worker 1] timing@frame18551: {'queue_wait_ms': 0.027, 'decode_in_ms': 0.38, 'prompt_ms': 0.0, 'vae_encode_ms': 8.59, 'transformer_plus_decode_ms': 32.51, 'stage_clock': 'cuda-events', 'benchmark_variant': 'terminal-noop', 'output_cast': 'gpu', 'torch_threads': 128, 'terminal_skips': 1, 'jpeg_ms': 0.42, 'total_ms': 41.94}
[DIAG] t=3015s in=99428 →wk=59984 ←wk=59984 →cl=59882 drop_in=0 drop_out=0 | since: client=0.3s worker=0.2s sent=0.2s | ch=open buf=0 | lag: max=1ms avg=0.3ms | heap=14.1MB rss=57.3MB | gpu0:R pend=0 frames=41429 buf=0 | gpu1:R pend=0 frames=18555 buf=0
POST /webrtc/offer
Offer candidates host=2 srflx=1 relay=0
ICE connection state: closed
[DIAG] Connection state: closed (channel=none buf=0)
[DIAG] DataChannel CLOSED (was open)
ICE connection state: new
[DIAG] Connection state: new (channel=none buf=0)
ICE gathering state: gathering
[DIAG] t=3020s in=99428 →wk=59984 ←wk=59984 →cl=59882 drop_in=0 drop_out=0 | since: client=5.3s worker=5.2s sent=5.2s | ch=closed buf=0 | lag: max=1ms avg=0.3ms | heap=14.4MB rss=57.3MB | gpu0:R pend=0 frames=41429 buf=0 | gpu1:R pend=0 frames=18555 buf=0
[DIAG] t=3025s in=99428 →wk=59984 ←wk=59984 →cl=59882 drop_in=0 drop_out=0 | since: client=10.3s worker=10.2s sent=10.2s | ch=closed buf=0 | lag: max=1ms avg=0.3ms | heap=14.5MB rss=57.3MB | gpu0:R pend=0 frames=41429 buf=0 | gpu1:R pend=0 frames=18555 buf=0
Sending SDP answer
ICE gathering state: complete
ICE connection state: connected
[DIAG] Connection state: connected (channel=none buf=0)
DataChannel opened: frames
[worker 0] resolution changed → 1024×576, already compiled by idle warmup
[DIAG] t=3030s in=99436 →wk=59985 ←wk=59984 →cl=59882 drop_in=0 drop_out=0 | since: client=0.0s worker=15.2s sent=15.2s | ch=closed buf=0 | lag: max=1ms avg=0.3ms | heap=14.8MB rss=57.3MB | gpu0:R pend=1 frames=41429 buf=0 | gpu1:R pend=0 frames=18555 buf=0
[worker 0] timing@frame41451: {'queue_wait_ms': 0.03, 'decode_in_ms': 0.72, 'prompt_ms': 0.0, 'vae_encode_ms': 17.37, 'transformer_plus_decode_ms': 93.61, 'stage_clock': 'wall-clock', 'benchmark_variant': 'baseline', 'output_cast': 'cpu', 'torch_threads': 128, 'terminal_skips': 0, 'jpeg_ms': 0.72, 'total_ms': 112.45}
[DIAG] t=3035s in=99670 →wk=60029 ←wk=60028 →cl=59926 drop_in=0 drop_out=0 | since: client=0.0s worker=0.0s sent=0.0s | ch=open buf=0 | lag: max=1ms avg=0.3ms | heap=14.5MB rss=61.3MB | gpu0:R pend=1 frames=41473 buf=0 | gpu1:R pend=0 frames=18555 buf=0
[worker 0] timing@frame41501: {'queue_wait_ms': 0.022, 'decode_in_ms': 0.64, 'prompt_ms': 0.0, 'vae_encode_ms': 17.62, 'transformer_plus_decode_ms': 94.22, 'stage_clock': 'wall-clock', 'benchmark_variant': 'baseline', 'output_cast': 'cpu', 'torch_threads': 128, 'terminal_skips': 0, 'jpeg_ms': 0.72, 'total_ms': 113.23}
[DIAG] t=3040s in=99904 →wk=60072 ←wk=60071 →cl=59969 drop_in=0 drop_out=0 | since: client=0.0s worker=0.1s sent=0.1s | ch=open buf=0 | lag: max=1ms avg=0.3ms | heap=14.0MB rss=61.3MB | gpu0:R pend=1 frames=41516 buf=0 | gpu1:R pend=0 frames=18555 buf=0
[worker 0] timing@frame41551: {'queue_wait_ms': 0.036, 'decode_in_ms': 0.66, 'prompt_ms': 0.0, 'vae_encode_ms': 17.52, 'transformer_plus_decode_ms': 94.52, 'stage_clock': 'wall-clock', 'benchmark_variant': 'baseline', 'output_cast': 'cpu', 'torch_threads': 128, 'terminal_skips': 0, 'jpeg_ms': 0.7, 'total_ms': 113.43}
[DIAG] t=3045s in=100129 →wk=60115 ←wk=60114 →cl=60012 drop_in=0 drop_out=0 | since: client=0.0s worker=0.1s sent=0.1s | ch=open buf=0 | lag: max=1ms avg=0.3ms | heap=14.1MB rss=61.3MB | gpu0:R pend=1 frames=41559 buf=0 | gpu1:R pend=0 frames=18555 buf=0
[worker 0] timing@frame41601: {'queue_wait_ms': 0.02, 'decode_in_ms': 0.63, 'prompt_ms': 0.0, 'vae_encode_ms': 17.84, 'transformer_plus_decode_ms': 91.83, 'stage_clock': 'wall-clock', 'benchmark_variant': 'baseline', 'output_cast': 'cpu', 'torch_threads': 128, 'terminal_skips': 0, 'jpeg_ms': 0.71, 'total_ms': 111.02}
[DIAG] t=3050s in=100364 →wk=60159 ←wk=60158 →cl=60056 drop_in=0 drop_out=0 | since: client=0.0s worker=0.0s sent=0.0s | ch=open buf=0 | lag: max=1ms avg=0.3ms | heap=14.6MB rss=61.3MB | gpu0:R pend=1 frames=41603 buf=0 | gpu1:R pend=0 frames=18555 buf=0
[DIAG] t=3055s in=100610 →wk=60202 ←wk=60201 →cl=60099 drop_in=0 drop_out=0 | since: client=0.0s worker=0.1s sent=0.1s | ch=open buf=0 | lag: max=1ms avg=0.3ms | heap=15.3MB rss=65.3MB | gpu0:R pend=1 frames=41646 buf=0 | gpu1:R pend=0 frames=18555 buf=0
[worker 0] timing@frame41651: {'queue_wait_ms': 0.021, 'decode_in_ms': 0.62, 'prompt_ms': 0.0, 'vae_encode_ms': 17.78, 'transformer_plus_decode_ms': 95.24, 'stage_clock': 'wall-clock', 'benchmark_variant': 'baseline', 'output_cast': 'cpu', 'torch_threads': 128, 'terminal_skips': 0, 'jpeg_ms': 0.73, 'total_ms': 114.39}
[DIAG] t=3060s in=100873 →wk=60245 ←wk=60244 →cl=60142 drop_in=0 drop_out=0 | since: client=0.0s worker=0.1s sent=0.1s | ch=open buf=0 | lag: max=1ms avg=0.3ms | heap=14.5MB rss=65.3MB | gpu0:R pend=1 frames=41689 buf=0 | gpu1:R pend=0 frames=18555 buf=0
[worker 0] timing@frame41701: {'queue_wait_ms': 0.025, 'decode_in_ms': 0.65, 'prompt_ms': 0.0, 'vae_encode_ms': 17.97, 'transformer_plus_decode_ms': 95.44, 'stage_clock': 'wall-clock', 'benchmark_variant': 'baseline', 'output_cast': 'cpu', 'torch_threads': 128, 'terminal_skips': 0, 'jpeg_ms': 0.72, 'total_ms': 114.8}
[DIAG] t=3065s in=101126 →wk=60289 ←wk=60288 →cl=60186 drop_in=0 drop_out=0 | since: client=0.0s worker=0.0s sent=0.0s | ch=open buf=0 | lag: max=1ms avg=0.3ms | heap=15.1MB rss=65.3MB | gpu0:R pend=1 frames=41733 buf=0 | gpu1:R pend=0 frames=18555 buf=0
[worker 0] timing@frame41751: {'queue_wait_ms': 0.021, 'decode_in_ms': 0.65, 'prompt_ms': 0.0, 'vae_encode_ms': 17.35, 'transformer_plus_decode_ms': 92.69, 'stage_clock': 'wall-clock', 'benchmark_variant': 'baseline', 'output_cast': 'cpu', 'torch_threads': 128, 'terminal_skips': 0, 'jpeg_ms': 0.72, 'total_ms': 111.43}
[DIAG] t=3070s in=101382 →wk=60332 ←wk=60331 →cl=60229 drop_in=0 drop_out=0 | since: client=0.0s worker=0.1s sent=0.1s | ch=open buf=0 | lag: max=1ms avg=0.3ms | heap=15.8MB rss=65.3MB | gpu0:R pend=1 frames=41776 buf=0 | gpu1:R pend=0 frames=18555 buf=0
[worker 0] timing@frame41801: {'queue_wait_ms': 0.022, 'decode_in_ms': 0.71, 'prompt_ms': 0.0, 'vae_encode_ms': 17.56, 'transformer_plus_decode_ms': 95.19, 'stage_clock': 'wall-clock', 'benchmark_variant': 'baseline', 'output_cast': 'cpu', 'torch_threads': 128, 'terminal_skips': 0, 'jpeg_ms': 0.72, 'total_ms': 114.2}
[DIAG] t=3075s in=101645 →wk=60375 ←wk=60374 →cl=60272 drop_in=0 drop_out=0 | since: client=0.0s worker=0.1s sent=0.1s | ch=open buf=0 | lag: max=1ms avg=0.3ms | heap=8.6MB rss=65.3MB | gpu0:R pend=1 frames=41819 buf=0 | gpu1:R pend=0 frames=18555 buf=0
[worker 0] timing@frame41851: {'queue_wait_ms': 0.023, 'decode_in_ms': 0.65, 'prompt_ms': 0.0, 'vae_encode_ms': 17.54, 'transformer_plus_decode_ms': 93.48, 'stage_clock': 'wall-clock', 'benchmark_variant': 'baseline', 'output_cast': 'cpu', 'torch_threads': 128, 'terminal_skips': 0, 'jpeg_ms': 0.73, 'total_ms': 112.42}
[DIAG] t=3080s in=101904 →wk=60419 ←wk=60418 →cl=60316 drop_in=0 drop_out=0 | since: client=0.0s worker=0.0s sent=0.0s | ch=open buf=0 | lag: max=1ms avg=0.3ms | heap=9.2MB rss=65.3MB | gpu0:R pend=1 frames=41863 buf=0 | gpu1:R pend=0 frames=18555 buf=0
[worker 0] timing@frame41901: {'queue_wait_ms': 0.03, 'decode_in_ms': 0.66, 'prompt_ms': 0.0, 'vae_encode_ms': 17.62, 'transformer_plus_decode_ms': 95.52, 'stage_clock': 'wall-clock', 'benchmark_variant': 'baseline', 'output_cast': 'cpu', 'torch_threads': 128, 'terminal_skips': 0, 'jpeg_ms': 0.75, 'total_ms': 114.56}
[DIAG] t=3085s in=102163 →wk=60462 ←wk=60461 →cl=60359 drop_in=0 drop_out=0 | since: client=0.0s worker=0.1s sent=0.1s | ch=open buf=0 | lag: max=1ms avg=0.3ms | heap=9.7MB rss=65.3MB | gpu0:R pend=1 frames=41906 buf=0 | gpu1:R pend=0 frames=18555 buf=0
[DIAG] t=3090s in=102417 →wk=60506 ←wk=60505 →cl=60403 drop_in=0 drop_out=0 | since: client=0.0s worker=0.1s sent=0.1s | ch=open buf=0 | lag: max=1ms avg=0.3ms | heap=8.9MB rss=65.3MB | gpu0:R pend=1 frames=41950 buf=0 | gpu1:R pend=0 frames=18555 buf=0
[worker 0] timing@frame41951: {'queue_wait_ms': 0.035, 'decode_in_ms': 0.68, 'prompt_ms': 0.0, 'vae_encode_ms': 17.89, 'transformer_plus_decode_ms': 92.23, 'stage_clock': 'wall-clock', 'benchmark_variant': 'baseline', 'output_cast': 'cpu', 'torch_threads': 128, 'terminal_skips': 0, 'jpeg_ms': 0.73, 'total_ms': 111.55}
[DIAG] t=3095s in=102679 →wk=60549 ←wk=60548 →cl=60446 drop_in=0 drop_out=0 | since: client=0.0s worker=0.1s sent=0.1s | ch=open buf=0 | lag: max=1ms avg=0.3ms | heap=9.5MB rss=65.3MB | gpu0:R pend=1 frames=41993 buf=0 | gpu1:R pend=0 frames=18555 buf=0
[worker 0] timing@frame42001: {'queue_wait_ms': 0.028, 'decode_in_ms': 0.67, 'prompt_ms': 0.0, 'vae_encode_ms': 17.76, 'transformer_plus_decode_ms': 94.78, 'stage_clock': 'wall-clock', 'benchmark_variant': 'baseline', 'output_cast': 'cpu', 'torch_threads': 128, 'terminal_skips': 0, 'jpeg_ms': 0.72, 'total_ms': 113.96}
[DIAG] t=3100s in=102782 →wk=60567 ←wk=60567 →cl=60465 drop_in=0 drop_out=0 | since: client=3.1s worker=2.9s sent=2.9s | ch=open buf=0 | lag: max=1ms avg=0.3ms | heap=9.4MB rss=65.3MB | gpu0:R pend=0 frames=42012 buf=0 | gpu1:R pend=0 frames=18555 buf=0
POST /webrtc/offer
Offer candidates host=2 srflx=1 relay=0
ICE connection state: closed
[DIAG] Connection state: closed (channel=none buf=0)
[DIAG] DataChannel CLOSED (was open)
ICE connection state: new
[DIAG] Connection state: new (channel=none buf=0)
ICE gathering state: gathering
[DIAG] t=3105s in=102782 →wk=60567 ←wk=60567 →cl=60465 drop_in=0 drop_out=0 | since: client=8.1s worker=7.9s sent=7.9s | ch=closed buf=0 | lag: max=1ms avg=0.3ms | heap=9.7MB rss=65.3MB | gpu0:R pend=0 frames=42012 buf=0 | gpu1:R pend=0 frames=18555 buf=0
[DIAG] t=3110s in=102782 →wk=60567 ←wk=60567 →cl=60465 drop_in=0 drop_out=0 | since: client=13.1s worker=12.9s sent=12.9s | ch=closed buf=0 | lag: max=1ms avg=0.3ms | heap=9.8MB rss=65.3MB | gpu0:R pend=0 frames=42012 buf=0 | gpu1:R pend=0 frames=18555 buf=0
Sending SDP answer
ICE gathering state: complete
ICE connection state: connected
[DIAG] Connection state: connected (channel=none buf=0)
DataChannel opened: frames
[DIAG] t=3115s in=102922 →wk=60598 ←wk=60597 →cl=60495 drop_in=0 drop_out=0 | since: client=0.0s worker=0.1s sent=0.1s | ch=open buf=0 | lag: max=1ms avg=0.3ms | heap=9.2MB rss=65.3MB | gpu0:R pend=1 frames=42042 buf=0 | gpu1:R pend=0 frames=18555 buf=0
[worker 0] timing@frame42051: {'queue_wait_ms': 0.024, 'decode_in_ms': 0.65, 'prompt_ms': 0.01, 'vae_encode_ms': 17.21, 'transformer_plus_decode_ms': 61.22, 'stage_clock': 'cuda-events', 'benchmark_variant': 'terminal-noop', 'output_cast': 'gpu', 'torch_threads': 128, 'terminal_skips': 1, 'jpeg_ms': 0.73, 'total_ms': 79.87}
[worker 0] timing@frame42101: {'queue_wait_ms': 0.016, 'decode_in_ms': 0.64, 'prompt_ms': 0.0, 'vae_encode_ms': 17.48, 'transformer_plus_decode_ms': 56.83, 'stage_clock': 'cuda-events', 'benchmark_variant': 'terminal-noop', 'output_cast': 'gpu', 'torch_threads': 128, 'terminal_skips': 1, 'jpeg_ms': 0.72, 'total_ms': 75.73}
[DIAG] t=3120s in=103187 →wk=60661 ←wk=60660 →cl=60558 drop_in=0 drop_out=0 | since: client=0.0s worker=0.0s sent=0.0s | ch=open buf=0 | lag: max=1ms avg=0.3ms | heap=9.0MB rss=61.2MB | gpu0:R pend=1 frames=42105 buf=0 | gpu1:R pend=0 frames=18555 buf=0
[worker 0] timing@frame42151: {'queue_wait_ms': 0.015, 'decode_in_ms': 0.67, 'prompt_ms': 0.0, 'vae_encode_ms': 17.4, 'transformer_plus_decode_ms': 61.75, 'stage_clock': 'cuda-events', 'benchmark_variant': 'terminal-noop', 'output_cast': 'gpu', 'torch_threads': 128, 'terminal_skips': 1, 'jpeg_ms': 0.74, 'total_ms': 80.62}
[DIAG] t=3125s in=103440 →wk=60723 ←wk=60722 →cl=60620 drop_in=0 drop_out=0 | since: client=0.0s worker=0.1s sent=0.1s | ch=open buf=0 | lag: max=1ms avg=0.3ms | heap=8.7MB rss=61.2MB | gpu0:R pend=1 frames=42167 buf=0 | gpu1:R pend=0 frames=18555 buf=0
[worker 0] timing@frame42201: {'queue_wait_ms': 0.021, 'decode_in_ms': 0.66, 'prompt_ms': 0.0, 'vae_encode_ms': 17.31, 'transformer_plus_decode_ms': 61.55, 'stage_clock': 'cuda-events', 'benchmark_variant': 'terminal-noop', 'output_cast': 'gpu', 'torch_threads': 128, 'terminal_skips': 1, 'jpeg_ms': 0.73, 'total_ms': 80.31}
[DIAG] t=3130s in=103711 →wk=60784 ←wk=60783 →cl=60681 drop_in=0 drop_out=0 | since: client=0.0s worker=0.1s sent=0.1s | ch=open buf=0 | lag: max=2ms avg=0.3ms | heap=10.1MB rss=61.2MB | gpu0:R pend=1 frames=42228 buf=0 | gpu1:R pend=0 frames=18555 buf=0
[worker 0] timing@frame42251: {'queue_wait_ms': 0.016, 'decode_in_ms': 0.64, 'prompt_ms': 0.0, 'vae_encode_ms': 17.65, 'transformer_plus_decode_ms': 56.7, 'stage_clock': 'cuda-events', 'benchmark_variant': 'terminal-noop', 'output_cast': 'gpu', 'torch_threads': 128, 'terminal_skips': 1, 'jpeg_ms': 0.73, 'total_ms': 75.79}
[DIAG] t=3135s in=103978 →wk=60846 ←wk=60845 →cl=60743 drop_in=0 drop_out=0 | since: client=0.0s worker=0.1s sent=0.1s | ch=open buf=0 | lag: max=1ms avg=0.3ms | heap=9.2MB rss=63.2MB | gpu0:R pend=1 frames=42290 buf=0 | gpu1:R pend=0 frames=18555 buf=0
[worker 0] timing@frame42301: {'queue_wait_ms': 0.02, 'decode_in_ms': 0.67, 'prompt_ms': 0.0, 'vae_encode_ms': 17.37, 'transformer_plus_decode_ms': 61.29, 'stage_clock': 'cuda-events', 'benchmark_variant': 'terminal-noop', 'output_cast': 'gpu', 'torch_threads': 128, 'terminal_skips': 1, 'jpeg_ms': 0.7, 'total_ms': 80.08}
[worker 0] timing@frame42351: {'queue_wait_ms': 0.021, 'decode_in_ms': 0.64, 'prompt_ms': 0.0, 'vae_encode_ms': 17.28, 'transformer_plus_decode_ms': 61.25, 'stage_clock': 'cuda-events', 'benchmark_variant': 'terminal-noop', 'output_cast': 'gpu', 'torch_threads': 128, 'terminal_skips': 1, 'jpeg_ms': 0.71, 'total_ms': 79.93}
[DIAG] t=3140s in=104237 →wk=60909 ←wk=60908 →cl=60806 drop_in=0 drop_out=0 | since: client=0.0s worker=0.0s sent=0.0s | ch=open buf=0 | lag: max=1ms avg=0.3ms | heap=9.7MB rss=63.2MB | gpu0:R pend=1 frames=42353 buf=0 | gpu1:R pend=0 frames=18555 buf=0
[worker 0] timing@frame42401: {'queue_wait_ms': 0.02, 'decode_in_ms': 0.66, 'prompt_ms': 0.0, 'vae_encode_ms': 17.72, 'transformer_plus_decode_ms': 57.1, 'stage_clock': 'cuda-events', 'benchmark_variant': 'terminal-noop', 'output_cast': 'gpu', 'torch_threads': 128, 'terminal_skips': 1, 'jpeg_ms': 0.73, 'total_ms': 76.28}
[DIAG] t=3145s in=104497 →wk=60971 ←wk=60970 →cl=60868 drop_in=0 drop_out=0 | since: client=0.0s worker=0.0s sent=0.0s | ch=open buf=0 | lag: max=1ms avg=0.3ms | heap=10.4MB rss=63.2MB | gpu0:R pend=1 frames=42415 buf=0 | gpu1:R pend=0 frames=18555 buf=0
[worker 0] timing@frame42451: {'queue_wait_ms': 0.022, 'decode_in_ms': 0.65, 'prompt_ms': 0.0, 'vae_encode_ms': 17.36, 'transformer_plus_decode_ms': 62.2, 'stage_clock': 'cuda-events', 'benchmark_variant': 'terminal-noop', 'output_cast': 'gpu', 'torch_threads': 128, 'terminal_skips': 1, 'jpeg_ms': 0.73, 'total_ms': 80.99}
[DIAG] t=3150s in=104771 →wk=61033 ←wk=61032 →cl=60930 drop_in=0 drop_out=0 | since: client=0.0s worker=0.1s sent=0.1s | ch=open buf=0 | lag: max=1ms avg=0.3ms | heap=9.6MB rss=63.2MB | gpu0:R pend=1 frames=42477 buf=0 | gpu1:R pend=0 frames=18555 buf=0
[worker 0] timing@frame42501: {'queue_wait_ms': 0.021, 'decode_in_ms': 0.66, 'prompt_ms': 0.0, 'vae_encode_ms': 17.38, 'transformer_plus_decode_ms': 61.6, 'stage_clock': 'cuda-events', 'benchmark_variant': 'terminal-noop', 'output_cast': 'gpu', 'torch_threads': 128, 'terminal_skips': 1, 'jpeg_ms': 0.71, 'total_ms': 80.41}
[DIAG] t=3155s in=105043 →wk=61095 ←wk=61094 →cl=60992 drop_in=0 drop_out=0 | since: client=0.0s worker=0.0s sent=0.0s | ch=open buf=0 | lag: max=2ms avg=0.3ms | heap=10.4MB rss=63.2MB | gpu0:R pend=1 frames=42539 buf=0 | gpu1:R pend=0 frames=18555 buf=0
[worker 0] timing@frame42551: {'queue_wait_ms': 0.022, 'decode_in_ms': 0.65, 'prompt_ms': 0.0, 'vae_encode_ms': 17.65, 'transformer_plus_decode_ms': 57.13, 'stage_clock': 'cuda-events', 'benchmark_variant': 'terminal-noop', 'output_cast': 'gpu', 'torch_threads': 128, 'terminal_skips': 1, 'jpeg_ms': 0.74, 'total_ms': 76.23}
[DIAG] t=3160s in=105312 →wk=61154 ←wk=61153 →cl=61051 drop_in=0 drop_out=0 | since: client=0.0s worker=0.1s sent=0.1s | ch=open buf=0 | lag: max=2ms avg=0.3ms | heap=9.5MB rss=63.2MB | gpu0:R pend=1 frames=42598 buf=0 | gpu1:R pend=0 frames=18555 buf=0
[worker 0] timing@frame42601: {'queue_wait_ms': 0.022, 'decode_in_ms': 0.66, 'prompt_ms': 0.0, 'vae_encode_ms': 17.49, 'transformer_plus_decode_ms': 61.37, 'stage_clock': 'cuda-events', 'benchmark_variant': 'terminal-noop', 'output_cast': 'gpu', 'torch_threads': 128, 'terminal_skips': 1, 'jpeg_ms': 0.73, 'total_ms': 80.3}
[worker 0] timing@frame42651: {'queue_wait_ms': 0.014, 'decode_in_ms': 0.67, 'prompt_ms': 0.0, 'vae_encode_ms': 19.51, 'transformer_plus_decode_ms': 61.63, 'stage_clock': 'cuda-events', 'benchmark_variant': 'terminal-noop', 'output_cast': 'gpu', 'torch_threads': 128, 'terminal_skips': 1, 'jpeg_ms': 0.77, 'total_ms': 82.64}
[DIAG] t=3165s in=105574 →wk=61216 ←wk=61215 →cl=61113 drop_in=0 drop_out=0 | since: client=0.0s worker=0.1s sent=0.1s | ch=open buf=0 | lag: max=1ms avg=0.3ms | heap=10.0MB rss=63.2MB | gpu0:R pend=1 frames=42660 buf=0 | gpu1:R pend=0 frames=18555 buf=0
[worker 0] timing@frame42701: {'queue_wait_ms': 0.016, 'decode_in_ms': 0.66, 'prompt_ms': 0.0, 'vae_encode_ms': 17.67, 'transformer_plus_decode_ms': 56.89, 'stage_clock': 'cuda-events', 'benchmark_variant': 'terminal-noop', 'output_cast': 'gpu', 'torch_threads': 128, 'terminal_skips': 1, 'jpeg_ms': 0.72, 'total_ms': 76.01}
[DIAG] t=3170s in=105852 →wk=61279 ←wk=61278 →cl=61176 drop_in=0 drop_out=0 | since: client=0.0s worker=0.0s sent=0.0s | ch=open buf=0 | lag: max=1ms avg=0.3ms | heap=9.4MB rss=63.2MB | gpu0:R pend=1 frames=42723 buf=0 | gpu1:R pend=0 frames=18555 buf=0
[worker 0] timing@frame42751: {'queue_wait_ms': 0.015, 'decode_in_ms': 0.67, 'prompt_ms': 0.0, 'vae_encode_ms': 17.58, 'transformer_plus_decode_ms': 61.82, 'stage_clock': 'cuda-events', 'benchmark_variant': 'terminal-noop', 'output_cast': 'gpu', 'torch_threads': 128, 'terminal_skips': 1, 'jpeg_ms': 0.73, 'total_ms': 80.87}
[DIAG] t=3175s in=106115 →wk=61341 ←wk=61340 →cl=61238 drop_in=0 drop_out=0 | since: client=0.0s worker=0.1s sent=0.1s | ch=open buf=0 | lag: max=1ms avg=0.3ms | heap=10.2MB rss=63.2MB | gpu0:R pend=1 frames=42785 buf=0 | gpu1:R pend=0 frames=18555 buf=0
[worker 0] timing@frame42801: {'queue_wait_ms': 0.014, 'decode_in_ms': 0.67, 'prompt_ms': 0.0, 'vae_encode_ms': 17.49, 'transformer_plus_decode_ms': 61.86, 'stage_clock': 'cuda-events', 'benchmark_variant': 'terminal-noop', 'output_cast': 'gpu', 'torch_threads': 128, 'terminal_skips': 1, 'jpeg_ms': 0.73, 'total_ms': 80.81}
[DIAG] t=3180s in=106303 →wk=61387 ←wk=61387 →cl=61285 drop_in=0 drop_out=0 | since: client=1.4s worker=1.3s sent=1.3s | ch=open buf=0 | lag: max=1ms avg=0.3ms | heap=10.3MB rss=63.2MB | gpu0:R pend=0 frames=42832 buf=0 | gpu1:R pend=0 frames=18555 buf=0
POST /webrtc/offer
Offer candidates host=2 srflx=1 relay=0
ICE connection state: closed
[DIAG] Connection state: closed (channel=none buf=0)
[DIAG] DataChannel CLOSED (was open)
ICE connection state: new
[DIAG] Connection state: new (channel=none buf=0)
ICE gathering state: gathering
[DIAG] t=3185s in=106303 →wk=61387 ←wk=61387 →cl=61285 drop_in=0 drop_out=0 | since: client=6.4s worker=6.3s sent=6.3s | ch=closed buf=0 | lag: max=1ms avg=0.3ms | heap=10.5MB rss=63.2MB | gpu0:R pend=0 frames=42832 buf=0 | gpu1:R pend=0 frames=18555 buf=0
[DIAG] t=3190s in=106303 →wk=61387 ←wk=61387 →cl=61285 drop_in=0 drop_out=0 | since: client=11.4s worker=11.3s sent=11.3s | ch=closed buf=0 | lag: max=1ms avg=0.3ms | heap=10.6MB rss=63.2MB | gpu0:R pend=0 frames=42832 buf=0 | gpu1:R pend=0 frames=18555 buf=0
Sending SDP answer
ICE gathering state: complete
ICE connection state: connected
[DIAG] Connection state: connected (channel=none buf=0)
DataChannel opened: frames
[worker 1] resolution changed → 1024×576, already compiled by idle warmup
[DIAG] t=3195s in=106355 →wk=61403 ←wk=61401 →cl=61299 drop_in=0 drop_out=0 | since: client=0.0s worker=0.0s sent=0.0s | ch=open buf=0 | lag: max=1ms avg=0.3ms | heap=9.6MB rss=61.0MB | gpu0:R pend=1 frames=42839 buf=0 | gpu1:R pend=1 frames=18562 buf=0
[worker 0] timing@frame42851: {'queue_wait_ms': 0.028, 'decode_in_ms': 0.66, 'prompt_ms': 0.0, 'vae_encode_ms': 17.89, 'transformer_plus_decode_ms': 95.46, 'stage_clock': 'wall-clock', 'benchmark_variant': 'baseline', 'output_cast': 'cpu', 'torch_threads': 128, 'terminal_skips': 0, 'jpeg_ms': 0.75, 'total_ms': 114.77}
[worker 1] timing@frame18601: {'queue_wait_ms': 0.025, 'decode_in_ms': 0.63, 'prompt_ms': 0.0, 'vae_encode_ms': 18.24, 'transformer_plus_decode_ms': 90.91, 'stage_clock': 'wall-clock', 'benchmark_variant': 'baseline', 'output_cast': 'cpu', 'torch_threads': 128, 'terminal_skips': 0, 'jpeg_ms': 0.72, 'total_ms': 110.52}
[DIAG] t=3200s in=106621 →wk=61489 ←wk=61487 →cl=61384 drop_in=0 drop_out=0 | since: client=0.0s worker=0.0s sent=0.0s | ch=open buf=0 | lag: max=1ms avg=0.3ms | heap=10.0MB rss=64.8MB | gpu0:R pend=1 frames=42882 buf=0 | gpu1:R pend=1 frames=18605 buf=0
[worker 0] timing@frame42901: {'queue_wait_ms': 0.02, 'decode_in_ms': 0.64, 'prompt_ms': 0.0, 'vae_encode_ms': 17.44, 'transformer_plus_decode_ms': 93.83, 'stage_clock': 'wall-clock', 'benchmark_variant': 'baseline', 'output_cast': 'cpu', 'torch_threads': 128, 'terminal_skips': 0, 'jpeg_ms': 0.72, 'total_ms': 112.65}
[DIAG] t=3205s in=106885 →wk=61577 ←wk=61575 →cl=61472 drop_in=0 drop_out=0 | since: client=0.0s worker=0.1s sent=0.1s | ch=open buf=0 | lag: max=1ms avg=0.3ms | heap=9.8MB rss=64.8MB | gpu0:R pend=1 frames=42926 buf=0 | gpu1:R pend=1 frames=18649 buf=0
[worker 1] timing@frame18651: {'queue_wait_ms': 0.041, 'decode_in_ms': 0.63, 'prompt_ms': 0.0, 'vae_encode_ms': 17.43, 'transformer_plus_decode_ms': 94.03, 'stage_clock': 'wall-clock', 'benchmark_variant': 'baseline', 'output_cast': 'cpu', 'torch_threads': 128, 'terminal_skips': 0, 'jpeg_ms': 0.71, 'total_ms': 112.81}
[worker 0] timing@frame42951: {'queue_wait_ms': 0.03, 'decode_in_ms': 0.73, 'prompt_ms': 0.0, 'vae_encode_ms': 17.54, 'transformer_plus_decode_ms': 93.84, 'stage_clock': 'wall-clock', 'benchmark_variant': 'baseline', 'output_cast': 'cpu', 'torch_threads': 128, 'terminal_skips': 0, 'jpeg_ms': 0.73, 'total_ms': 112.86}
[DIAG] t=3210s in=107169 →wk=61665 ←wk=61663 →cl=61560 drop_in=0 drop_out=0 | since: client=0.0s worker=0.0s sent=0.0s | ch=open buf=0 | lag: max=1ms avg=0.3ms | heap=11.4MB rss=64.8MB | gpu0:R pend=1 frames=42970 buf=0 | gpu1:R pend=1 frames=18693 buf=0
[worker 1] timing@frame18701: {'queue_wait_ms': 0.029, 'decode_in_ms': 0.61, 'prompt_ms': 0.0, 'vae_encode_ms': 17.44, 'transformer_plus_decode_ms': 96.79, 'stage_clock': 'wall-clock', 'benchmark_variant': 'baseline', 'output_cast': 'cpu', 'torch_threads': 128, 'terminal_skips': 0, 'jpeg_ms': 0.72, 'total_ms': 115.57}
[worker 0] timing@frame43001: {'queue_wait_ms': 0.022, 'decode_in_ms': 0.65, 'prompt_ms': 0.0, 'vae_encode_ms': 17.6, 'transformer_plus_decode_ms': 93.41, 'stage_clock': 'wall-clock', 'benchmark_variant': 'baseline', 'output_cast': 'cpu', 'torch_threads': 128, 'terminal_skips': 0, 'jpeg_ms': 0.71, 'total_ms': 112.39}
[DIAG] t=3215s in=107434 →wk=61752 ←wk=61750 →cl=61647 drop_in=0 drop_out=0 | since: client=0.0s worker=0.0s sent=0.0s | ch=open buf=0 | lag: max=1ms avg=0.3ms | heap=10.9MB rss=64.8MB | gpu0:R pend=1 frames=43014 buf=0 | gpu1:R pend=1 frames=18736 buf=0
[worker 1] timing@frame18751: {'queue_wait_ms': 0.026, 'decode_in_ms': 0.63, 'prompt_ms': 0.0, 'vae_encode_ms': 17.65, 'transformer_plus_decode_ms': 91.02, 'stage_clock': 'wall-clock', 'benchmark_variant': 'baseline', 'output_cast': 'cpu', 'torch_threads': 128, 'terminal_skips': 0, 'jpeg_ms': 0.74, 'total_ms': 110.05}
[worker 0] timing@frame43051: {'queue_wait_ms': 0.04, 'decode_in_ms': 0.81, 'prompt_ms': 0.0, 'vae_encode_ms': 29.25, 'transformer_plus_decode_ms': 94.61, 'stage_clock': 'wall-clock', 'benchmark_variant': 'baseline', 'output_cast': 'cpu', 'torch_threads': 128, 'terminal_skips': 0, 'jpeg_ms': 0.74, 'total_ms': 125.43}
[DIAG] t=3220s in=107689 →wk=61839 ←wk=61837 →cl=61734 drop_in=0 drop_out=0 | since: client=0.0s worker=0.0s sent=0.0s | ch=open buf=0 | lag: max=1ms avg=0.3ms | heap=10.5MB rss=64.8MB | gpu0:R pend=1 frames=43057 buf=0 | gpu1:R pend=1 frames=18780 buf=0
[worker 1] timing@frame18801: {'queue_wait_ms': 0.029, 'decode_in_ms': 0.68, 'prompt_ms': 0.0, 'vae_encode_ms': 18.1, 'transformer_plus_decode_ms': 95.49, 'stage_clock': 'wall-clock', 'benchmark_variant': 'baseline', 'output_cast': 'cpu', 'torch_threads': 128, 'terminal_skips': 0, 'jpeg_ms': 0.72, 'total_ms': 115.03}
[DIAG] t=3225s in=107953 →wk=61925 ←wk=61923 →cl=61820 drop_in=0 drop_out=0 | since: client=0.0s worker=0.1s sent=0.1s | ch=open buf=0 | lag: max=1ms avg=0.3ms | heap=10.1MB rss=64.8MB | gpu0:R pend=1 frames=43100 buf=0 | gpu1:R pend=1 frames=18823 buf=0
[worker 0] timing@frame43101: {'queue_wait_ms': 0.013, 'decode_in_ms': 0.65, 'prompt_ms': 0.0, 'vae_encode_ms': 17.87, 'transformer_plus_decode_ms': 91.26, 'stage_clock': 'wall-clock', 'benchmark_variant': 'baseline', 'output_cast': 'cpu', 'torch_threads': 128, 'terminal_skips': 0, 'jpeg_ms': 0.73, 'total_ms': 110.53}
[worker 1] timing@frame18851: {'queue_wait_ms': 0.026, 'decode_in_ms': 0.84, 'prompt_ms': 0.0, 'vae_encode_ms': 27.73, 'transformer_plus_decode_ms': 94.27, 'stage_clock': 'wall-clock', 'benchmark_variant': 'baseline', 'output_cast': 'cpu', 'torch_threads': 128, 'terminal_skips': 0, 'jpeg_ms': 0.71, 'total_ms': 123.57}
[DIAG] t=3230s in=108216 →wk=62011 ←wk=62009 →cl=61906 drop_in=0 drop_out=0 | since: client=0.0s worker=0.1s sent=0.1s | ch=open buf=0 | lag: max=1ms avg=0.3ms | heap=11.2MB rss=64.8MB | gpu0:R pend=1 frames=43143 buf=0 | gpu1:R pend=1 frames=18866 buf=0
[worker 0] timing@frame43151: {'queue_wait_ms': 0.018, 'decode_in_ms': 0.7, 'prompt_ms': 0.0, 'vae_encode_ms': 17.7, 'transformer_plus_decode_ms': 95.96, 'stage_clock': 'wall-clock', 'benchmark_variant': 'baseline', 'output_cast': 'cpu', 'torch_threads': 128, 'terminal_skips': 0, 'jpeg_ms': 0.74, 'total_ms': 115.12}
[worker 1] timing@frame18901: {'queue_wait_ms': 0.03, 'decode_in_ms': 0.65, 'prompt_ms': 0.0, 'vae_encode_ms': 17.65, 'transformer_plus_decode_ms': 92.18, 'stage_clock': 'wall-clock', 'benchmark_variant': 'baseline', 'output_cast': 'cpu', 'torch_threads': 128, 'terminal_skips': 0, 'jpeg_ms': 0.75, 'total_ms': 111.25}
[DIAG] t=3235s in=108478 →wk=62098 ←wk=62096 →cl=61993 drop_in=0 drop_out=0 | since: client=0.0s worker=0.0s sent=0.0s | ch=open buf=0 | lag: max=1ms avg=0.3ms | heap=10.8MB rss=64.8MB | gpu0:R pend=1 frames=43187 buf=0 | gpu1:R pend=1 frames=18909 buf=0
[worker 0] timing@frame43201: {'queue_wait_ms': 0.014, 'decode_in_ms': 0.65, 'prompt_ms': 0.0, 'vae_encode_ms': 17.89, 'transformer_plus_decode_ms': 95.51, 'stage_clock': 'wall-clock', 'benchmark_variant': 'baseline', 'output_cast': 'cpu', 'torch_threads': 128, 'terminal_skips': 0, 'jpeg_ms': 0.71, 'total_ms': 114.78}
[worker 1] timing@frame18951: {'queue_wait_ms': 0.028, 'decode_in_ms': 0.66, 'prompt_ms': 0.0, 'vae_encode_ms': 17.51, 'transformer_plus_decode_ms': 94.64, 'stage_clock': 'wall-clock', 'benchmark_variant': 'baseline', 'output_cast': 'cpu', 'torch_threads': 128, 'terminal_skips': 0, 'jpeg_ms': 0.71, 'total_ms': 113.54}
[DIAG] t=3240s in=108736 →wk=62185 ←wk=62183 →cl=62080 drop_in=0 drop_out=0 | since: client=0.0s worker=0.0s sent=0.0s | ch=open buf=0 | lag: max=1ms avg=0.3ms | heap=10.4MB rss=64.8MB | gpu0:R pend=1 frames=43230 buf=0 | gpu1:R pend=1 frames=18953 buf=0
[worker 0] timing@frame43251: {'queue_wait_ms': 0.031, 'decode_in_ms': 0.65, 'prompt_ms': 0.0, 'vae_encode_ms': 17.36, 'transformer_plus_decode_ms': 93.71, 'stage_clock': 'wall-clock', 'benchmark_variant': 'baseline', 'output_cast': 'cpu', 'torch_threads': 128, 'terminal_skips': 0, 'jpeg_ms': 0.72, 'total_ms': 112.46}
[DIAG] t=3245s in=109002 →wk=62271 ←wk=62269 →cl=62166 drop_in=0 drop_out=0 | since: client=0.0s worker=0.0s sent=0.0s | ch=open buf=0 | lag: max=1ms avg=0.3ms | heap=11.5MB rss=64.8MB | gpu0:R pend=1 frames=43273 buf=0 | gpu1:R pend=1 frames=18996 buf=0
[worker 1] timing@frame19001: {'queue_wait_ms': 0.028, 'decode_in_ms': 0.6, 'prompt_ms': 0.0, 'vae_encode_ms': 17.73, 'transformer_plus_decode_ms': 94.13, 'stage_clock': 'wall-clock', 'benchmark_variant': 'baseline', 'output_cast': 'cpu', 'torch_threads': 128, 'terminal_skips': 0, 'jpeg_ms': 0.71, 'total_ms': 113.18}
[worker 0] timing@frame43301: {'queue_wait_ms': 0.023, 'decode_in_ms': 0.71, 'prompt_ms': 0.0, 'vae_encode_ms': 17.45, 'transformer_plus_decode_ms': 97.94, 'stage_clock': 'wall-clock', 'benchmark_variant': 'baseline', 'output_cast': 'cpu', 'torch_threads': 128, 'terminal_skips': 0, 'jpeg_ms': 0.71, 'total_ms': 116.83}
[DIAG] t=3250s in=109267 →wk=62357 ←wk=62355 →cl=62252 drop_in=0 drop_out=0 | since: client=0.0s worker=0.1s sent=0.1s | ch=open buf=0 | lag: max=1ms avg=0.3ms | heap=12.8MB rss=64.8MB | gpu0:R pend=1 frames=43316 buf=0 | gpu1:R pend=1 frames=19039 buf=0
[worker 1] timing@frame19051: {'queue_wait_ms': 0.029, 'decode_in_ms': 0.62, 'prompt_ms': 0.0, 'vae_encode_ms': 17.72, 'transformer_plus_decode_ms': 91.14, 'stage_clock': 'wall-clock', 'benchmark_variant': 'baseline', 'output_cast': 'cpu', 'torch_threads': 128, 'terminal_skips': 0, 'jpeg_ms': 0.73, 'total_ms': 110.22}
[worker 0] timing@frame43351: {'queue_wait_ms': 0.012, 'decode_in_ms': 0.68, 'prompt_ms': 0.0, 'vae_encode_ms': 19.08, 'transformer_plus_decode_ms': 94.79, 'stage_clock': 'wall-clock', 'benchmark_variant': 'baseline', 'output_cast': 'cpu', 'torch_threads': 128, 'terminal_skips': 0, 'jpeg_ms': 0.72, 'total_ms': 115.3}
[DIAG] t=3255s in=109531 →wk=62444 ←wk=62442 →cl=62339 drop_in=0 drop_out=0 | since: client=0.0s worker=0.0s sent=0.0s | ch=open buf=0 | lag: max=1ms avg=0.3ms | heap=10.7MB rss=64.8MB | gpu0:R pend=1 frames=43360 buf=0 | gpu1:R pend=1 frames=19082 buf=0
[worker 1] timing@frame19101: {'queue_wait_ms': 0.027, 'decode_in_ms': 0.64, 'prompt_ms': 0.0, 'vae_encode_ms': 17.58, 'transformer_plus_decode_ms': 94.58, 'stage_clock': 'wall-clock', 'benchmark_variant': 'baseline', 'output_cast': 'cpu', 'torch_threads': 128, 'terminal_skips': 0, 'jpeg_ms': 0.73, 'total_ms': 113.54}
[DIAG] t=3260s in=109739 →wk=62516 ←wk=62516 →cl=62413 drop_in=0 drop_out=0 | since: client=0.8s worker=0.7s sent=0.7s | ch=open buf=0 | lag: max=1ms avg=0.3ms | heap=13.2MB rss=64.8MB | gpu0:R pend=0 frames=43397 buf=0 | gpu1:R pend=0 frames=19119 buf=0
POST /webrtc/offer
Offer candidates host=2 srflx=1 relay=0
ICE connection state: closed
[DIAG] Connection state: closed (channel=none buf=0)
[DIAG] DataChannel CLOSED (was open)
ICE connection state: new
[DIAG] Connection state: new (channel=none buf=0)
ICE gathering state: gathering
[DIAG] t=3265s in=109739 →wk=62516 ←wk=62516 →cl=62413 drop_in=0 drop_out=0 | since: client=5.8s worker=5.7s sent=5.7s | ch=closed buf=0 | lag: max=1ms avg=0.3ms | heap=13.5MB rss=64.8MB | gpu0:R pend=0 frames=43397 buf=0 | gpu1:R pend=0 frames=19119 buf=0
[DIAG] t=3270s in=109739 →wk=62516 ←wk=62516 →cl=62413 drop_in=0 drop_out=0 | since: client=10.8s worker=10.7s sent=10.7s | ch=closed buf=0 | lag: max=1ms avg=0.3ms | heap=13.6MB rss=64.8MB | gpu0:R pend=0 frames=43397 buf=0 | gpu1:R pend=0 frames=19119 buf=0
Sending SDP answer
ICE gathering state: complete
ICE connection state: connected
[DIAG] Connection state: connected (channel=none buf=0)
DataChannel opened: frames
[DIAG] t=3275s in=109753 →wk=62523 ←wk=62521 →cl=62418 drop_in=0 drop_out=0 | since: client=0.0s worker=0.0s sent=0.0s | ch=open buf=0 | lag: max=1ms avg=0.3ms | heap=11.4MB rss=62.7MB | gpu0:R pend=1 frames=43399 buf=0 | gpu1:R pend=1 frames=19122 buf=0
[worker 0] timing@frame43401: {'queue_wait_ms': 0.022, 'decode_in_ms': 0.66, 'prompt_ms': 0.0, 'vae_encode_ms': 17.31, 'transformer_plus_decode_ms': 61.11, 'stage_clock': 'cuda-events', 'benchmark_variant': 'terminal-noop', 'output_cast': 'gpu', 'torch_threads': 128, 'terminal_skips': 1, 'jpeg_ms': 0.72, 'total_ms': 79.86}
[worker 1] timing@frame19151: {'queue_wait_ms': 0.026, 'decode_in_ms': 0.63, 'prompt_ms': 0.0, 'vae_encode_ms': 17.43, 'transformer_plus_decode_ms': 61.32, 'stage_clock': 'cuda-events', 'benchmark_variant': 'terminal-noop', 'output_cast': 'gpu', 'torch_threads': 128, 'terminal_skips': 1, 'jpeg_ms': 0.73, 'total_ms': 80.16}
[worker 0] timing@frame43451: {'queue_wait_ms': 0.03, 'decode_in_ms': 0.66, 'prompt_ms': 0.0, 'vae_encode_ms': 17.68, 'transformer_plus_decode_ms': 57.19, 'stage_clock': 'cuda-events', 'benchmark_variant': 'terminal-noop', 'output_cast': 'gpu', 'torch_threads': 128, 'terminal_skips': 1, 'jpeg_ms': 0.74, 'total_ms': 76.33}
[DIAG] t=3280s in=110000 →wk=62647 ←wk=62645 →cl=62542 drop_in=0 drop_out=0 | since: client=0.0s worker=0.0s sent=0.0s | ch=open buf=0 | lag: max=1ms avg=0.3ms | heap=11.3MB rss=60.6MB | gpu0:R pend=1 frames=43461 buf=0 | gpu1:R pend=1 frames=19184 buf=0
[worker 1] timing@frame19201: {'queue_wait_ms': 0.026, 'decode_in_ms': 0.6, 'prompt_ms': 0.0, 'vae_encode_ms': 17.66, 'transformer_plus_decode_ms': 56.57, 'stage_clock': 'cuda-events', 'benchmark_variant': 'terminal-noop', 'output_cast': 'gpu', 'torch_threads': 128, 'terminal_skips': 1, 'jpeg_ms': 0.71, 'total_ms': 75.6}
[worker 0] timing@frame43501: {'queue_wait_ms': 0.02, 'decode_in_ms': 0.66, 'prompt_ms': 0.0, 'vae_encode_ms': 17.45, 'transformer_plus_decode_ms': 62.13, 'stage_clock': 'cuda-events', 'benchmark_variant': 'terminal-noop', 'output_cast': 'gpu', 'torch_threads': 128, 'terminal_skips': 1, 'jpeg_ms': 0.73, 'total_ms': 81.03}
[DIAG] t=3285s in=110257 →wk=62771 ←wk=62769 →cl=62666 drop_in=0 drop_out=0 | since: client=0.0s worker=0.0s sent=0.0s | ch=open buf=0 | lag: max=1ms avg=0.3ms | heap=11.1MB rss=60.6MB | gpu0:R pend=1 frames=43523 buf=0 | gpu1:R pend=1 frames=19246 buf=0
[worker 1] timing@frame19251: {'queue_wait_ms': 0.027, 'decode_in_ms': 0.6, 'prompt_ms': 0.0, 'vae_encode_ms': 17.1, 'transformer_plus_decode_ms': 60.97, 'stage_clock': 'cuda-events', 'benchmark_variant': 'terminal-noop', 'output_cast': 'gpu', 'torch_threads': 128, 'terminal_skips': 1, 'jpeg_ms': 0.72, 'total_ms': 79.44}
[worker 0] timing@frame43551: {'queue_wait_ms': 0.022, 'decode_in_ms': 0.66, 'prompt_ms': 0.0, 'vae_encode_ms': 17.3, 'transformer_plus_decode_ms': 61.41, 'stage_clock': 'cuda-events', 'benchmark_variant': 'terminal-noop', 'output_cast': 'gpu', 'torch_threads': 128, 'terminal_skips': 1, 'jpeg_ms': 0.72, 'total_ms': 80.14}
[worker 1] timing@frame19301: {'queue_wait_ms': 0.025, 'decode_in_ms': 0.65, 'prompt_ms': 0.0, 'vae_encode_ms': 17.4, 'transformer_plus_decode_ms': 61.05, 'stage_clock': 'cuda-events', 'benchmark_variant': 'terminal-noop', 'output_cast': 'gpu', 'torch_threads': 128, 'terminal_skips': 1, 'jpeg_ms': 0.72, 'total_ms': 79.88}
[DIAG] t=3290s in=110498 →wk=62895 ←wk=62893 →cl=62790 drop_in=0 drop_out=0 | since: client=0.0s worker=0.0s sent=0.0s | ch=open buf=0 | lag: max=1ms avg=0.3ms | heap=11.9MB rss=60.6MB | gpu0:R pend=1 frames=43585 buf=0 | gpu1:R pend=1 frames=19308 buf=0
[worker 0] timing@frame43601: {'queue_wait_ms': 0.022, 'decode_in_ms': 0.65, 'prompt_ms': 0.0, 'vae_encode_ms': 17.64, 'transformer_plus_decode_ms': 56.78, 'stage_clock': 'cuda-events', 'benchmark_variant': 'terminal-noop', 'output_cast': 'gpu', 'torch_threads': 128, 'terminal_skips': 1, 'jpeg_ms': 0.71, 'total_ms': 75.83}
[worker 1] timing@frame19351: {'queue_wait_ms': 0.025, 'decode_in_ms': 0.62, 'prompt_ms': 0.0, 'vae_encode_ms': 17.61, 'transformer_plus_decode_ms': 57.53, 'stage_clock': 'cuda-events', 'benchmark_variant': 'terminal-noop', 'output_cast': 'gpu', 'torch_threads': 128, 'terminal_skips': 1, 'jpeg_ms': 0.73, 'total_ms': 76.55}
[DIAG] t=3295s in=110734 →wk=63019 ←wk=63017 →cl=62914 drop_in=0 drop_out=0 | since: client=0.0s worker=0.0s sent=0.0s | ch=open buf=0 | lag: max=2ms avg=0.3ms | heap=12.3MB rss=60.6MB | gpu0:R pend=1 frames=43647 buf=0 | gpu1:R pend=1 frames=19370 buf=0
[worker 0] timing@frame43651: {'queue_wait_ms': 0.018, 'decode_in_ms': 0.65, 'prompt_ms': 0.0, 'vae_encode_ms': 17.88, 'transformer_plus_decode_ms': 62.01, 'stage_clock': 'cuda-events', 'benchmark_variant': 'terminal-noop', 'output_cast': 'gpu', 'torch_threads': 128, 'terminal_skips': 1, 'jpeg_ms': 0.73, 'total_ms': 81.33}
[worker 1] timing@frame19401: {'queue_wait_ms': 0.026, 'decode_in_ms': 0.62, 'prompt_ms': 0.0, 'vae_encode_ms': 17.33, 'transformer_plus_decode_ms': 61.67, 'stage_clock': 'cuda-events', 'benchmark_variant': 'terminal-noop', 'output_cast': 'gpu', 'torch_threads': 128, 'terminal_skips': 1, 'jpeg_ms': 0.74, 'total_ms': 80.4}
[worker 0] timing@frame43701: {'queue_wait_ms': 0.021, 'decode_in_ms': 0.64, 'prompt_ms': 0.0, 'vae_encode_ms': 17.34, 'transformer_plus_decode_ms': 61.54, 'stage_clock': 'cuda-events', 'benchmark_variant': 'terminal-noop', 'output_cast': 'gpu', 'torch_threads': 128, 'terminal_skips': 1, 'jpeg_ms': 0.72, 'total_ms': 80.3}
[DIAG] t=3300s in=110984 →wk=63133 ←wk=63131 →cl=63027 drop_in=0 drop_out=0 | since: client=0.0s worker=0.0s sent=0.0s | ch=open buf=0 | lag: max=1ms avg=0.3ms | heap=12.3MB rss=60.6MB | gpu0:R pend=1 frames=43704 buf=0 | gpu1:R pend=1 frames=19427 buf=0
[worker 1] timing@frame19451: {'queue_wait_ms': 0.025, 'decode_in_ms': 0.6, 'prompt_ms': 0.0, 'vae_encode_ms': 17.27, 'transformer_plus_decode_ms': 61.37, 'stage_clock': 'cuda-events', 'benchmark_variant': 'terminal-noop', 'output_cast': 'gpu', 'torch_threads': 128, 'terminal_skips': 1, 'jpeg_ms': 0.71, 'total_ms': 80.01}
[DIAG] t=3305s in=111114 →wk=63219 ←wk=63218 →cl=63113 drop_in=0 drop_out=0 | since: client=0.0s worker=0.0s sent=0.0s | ch=open buf=0 | lag: max=1ms avg=0.3ms | heap=11.9MB rss=60.6MB | gpu0:R pend=0 frames=43747 buf=0 | gpu1:R pend=1 frames=19471 buf=0
[worker 0] timing@frame43751: {'queue_wait_ms': 0.023, 'decode_in_ms': 0.65, 'prompt_ms': 0.0, 'vae_encode_ms': 17.67, 'transformer_plus_decode_ms': 56.83, 'stage_clock': 'cuda-events', 'benchmark_variant': 'terminal-noop', 'output_cast': 'gpu', 'torch_threads': 128, 'terminal_skips': 1, 'jpeg_ms': 0.71, 'total_ms': 75.91}
[DIAG] t=3310s in=111134 →wk=63239 ←wk=63239 →cl=63133 drop_in=0 drop_out=0 | since: client=0.6s worker=0.5s sent=0.5s | ch=open buf=0 | lag: max=1ms avg=0.3ms | heap=12.4MB rss=60.6MB | gpu0:R pend=0 frames=43758 buf=0 | gpu1:R pend=0 frames=19481 buf=0
[DIAG] t=3315s in=111167 →wk=63272 ←wk=63272 →cl=63164 drop_in=0 drop_out=0 | since: client=0.1s worker=0.0s sent=0.0s | ch=open buf=0 | lag: max=1ms avg=0.3ms | heap=11.4MB rss=60.5MB | gpu0:R pend=0 frames=43774 buf=0 | gpu1:R pend=0 frames=19498 buf=0
[worker 1] timing@frame19501: {'queue_wait_ms': 0.036, 'decode_in_ms': 0.73, 'prompt_ms': 0.0, 'vae_encode_ms': 17.74, 'transformer_plus_decode_ms': 61.29, 'stage_clock': 'cuda-events', 'benchmark_variant': 'terminal-noop', 'output_cast': 'gpu', 'torch_threads': 128, 'terminal_skips': 1, 'jpeg_ms': 0.72, 'total_ms': 80.57}
[worker 0] timing@frame43801: {'queue_wait_ms': 0.018, 'decode_in_ms': 0.68, 'prompt_ms': 0.0, 'vae_encode_ms': 17.44, 'transformer_plus_decode_ms': 62.21, 'stage_clock': 'cuda-events', 'benchmark_variant': 'terminal-noop', 'output_cast': 'gpu', 'torch_threads': 128, 'terminal_skips': 1, 'jpeg_ms': 0.75, 'total_ms': 81.14}
[DIAG] t=3320s in=111283 →wk=63348 ←wk=63347 →cl=63239 drop_in=0 drop_out=0 | since: client=0.1s worker=0.0s sent=0.0s | ch=open buf=0 | lag: max=1ms avg=0.3ms | heap=11.7MB rss=56.1MB | gpu0:R pend=0 frames=43812 buf=0 | gpu1:R pend=1 frames=19535 buf=0
[worker 1] timing@frame19551: {'queue_wait_ms': 0.028, 'decode_in_ms': 0.6, 'prompt_ms': 0.0, 'vae_encode_ms': 17.73, 'transformer_plus_decode_ms': 56.63, 'stage_clock': 'cuda-events', 'benchmark_variant': 'terminal-noop', 'output_cast': 'gpu', 'torch_threads': 128, 'terminal_skips': 1, 'jpeg_ms': 0.71, 'total_ms': 75.73}
[worker 0] timing@frame43851: {'queue_wait_ms': 0.021, 'decode_in_ms': 0.68, 'prompt_ms': 0.0, 'vae_encode_ms': 31.24, 'transformer_plus_decode_ms': 61.11, 'stage_clock': 'cuda-events', 'benchmark_variant': 'terminal-noop', 'output_cast': 'gpu', 'torch_threads': 128, 'terminal_skips': 1, 'jpeg_ms': 0.73, 'total_ms': 93.84}
[DIAG] t=3325s in=111402 →wk=63445 ←wk=63443 →cl=63332 drop_in=0 drop_out=0 | since: client=0.0s worker=0.1s sent=0.1s | ch=open buf=0 | lag: max=1ms avg=0.3ms | heap=11.6MB rss=56.1MB | gpu0:R pend=1 frames=43860 buf=0 | gpu1:R pend=1 frames=19583 buf=0
[worker 1] timing@frame19601: {'queue_wait_ms': 0.043, 'decode_in_ms': 0.62, 'prompt_ms': 0.0, 'vae_encode_ms': 17.38, 'transformer_plus_decode_ms': 62.58, 'stage_clock': 'cuda-events', 'benchmark_variant': 'terminal-noop', 'output_cast': 'gpu', 'torch_threads': 128, 'terminal_skips': 1, 'jpeg_ms': 0.74, 'total_ms': 81.45}
[worker 0] timing@frame43901: {'queue_wait_ms': 0.014, 'decode_in_ms': 0.67, 'prompt_ms': 0.0, 'vae_encode_ms': 17.83, 'transformer_plus_decode_ms': 57.58, 'stage_clock': 'cuda-events', 'benchmark_variant': 'terminal-noop', 'output_cast': 'gpu', 'torch_threads': 128, 'terminal_skips': 1, 'jpeg_ms': 0.75, 'total_ms': 76.91}
[DIAG] t=3330s in=111556 →wk=63541 ←wk=63539 →cl=63425 drop_in=0 drop_out=0 | since: client=0.0s worker=0.0s sent=0.0s | ch=open buf=0 | lag: max=1ms avg=0.3ms | heap=12.1MB rss=56.1MB | gpu0:R pend=1 frames=43908 buf=0 | gpu1:R pend=1 frames=19631 buf=0
[worker 1] timing@frame19651: {'queue_wait_ms': 0.015, 'decode_in_ms': 0.63, 'prompt_ms': 0.0, 'vae_encode_ms': 17.27, 'transformer_plus_decode_ms': 61.25, 'stage_clock': 'cuda-events', 'benchmark_variant': 'terminal-noop', 'output_cast': 'gpu', 'torch_threads': 128, 'terminal_skips': 1, 'jpeg_ms': 0.71, 'total_ms': 79.92}
[worker 0] timing@frame43951: {'queue_wait_ms': 0.015, 'decode_in_ms': 0.65, 'prompt_ms': 0.0, 'vae_encode_ms': 17.56, 'transformer_plus_decode_ms': 62.01, 'stage_clock': 'cuda-events', 'benchmark_variant': 'terminal-noop', 'output_cast': 'gpu', 'torch_threads': 128, 'terminal_skips': 1, 'jpeg_ms': 0.92, 'total_ms': 81.21}
[DIAG] t=3335s in=111760 →wk=63657 ←wk=63655 →cl=63541 drop_in=0 drop_out=0 | since: client=0.0s worker=0.0s sent=0.0s | ch=open buf=0 | lag: max=1ms avg=0.3ms | heap=11.8MB rss=56.1MB | gpu0:R pend=1 frames=43966 buf=0 | gpu1:R pend=1 frames=19689 buf=0
[worker 1] timing@frame19701: {'queue_wait_ms': 0.033, 'decode_in_ms': 0.62, 'prompt_ms': 0.0, 'vae_encode_ms': 17.42, 'transformer_plus_decode_ms': 56.63, 'stage_clock': 'cuda-events', 'benchmark_variant': 'terminal-noop', 'output_cast': 'gpu', 'torch_threads': 128, 'terminal_skips': 1, 'jpeg_ms': 0.72, 'total_ms': 75.44}
[worker 0] timing@frame44001: {'queue_wait_ms': 0.015, 'decode_in_ms': 0.67, 'prompt_ms': 0.0, 'vae_encode_ms': 17.43, 'transformer_plus_decode_ms': 62.11, 'stage_clock': 'cuda-events', 'benchmark_variant': 'terminal-noop', 'output_cast': 'gpu', 'torch_threads': 128, 'terminal_skips': 1, 'jpeg_ms': 0.74, 'total_ms': 81.02}
[DIAG] t=3340s in=111923 →wk=63749 ←wk=63749 →cl=63635 drop_in=0 drop_out=0 | since: client=1.3s worker=1.2s sent=1.2s | ch=open buf=0 | lag: max=1ms avg=0.3ms | heap=12.0MB rss=56.1MB | gpu0:R pend=0 frames=44013 buf=0 | gpu1:R pend=0 frames=19736 buf=0
[DIAG] t=3345s in=111923 →wk=63749 ←wk=63749 →cl=63635 drop_in=0 drop_out=0 | since: client=6.3s worker=6.2s sent=6.2s | ch=open buf=0 | lag: max=1ms avg=0.3ms | heap=12.0MB rss=56.1MB | gpu0:R pend=0 frames=44013 buf=0 | gpu1:R pend=0 frames=19736 buf=0
ICE connection state: disconnected
[DIAG] Connection state: disconnected (channel=open buf=0)
[DIAG] t=3350s in=111923 →wk=63749 ←wk=63749 →cl=63635 drop_in=0 drop_out=0 | since: client=11.3s worker=11.2s sent=11.2s | ch=open buf=0 | lag: max=1ms avg=0.3ms | heap=12.0MB rss=56.1MB | gpu0:R pend=0 frames=44013 buf=0 | gpu1:R pend=0 frames=19736 buf=0
Connection remained disconnected, closing peer
ICE connection state: closed
[DIAG] Connection state: closed (channel=none buf=0)
[DIAG] DataChannel CLOSED (was open)
[DIAG] t=3355s in=111923 →wk=63749 ←wk=63749 →cl=63635 drop_in=0 drop_out=0 | since: client=16.3s worker=16.2s sent=16.2s | ch=closed buf=0 | lag: max=1ms avg=0.3ms | heap=12.0MB rss=56.1MB | gpu0:R pend=0 frames=44013 buf=0 | gpu1:R pend=0 frames=19736 buf=0
[DIAG] t=3360s in=111923 →wk=63749 ←wk=63749 →cl=63635 drop_in=0 drop_out=0 | since: client=21.3s worker=21.2s sent=21.2s | ch=closed buf=0 | lag: max=1ms avg=0.3ms | heap=12.0MB rss=56.1MB | gpu0:R pend=0 frames=44013 buf=0 | gpu1:R pend=0 frames=19736 buf=0
[DIAG] t=3365s in=111923 →wk=63749 ←wk=63749 →cl=63635 drop_in=0 drop_out=0 | since: client=26.3s worker=26.2s sent=26.2s | ch=closed buf=0 | lag: max=1ms avg=0.3ms | heap=12.0MB rss=56.1MB | gpu0:R pend=0 frames=44013 buf=0 | gpu1:R pend=0 frames=19736 buf=0
[DIAG] t=3370s in=111923 →wk=63749 ←wk=63749 →cl=63635 drop_in=0 drop_out=0 | since: client=31.3s worker=31.2s sent=31.2s | ch=closed buf=0 | lag: max=1ms avg=0.3ms | heap=12.0MB rss=56.1MB | gpu0:R pend=0 frames=44013 buf=0 | gpu1:R pend=0 frames=19736 buf=0
[DIAG] t=3375s in=111923 →wk=63749 ←wk=63749 →cl=63635 drop_in=0 drop_out=0 | since: client=36.3s worker=36.2s sent=36.2s | ch=closed buf=0 | lag: max=2ms avg=0.3ms | heap=12.0MB rss=56.1MB | gpu0:R pend=0 frames=44013 buf=0 | gpu1:R pend=0 frames=19736 buf=0
[DIAG] t=3380s in=111923 →wk=63749 ←wk=63749 →cl=63635 drop_in=0 drop_out=0 | since: client=41.3s worker=41.2s sent=41.2s | ch=closed buf=0 | lag: max=1ms avg=0.3ms | heap=12.0MB rss=56.1MB | gpu0:R pend=0 frames=44013 buf=0 | gpu1:R pend=0 frames=19736 buf=0
[DIAG] t=3385s in=111923 →wk=63749 ←wk=63749 →cl=63635 drop_in=0 drop_out=0 | since: client=46.3s worker=46.2s sent=46.2s | ch=closed buf=0 | lag: max=1ms avg=0.3ms | heap=12.0MB rss=56.1MB | gpu0:R pend=0 frames=44013 buf=0 | gpu1:R pend=0 frames=19736 buf=0
[DIAG] t=3390s in=111923 →wk=63749 ←wk=63749 →cl=63635 drop_in=0 drop_out=0 | since: client=51.3s worker=51.2s sent=51.2s | ch=closed buf=0 | lag: max=1ms avg=0.3ms | heap=12.0MB rss=56.1MB | gpu0:R pend=0 frames=44013 buf=0 | gpu1:R pend=0 frames=19736 buf=0
[DIAG] t=3395s in=111923 →wk=63749 ←wk=63749 →cl=63635 drop_in=0 drop_out=0 | since: client=56.3s worker=56.2s sent=56.2s | ch=closed buf=0 | lag: max=1ms avg=0.3ms | heap=12.1MB rss=56.1MB | gpu0:R pend=0 frames=44013 buf=0 | gpu1:R pend=0 frames=19736 buf=0
[DIAG] t=3400s in=111923 →wk=63749 ←wk=63749 →cl=63635 drop_in=0 drop_out=0 | since: client=61.3s worker=61.2s sent=61.2s | ch=closed buf=0 | lag: max=1ms avg=0.3ms | heap=12.1MB rss=56.1MB | gpu0:R pend=0 frames=44013 buf=0 | gpu1:R pend=0 frames=19736 buf=0
[DIAG] t=3405s in=111923 →wk=63749 ←wk=63749 →cl=63635 drop_in=0 drop_out=0 | since: client=66.3s worker=66.2s sent=66.2s | ch=closed buf=0 | lag: max=1ms avg=0.3ms | heap=12.1MB rss=56.1MB | gpu0:R pend=0 frames=44013 buf=0 | gpu1:R pend=0 frames=19736 buf=0
[DIAG] t=3410s in=111923 →wk=63749 ←wk=63749 →cl=63635 drop_in=0 drop_out=0 | since: client=71.3s worker=71.2s sent=71.2s | ch=closed buf=0 | lag: max=1ms avg=0.3ms | heap=12.1MB rss=56.1MB | gpu0:R pend=0 frames=44013 buf=0 | gpu1:R pend=0 frames=19736 buf=0
[DIAG] t=3415s in=111923 →wk=63749 ←wk=63749 →cl=63635 drop_in=0 drop_out=0 | since: client=76.3s worker=76.2s sent=76.2s | ch=closed buf=0 | lag: max=1ms avg=0.3ms | heap=12.1MB rss=56.1MB | gpu0:R pend=0 frames=44013 buf=0 | gpu1:R pend=0 frames=19736 buf=0
[DIAG] t=3420s in=111923 →wk=63749 ←wk=63749 →cl=63635 drop_in=0 drop_out=0 | since: client=81.3s worker=81.2s sent=81.2s | ch=closed buf=0 | lag: max=1ms avg=0.3ms | heap=12.1MB rss=56.1MB | gpu0:R pend=0 frames=44013 buf=0 | gpu1:R pend=0 frames=19736 buf=0
[DIAG] t=3425s in=111923 →wk=63749 ←wk=63749 →cl=63635 drop_in=0 drop_out=0 | since: client=86.3s worker=86.2s sent=86.2s | ch=closed buf=0 | lag: max=1ms avg=0.3ms | heap=12.1MB rss=56.1MB | gpu0:R pend=0 frames=44013 buf=0 | gpu1:R pend=0 frames=19736 buf=0
[DIAG] t=3430s in=111923 →wk=63749 ←wk=63749 →cl=63635 drop_in=0 drop_out=0 | since: client=91.3s worker=91.2s sent=91.2s | ch=closed buf=0 | lag: max=1ms avg=0.3ms | heap=12.1MB rss=56.1MB | gpu0:R pend=0 frames=44013 buf=0 | gpu1:R pend=0 frames=19736 buf=0
[DIAG] t=3435s in=111923 →wk=63749 ←wk=63749 →cl=63635 drop_in=0 drop_out=0 | since: client=96.3s worker=96.2s sent=96.2s | ch=closed buf=0 | lag: max=1ms avg=0.3ms | heap=12.2MB rss=56.1MB | gpu0:R pend=0 frames=44013 buf=0 | gpu1:R pend=0 frames=19736 buf=0
POST /webrtc/offer
Offer candidates host=2 srflx=1 relay=0
ICE connection state: new
[DIAG] Connection state: new (channel=none buf=0)
ICE gathering state: gathering
[DIAG] t=3440s in=111923 →wk=63749 ←wk=63749 →cl=63635 drop_in=0 drop_out=0 | since: client=101.3s worker=101.2s sent=101.2s | ch=closed buf=0 | lag: max=1ms avg=0.3ms | heap=12.4MB rss=56.1MB | gpu0:R pend=0 frames=44013 buf=0 | gpu1:R pend=0 frames=19736 buf=0
[DIAG] t=3445s in=111923 →wk=63749 ←wk=63749 →cl=63635 drop_in=0 drop_out=0 | since: client=106.3s worker=106.2s sent=106.2s | ch=closed buf=0 | lag: max=1ms avg=0.3ms | heap=12.5MB rss=56.1MB | gpu0:R pend=0 frames=44013 buf=0 | gpu1:R pend=0 frames=19736 buf=0
Sending SDP answer
ICE gathering state: complete
ICE connection state: connected
[DIAG] Connection state: connected (channel=none buf=0)
DataChannel opened: frames
[worker 0] resolution changed → 768×448, already compiled by idle warmup
[worker 1] resolution changed → 768×448, already compiled by idle warmup
[worker 1] timing@frame19751: {'queue_wait_ms': 0.033, 'decode_in_ms': 0.37, 'prompt_ms': 0.0, 'vae_encode_ms': 8.87, 'transformer_plus_decode_ms': 36.62, 'stage_clock': 'cuda-events', 'benchmark_variant': 'terminal-noop', 'output_cast': 'gpu', 'torch_threads': 128, 'terminal_skips': 1, 'jpeg_ms': 0.42, 'total_ms': 46.32}
[DIAG] t=3450s in=111970 →wk=63789 ←wk=63787 →cl=63673 drop_in=0 drop_out=0 | since: client=0.0s worker=0.0s sent=0.0s | ch=open buf=0 | lag: max=1ms avg=0.3ms | heap=12.3MB rss=51.9MB | gpu0:R pend=1 frames=44032 buf=0 | gpu1:R pend=1 frames=19755 buf=0
[worker 0] timing@frame44051: {'queue_wait_ms': 0.033, 'decode_in_ms': 0.46, 'prompt_ms': 0.0, 'vae_encode_ms': 23.23, 'transformer_plus_decode_ms': 36.91, 'stage_clock': 'cuda-events', 'benchmark_variant': 'terminal-noop', 'output_cast': 'gpu', 'torch_threads': 128, 'terminal_skips': 1, 'jpeg_ms': 0.5, 'total_ms': 61.17}
[worker 1] timing@frame19801: {'queue_wait_ms': 0.025, 'decode_in_ms': 0.42, 'prompt_ms': 0.0, 'vae_encode_ms': 8.74, 'transformer_plus_decode_ms': 35.65, 'stage_clock': 'cuda-events', 'benchmark_variant': 'terminal-noop', 'output_cast': 'gpu', 'torch_threads': 128, 'terminal_skips': 1, 'jpeg_ms': 0.44, 'total_ms': 45.29}
[worker 0] timing@frame44101: {'queue_wait_ms': 0.021, 'decode_in_ms': 0.36, 'prompt_ms': 0.0, 'vae_encode_ms': 9.77, 'transformer_plus_decode_ms': 33.65, 'stage_clock': 'cuda-events', 'benchmark_variant': 'terminal-noop', 'output_cast': 'gpu', 'torch_threads': 128, 'terminal_skips': 1, 'jpeg_ms': 0.43, 'total_ms': 44.26}
[DIAG] t=3455s in=112161 →wk=63963 ←wk=63962 →cl=63848 drop_in=0 drop_out=0 | since: client=0.0s worker=0.0s sent=0.0s | ch=open buf=0 | lag: max=1ms avg=0.3ms | heap=12.3MB rss=53.9MB | gpu0:R pend=0 frames=44120 buf=0 | gpu1:R pend=1 frames=19842 buf=0
[worker 1] timing@frame19851: {'queue_wait_ms': 0.028, 'decode_in_ms': 0.38, 'prompt_ms': 0.0, 'vae_encode_ms': 8.65, 'transformer_plus_decode_ms': 33.48, 'stage_clock': 'cuda-events', 'benchmark_variant': 'terminal-noop', 'output_cast': 'gpu', 'torch_threads': 128, 'terminal_skips': 1, 'jpeg_ms': 0.45, 'total_ms': 43.01}
[worker 0] timing@frame44151: {'queue_wait_ms': 0.036, 'decode_in_ms': 0.41, 'prompt_ms': 0.0, 'vae_encode_ms': 9.03, 'transformer_plus_decode_ms': 34.27, 'stage_clock': 'cuda-events', 'benchmark_variant': 'terminal-noop', 'output_cast': 'gpu', 'torch_threads': 128, 'terminal_skips': 1, 'jpeg_ms': 0.45, 'total_ms': 44.22}
[worker 1] timing@frame19901: {'queue_wait_ms': 0.025, 'decode_in_ms': 0.37, 'prompt_ms': 0.0, 'vae_encode_ms': 8.41, 'transformer_plus_decode_ms': 34.63, 'stage_clock': 'cuda-events', 'benchmark_variant': 'terminal-noop', 'output_cast': 'gpu', 'torch_threads': 128, 'terminal_skips': 1, 'jpeg_ms': 0.43, 'total_ms': 43.87}
[worker 0] timing@frame44201: {'queue_wait_ms': 0.024, 'decode_in_ms': 0.37, 'prompt_ms': 0.0, 'vae_encode_ms': 8.84, 'transformer_plus_decode_ms': 32.92, 'stage_clock': 'cuda-events', 'benchmark_variant': 'terminal-noop', 'output_cast': 'gpu', 'torch_threads': 128, 'terminal_skips': 1, 'jpeg_ms': 0.45, 'total_ms': 42.62}
[DIAG] t=3460s in=112346 →wk=64136 ←wk=64135 →cl=64021 drop_in=0 drop_out=0 | since: client=0.0s worker=0.0s sent=0.0s | ch=open buf=0 | lag: max=1ms avg=0.3ms | heap=13.2MB rss=53.9MB | gpu0:R pend=1 frames=44206 buf=0 | gpu1:R pend=0 frames=19929 buf=0
[worker 1] timing@frame19951: {'queue_wait_ms': 0.038, 'decode_in_ms': 0.4, 'prompt_ms': 0.0, 'vae_encode_ms': 8.62, 'transformer_plus_decode_ms': 35.4, 'stage_clock': 'cuda-events', 'benchmark_variant': 'terminal-noop', 'output_cast': 'gpu', 'torch_threads': 128, 'terminal_skips': 1, 'jpeg_ms': 0.45, 'total_ms': 44.92}
[worker 0] timing@frame44251: {'queue_wait_ms': 0.013, 'decode_in_ms': 0.37, 'prompt_ms': 0.0, 'vae_encode_ms': 8.86, 'transformer_plus_decode_ms': 32.78, 'stage_clock': 'cuda-events', 'benchmark_variant': 'terminal-noop', 'output_cast': 'gpu', 'torch_threads': 128, 'terminal_skips': 1, 'jpeg_ms': 0.44, 'total_ms': 42.48}
[worker 1] timing@frame20001: {'queue_wait_ms': 0.037, 'decode_in_ms': 0.41, 'prompt_ms': 0.0, 'vae_encode_ms': 8.96, 'transformer_plus_decode_ms': 34.09, 'stage_clock': 'cuda-events', 'benchmark_variant': 'terminal-noop', 'output_cast': 'gpu', 'torch_threads': 128, 'terminal_skips': 1, 'jpeg_ms': 0.45, 'total_ms': 43.97}
[DIAG] t=3465s in=112539 →wk=64317 ←wk=64315 →cl=64201 drop_in=0 drop_out=0 | since: client=0.0s worker=0.0s sent=0.0s | ch=open buf=0 | lag: max=2ms avg=0.3ms | heap=13.0MB rss=53.9MB | gpu0:R pend=1 frames=44296 buf=0 | gpu1:R pend=1 frames=20019 buf=0
[worker 0] timing@frame44301: {'queue_wait_ms': 0.015, 'decode_in_ms': 0.4, 'prompt_ms': 0.0, 'vae_encode_ms': 18.03, 'transformer_plus_decode_ms': 33.48, 'stage_clock': 'cuda-events', 'benchmark_variant': 'terminal-noop', 'output_cast': 'gpu', 'torch_threads': 128, 'terminal_skips': 1, 'jpeg_ms': 0.47, 'total_ms': 52.44}
[worker 1] timing@frame20051: {'queue_wait_ms': 0.031, 'decode_in_ms': 0.48, 'prompt_ms': 0.0, 'vae_encode_ms': 8.79, 'transformer_plus_decode_ms': 36.29, 'stage_clock': 'cuda-events', 'benchmark_variant': 'terminal-noop', 'output_cast': 'gpu', 'torch_threads': 128, 'terminal_skips': 1, 'jpeg_ms': 0.52, 'total_ms': 46.14}
[worker 0] timing@frame44351: {'queue_wait_ms': 0.035, 'decode_in_ms': 0.38, 'prompt_ms': 0.0, 'vae_encode_ms': 8.82, 'transformer_plus_decode_ms': 32.9, 'stage_clock': 'cuda-events', 'benchmark_variant': 'terminal-noop', 'output_cast': 'gpu', 'torch_threads': 128, 'terminal_skips': 1, 'jpeg_ms': 0.45, 'total_ms': 42.6}
[worker 1] timing@frame20101: {'queue_wait_ms': 0.028, 'decode_in_ms': 0.43, 'prompt_ms': 0.0, 'vae_encode_ms': 8.61, 'transformer_plus_decode_ms': 36.19, 'stage_clock': 'cuda-events', 'benchmark_variant': 'terminal-noop', 'output_cast': 'gpu', 'torch_threads': 128, 'terminal_skips': 1, 'jpeg_ms': 0.43, 'total_ms': 45.71}
[DIAG] t=3470s in=112730 →wk=64489 ←wk=64488 →cl=64374 drop_in=0 drop_out=0 | since: client=0.0s worker=0.0s sent=0.0s | ch=open buf=0 | lag: max=1ms avg=0.3ms | heap=12.4MB rss=53.9MB | gpu0:R pend=0 frames=44383 buf=0 | gpu1:R pend=1 frames=20105 buf=0
[worker 0] timing@frame44401: {'queue_wait_ms': 0.022, 'decode_in_ms': 0.38, 'prompt_ms': 0.0, 'vae_encode_ms': 8.88, 'transformer_plus_decode_ms': 32.89, 'stage_clock': 'cuda-events', 'benchmark_variant': 'terminal-noop', 'output_cast': 'gpu', 'torch_threads': 128, 'terminal_skips': 1, 'jpeg_ms': 0.45, 'total_ms': 42.65}
[worker 1] timing@frame20151: {'queue_wait_ms': 0.029, 'decode_in_ms': 0.4, 'prompt_ms': 0.0, 'vae_encode_ms': 8.55, 'transformer_plus_decode_ms': 32.4, 'stage_clock': 'cuda-events', 'benchmark_variant': 'terminal-noop', 'output_cast': 'gpu', 'torch_threads': 128, 'terminal_skips': 1, 'jpeg_ms': 0.42, 'total_ms': 41.81}
[worker 0] timing@frame44451: {'queue_wait_ms': 0.033, 'decode_in_ms': 0.38, 'prompt_ms': 0.0, 'vae_encode_ms': 8.8, 'transformer_plus_decode_ms': 33.0, 'stage_clock': 'cuda-events', 'benchmark_variant': 'terminal-noop', 'output_cast': 'gpu', 'torch_threads': 128, 'terminal_skips': 1, 'jpeg_ms': 0.44, 'total_ms': 42.66}
[DIAG] t=3475s in=112936 →wk=64667 ←wk=64665 →cl=64550 drop_in=0 drop_out=0 | since: client=0.0s worker=0.0s sent=0.0s | ch=open buf=0 | lag: max=1ms avg=0.3ms | heap=12.1MB rss=53.9MB | gpu0:R pend=1 frames=44471 buf=0 | gpu1:R pend=1 frames=20194 buf=0
[worker 1] timing@frame20201: {'queue_wait_ms': 0.036, 'decode_in_ms': 0.37, 'prompt_ms': 0.0, 'vae_encode_ms': 8.52, 'transformer_plus_decode_ms': 34.62, 'stage_clock': 'cuda-events', 'benchmark_variant': 'terminal-noop', 'output_cast': 'gpu', 'torch_threads': 128, 'terminal_skips': 1, 'jpeg_ms': 0.43, 'total_ms': 43.98}
[worker 0] timing@frame44501: {'queue_wait_ms': 0.027, 'decode_in_ms': 0.38, 'prompt_ms': 0.0, 'vae_encode_ms': 8.83, 'transformer_plus_decode_ms': 32.78, 'stage_clock': 'cuda-events', 'benchmark_variant': 'terminal-noop', 'output_cast': 'gpu', 'torch_threads': 128, 'terminal_skips': 1, 'jpeg_ms': 0.44, 'total_ms': 42.47}
[worker 1] timing@frame20251: {'queue_wait_ms': 0.037, 'decode_in_ms': 0.4, 'prompt_ms': 0.0, 'vae_encode_ms': 8.59, 'transformer_plus_decode_ms': 34.94, 'stage_clock': 'cuda-events', 'benchmark_variant': 'terminal-noop', 'output_cast': 'gpu', 'torch_threads': 128, 'terminal_skips': 1, 'jpeg_ms': 0.43, 'total_ms': 44.4}
[worker 0] timing@frame44551: {'queue_wait_ms': 0.021, 'decode_in_ms': 0.36, 'prompt_ms': 0.0, 'vae_encode_ms': 8.68, 'transformer_plus_decode_ms': 32.51, 'stage_clock': 'cuda-events', 'benchmark_variant': 'terminal-noop', 'output_cast': 'gpu', 'torch_threads': 128, 'terminal_skips': 1, 'jpeg_ms': 0.45, 'total_ms': 42.04}
[DIAG] t=3480s in=113137 →wk=64851 ←wk=64850 →cl=64735 drop_in=0 drop_out=0 | since: client=0.0s worker=0.0s sent=0.0s | ch=open buf=0 | lag: max=3ms avg=0.3ms | heap=12.1MB rss=53.9MB | gpu0:R pend=1 frames=44563 buf=0 | gpu1:R pend=0 frames=20287 buf=0
[worker 1] timing@frame20301: {'queue_wait_ms': 0.025, 'decode_in_ms': 0.4, 'prompt_ms': 0.0, 'vae_encode_ms': 8.66, 'transformer_plus_decode_ms': 32.62, 'stage_clock': 'cuda-events', 'benchmark_variant': 'terminal-noop', 'output_cast': 'gpu', 'torch_threads': 128, 'terminal_skips': 1, 'jpeg_ms': 0.42, 'total_ms': 42.14}
[worker 0] timing@frame44601: {'queue_wait_ms': 0.034, 'decode_in_ms': 0.38, 'prompt_ms': 0.0, 'vae_encode_ms': 8.85, 'transformer_plus_decode_ms': 33.02, 'stage_clock': 'cuda-events', 'benchmark_variant': 'terminal-noop', 'output_cast': 'gpu', 'torch_threads': 128, 'terminal_skips': 1, 'jpeg_ms': 0.44, 'total_ms': 42.73}
[worker 1] timing@frame20351: {'queue_wait_ms': 0.027, 'decode_in_ms': 0.41, 'prompt_ms': 0.0, 'vae_encode_ms': 17.33, 'transformer_plus_decode_ms': 35.03, 'stage_clock': 'cuda-events', 'benchmark_variant': 'terminal-noop', 'output_cast': 'gpu', 'torch_threads': 128, 'terminal_skips': 1, 'jpeg_ms': 0.43, 'total_ms': 53.24}
[worker 0] timing@frame44651: {'queue_wait_ms': 0.033, 'decode_in_ms': 0.37, 'prompt_ms': 0.0, 'vae_encode_ms': 8.8, 'transformer_plus_decode_ms': 32.59, 'stage_clock': 'cuda-events', 'benchmark_variant': 'terminal-noop', 'output_cast': 'gpu', 'torch_threads': 128, 'terminal_skips': 1, 'jpeg_ms': 0.44, 'total_ms': 42.25}
[DIAG] t=3485s in=113332 →wk=65031 ←wk=65030 →cl=64915 drop_in=0 drop_out=0 | since: client=0.1s worker=0.0s sent=0.0s | ch=open buf=0 | lag: max=0ms avg=0.3ms | heap=13.5MB rss=53.9MB | gpu0:R pend=1 frames=44653 buf=0 | gpu1:R pend=0 frames=20377 buf=0
[worker 1] timing@frame20401: {'queue_wait_ms': 0.023, 'decode_in_ms': 0.39, 'prompt_ms': 0.0, 'vae_encode_ms': 8.57, 'transformer_plus_decode_ms': 34.93, 'stage_clock': 'cuda-events', 'benchmark_variant': 'terminal-noop', 'output_cast': 'gpu', 'torch_threads': 128, 'terminal_skips': 1, 'jpeg_ms': 0.43, 'total_ms': 44.36}
[worker 0] timing@frame44701: {'queue_wait_ms': 0.02, 'decode_in_ms': 0.38, 'prompt_ms': 0.0, 'vae_encode_ms': 8.97, 'transformer_plus_decode_ms': 33.56, 'stage_clock': 'cuda-events', 'benchmark_variant': 'terminal-noop', 'output_cast': 'gpu', 'torch_threads': 128, 'terminal_skips': 1, 'jpeg_ms': 0.44, 'total_ms': 43.39}
[worker 1] timing@frame20451: {'queue_wait_ms': 0.025, 'decode_in_ms': 0.37, 'prompt_ms': 0.0, 'vae_encode_ms': 8.52, 'transformer_plus_decode_ms': 32.24, 'stage_clock': 'cuda-events', 'benchmark_variant': 'terminal-noop', 'output_cast': 'gpu', 'torch_threads': 128, 'terminal_skips': 1, 'jpeg_ms': 0.43, 'total_ms': 41.59}
[DIAG] t=3490s in=113529 →wk=65207 ←wk=65205 →cl=65090 drop_in=0 drop_out=0 | since: client=0.0s worker=0.1s sent=0.1s | ch=open buf=0 | lag: max=1ms avg=0.3ms | heap=12.9MB rss=53.9MB | gpu0:R pend=1 frames=44741 buf=0 | gpu1:R pend=1 frames=20464 buf=0
[worker 0] timing@frame44751: {'queue_wait_ms': 0.018, 'decode_in_ms': 0.36, 'prompt_ms': 0.0, 'vae_encode_ms': 8.79, 'transformer_plus_decode_ms': 32.47, 'stage_clock': 'cuda-events', 'benchmark_variant': 'terminal-noop', 'output_cast': 'gpu', 'torch_threads': 128, 'terminal_skips': 1, 'jpeg_ms': 0.44, 'total_ms': 42.1}
[worker 1] timing@frame20501: {'queue_wait_ms': 0.025, 'decode_in_ms': 0.4, 'prompt_ms': 0.0, 'vae_encode_ms': 8.48, 'transformer_plus_decode_ms': 34.69, 'stage_clock': 'cuda-events', 'benchmark_variant': 'terminal-noop', 'output_cast': 'gpu', 'torch_threads': 128, 'terminal_skips': 1, 'jpeg_ms': 0.42, 'total_ms': 44.03}
[worker 0] timing@frame44801: {'queue_wait_ms': 0.022, 'decode_in_ms': 0.41, 'prompt_ms': 0.0, 'vae_encode_ms': 9.08, 'transformer_plus_decode_ms': 33.38, 'stage_clock': 'cuda-events', 'benchmark_variant': 'terminal-noop', 'output_cast': 'gpu', 'torch_threads': 128, 'terminal_skips': 1, 'jpeg_ms': 0.45, 'total_ms': 43.37}
[worker 1] timing@frame20551: {'queue_wait_ms': 0.028, 'decode_in_ms': 0.41, 'prompt_ms': 0.0, 'vae_encode_ms': 8.6, 'transformer_plus_decode_ms': 35.32, 'stage_clock': 'cuda-events', 'benchmark_variant': 'terminal-noop', 'output_cast': 'gpu', 'torch_threads': 128, 'terminal_skips': 1, 'jpeg_ms': 0.44, 'total_ms': 44.81}
[DIAG] t=3495s in=113738 →wk=65385 ←wk=65383 →cl=65268 drop_in=0 drop_out=0 | since: client=0.0s worker=0.0s sent=0.0s | ch=open buf=0 | lag: max=2ms avg=0.3ms | heap=12.7MB rss=53.9MB | gpu0:R pend=1 frames=44830 buf=0 | gpu1:R pend=1 frames=20553 buf=0
[worker 0] timing@frame44851: {'queue_wait_ms': 0.02, 'decode_in_ms': 0.37, 'prompt_ms': 0.0, 'vae_encode_ms': 8.69, 'transformer_plus_decode_ms': 32.57, 'stage_clock': 'cuda-events', 'benchmark_variant': 'terminal-noop', 'output_cast': 'gpu', 'torch_threads': 128, 'terminal_skips': 1, 'jpeg_ms': 0.44, 'total_ms': 42.11}
[worker 1] timing@frame20601: {'queue_wait_ms': 0.025, 'decode_in_ms': 0.39, 'prompt_ms': 0.0, 'vae_encode_ms': 8.56, 'transformer_plus_decode_ms': 32.72, 'stage_clock': 'cuda-events', 'benchmark_variant': 'terminal-noop', 'output_cast': 'gpu', 'torch_threads': 128, 'terminal_skips': 1, 'jpeg_ms': 0.45, 'total_ms': 42.16}
[worker 0] timing@frame44901: {'queue_wait_ms': 0.034, 'decode_in_ms': 0.46, 'prompt_ms': 0.0, 'vae_encode_ms': 9.34, 'transformer_plus_decode_ms': 34.43, 'stage_clock': 'cuda-events', 'benchmark_variant': 'terminal-noop', 'output_cast': 'gpu', 'torch_threads': 128, 'terminal_skips': 1, 'jpeg_ms': 0.47, 'total_ms': 44.77}
[DIAG] t=3500s in=113944 →wk=65568 ←wk=65567 →cl=65452 drop_in=0 drop_out=0 | since: client=0.0s worker=0.0s sent=0.0s | ch=open buf=0 | lag: max=1ms avg=0.3ms | heap=12.7MB rss=53.9MB | gpu0:R pend=0 frames=44922 buf=0 | gpu1:R pend=1 frames=20645 buf=0
[worker 1] timing@frame20651: {'queue_wait_ms': 0.028, 'decode_in_ms': 0.41, 'prompt_ms': 0.0, 'vae_encode_ms': 8.54, 'transformer_plus_decode_ms': 34.42, 'stage_clock': 'cuda-events', 'benchmark_variant': 'terminal-noop', 'output_cast': 'gpu', 'torch_threads': 128, 'terminal_skips': 1, 'jpeg_ms': 0.43, 'total_ms': 43.83}
[worker 0] timing@frame44951: {'queue_wait_ms': 0.02, 'decode_in_ms': 0.39, 'prompt_ms': 0.0, 'vae_encode_ms': 8.83, 'transformer_plus_decode_ms': 33.93, 'stage_clock': 'cuda-events', 'benchmark_variant': 'terminal-noop', 'output_cast': 'gpu', 'torch_threads': 128, 'terminal_skips': 1, 'jpeg_ms': 0.55, 'total_ms': 43.75}
[worker 1] timing@frame20701: {'queue_wait_ms': 0.025, 'decode_in_ms': 0.4, 'prompt_ms': 0.0, 'vae_encode_ms': 8.56, 'transformer_plus_decode_ms': 35.87, 'stage_clock': 'cuda-events', 'benchmark_variant': 'terminal-noop', 'output_cast': 'gpu', 'torch_threads': 128, 'terminal_skips': 1, 'jpeg_ms': 0.44, 'total_ms': 45.32}
[worker 0] timing@frame45001: {'queue_wait_ms': 0.021, 'decode_in_ms': 0.37, 'prompt_ms': 0.0, 'vae_encode_ms': 8.87, 'transformer_plus_decode_ms': 32.86, 'stage_clock': 'cuda-events', 'benchmark_variant': 'terminal-noop', 'output_cast': 'gpu', 'torch_threads': 128, 'terminal_skips': 1, 'jpeg_ms': 0.45, 'total_ms': 42.59}
[DIAG] t=3505s in=114150 →wk=65749 ←wk=65747 →cl=65632 drop_in=0 drop_out=0 | since: client=0.0s worker=0.0s sent=0.0s | ch=open buf=0 | lag: max=1ms avg=0.3ms | heap=12.4MB rss=53.9MB | gpu0:R pend=1 frames=45012 buf=0 | gpu1:R pend=1 frames=20735 buf=0
[worker 1] timing@frame20751: {'queue_wait_ms': 0.024, 'decode_in_ms': 0.39, 'prompt_ms': 0.0, 'vae_encode_ms': 8.72, 'transformer_plus_decode_ms': 33.86, 'stage_clock': 'cuda-events', 'benchmark_variant': 'terminal-noop', 'output_cast': 'gpu', 'torch_threads': 128, 'terminal_skips': 1, 'jpeg_ms': 0.43, 'total_ms': 43.46}
[worker 0] timing@frame45051: {'queue_wait_ms': 0.021, 'decode_in_ms': 0.38, 'prompt_ms': 0.0, 'vae_encode_ms': 8.88, 'transformer_plus_decode_ms': 33.26, 'stage_clock': 'cuda-events', 'benchmark_variant': 'terminal-noop', 'output_cast': 'gpu', 'torch_threads': 128, 'terminal_skips': 1, 'jpeg_ms': 0.47, 'total_ms': 43.03}
[worker 1] timing@frame20801: {'queue_wait_ms': 0.024, 'decode_in_ms': 0.41, 'prompt_ms': 0.0, 'vae_encode_ms': 8.61, 'transformer_plus_decode_ms': 34.57, 'stage_clock': 'cuda-events', 'benchmark_variant': 'terminal-noop', 'output_cast': 'gpu', 'torch_threads': 128, 'terminal_skips': 1, 'jpeg_ms': 0.49, 'total_ms': 44.13}
[worker 0] timing@frame45101: {'queue_wait_ms': 0.022, 'decode_in_ms': 0.41, 'prompt_ms': 0.0, 'vae_encode_ms': 8.92, 'transformer_plus_decode_ms': 33.6, 'stage_clock': 'cuda-events', 'benchmark_variant': 'terminal-noop', 'output_cast': 'gpu', 'torch_threads': 128, 'terminal_skips': 1, 'jpeg_ms': 0.46, 'total_ms': 43.44}
[DIAG] t=3510s in=114346 →wk=65927 ←wk=65926 →cl=65811 drop_in=0 drop_out=0 | since: client=0.0s worker=0.0s sent=0.0s | ch=open buf=0 | lag: max=1ms avg=0.3ms | heap=9.1MB rss=51.8MB | gpu0:R pend=1 frames=45101 buf=0 | gpu1:R pend=0 frames=20825 buf=0
[worker 1] timing@frame20851: {'queue_wait_ms': 0.04, 'decode_in_ms': 0.4, 'prompt_ms': 0.0, 'vae_encode_ms': 8.56, 'transformer_plus_decode_ms': 35.09, 'stage_clock': 'cuda-events', 'benchmark_variant': 'terminal-noop', 'output_cast': 'gpu', 'torch_threads': 128, 'terminal_skips': 1, 'jpeg_ms': 0.43, 'total_ms': 44.51}
[worker 0] timing@frame45151: {'queue_wait_ms': 0.022, 'decode_in_ms': 0.37, 'prompt_ms': 0.0, 'vae_encode_ms': 16.56, 'transformer_plus_decode_ms': 32.79, 'stage_clock': 'cuda-events', 'benchmark_variant': 'terminal-noop', 'output_cast': 'gpu', 'torch_threads': 128, 'terminal_skips': 1, 'jpeg_ms': 0.45, 'total_ms': 50.22}
[worker 1] timing@frame20901: {'queue_wait_ms': 0.025, 'decode_in_ms': 0.39, 'prompt_ms': 0.0, 'vae_encode_ms': 8.61, 'transformer_plus_decode_ms': 32.55, 'stage_clock': 'cuda-events', 'benchmark_variant': 'terminal-noop', 'output_cast': 'gpu', 'torch_threads': 128, 'terminal_skips': 1, 'jpeg_ms': 0.44, 'total_ms': 42.02}
[DIAG] t=3515s in=114550 →wk=66113 ←wk=66111 →cl=65996 drop_in=0 drop_out=0 | since: client=0.0s worker=0.0s sent=0.0s | ch=open buf=0 | lag: max=0ms avg=0.3ms | heap=9.1MB rss=53.8MB | gpu0:R pend=1 frames=45194 buf=0 | gpu1:R pend=1 frames=20917 buf=0
[worker 0] timing@frame45201: {'queue_wait_ms': 0.019, 'decode_in_ms': 0.37, 'prompt_ms': 0.0, 'vae_encode_ms': 8.89, 'transformer_plus_decode_ms': 33.17, 'stage_clock': 'cuda-events', 'benchmark_variant': 'terminal-noop', 'output_cast': 'gpu', 'torch_threads': 128, 'terminal_skips': 1, 'jpeg_ms': 0.46, 'total_ms': 42.94}
[worker 1] timing@frame20951: {'queue_wait_ms': 0.031, 'decode_in_ms': 0.44, 'prompt_ms': 0.0, 'vae_encode_ms': 16.3, 'transformer_plus_decode_ms': 35.02, 'stage_clock': 'cuda-events', 'benchmark_variant': 'terminal-noop', 'output_cast': 'gpu', 'torch_threads': 128, 'terminal_skips': 1, 'jpeg_ms': 0.43, 'total_ms': 52.23}
[worker 0] timing@frame45251: {'queue_wait_ms': 0.021, 'decode_in_ms': 0.38, 'prompt_ms': 0.0, 'vae_encode_ms': 8.87, 'transformer_plus_decode_ms': 33.04, 'stage_clock': 'cuda-events', 'benchmark_variant': 'terminal-noop', 'output_cast': 'gpu', 'torch_threads': 128, 'terminal_skips': 1, 'jpeg_ms': 0.44, 'total_ms': 42.78}
[worker 1] timing@frame21001: {'queue_wait_ms': 0.026, 'decode_in_ms': 0.42, 'prompt_ms': 0.0, 'vae_encode_ms': 8.64, 'transformer_plus_decode_ms': 36.01, 'stage_clock': 'cuda-events', 'benchmark_variant': 'terminal-noop', 'output_cast': 'gpu', 'torch_threads': 128, 'terminal_skips': 1, 'jpeg_ms': 0.47, 'total_ms': 45.58}
[DIAG] t=3520s in=114757 →wk=66299 ←wk=66297 →cl=66182 drop_in=0 drop_out=0 | since: client=0.0s worker=0.0s sent=0.0s | ch=open buf=0 | lag: max=1ms avg=0.3ms | heap=9.6MB rss=53.8MB | gpu0:R pend=1 frames=45287 buf=0 | gpu1:R pend=1 frames=21010 buf=0
[worker 0] timing@frame45301: {'queue_wait_ms': 0.035, 'decode_in_ms': 0.41, 'prompt_ms': 0.0, 'vae_encode_ms': 16.91, 'transformer_plus_decode_ms': 33.28, 'stage_clock': 'cuda-events', 'benchmark_variant': 'terminal-noop', 'output_cast': 'gpu', 'torch_threads': 128, 'terminal_skips': 1, 'jpeg_ms': 0.46, 'total_ms': 51.11}
[worker 1] timing@frame21051: {'queue_wait_ms': 0.024, 'decode_in_ms': 0.39, 'prompt_ms': 0.0, 'vae_encode_ms': 8.46, 'transformer_plus_decode_ms': 32.25, 'stage_clock': 'cuda-events', 'benchmark_variant': 'terminal-noop', 'output_cast': 'gpu', 'torch_threads': 128, 'terminal_skips': 1, 'jpeg_ms': 0.42, 'total_ms': 41.56}
[worker 0] timing@frame45351: {'queue_wait_ms': 0.02, 'decode_in_ms': 0.4, 'prompt_ms': 0.0, 'vae_encode_ms': 8.83, 'transformer_plus_decode_ms': 33.4, 'stage_clock': 'cuda-events', 'benchmark_variant': 'terminal-noop', 'output_cast': 'gpu', 'torch_threads': 128, 'terminal_skips': 1, 'jpeg_ms': 0.48, 'total_ms': 43.17}
[worker 1] timing@frame21101: {'queue_wait_ms': 0.023, 'decode_in_ms': 0.43, 'prompt_ms': 0.0, 'vae_encode_ms': 8.57, 'transformer_plus_decode_ms': 35.09, 'stage_clock': 'cuda-events', 'benchmark_variant': 'terminal-noop', 'output_cast': 'gpu', 'torch_threads': 128, 'terminal_skips': 1, 'jpeg_ms': 0.44, 'total_ms': 44.57}
[DIAG] t=3525s in=114957 →wk=66483 ←wk=66482 →cl=66367 drop_in=0 drop_out=0 | since: client=0.0s worker=0.0s sent=0.0s | ch=open buf=0 | lag: max=1ms avg=0.3ms | heap=9.8MB rss=53.8MB | gpu0:R pend=1 frames=45379 buf=0 | gpu1:R pend=0 frames=21103 buf=0
[worker 0] timing@frame45401: {'queue_wait_ms': 0.035, 'decode_in_ms': 0.51, 'prompt_ms': 0.0, 'vae_encode_ms': 13.01, 'transformer_plus_decode_ms': 34.41, 'stage_clock': 'cuda-events', 'benchmark_variant': 'terminal-noop', 'output_cast': 'gpu', 'torch_threads': 128, 'terminal_skips': 1, 'jpeg_ms': 0.5, 'total_ms': 48.5}
[worker 1] timing@frame21151: {'queue_wait_ms': 0.025, 'decode_in_ms': 0.4, 'prompt_ms': 0.0, 'vae_encode_ms': 8.58, 'transformer_plus_decode_ms': 36.32, 'stage_clock': 'cuda-events', 'benchmark_variant': 'terminal-noop', 'output_cast': 'gpu', 'torch_threads': 128, 'terminal_skips': 1, 'jpeg_ms': 0.45, 'total_ms': 45.8}
[worker 0] timing@frame45451: {'queue_wait_ms': 0.021, 'decode_in_ms': 0.39, 'prompt_ms': 0.0, 'vae_encode_ms': 8.91, 'transformer_plus_decode_ms': 33.04, 'stage_clock': 'cuda-events', 'benchmark_variant': 'terminal-noop', 'output_cast': 'gpu', 'torch_threads': 128, 'terminal_skips': 1, 'jpeg_ms': 0.45, 'total_ms': 42.83}
[DIAG] t=3530s in=115170 →wk=66667 ←wk=66665 →cl=66550 drop_in=0 drop_out=0 | since: client=0.0s worker=0.0s sent=0.0s | ch=open buf=0 | lag: max=0ms avg=0.3ms | heap=10.0MB rss=53.8MB | gpu0:R pend=1 frames=45471 buf=0 | gpu1:R pend=1 frames=21194 buf=0
[worker 1] timing@frame21201: {'queue_wait_ms': 0.026, 'decode_in_ms': 0.41, 'prompt_ms': 0.0, 'vae_encode_ms': 8.62, 'transformer_plus_decode_ms': 33.72, 'stage_clock': 'cuda-events', 'benchmark_variant': 'terminal-noop', 'output_cast': 'gpu', 'torch_threads': 128, 'terminal_skips': 1, 'jpeg_ms': 0.53, 'total_ms': 43.33}
[worker 0] timing@frame45501: {'queue_wait_ms': 0.022, 'decode_in_ms': 0.37, 'prompt_ms': 0.0, 'vae_encode_ms': 8.82, 'transformer_plus_decode_ms': 33.2, 'stage_clock': 'cuda-events', 'benchmark_variant': 'terminal-noop', 'output_cast': 'gpu', 'torch_threads': 128, 'terminal_skips': 1, 'jpeg_ms': 0.45, 'total_ms': 42.88}
[worker 1] timing@frame21251: {'queue_wait_ms': 0.028, 'decode_in_ms': 0.42, 'prompt_ms': 0.0, 'vae_encode_ms': 8.68, 'transformer_plus_decode_ms': 36.52, 'stage_clock': 'cuda-events', 'benchmark_variant': 'terminal-noop', 'output_cast': 'gpu', 'torch_threads': 128, 'terminal_skips': 1, 'jpeg_ms': 0.45, 'total_ms': 46.13}
[worker 0] timing@frame45551: {'queue_wait_ms': 0.019, 'decode_in_ms': 0.37, 'prompt_ms': 0.0, 'vae_encode_ms': 8.75, 'transformer_plus_decode_ms': 32.51, 'stage_clock': 'cuda-events', 'benchmark_variant': 'terminal-noop', 'output_cast': 'gpu', 'torch_threads': 128, 'terminal_skips': 1, 'jpeg_ms': 0.44, 'total_ms': 42.11}
[DIAG] t=3535s in=115402 →wk=66861 ←wk=66860 →cl=66744 drop_in=0 drop_out=0 | since: client=0.0s worker=0.0s sent=0.0s | ch=open buf=0 | lag: max=1ms avg=0.3ms | heap=10.8MB rss=53.8MB | gpu0:R pend=1 frames=45568 buf=0 | gpu1:R pend=0 frames=21292 buf=0
[worker 1] timing@frame21301: {'queue_wait_ms': 0.024, 'decode_in_ms': 0.4, 'prompt_ms': 0.0, 'vae_encode_ms': 8.64, 'transformer_plus_decode_ms': 35.31, 'stage_clock': 'cuda-events', 'benchmark_variant': 'terminal-noop', 'output_cast': 'gpu', 'torch_threads': 128, 'terminal_skips': 1, 'jpeg_ms': 0.44, 'total_ms': 44.82}
[worker 0] timing@frame45601: {'queue_wait_ms': 0.02, 'decode_in_ms': 0.37, 'prompt_ms': 0.0, 'vae_encode_ms': 8.76, 'transformer_plus_decode_ms': 32.55, 'stage_clock': 'cuda-events', 'benchmark_variant': 'terminal-noop', 'output_cast': 'gpu', 'torch_threads': 128, 'terminal_skips': 1, 'jpeg_ms': 0.44, 'total_ms': 42.16}
[worker 1] timing@frame21351: {'queue_wait_ms': 0.025, 'decode_in_ms': 0.44, 'prompt_ms': 0.0, 'vae_encode_ms': 16.54, 'transformer_plus_decode_ms': 32.89, 'stage_clock': 'cuda-events', 'benchmark_variant': 'terminal-noop', 'output_cast': 'gpu', 'torch_threads': 128, 'terminal_skips': 1, 'jpeg_ms': 0.43, 'total_ms': 50.34}
[worker 0] timing@frame45651: {'queue_wait_ms': 0.024, 'decode_in_ms': 0.36, 'prompt_ms': 0.0, 'vae_encode_ms': 8.69, 'transformer_plus_decode_ms': 32.49, 'stage_clock': 'cuda-events', 'benchmark_variant': 'terminal-noop', 'output_cast': 'gpu', 'torch_threads': 128, 'terminal_skips': 1, 'jpeg_ms': 0.45, 'total_ms': 42.03}
[DIAG] t=3540s in=115609 →wk=67047 ←wk=67045 →cl=66929 drop_in=0 drop_out=0 | since: client=0.0s worker=0.0s sent=0.0s | ch=open buf=0 | lag: max=1ms avg=0.3ms | heap=11.1MB rss=53.8MB | gpu0:R pend=1 frames=45661 buf=0 | gpu1:R pend=1 frames=21384 buf=0
[worker 1] timing@frame21401: {'queue_wait_ms': 0.024, 'decode_in_ms': 0.4, 'prompt_ms': 0.0, 'vae_encode_ms': 8.64, 'transformer_plus_decode_ms': 35.26, 'stage_clock': 'cuda-events', 'benchmark_variant': 'terminal-noop', 'output_cast': 'gpu', 'torch_threads': 128, 'terminal_skips': 1, 'jpeg_ms': 0.43, 'total_ms': 44.77}
[worker 0] timing@frame45701: {'queue_wait_ms': 0.024, 'decode_in_ms': 0.38, 'prompt_ms': 0.0, 'vae_encode_ms': 8.82, 'transformer_plus_decode_ms': 32.95, 'stage_clock': 'cuda-events', 'benchmark_variant': 'terminal-noop', 'output_cast': 'gpu', 'torch_threads': 128, 'terminal_skips': 1, 'jpeg_ms': 0.45, 'total_ms': 42.65}
[worker 1] timing@frame21451: {'queue_wait_ms': 0.027, 'decode_in_ms': 0.41, 'prompt_ms': 0.0, 'vae_encode_ms': 20.41, 'transformer_plus_decode_ms': 35.7, 'stage_clock': 'cuda-events', 'benchmark_variant': 'terminal-noop', 'output_cast': 'gpu', 'torch_threads': 128, 'terminal_skips': 1, 'jpeg_ms': 0.45, 'total_ms': 57.01}
[worker 0] timing@frame45751: {'queue_wait_ms': 0.025, 'decode_in_ms': 0.37, 'prompt_ms': 0.0, 'vae_encode_ms': 8.84, 'transformer_plus_decode_ms': 32.84, 'stage_clock': 'cuda-events', 'benchmark_variant': 'terminal-noop', 'output_cast': 'gpu', 'torch_threads': 128, 'terminal_skips': 1, 'jpeg_ms': 0.45, 'total_ms': 42.55}
[DIAG] t=3545s in=115832 →wk=67234 ←wk=67232 →cl=67116 drop_in=0 drop_out=0 | since: client=0.0s worker=0.0s sent=0.0s | ch=open buf=0 | lag: max=3ms avg=0.3ms | heap=8.5MB rss=53.8MB | gpu0:R pend=1 frames=45754 buf=0 | gpu1:R pend=1 frames=21478 buf=0
[worker 1] timing@frame21501: {'queue_wait_ms': 0.034, 'decode_in_ms': 0.42, 'prompt_ms': 0.0, 'vae_encode_ms': 8.9, 'transformer_plus_decode_ms': 33.32, 'stage_clock': 'cuda-events', 'benchmark_variant': 'terminal-noop', 'output_cast': 'gpu', 'torch_threads': 128, 'terminal_skips': 1, 'jpeg_ms': 0.45, 'total_ms': 43.14}
[worker 0] timing@frame45801: {'queue_wait_ms': 0.031, 'decode_in_ms': 0.41, 'prompt_ms': 0.0, 'vae_encode_ms': 8.86, 'transformer_plus_decode_ms': 32.69, 'stage_clock': 'cuda-events', 'benchmark_variant': 'terminal-noop', 'output_cast': 'gpu', 'torch_threads': 128, 'terminal_skips': 1, 'jpeg_ms': 0.46, 'total_ms': 42.47}
[worker 1] timing@frame21551: {'queue_wait_ms': 0.025, 'decode_in_ms': 0.4, 'prompt_ms': 0.0, 'vae_encode_ms': 8.55, 'transformer_plus_decode_ms': 35.41, 'stage_clock': 'cuda-events', 'benchmark_variant': 'terminal-noop', 'output_cast': 'gpu', 'torch_threads': 128, 'terminal_skips': 1, 'jpeg_ms': 0.45, 'total_ms': 44.85}
[DIAG] t=3550s in=116047 →wk=67421 ←wk=67420 →cl=67304 drop_in=0 drop_out=0 | since: client=0.0s worker=0.0s sent=0.0s | ch=open buf=0 | lag: max=0ms avg=0.3ms | heap=9.0MB rss=53.8MB | gpu0:R pend=1 frames=45848 buf=0 | gpu1:R pend=0 frames=21572 buf=0
[worker 0] timing@frame45851: {'queue_wait_ms': 0.034, 'decode_in_ms': 0.37, 'prompt_ms': 0.0, 'vae_encode_ms': 8.86, 'transformer_plus_decode_ms': 32.64, 'stage_clock': 'cuda-events', 'benchmark_variant': 'terminal-noop', 'output_cast': 'gpu', 'torch_threads': 128, 'terminal_skips': 1, 'jpeg_ms': 0.45, 'total_ms': 42.37}
[worker 1] timing@frame21601: {'queue_wait_ms': 0.04, 'decode_in_ms': 0.42, 'prompt_ms': 0.0, 'vae_encode_ms': 8.69, 'transformer_plus_decode_ms': 35.8, 'stage_clock': 'cuda-events', 'benchmark_variant': 'terminal-noop', 'output_cast': 'gpu', 'torch_threads': 128, 'terminal_skips': 1, 'jpeg_ms': 0.44, 'total_ms': 45.41}
[worker 0] timing@frame45901: {'queue_wait_ms': 0.023, 'decode_in_ms': 0.4, 'prompt_ms': 0.0, 'vae_encode_ms': 9.02, 'transformer_plus_decode_ms': 33.48, 'stage_clock': 'cuda-events', 'benchmark_variant': 'terminal-noop', 'output_cast': 'gpu', 'torch_threads': 128, 'terminal_skips': 1, 'jpeg_ms': 0.49, 'total_ms': 43.45}
[worker 1] timing@frame21651: {'queue_wait_ms': 0.025, 'decode_in_ms': 0.41, 'prompt_ms': 0.0, 'vae_encode_ms': 8.47, 'transformer_plus_decode_ms': 32.29, 'stage_clock': 'cuda-events', 'benchmark_variant': 'terminal-noop', 'output_cast': 'gpu', 'torch_threads': 128, 'terminal_skips': 1, 'jpeg_ms': 0.42, 'total_ms': 41.62}
[DIAG] t=3555s in=116276 →wk=67615 ←wk=67613 →cl=67497 drop_in=0 drop_out=0 | since: client=0.0s worker=0.0s sent=0.0s | ch=open buf=0 | lag: max=1ms avg=0.3ms | heap=10.0MB rss=53.8MB | gpu0:R pend=1 frames=45945 buf=0 | gpu1:R pend=1 frames=21668 buf=0
[worker 0] timing@frame45951: {'queue_wait_ms': 0.026, 'decode_in_ms': 0.4, 'prompt_ms': 0.0, 'vae_encode_ms': 16.55, 'transformer_plus_decode_ms': 34.29, 'stage_clock': 'cuda-events', 'benchmark_variant': 'terminal-noop', 'output_cast': 'gpu', 'torch_threads': 128, 'terminal_skips': 1, 'jpeg_ms': 0.48, 'total_ms': 51.77}
[worker 1] timing@frame21701: {'queue_wait_ms': 0.032, 'decode_in_ms': 0.47, 'prompt_ms': 0.0, 'vae_encode_ms': 8.93, 'transformer_plus_decode_ms': 37.4, 'stage_clock': 'cuda-events', 'benchmark_variant': 'terminal-noop', 'output_cast': 'gpu', 'torch_threads': 128, 'terminal_skips': 1, 'jpeg_ms': 0.58, 'total_ms': 47.45}
[worker 0] timing@frame46001: {'queue_wait_ms': 0.025, 'decode_in_ms': 0.39, 'prompt_ms': 0.0, 'vae_encode_ms': 8.87, 'transformer_plus_decode_ms': 33.1, 'stage_clock': 'cuda-events', 'benchmark_variant': 'terminal-noop', 'output_cast': 'gpu', 'torch_threads': 128, 'terminal_skips': 1, 'jpeg_ms': 0.46, 'total_ms': 42.87}
[worker 1] timing@frame21751: {'queue_wait_ms': 0.032, 'decode_in_ms': 0.46, 'prompt_ms': 0.0, 'vae_encode_ms': 8.92, 'transformer_plus_decode_ms': 36.0, 'stage_clock': 'cuda-events', 'benchmark_variant': 'terminal-noop', 'output_cast': 'gpu', 'torch_threads': 128, 'terminal_skips': 1, 'jpeg_ms': 0.45, 'total_ms': 45.88}
[DIAG] t=3560s in=116495 →wk=67799 ←wk=67797 →cl=67680 drop_in=0 drop_out=0 | since: client=0.0s worker=0.0s sent=0.0s | ch=open buf=0 | lag: max=1ms avg=0.3ms | heap=10.3MB rss=53.8MB | gpu0:R pend=1 frames=46036 buf=0 | gpu1:R pend=1 frames=21761 buf=0
[worker 0] timing@frame46051: {'queue_wait_ms': 0.028, 'decode_in_ms': 0.42, 'prompt_ms': 0.0, 'vae_encode_ms': 9.27, 'transformer_plus_decode_ms': 34.68, 'stage_clock': 'cuda-events', 'benchmark_variant': 'terminal-noop', 'output_cast': 'gpu', 'torch_threads': 128, 'terminal_skips': 1, 'jpeg_ms': 0.45, 'total_ms': 44.87}
[worker 1] timing@frame21801: {'queue_wait_ms': 0.094, 'decode_in_ms': 0.58, 'prompt_ms': 0.0, 'vae_encode_ms': 23.25, 'transformer_plus_decode_ms': 33.64, 'stage_clock': 'cuda-events', 'benchmark_variant': 'terminal-noop', 'output_cast': 'gpu', 'torch_threads': 128, 'terminal_skips': 1, 'jpeg_ms': 0.51, 'total_ms': 58.03}
[worker 0] timing@frame46101: {'queue_wait_ms': 0.023, 'decode_in_ms': 0.39, 'prompt_ms': 0.0, 'vae_encode_ms': 8.97, 'transformer_plus_decode_ms': 32.99, 'stage_clock': 'cuda-events', 'benchmark_variant': 'terminal-noop', 'output_cast': 'gpu', 'torch_threads': 128, 'terminal_skips': 1, 'jpeg_ms': 0.45, 'total_ms': 42.84}
[worker 1] timing@frame21851: {'queue_wait_ms': 0.026, 'decode_in_ms': 0.41, 'prompt_ms': 0.0, 'vae_encode_ms': 8.54, 'transformer_plus_decode_ms': 35.36, 'stage_clock': 'cuda-events', 'benchmark_variant': 'terminal-noop', 'output_cast': 'gpu', 'torch_threads': 128, 'terminal_skips': 1, 'jpeg_ms': 0.49, 'total_ms': 44.82}
[DIAG] t=3565s in=116709 →wk=67985 ←wk=67984 →cl=67866 drop_in=0 drop_out=0 | since: client=0.0s worker=0.0s sent=0.0s | ch=open buf=0 | lag: max=0ms avg=0.3ms | heap=10.4MB rss=53.8MB | gpu0:R pend=1 frames=46130 buf=0 | gpu1:R pend=0 frames=21854 buf=0
[worker 0] timing@frame46151: {'queue_wait_ms': 0.012, 'decode_in_ms': 0.39, 'prompt_ms': 0.0, 'vae_encode_ms': 9.01, 'transformer_plus_decode_ms': 33.36, 'stage_clock': 'cuda-events', 'benchmark_variant': 'terminal-noop', 'output_cast': 'gpu', 'torch_threads': 128, 'terminal_skips': 1, 'jpeg_ms': 0.45, 'total_ms': 43.25}
[worker 1] timing@frame21901: {'queue_wait_ms': 0.039, 'decode_in_ms': 0.4, 'prompt_ms': 0.0, 'vae_encode_ms': 8.55, 'transformer_plus_decode_ms': 35.12, 'stage_clock': 'cuda-events', 'benchmark_variant': 'terminal-noop', 'output_cast': 'gpu', 'torch_threads': 128, 'terminal_skips': 1, 'jpeg_ms': 0.43, 'total_ms': 44.54}
[worker 0] timing@frame46201: {'queue_wait_ms': 0.021, 'decode_in_ms': 0.41, 'prompt_ms': 0.0, 'vae_encode_ms': 8.98, 'transformer_plus_decode_ms': 35.46, 'stage_clock': 'cuda-events', 'benchmark_variant': 'terminal-noop', 'output_cast': 'gpu', 'torch_threads': 128, 'terminal_skips': 1, 'jpeg_ms': 0.63, 'total_ms': 45.55}
[DIAG] t=3570s in=116933 →wk=68172 ←wk=68170 →cl=68051 drop_in=0 drop_out=0 | since: client=0.0s worker=0.0s sent=0.0s | ch=open buf=0 | lag: max=1ms avg=0.3ms | heap=10.9MB rss=53.8MB | gpu0:R pend=1 frames=46224 buf=0 | gpu1:R pend=1 frames=21946 buf=0
[worker 1] timing@frame21951: {'queue_wait_ms': 0.031, 'decode_in_ms': 0.39, 'prompt_ms': 0.0, 'vae_encode_ms': 8.54, 'transformer_plus_decode_ms': 32.53, 'stage_clock': 'cuda-events', 'benchmark_variant': 'terminal-noop', 'output_cast': 'gpu', 'torch_threads': 128, 'terminal_skips': 1, 'jpeg_ms': 0.44, 'total_ms': 41.94}
[worker 0] timing@frame46251: {'queue_wait_ms': 0.032, 'decode_in_ms': 0.38, 'prompt_ms': 0.0, 'vae_encode_ms': 8.81, 'transformer_plus_decode_ms': 32.98, 'stage_clock': 'cuda-events', 'benchmark_variant': 'terminal-noop', 'output_cast': 'gpu', 'torch_threads': 128, 'terminal_skips': 1, 'jpeg_ms': 0.45, 'total_ms': 42.66}
[worker 1] timing@frame22001: {'queue_wait_ms': 0.032, 'decode_in_ms': 0.42, 'prompt_ms': 0.0, 'vae_encode_ms': 8.54, 'transformer_plus_decode_ms': 34.52, 'stage_clock': 'cuda-events', 'benchmark_variant': 'terminal-noop', 'output_cast': 'gpu', 'torch_threads': 128, 'terminal_skips': 1, 'jpeg_ms': 0.44, 'total_ms': 43.96}
[worker 0] timing@frame46301: {'queue_wait_ms': 0.022, 'decode_in_ms': 0.38, 'prompt_ms': 0.0, 'vae_encode_ms': 8.84, 'transformer_plus_decode_ms': 32.93, 'stage_clock': 'cuda-events', 'benchmark_variant': 'terminal-noop', 'output_cast': 'gpu', 'torch_threads': 128, 'terminal_skips': 1, 'jpeg_ms': 0.44, 'total_ms': 42.63}
[DIAG] t=3575s in=117167 →wk=68369 ←wk=68367 →cl=68247 drop_in=0 drop_out=0 | since: client=0.0s worker=0.0s sent=0.0s | ch=open buf=0 | lag: max=1ms avg=0.3ms | heap=8.9MB rss=53.8MB | gpu0:R pend=1 frames=46322 buf=0 | gpu1:R pend=1 frames=22045 buf=0
[worker 1] timing@frame22051: {'queue_wait_ms': 0.032, 'decode_in_ms': 0.49, 'prompt_ms': 0.0, 'vae_encode_ms': 8.89, 'transformer_plus_decode_ms': 36.14, 'stage_clock': 'cuda-events', 'benchmark_variant': 'terminal-noop', 'output_cast': 'gpu', 'torch_threads': 128, 'terminal_skips': 1, 'jpeg_ms': 0.52, 'total_ms': 46.09}
[worker 0] timing@frame46351: {'queue_wait_ms': 0.022, 'decode_in_ms': 0.38, 'prompt_ms': 0.0, 'vae_encode_ms': 8.9, 'transformer_plus_decode_ms': 33.36, 'stage_clock': 'cuda-events', 'benchmark_variant': 'terminal-noop', 'output_cast': 'gpu', 'torch_threads': 128, 'terminal_skips': 1, 'jpeg_ms': 0.49, 'total_ms': 43.17}
[worker 1] timing@frame22101: {'queue_wait_ms': 0.024, 'decode_in_ms': 0.41, 'prompt_ms': 0.0, 'vae_encode_ms': 8.6, 'transformer_plus_decode_ms': 32.49, 'stage_clock': 'cuda-events', 'benchmark_variant': 'terminal-noop', 'output_cast': 'gpu', 'torch_threads': 128, 'terminal_skips': 1, 'jpeg_ms': 0.44, 'total_ms': 41.98}
[worker 0] timing@frame46401: {'queue_wait_ms': 0.021, 'decode_in_ms': 0.38, 'prompt_ms': 0.0, 'vae_encode_ms': 8.95, 'transformer_plus_decode_ms': 32.78, 'stage_clock': 'cuda-events', 'benchmark_variant': 'terminal-noop', 'output_cast': 'gpu', 'torch_threads': 128, 'terminal_skips': 1, 'jpeg_ms': 0.47, 'total_ms': 42.63}
[DIAG] t=3580s in=117385 →wk=68556 ←wk=68554 →cl=68434 drop_in=0 drop_out=0 | since: client=0.0s worker=0.0s sent=0.0s | ch=open buf=0 | lag: max=1ms avg=0.3ms | heap=9.3MB rss=53.8MB | gpu0:R pend=1 frames=46415 buf=0 | gpu1:R pend=1 frames=22139 buf=0
[worker 1] timing@frame22151: {'queue_wait_ms': 0.024, 'decode_in_ms': 0.4, 'prompt_ms': 0.0, 'vae_encode_ms': 8.55, 'transformer_plus_decode_ms': 35.2, 'stage_clock': 'cuda-events', 'benchmark_variant': 'terminal-noop', 'output_cast': 'gpu', 'torch_threads': 128, 'terminal_skips': 1, 'jpeg_ms': 0.44, 'total_ms': 44.64}
[worker 0] timing@frame46451: {'queue_wait_ms': 0.038, 'decode_in_ms': 0.4, 'prompt_ms': 0.0, 'vae_encode_ms': 8.91, 'transformer_plus_decode_ms': 33.28, 'stage_clock': 'cuda-events', 'benchmark_variant': 'terminal-noop', 'output_cast': 'gpu', 'torch_threads': 128, 'terminal_skips': 1, 'jpeg_ms': 0.46, 'total_ms': 43.1}
[worker 1] timing@frame22201: {'queue_wait_ms': 0.046, 'decode_in_ms': 0.57, 'prompt_ms': 0.01, 'vae_encode_ms': 9.48, 'transformer_plus_decode_ms': 36.74, 'stage_clock': 'cuda-events', 'benchmark_variant': 'terminal-noop', 'output_cast': 'gpu', 'torch_threads': 128, 'terminal_skips': 1, 'jpeg_ms': 0.49, 'total_ms': 47.37}
[worker 0] timing@frame46501: {'queue_wait_ms': 0.029, 'decode_in_ms': 0.4, 'prompt_ms': 0.0, 'vae_encode_ms': 9.07, 'transformer_plus_decode_ms': 33.14, 'stage_clock': 'cuda-events', 'benchmark_variant': 'terminal-noop', 'output_cast': 'gpu', 'torch_threads': 128, 'terminal_skips': 1, 'jpeg_ms': 0.47, 'total_ms': 43.13}
[DIAG] t=3585s in=117608 →wk=68751 ←wk=68749 →cl=68629 drop_in=0 drop_out=0 | since: client=0.0s worker=0.0s sent=0.0s | ch=open buf=0 | lag: max=1ms avg=0.3ms | heap=10.3MB rss=53.8MB | gpu0:R pend=1 frames=46513 buf=0 | gpu1:R pend=1 frames=22236 buf=0
[worker 1] timing@frame22251: {'queue_wait_ms': 0.022, 'decode_in_ms': 0.51, 'prompt_ms': 0.0, 'vae_encode_ms': 8.49, 'transformer_plus_decode_ms': 32.74, 'stage_clock': 'cuda-events', 'benchmark_variant': 'terminal-noop', 'output_cast': 'gpu', 'torch_threads': 128, 'terminal_skips': 1, 'jpeg_ms': 0.44, 'total_ms': 42.22}
[worker 0] timing@frame46551: {'queue_wait_ms': 0.029, 'decode_in_ms': 0.45, 'prompt_ms': 0.0, 'vae_encode_ms': 18.04, 'transformer_plus_decode_ms': 33.07, 'stage_clock': 'cuda-events', 'benchmark_variant': 'terminal-noop', 'output_cast': 'gpu', 'torch_threads': 128, 'terminal_skips': 1, 'jpeg_ms': 0.44, 'total_ms': 52.04}
[worker 1] timing@frame22301: {'queue_wait_ms': 0.032, 'decode_in_ms': 0.52, 'prompt_ms': 0.0, 'vae_encode_ms': 8.56, 'transformer_plus_decode_ms': 34.88, 'stage_clock': 'cuda-events', 'benchmark_variant': 'terminal-noop', 'output_cast': 'gpu', 'torch_threads': 128, 'terminal_skips': 1, 'jpeg_ms': 0.44, 'total_ms': 44.44}
[worker 0] timing@frame46601: {'queue_wait_ms': 0.016, 'decode_in_ms': 0.38, 'prompt_ms': 0.0, 'vae_encode_ms': 8.91, 'transformer_plus_decode_ms': 33.04, 'stage_clock': 'cuda-events', 'benchmark_variant': 'terminal-noop', 'output_cast': 'gpu', 'torch_threads': 128, 'terminal_skips': 1, 'jpeg_ms': 0.45, 'total_ms': 42.82}
[DIAG] t=3590s in=117825 →wk=68943 ←wk=68943 →cl=68823 drop_in=0 drop_out=0 | since: client=0.1s worker=0.0s sent=0.0s | ch=open buf=0 | lag: max=1ms avg=0.3ms | heap=11.1MB rss=53.8MB | gpu0:R pend=0 frames=46610 buf=0 | gpu1:R pend=0 frames=22333 buf=0
[worker 1] timing@frame22351: {'queue_wait_ms': 0.027, 'decode_in_ms': 0.41, 'prompt_ms': 0.0, 'vae_encode_ms': 8.59, 'transformer_plus_decode_ms': 35.29, 'stage_clock': 'cuda-events', 'benchmark_variant': 'terminal-noop', 'output_cast': 'gpu', 'torch_threads': 128, 'terminal_skips': 1, 'jpeg_ms': 0.49, 'total_ms': 44.82}
[worker 0] timing@frame46651: {'queue_wait_ms': 0.027, 'decode_in_ms': 0.39, 'prompt_ms': 0.0, 'vae_encode_ms': 9.39, 'transformer_plus_decode_ms': 33.59, 'stage_clock': 'cuda-events', 'benchmark_variant': 'terminal-noop', 'output_cast': 'gpu', 'torch_threads': 128, 'terminal_skips': 1, 'jpeg_ms': 0.47, 'total_ms': 43.89}
[worker 1] timing@frame22401: {'queue_wait_ms': 0.035, 'decode_in_ms': 0.4, 'prompt_ms': 0.0, 'vae_encode_ms': 8.69, 'transformer_plus_decode_ms': 32.9, 'stage_clock': 'cuda-events', 'benchmark_variant': 'terminal-noop', 'output_cast': 'gpu', 'torch_threads': 128, 'terminal_skips': 1, 'jpeg_ms': 0.43, 'total_ms': 42.47}
[worker 0] timing@frame46701: {'queue_wait_ms': 0.027, 'decode_in_ms': 0.39, 'prompt_ms': 0.0, 'vae_encode_ms': 9.01, 'transformer_plus_decode_ms': 33.52, 'stage_clock': 'cuda-events', 'benchmark_variant': 'terminal-noop', 'output_cast': 'gpu', 'torch_threads': 128, 'terminal_skips': 1, 'jpeg_ms': 0.47, 'total_ms': 43.45}
[DIAG] t=3595s in=118045 →wk=69131 ←wk=69130 →cl=69010 drop_in=0 drop_out=0 | since: client=0.0s worker=0.0s sent=0.0s | ch=open buf=0 | lag: max=1ms avg=0.3ms | heap=11.6MB rss=53.8MB | gpu0:R pend=1 frames=46703 buf=0 | gpu1:R pend=0 frames=22427 buf=0
[worker 1] timing@frame22451: {'queue_wait_ms': 0.031, 'decode_in_ms': 0.4, 'prompt_ms': 0.0, 'vae_encode_ms': 8.58, 'transformer_plus_decode_ms': 34.95, 'stage_clock': 'cuda-events', 'benchmark_variant': 'terminal-noop', 'output_cast': 'gpu', 'torch_threads': 128, 'terminal_skips': 1, 'jpeg_ms': 0.44, 'total_ms': 44.41}
[worker 0] timing@frame46751: {'queue_wait_ms': 0.043, 'decode_in_ms': 0.38, 'prompt_ms': 0.0, 'vae_encode_ms': 9.0, 'transformer_plus_decode_ms': 32.84, 'stage_clock': 'cuda-events', 'benchmark_variant': 'terminal-noop', 'output_cast': 'gpu', 'torch_threads': 128, 'terminal_skips': 1, 'jpeg_ms': 0.45, 'total_ms': 42.72}
[worker 1] timing@frame22501: {'queue_wait_ms': 0.027, 'decode_in_ms': 0.4, 'prompt_ms': 0.0, 'vae_encode_ms': 8.57, 'transformer_plus_decode_ms': 35.27, 'stage_clock': 'cuda-events', 'benchmark_variant': 'terminal-noop', 'output_cast': 'gpu', 'torch_threads': 128, 'terminal_skips': 1, 'jpeg_ms': 0.44, 'total_ms': 44.73}
[DIAG] t=3600s in=118263 →wk=69321 ←wk=69319 →cl=69199 drop_in=0 drop_out=0 | since: client=0.0s worker=0.0s sent=0.0s | ch=open buf=0 | lag: max=1ms avg=0.3ms | heap=12.2MB rss=53.8MB | gpu0:R pend=1 frames=46798 buf=0 | gpu1:R pend=1 frames=22521 buf=0
[worker 0] timing@frame46801: {'queue_wait_ms': 0.039, 'decode_in_ms': 0.4, 'prompt_ms': 0.0, 'vae_encode_ms': 9.01, 'transformer_plus_decode_ms': 33.28, 'stage_clock': 'cuda-events', 'benchmark_variant': 'terminal-noop', 'output_cast': 'gpu', 'torch_threads': 128, 'terminal_skips': 1, 'jpeg_ms': 0.47, 'total_ms': 43.22}
[worker 1] timing@frame22551: {'queue_wait_ms': 0.028, 'decode_in_ms': 0.4, 'prompt_ms': 0.0, 'vae_encode_ms': 8.47, 'transformer_plus_decode_ms': 32.42, 'stage_clock': 'cuda-events', 'benchmark_variant': 'terminal-noop', 'output_cast': 'gpu', 'torch_threads': 128, 'terminal_skips': 1, 'jpeg_ms': 0.43, 'total_ms': 41.76}
[worker 0] timing@frame46851: {'queue_wait_ms': 0.025, 'decode_in_ms': 0.38, 'prompt_ms': 0.0, 'vae_encode_ms': 8.93, 'transformer_plus_decode_ms': 33.41, 'stage_clock': 'cuda-events', 'benchmark_variant': 'terminal-noop', 'output_cast': 'gpu', 'torch_threads': 128, 'terminal_skips': 1, 'jpeg_ms': 0.45, 'total_ms': 43.21}
[worker 1] timing@frame22601: {'queue_wait_ms': 0.028, 'decode_in_ms': 0.4, 'prompt_ms': 0.0, 'vae_encode_ms': 8.53, 'transformer_plus_decode_ms': 35.21, 'stage_clock': 'cuda-events', 'benchmark_variant': 'terminal-noop', 'output_cast': 'gpu', 'torch_threads': 128, 'terminal_skips': 1, 'jpeg_ms': 0.44, 'total_ms': 44.62}
[DIAG] t=3605s in=118488 →wk=69514 ←wk=69512 →cl=69392 drop_in=0 drop_out=0 | since: client=0.0s worker=0.0s sent=0.0s | ch=open buf=0 | lag: max=1ms avg=0.3ms | heap=9.9MB rss=53.8MB | gpu0:R pend=1 frames=46894 buf=0 | gpu1:R pend=1 frames=22618 buf=0
[worker 0] timing@frame46901: {'queue_wait_ms': 0.032, 'decode_in_ms': 0.37, 'prompt_ms': 0.0, 'vae_encode_ms': 8.94, 'transformer_plus_decode_ms': 33.18, 'stage_clock': 'cuda-events', 'benchmark_variant': 'terminal-noop', 'output_cast': 'gpu', 'torch_threads': 128, 'terminal_skips': 1, 'jpeg_ms': 0.46, 'total_ms': 43.0}
[worker 1] timing@frame22651: {'queue_wait_ms': 0.025, 'decode_in_ms': 0.42, 'prompt_ms': 0.0, 'vae_encode_ms': 8.74, 'transformer_plus_decode_ms': 35.64, 'stage_clock': 'cuda-events', 'benchmark_variant': 'terminal-noop', 'output_cast': 'gpu', 'torch_threads': 128, 'terminal_skips': 1, 'jpeg_ms': 0.44, 'total_ms': 45.28}
[worker 0] timing@frame46951: {'queue_wait_ms': 0.028, 'decode_in_ms': 0.4, 'prompt_ms': 0.0, 'vae_encode_ms': 8.81, 'transformer_plus_decode_ms': 33.15, 'stage_clock': 'cuda-events', 'benchmark_variant': 'terminal-noop', 'output_cast': 'gpu', 'torch_threads': 128, 'terminal_skips': 1, 'jpeg_ms': 0.47, 'total_ms': 42.87}
[worker 1] timing@frame22701: {'queue_wait_ms': 0.033, 'decode_in_ms': 0.37, 'prompt_ms': 0.0, 'vae_encode_ms': 8.47, 'transformer_plus_decode_ms': 32.32, 'stage_clock': 'cuda-events', 'benchmark_variant': 'terminal-noop', 'output_cast': 'gpu', 'torch_threads': 128, 'terminal_skips': 1, 'jpeg_ms': 0.43, 'total_ms': 41.62}
[DIAG] t=3610s in=118722 →wk=69712 ←wk=69710 →cl=69590 drop_in=0 drop_out=0 | since: client=0.0s worker=0.0s sent=0.0s | ch=open buf=0 | lag: max=1ms avg=0.3ms | heap=11.1MB rss=53.8MB | gpu0:R pend=1 frames=46993 buf=0 | gpu1:R pend=1 frames=22717 buf=0
[worker 0] timing@frame47001: {'queue_wait_ms': 0.024, 'decode_in_ms': 0.39, 'prompt_ms': 0.0, 'vae_encode_ms': 8.93, 'transformer_plus_decode_ms': 33.21, 'stage_clock': 'cuda-events', 'benchmark_variant': 'terminal-noop', 'output_cast': 'gpu', 'torch_threads': 128, 'terminal_skips': 1, 'jpeg_ms': 0.45, 'total_ms': 43.03}
[worker 1] timing@frame22751: {'queue_wait_ms': 0.026, 'decode_in_ms': 0.42, 'prompt_ms': 0.0, 'vae_encode_ms': 16.03, 'transformer_plus_decode_ms': 34.93, 'stage_clock': 'cuda-events', 'benchmark_variant': 'terminal-noop', 'output_cast': 'gpu', 'torch_threads': 128, 'terminal_skips': 1, 'jpeg_ms': 0.44, 'total_ms': 51.87}
[worker 0] timing@frame47051: {'queue_wait_ms': 0.032, 'decode_in_ms': 0.37, 'prompt_ms': 0.0, 'vae_encode_ms': 8.79, 'transformer_plus_decode_ms': 32.63, 'stage_clock': 'cuda-events', 'benchmark_variant': 'terminal-noop', 'output_cast': 'gpu', 'torch_threads': 128, 'terminal_skips': 1, 'jpeg_ms': 0.46, 'total_ms': 42.29}
[worker 1] timing@frame22801: {'queue_wait_ms': 0.027, 'decode_in_ms': 0.41, 'prompt_ms': 0.0, 'vae_encode_ms': 8.64, 'transformer_plus_decode_ms': 35.27, 'stage_clock': 'cuda-events', 'benchmark_variant': 'terminal-noop', 'output_cast': 'gpu', 'torch_threads': 128, 'terminal_skips': 1, 'jpeg_ms': 0.44, 'total_ms': 44.81}
[DIAG] t=3615s in=118963 →wk=69909 ←wk=69907 →cl=69787 drop_in=0 drop_out=0 | since: client=0.0s worker=0.0s sent=0.0s | ch=open buf=0 | lag: max=1ms avg=0.3ms | heap=12.4MB rss=53.8MB | gpu0:R pend=1 frames=47092 buf=0 | gpu1:R pend=1 frames=22815 buf=0
[worker 0] timing@frame47101: {'queue_wait_ms': 0.039, 'decode_in_ms': 0.38, 'prompt_ms': 0.0, 'vae_encode_ms': 8.86, 'transformer_plus_decode_ms': 33.42, 'stage_clock': 'cuda-events', 'benchmark_variant': 'terminal-noop', 'output_cast': 'gpu', 'torch_threads': 128, 'terminal_skips': 1, 'jpeg_ms': 0.45, 'total_ms': 43.16}
[worker 1] timing@frame22851: {'queue_wait_ms': 0.027, 'decode_in_ms': 0.39, 'prompt_ms': 0.0, 'vae_encode_ms': 8.62, 'transformer_plus_decode_ms': 33.79, 'stage_clock': 'cuda-events', 'benchmark_variant': 'terminal-noop', 'output_cast': 'gpu', 'torch_threads': 128, 'terminal_skips': 1, 'jpeg_ms': 0.45, 'total_ms': 43.3}
[worker 0] timing@frame47151: {'queue_wait_ms': 0.042, 'decode_in_ms': 0.39, 'prompt_ms': 0.0, 'vae_encode_ms': 9.07, 'transformer_plus_decode_ms': 33.07, 'stage_clock': 'cuda-events', 'benchmark_variant': 'terminal-noop', 'output_cast': 'gpu', 'torch_threads': 128, 'terminal_skips': 1, 'jpeg_ms': 0.47, 'total_ms': 43.05}
[worker 1] timing@frame22901: {'queue_wait_ms': 0.033, 'decode_in_ms': 0.4, 'prompt_ms': 0.0, 'vae_encode_ms': 8.56, 'transformer_plus_decode_ms': 35.42, 'stage_clock': 'cuda-events', 'benchmark_variant': 'terminal-noop', 'output_cast': 'gpu', 'torch_threads': 128, 'terminal_skips': 1, 'jpeg_ms': 0.44, 'total_ms': 44.86}
[DIAG] t=3620s in=119200 →wk=70102 ←wk=70100 →cl=69979 drop_in=0 drop_out=0 | since: client=0.0s worker=0.0s sent=0.0s | ch=open buf=0 | lag: max=1ms avg=0.3ms | heap=10.3MB rss=53.8MB | gpu0:R pend=1 frames=47189 buf=0 | gpu1:R pend=1 frames=22911 buf=0
[worker 0] timing@frame47201: {'queue_wait_ms': 0.027, 'decode_in_ms': 0.37, 'prompt_ms': 0.0, 'vae_encode_ms': 8.81, 'transformer_plus_decode_ms': 32.66, 'stage_clock': 'cuda-events', 'benchmark_variant': 'terminal-noop', 'output_cast': 'gpu', 'torch_threads': 128, 'terminal_skips': 1, 'jpeg_ms': 0.45, 'total_ms': 42.33}
[worker 1] timing@frame22951: {'queue_wait_ms': 0.029, 'decode_in_ms': 0.4, 'prompt_ms': 0.0, 'vae_encode_ms': 8.66, 'transformer_plus_decode_ms': 35.13, 'stage_clock': 'cuda-events', 'benchmark_variant': 'terminal-noop', 'output_cast': 'gpu', 'torch_threads': 128, 'terminal_skips': 1, 'jpeg_ms': 0.43, 'total_ms': 44.66}
[worker 0] timing@frame47251: {'queue_wait_ms': 0.113, 'decode_in_ms': 0.49, 'prompt_ms': 0.0, 'vae_encode_ms': 23.41, 'transformer_plus_decode_ms': 33.66, 'stage_clock': 'cuda-events', 'benchmark_variant': 'terminal-noop', 'output_cast': 'gpu', 'torch_threads': 128, 'terminal_skips': 1, 'jpeg_ms': 0.47, 'total_ms': 58.09}
[worker 1] timing@frame23001: {'queue_wait_ms': 0.025, 'decode_in_ms': 0.39, 'prompt_ms': 0.0, 'vae_encode_ms': 8.53, 'transformer_plus_decode_ms': 33.27, 'stage_clock': 'cuda-events', 'benchmark_variant': 'terminal-noop', 'output_cast': 'gpu', 'torch_threads': 128, 'terminal_skips': 1, 'jpeg_ms': 0.43, 'total_ms': 42.66}
[DIAG] t=3625s in=119431 →wk=70291 ←wk=70289 →cl=70168 drop_in=0 drop_out=0 | since: client=0.0s worker=0.0s sent=0.0s | ch=open buf=0 | lag: max=1ms avg=0.3ms | heap=10.8MB rss=53.8MB | gpu0:R pend=1 frames=47283 buf=0 | gpu1:R pend=1 frames=23006 buf=0
[worker 0] timing@frame47301: {'queue_wait_ms': 0.026, 'decode_in_ms': 0.45, 'prompt_ms': 0.01, 'vae_encode_ms': 9.38, 'transformer_plus_decode_ms': 35.54, 'stage_clock': 'cuda-events', 'benchmark_variant': 'terminal-noop', 'output_cast': 'gpu', 'torch_threads': 128, 'terminal_skips': 1, 'jpeg_ms': 0.5, 'total_ms': 45.94}
[worker 1] timing@frame23051: {'queue_wait_ms': 0.029, 'decode_in_ms': 0.42, 'prompt_ms': 0.0, 'vae_encode_ms': 8.71, 'transformer_plus_decode_ms': 36.11, 'stage_clock': 'cuda-events', 'benchmark_variant': 'terminal-noop', 'output_cast': 'gpu', 'torch_threads': 128, 'terminal_skips': 1, 'jpeg_ms': 0.44, 'total_ms': 45.72}
[worker 0] timing@frame47351: {'queue_wait_ms': 0.043, 'decode_in_ms': 0.44, 'prompt_ms': 0.01, 'vae_encode_ms': 16.95, 'transformer_plus_decode_ms': 34.67, 'stage_clock': 'cuda-events', 'benchmark_variant': 'terminal-noop', 'output_cast': 'gpu', 'torch_threads': 128, 'terminal_skips': 1, 'jpeg_ms': 0.47, 'total_ms': 52.61}
[worker 1] timing@frame23101: {'queue_wait_ms': 0.024, 'decode_in_ms': 0.4, 'prompt_ms': 0.0, 'vae_encode_ms': 8.66, 'transformer_plus_decode_ms': 35.21, 'stage_clock': 'cuda-events', 'benchmark_variant': 'terminal-noop', 'output_cast': 'gpu', 'torch_threads': 128, 'terminal_skips': 1, 'jpeg_ms': 0.42, 'total_ms': 44.73}
[DIAG] t=3630s in=119677 →wk=70489 ←wk=70487 →cl=70364 drop_in=0 drop_out=0 | since: client=0.0s worker=0.0s sent=0.0s | ch=open buf=0 | lag: max=1ms avg=0.3ms | heap=12.3MB rss=53.8MB | gpu0:R pend=1 frames=47382 buf=0 | gpu1:R pend=1 frames=23105 buf=0
[worker 0] timing@frame47401: {'queue_wait_ms': 0.025, 'decode_in_ms': 0.37, 'prompt_ms': 0.0, 'vae_encode_ms': 9.0, 'transformer_plus_decode_ms': 33.18, 'stage_clock': 'cuda-events', 'benchmark_variant': 'terminal-noop', 'output_cast': 'gpu', 'torch_threads': 128, 'terminal_skips': 1, 'jpeg_ms': 0.47, 'total_ms': 43.07}
[worker 1] timing@frame23151: {'queue_wait_ms': 0.027, 'decode_in_ms': 0.39, 'prompt_ms': 0.0, 'vae_encode_ms': 8.51, 'transformer_plus_decode_ms': 32.92, 'stage_clock': 'cuda-events', 'benchmark_variant': 'terminal-noop', 'output_cast': 'gpu', 'torch_threads': 128, 'terminal_skips': 1, 'jpeg_ms': 0.43, 'total_ms': 42.29}
[worker 0] timing@frame47451: {'queue_wait_ms': 0.025, 'decode_in_ms': 0.38, 'prompt_ms': 0.0, 'vae_encode_ms': 8.96, 'transformer_plus_decode_ms': 33.23, 'stage_clock': 'cuda-events', 'benchmark_variant': 'terminal-noop', 'output_cast': 'gpu', 'torch_threads': 128, 'terminal_skips': 1, 'jpeg_ms': 0.45, 'total_ms': 43.06}
[worker 1] timing@frame23201: {'queue_wait_ms': 0.026, 'decode_in_ms': 0.39, 'prompt_ms': 0.0, 'vae_encode_ms': 8.69, 'transformer_plus_decode_ms': 35.66, 'stage_clock': 'cuda-events', 'benchmark_variant': 'terminal-noop', 'output_cast': 'gpu', 'torch_threads': 128, 'terminal_skips': 1, 'jpeg_ms': 0.46, 'total_ms': 45.24}
[DIAG] t=3635s in=119915 →wk=70686 ←wk=70684 →cl=70561 drop_in=0 drop_out=0 | since: client=0.0s worker=0.0s sent=0.0s | ch=open buf=0 | lag: max=1ms avg=0.3ms | heap=10.3MB rss=53.8MB | gpu0:R pend=1 frames=47481 buf=0 | gpu1:R pend=1 frames=23203 buf=0
[worker 0] timing@frame47501: {'queue_wait_ms': 0.028, 'decode_in_ms': 0.46, 'prompt_ms': 0.0, 'vae_encode_ms': 8.9, 'transformer_plus_decode_ms': 33.09, 'stage_clock': 'cuda-events', 'benchmark_variant': 'terminal-noop', 'output_cast': 'gpu', 'torch_threads': 128, 'terminal_skips': 1, 'jpeg_ms': 0.45, 'total_ms': 42.95}
[worker 1] timing@frame23251: {'queue_wait_ms': 0.024, 'decode_in_ms': 0.42, 'prompt_ms': 0.0, 'vae_encode_ms': 8.55, 'transformer_plus_decode_ms': 35.16, 'stage_clock': 'cuda-events', 'benchmark_variant': 'terminal-noop', 'output_cast': 'gpu', 'torch_threads': 128, 'terminal_skips': 1, 'jpeg_ms': 0.45, 'total_ms': 44.61}
[worker 0] timing@frame47551: {'queue_wait_ms': 0.028, 'decode_in_ms': 0.38, 'prompt_ms': 0.0, 'vae_encode_ms': 8.96, 'transformer_plus_decode_ms': 33.35, 'stage_clock': 'cuda-events', 'benchmark_variant': 'terminal-noop', 'output_cast': 'gpu', 'torch_threads': 128, 'terminal_skips': 1, 'jpeg_ms': 0.45, 'total_ms': 43.18}
[worker 1] timing@frame23301: {'queue_wait_ms': 0.024, 'decode_in_ms': 0.42, 'prompt_ms': 0.0, 'vae_encode_ms': 8.61, 'transformer_plus_decode_ms': 32.66, 'stage_clock': 'cuda-events', 'benchmark_variant': 'terminal-noop', 'output_cast': 'gpu', 'torch_threads': 128, 'terminal_skips': 1, 'jpeg_ms': 0.43, 'total_ms': 42.15}
[DIAG] t=3640s in=120159 →wk=70884 ←wk=70882 →cl=70758 drop_in=0 drop_out=0 | since: client=0.0s worker=0.0s sent=0.0s | ch=open buf=0 | lag: max=1ms avg=0.3ms | heap=11.5MB rss=53.8MB | gpu0:R pend=1 frames=47580 buf=0 | gpu1:R pend=1 frames=23302 buf=0
[worker 0] timing@frame47601: {'queue_wait_ms': 0.032, 'decode_in_ms': 0.39, 'prompt_ms': 0.0, 'vae_encode_ms': 8.98, 'transformer_plus_decode_ms': 32.99, 'stage_clock': 'cuda-events', 'benchmark_variant': 'terminal-noop', 'output_cast': 'gpu', 'torch_threads': 128, 'terminal_skips': 1, 'jpeg_ms': 0.46, 'total_ms': 42.87}
[worker 1] timing@frame23351: {'queue_wait_ms': 0.028, 'decode_in_ms': 0.39, 'prompt_ms': 0.0, 'vae_encode_ms': 8.73, 'transformer_plus_decode_ms': 35.74, 'stage_clock': 'cuda-events', 'benchmark_variant': 'terminal-noop', 'output_cast': 'gpu', 'torch_threads': 128, 'terminal_skips': 1, 'jpeg_ms': 0.5, 'total_ms': 45.41}
[worker 0] timing@frame47651: {'queue_wait_ms': 0.026, 'decode_in_ms': 0.42, 'prompt_ms': 0.0, 'vae_encode_ms': 9.04, 'transformer_plus_decode_ms': 33.63, 'stage_clock': 'cuda-events', 'benchmark_variant': 'terminal-noop', 'output_cast': 'gpu', 'torch_threads': 128, 'terminal_skips': 1, 'jpeg_ms': 0.46, 'total_ms': 43.59}
[DIAG] t=3645s in=120405 →wk=71081 ←wk=71079 →cl=70955 drop_in=0 drop_out=0 | since: client=0.0s worker=0.0s sent=0.0s | ch=open buf=0 | lag: max=1ms avg=0.3ms | heap=14.1MB rss=53.8MB | gpu0:R pend=1 frames=47679 buf=0 | gpu1:R pend=1 frames=23400 buf=0
[worker 1] timing@frame23401: {'queue_wait_ms': 0.025, 'decode_in_ms': 0.4, 'prompt_ms': 0.0, 'vae_encode_ms': 20.51, 'transformer_plus_decode_ms': 35.28, 'stage_clock': 'cuda-events', 'benchmark_variant': 'terminal-noop', 'output_cast': 'gpu', 'torch_threads': 128, 'terminal_skips': 1, 'jpeg_ms': 0.45, 'total_ms': 56.69}
[worker 0] timing@frame47701: {'queue_wait_ms': 0.025, 'decode_in_ms': 0.38, 'prompt_ms': 0.0, 'vae_encode_ms': 8.93, 'transformer_plus_decode_ms': 32.99, 'stage_clock': 'cuda-events', 'benchmark_variant': 'terminal-noop', 'output_cast': 'gpu', 'torch_threads': 128, 'terminal_skips': 1, 'jpeg_ms': 0.45, 'total_ms': 42.79}
[worker 1] timing@frame23451: {'queue_wait_ms': 0.028, 'decode_in_ms': 0.41, 'prompt_ms': 0.0, 'vae_encode_ms': 8.5, 'transformer_plus_decode_ms': 32.2, 'stage_clock': 'cuda-events', 'benchmark_variant': 'terminal-noop', 'output_cast': 'gpu', 'torch_threads': 128, 'terminal_skips': 1, 'jpeg_ms': 0.43, 'total_ms': 41.58}
[worker 0] timing@frame47751: {'queue_wait_ms': 0.025, 'decode_in_ms': 0.43, 'prompt_ms': 0.0, 'vae_encode_ms': 13.16, 'transformer_plus_decode_ms': 33.61, 'stage_clock': 'cuda-events', 'benchmark_variant': 'terminal-noop', 'output_cast': 'gpu', 'torch_threads': 128, 'terminal_skips': 1, 'jpeg_ms': 0.46, 'total_ms': 47.71}
[DIAG] t=3650s in=120649 →wk=71280 ←wk=71279 →cl=71155 drop_in=0 drop_out=0 | since: client=0.1s worker=0.0s sent=0.0s | ch=open buf=0 | lag: max=1ms avg=0.3ms | heap=8.8MB rss=57.8MB | gpu0:R pend=0 frames=47779 buf=0 | gpu1:R pend=1 frames=23500 buf=0
[worker 1] timing@frame23501: {'queue_wait_ms': 0.025, 'decode_in_ms': 0.41, 'prompt_ms': 0.0, 'vae_encode_ms': 8.5, 'transformer_plus_decode_ms': 34.69, 'stage_clock': 'cuda-events', 'benchmark_variant': 'terminal-noop', 'output_cast': 'gpu', 'torch_threads': 128, 'terminal_skips': 1, 'jpeg_ms': 0.43, 'total_ms': 44.07}
[worker 0] timing@frame47801: {'queue_wait_ms': 0.028, 'decode_in_ms': 0.37, 'prompt_ms': 0.0, 'vae_encode_ms': 9.01, 'transformer_plus_decode_ms': 33.46, 'stage_clock': 'cuda-events', 'benchmark_variant': 'terminal-noop', 'output_cast': 'gpu', 'torch_threads': 128, 'terminal_skips': 1, 'jpeg_ms': 0.45, 'total_ms': 43.33}
[worker 1] timing@frame23551: {'queue_wait_ms': 0.024, 'decode_in_ms': 0.39, 'prompt_ms': 0.0, 'vae_encode_ms': 8.6, 'transformer_plus_decode_ms': 35.14, 'stage_clock': 'cuda-events', 'benchmark_variant': 'terminal-noop', 'output_cast': 'gpu', 'torch_threads': 128, 'terminal_skips': 1, 'jpeg_ms': 0.44, 'total_ms': 44.61}
[worker 0] timing@frame47851: {'queue_wait_ms': 0.038, 'decode_in_ms': 0.39, 'prompt_ms': 0.0, 'vae_encode_ms': 9.05, 'transformer_plus_decode_ms': 37.51, 'stage_clock': 'cuda-events', 'benchmark_variant': 'terminal-noop', 'output_cast': 'gpu', 'torch_threads': 128, 'terminal_skips': 1, 'jpeg_ms': 0.5, 'total_ms': 47.5}
[worker 1] timing@frame23601: {'queue_wait_ms': 0.027, 'decode_in_ms': 0.38, 'prompt_ms': 0.0, 'vae_encode_ms': 8.53, 'transformer_plus_decode_ms': 32.36, 'stage_clock': 'cuda-events', 'benchmark_variant': 'terminal-noop', 'output_cast': 'gpu', 'torch_threads': 128, 'terminal_skips': 1, 'jpeg_ms': 0.43, 'total_ms': 41.73}
[DIAG] t=3655s in=120911 →wk=71485 ←wk=71483 →cl=71359 drop_in=0 drop_out=0 | since: client=0.0s worker=0.0s sent=0.0s | ch=open buf=0 | lag: max=1ms avg=0.3ms | heap=10.5MB rss=57.8MB | gpu0:R pend=1 frames=47881 buf=0 | gpu1:R pend=1 frames=23602 buf=0
[worker 0] timing@frame47901: {'queue_wait_ms': 0.014, 'decode_in_ms': 0.37, 'prompt_ms': 0.0, 'vae_encode_ms': 8.87, 'transformer_plus_decode_ms': 32.82, 'stage_clock': 'cuda-events', 'benchmark_variant': 'terminal-noop', 'output_cast': 'gpu', 'torch_threads': 128, 'terminal_skips': 1, 'jpeg_ms': 0.45, 'total_ms': 42.56}
[worker 1] timing@frame23651: {'queue_wait_ms': 0.039, 'decode_in_ms': 0.68, 'prompt_ms': 0.0, 'vae_encode_ms': 9.03, 'transformer_plus_decode_ms': 37.77, 'stage_clock': 'cuda-events', 'benchmark_variant': 'terminal-noop', 'output_cast': 'gpu', 'torch_threads': 128, 'terminal_skips': 1, 'jpeg_ms': 0.47, 'total_ms': 48.01}
[worker 0] timing@frame47951: {'queue_wait_ms': 0.037, 'decode_in_ms': 0.38, 'prompt_ms': 0.0, 'vae_encode_ms': 8.74, 'transformer_plus_decode_ms': 32.58, 'stage_clock': 'cuda-events', 'benchmark_variant': 'terminal-noop', 'output_cast': 'gpu', 'torch_threads': 128, 'terminal_skips': 1, 'jpeg_ms': 0.45, 'total_ms': 42.19}
[DIAG] t=3660s in=121153 →wk=71658 ←wk=71656 →cl=71530 drop_in=0 drop_out=0 | since: client=0.0s worker=0.0s sent=0.0s | ch=open buf=0 | lag: max=1ms avg=0.3ms | heap=10.2MB rss=57.8MB | gpu0:R pend=1 frames=47968 buf=0 | gpu1:R pend=1 frames=23688 buf=0
[worker 1] timing@frame23701: {'queue_wait_ms': 0.03, 'decode_in_ms': 0.44, 'prompt_ms': 0.0, 'vae_encode_ms': 15.19, 'transformer_plus_decode_ms': 34.73, 'stage_clock': 'cuda-events', 'benchmark_variant': 'terminal-noop', 'output_cast': 'gpu', 'torch_threads': 128, 'terminal_skips': 1, 'jpeg_ms': 0.44, 'total_ms': 50.84}
[worker 0] timing@frame48001: {'queue_wait_ms': 0.027, 'decode_in_ms': 0.38, 'prompt_ms': 0.0, 'vae_encode_ms': 8.87, 'transformer_plus_decode_ms': 33.42, 'stage_clock': 'cuda-events', 'benchmark_variant': 'terminal-noop', 'output_cast': 'gpu', 'torch_threads': 128, 'terminal_skips': 1, 'jpeg_ms': 0.48, 'total_ms': 43.2}
[worker 1] timing@frame23751: {'queue_wait_ms': 0.038, 'decode_in_ms': 0.37, 'prompt_ms': 0.0, 'vae_encode_ms': 8.53, 'transformer_plus_decode_ms': 32.27, 'stage_clock': 'cuda-events', 'benchmark_variant': 'terminal-noop', 'output_cast': 'gpu', 'torch_threads': 128, 'terminal_skips': 1, 'jpeg_ms': 0.43, 'total_ms': 41.64}
[worker 0] timing@frame48051: {'queue_wait_ms': 0.023, 'decode_in_ms': 0.39, 'prompt_ms': 0.0, 'vae_encode_ms': 8.93, 'transformer_plus_decode_ms': 32.88, 'stage_clock': 'cuda-events', 'benchmark_variant': 'terminal-noop', 'output_cast': 'gpu', 'torch_threads': 128, 'terminal_skips': 1, 'jpeg_ms': 0.44, 'total_ms': 42.68}
[DIAG] t=3665s in=121396 →wk=71861 ←wk=71859 →cl=71733 drop_in=0 drop_out=0 | since: client=0.0s worker=0.0s sent=0.0s | ch=open buf=0 | lag: max=1ms avg=0.3ms | heap=11.7MB rss=57.8MB | gpu0:R pend=1 frames=48070 buf=0 | gpu1:R pend=1 frames=23789 buf=0
[worker 1] timing@frame23801: {'queue_wait_ms': 0.025, 'decode_in_ms': 0.4, 'prompt_ms': 0.0, 'vae_encode_ms': 8.47, 'transformer_plus_decode_ms': 34.23, 'stage_clock': 'cuda-events', 'benchmark_variant': 'terminal-noop', 'output_cast': 'gpu', 'torch_threads': 128, 'terminal_skips': 1, 'jpeg_ms': 0.43, 'total_ms': 43.57}
[worker 0] timing@frame48101: {'queue_wait_ms': 0.023, 'decode_in_ms': 0.38, 'prompt_ms': 0.0, 'vae_encode_ms': 8.76, 'transformer_plus_decode_ms': 32.5, 'stage_clock': 'cuda-events', 'benchmark_variant': 'terminal-noop', 'output_cast': 'gpu', 'torch_threads': 128, 'terminal_skips': 1, 'jpeg_ms': 0.44, 'total_ms': 42.12}
[worker 1] timing@frame23851: {'queue_wait_ms': 0.023, 'decode_in_ms': 0.39, 'prompt_ms': 0.0, 'vae_encode_ms': 8.59, 'transformer_plus_decode_ms': 35.03, 'stage_clock': 'cuda-events', 'benchmark_variant': 'terminal-noop', 'output_cast': 'gpu', 'torch_threads': 128, 'terminal_skips': 1, 'jpeg_ms': 0.43, 'total_ms': 44.47}
[worker 0] timing@frame48151: {'queue_wait_ms': 0.023, 'decode_in_ms': 0.38, 'prompt_ms': 0.0, 'vae_encode_ms': 8.77, 'transformer_plus_decode_ms': 33.66, 'stage_clock': 'cuda-events', 'benchmark_variant': 'terminal-noop', 'output_cast': 'gpu', 'torch_threads': 128, 'terminal_skips': 1, 'jpeg_ms': 0.5, 'total_ms': 43.36}
[DIAG] t=3670s in=121655 →wk=72071 ←wk=72069 →cl=71943 drop_in=0 drop_out=0 | since: client=0.0s worker=0.0s sent=0.0s | ch=open buf=0 | lag: max=1ms avg=0.3ms | heap=13.7MB rss=57.8MB | gpu0:R pend=1 frames=48175 buf=0 | gpu1:R pend=1 frames=23894 buf=0
[worker 1] timing@frame23901: {'queue_wait_ms': 0.026, 'decode_in_ms': 0.51, 'prompt_ms': 0.0, 'vae_encode_ms': 9.09, 'transformer_plus_decode_ms': 34.9, 'stage_clock': 'cuda-events', 'benchmark_variant': 'terminal-noop', 'output_cast': 'gpu', 'torch_threads': 128, 'terminal_skips': 1, 'jpeg_ms': 0.5, 'total_ms': 45.07}
[worker 0] timing@frame48201: {'queue_wait_ms': 0.027, 'decode_in_ms': 0.38, 'prompt_ms': 0.0, 'vae_encode_ms': 8.83, 'transformer_plus_decode_ms': 32.65, 'stage_clock': 'cuda-events', 'benchmark_variant': 'terminal-noop', 'output_cast': 'gpu', 'torch_threads': 128, 'terminal_skips': 1, 'jpeg_ms': 0.44, 'total_ms': 42.35}
[worker 1] timing@frame23951: {'queue_wait_ms': 0.026, 'decode_in_ms': 0.42, 'prompt_ms': 0.0, 'vae_encode_ms': 8.74, 'transformer_plus_decode_ms': 36.68, 'stage_clock': 'cuda-events', 'benchmark_variant': 'terminal-noop', 'output_cast': 'gpu', 'torch_threads': 128, 'terminal_skips': 1, 'jpeg_ms': 0.47, 'total_ms': 46.36}
[worker 0] timing@frame48251: {'queue_wait_ms': 0.026, 'decode_in_ms': 0.38, 'prompt_ms': 0.0, 'vae_encode_ms': 8.87, 'transformer_plus_decode_ms': 32.75, 'stage_clock': 'cuda-events', 'benchmark_variant': 'terminal-noop', 'output_cast': 'gpu', 'torch_threads': 128, 'terminal_skips': 1, 'jpeg_ms': 0.45, 'total_ms': 42.49}
[DIAG] t=3675s in=121905 →wk=72271 ←wk=72269 →cl=72143 drop_in=0 drop_out=0 | since: client=0.0s worker=0.0s sent=0.0s | ch=open buf=0 | lag: max=0ms avg=0.3ms | heap=8.9MB rss=57.8MB | gpu0:R pend=1 frames=48275 buf=0 | gpu1:R pend=1 frames=23994 buf=0
[worker 1] timing@frame24001: {'queue_wait_ms': 0.028, 'decode_in_ms': 0.44, 'prompt_ms': 0.0, 'vae_encode_ms': 9.22, 'transformer_plus_decode_ms': 36.95, 'stage_clock': 'cuda-events', 'benchmark_variant': 'terminal-noop', 'output_cast': 'gpu', 'torch_threads': 128, 'terminal_skips': 1, 'jpeg_ms': 0.45, 'total_ms': 47.13}
[worker 0] timing@frame48301: {'queue_wait_ms': 0.013, 'decode_in_ms': 0.37, 'prompt_ms': 0.0, 'vae_encode_ms': 8.89, 'transformer_plus_decode_ms': 32.74, 'stage_clock': 'cuda-events', 'benchmark_variant': 'terminal-noop', 'output_cast': 'gpu', 'torch_threads': 128, 'terminal_skips': 1, 'jpeg_ms': 0.45, 'total_ms': 42.49}
[worker 1] timing@frame24051: {'queue_wait_ms': 0.042, 'decode_in_ms': 0.37, 'prompt_ms': 0.0, 'vae_encode_ms': 8.59, 'transformer_plus_decode_ms': 32.41, 'stage_clock': 'cuda-events', 'benchmark_variant': 'terminal-noop', 'output_cast': 'gpu', 'torch_threads': 128, 'terminal_skips': 1, 'jpeg_ms': 0.43, 'total_ms': 41.85}
[worker 0] timing@frame48351: {'queue_wait_ms': 0.045, 'decode_in_ms': 0.38, 'prompt_ms': 0.0, 'vae_encode_ms': 8.83, 'transformer_plus_decode_ms': 32.65, 'stage_clock': 'cuda-events', 'benchmark_variant': 'terminal-noop', 'output_cast': 'gpu', 'torch_threads': 128, 'terminal_skips': 1, 'jpeg_ms': 0.44, 'total_ms': 42.34}
[DIAG] t=3680s in=122158 →wk=72472 ←wk=72470 →cl=72344 drop_in=0 drop_out=0 | since: client=0.0s worker=0.0s sent=0.0s | ch=open buf=0 | lag: max=1ms avg=0.3ms | heap=10.4MB rss=57.8MB | gpu0:R pend=1 frames=48375 buf=0 | gpu1:R pend=1 frames=24095 buf=0
[worker 1] timing@frame24101: {'queue_wait_ms': 0.026, 'decode_in_ms': 0.4, 'prompt_ms': 0.0, 'vae_encode_ms': 8.47, 'transformer_plus_decode_ms': 34.79, 'stage_clock': 'cuda-events', 'benchmark_variant': 'terminal-noop', 'output_cast': 'gpu', 'torch_threads': 128, 'terminal_skips': 1, 'jpeg_ms': 0.43, 'total_ms': 44.13}
[worker 0] timing@frame48401: {'queue_wait_ms': 0.03, 'decode_in_ms': 0.37, 'prompt_ms': 0.0, 'vae_encode_ms': 8.84, 'transformer_plus_decode_ms': 32.52, 'stage_clock': 'cuda-events', 'benchmark_variant': 'terminal-noop', 'output_cast': 'gpu', 'torch_threads': 128, 'terminal_skips': 1, 'jpeg_ms': 0.44, 'total_ms': 42.21}
[worker 1] timing@frame24151: {'queue_wait_ms': 0.03, 'decode_in_ms': 0.39, 'prompt_ms': 0.0, 'vae_encode_ms': 8.54, 'transformer_plus_decode_ms': 34.61, 'stage_clock': 'cuda-events', 'benchmark_variant': 'terminal-noop', 'output_cast': 'gpu', 'torch_threads': 128, 'terminal_skips': 1, 'jpeg_ms': 0.43, 'total_ms': 44.0}
[worker 0] timing@frame48451: {'queue_wait_ms': 0.031, 'decode_in_ms': 0.37, 'prompt_ms': 0.0, 'vae_encode_ms': 8.84, 'transformer_plus_decode_ms': 32.68, 'stage_clock': 'cuda-events', 'benchmark_variant': 'terminal-noop', 'output_cast': 'gpu', 'torch_threads': 128, 'terminal_skips': 1, 'jpeg_ms': 0.44, 'total_ms': 42.37}
[DIAG] t=3685s in=122394 →wk=72672 ←wk=72671 →cl=72545 drop_in=0 drop_out=0 | since: client=0.0s worker=0.0s sent=0.0s | ch=open buf=0 | lag: max=1ms avg=0.3ms | heap=11.7MB rss=57.8MB | gpu0:R pend=0 frames=48476 buf=0 | gpu1:R pend=1 frames=24195 buf=0
[worker 1] timing@frame24201: {'queue_wait_ms': 0.027, 'decode_in_ms': 0.38, 'prompt_ms': 0.0, 'vae_encode_ms': 8.44, 'transformer_plus_decode_ms': 32.24, 'stage_clock': 'cuda-events', 'benchmark_variant': 'terminal-noop', 'output_cast': 'gpu', 'torch_threads': 128, 'terminal_skips': 1, 'jpeg_ms': 0.42, 'total_ms': 41.52}
[worker 0] timing@frame48501: {'queue_wait_ms': 0.025, 'decode_in_ms': 0.38, 'prompt_ms': 0.0, 'vae_encode_ms': 8.82, 'transformer_plus_decode_ms': 32.87, 'stage_clock': 'cuda-events', 'benchmark_variant': 'terminal-noop', 'output_cast': 'gpu', 'torch_threads': 128, 'terminal_skips': 1, 'jpeg_ms': 0.45, 'total_ms': 42.57}
[worker 1] timing@frame24251: {'queue_wait_ms': 0.03, 'decode_in_ms': 0.37, 'prompt_ms': 0.0, 'vae_encode_ms': 8.44, 'transformer_plus_decode_ms': 34.32, 'stage_clock': 'cuda-events', 'benchmark_variant': 'terminal-noop', 'output_cast': 'gpu', 'torch_threads': 128, 'terminal_skips': 1, 'jpeg_ms': 0.43, 'total_ms': 43.59}
[worker 0] timing@frame48551: {'queue_wait_ms': 0.028, 'decode_in_ms': 0.44, 'prompt_ms': 0.0, 'vae_encode_ms': 9.41, 'transformer_plus_decode_ms': 33.68, 'stage_clock': 'cuda-events', 'benchmark_variant': 'terminal-noop', 'output_cast': 'gpu', 'torch_threads': 128, 'terminal_skips': 1, 'jpeg_ms': 0.45, 'total_ms': 44.04}
[DIAG] t=3690s in=122653 →wk=72881 ←wk=72879 →cl=72753 drop_in=0 drop_out=0 | since: client=0.0s worker=0.0s sent=0.0s | ch=open buf=0 | lag: max=1ms avg=0.3ms | heap=13.8MB rss=57.8MB | gpu0:R pend=1 frames=48580 buf=0 | gpu1:R pend=1 frames=24299 buf=0
[worker 1] timing@frame24301: {'queue_wait_ms': 0.025, 'decode_in_ms': 0.41, 'prompt_ms': 0.0, 'vae_encode_ms': 8.56, 'transformer_plus_decode_ms': 35.5, 'stage_clock': 'cuda-events', 'benchmark_variant': 'terminal-noop', 'output_cast': 'gpu', 'torch_threads': 128, 'terminal_skips': 1, 'jpeg_ms': 0.44, 'total_ms': 44.96}
[worker 0] timing@frame48601: {'queue_wait_ms': 0.037, 'decode_in_ms': 0.41, 'prompt_ms': 0.0, 'vae_encode_ms': 8.87, 'transformer_plus_decode_ms': 34.15, 'stage_clock': 'cuda-events', 'benchmark_variant': 'terminal-noop', 'output_cast': 'gpu', 'torch_threads': 128, 'terminal_skips': 1, 'jpeg_ms': 0.52, 'total_ms': 44.01}
[worker 1] timing@frame24351: {'queue_wait_ms': 0.039, 'decode_in_ms': 0.41, 'prompt_ms': 0.0, 'vae_encode_ms': 8.58, 'transformer_plus_decode_ms': 32.76, 'stage_clock': 'cuda-events', 'benchmark_variant': 'terminal-noop', 'output_cast': 'gpu', 'torch_threads': 128, 'terminal_skips': 1, 'jpeg_ms': 0.42, 'total_ms': 42.21}
[worker 0] timing@frame48651: {'queue_wait_ms': 0.026, 'decode_in_ms': 0.38, 'prompt_ms': 0.0, 'vae_encode_ms': 8.83, 'transformer_plus_decode_ms': 33.45, 'stage_clock': 'cuda-events', 'benchmark_variant': 'terminal-noop', 'output_cast': 'gpu', 'torch_threads': 128, 'terminal_skips': 1, 'jpeg_ms': 0.47, 'total_ms': 43.18}
[DIAG] t=3695s in=122894 →wk=73076 ←wk=73074 →cl=72948 drop_in=0 drop_out=0 | since: client=0.0s worker=0.0s sent=0.0s | ch=open buf=0 | lag: max=1ms avg=0.3ms | heap=14.9MB rss=57.8MB | gpu0:R pend=1 frames=48677 buf=0 | gpu1:R pend=1 frames=24397 buf=0
[worker 1] timing@frame24401: {'queue_wait_ms': 0.027, 'decode_in_ms': 0.39, 'prompt_ms': 0.0, 'vae_encode_ms': 8.57, 'transformer_plus_decode_ms': 35.19, 'stage_clock': 'cuda-events', 'benchmark_variant': 'terminal-noop', 'output_cast': 'gpu', 'torch_threads': 128, 'terminal_skips': 1, 'jpeg_ms': 0.54, 'total_ms': 44.73}
[worker 0] timing@frame48701: {'queue_wait_ms': 0.029, 'decode_in_ms': 0.38, 'prompt_ms': 0.0, 'vae_encode_ms': 8.86, 'transformer_plus_decode_ms': 32.47, 'stage_clock': 'cuda-events', 'benchmark_variant': 'terminal-noop', 'output_cast': 'gpu', 'torch_threads': 128, 'terminal_skips': 1, 'jpeg_ms': 0.45, 'total_ms': 42.19}
[worker 1] timing@frame24451: {'queue_wait_ms': 0.04, 'decode_in_ms': 0.42, 'prompt_ms': 0.0, 'vae_encode_ms': 8.57, 'transformer_plus_decode_ms': 35.49, 'stage_clock': 'cuda-events', 'benchmark_variant': 'terminal-noop', 'output_cast': 'gpu', 'torch_threads': 128, 'terminal_skips': 1, 'jpeg_ms': 0.44, 'total_ms': 44.96}
[worker 0] timing@frame48751: {'queue_wait_ms': 0.024, 'decode_in_ms': 0.37, 'prompt_ms': 0.0, 'vae_encode_ms': 8.82, 'transformer_plus_decode_ms': 32.92, 'stage_clock': 'cuda-events', 'benchmark_variant': 'terminal-noop', 'output_cast': 'gpu', 'torch_threads': 128, 'terminal_skips': 1, 'jpeg_ms': 0.43, 'total_ms': 42.58}
[DIAG] t=3700s in=123127 →wk=73272 ←wk=73270 →cl=73143 drop_in=0 drop_out=0 | since: client=0.0s worker=0.0s sent=0.0s | ch=open buf=0 | lag: max=1ms avg=0.3ms | heap=9.3MB rss=57.8MB | gpu0:R pend=1 frames=48776 buf=0 | gpu1:R pend=1 frames=24494 buf=0
[worker 1] timing@frame24501: {'queue_wait_ms': 0.023, 'decode_in_ms': 0.39, 'prompt_ms': 0.0, 'vae_encode_ms': 8.5, 'transformer_plus_decode_ms': 32.2, 'stage_clock': 'cuda-events', 'benchmark_variant': 'terminal-noop', 'output_cast': 'gpu', 'torch_threads': 128, 'terminal_skips': 1, 'jpeg_ms': 0.43, 'total_ms': 41.55}
[worker 0] timing@frame48801: {'queue_wait_ms': 0.027, 'decode_in_ms': 0.44, 'prompt_ms': 0.0, 'vae_encode_ms': 8.82, 'transformer_plus_decode_ms': 33.24, 'stage_clock': 'cuda-events', 'benchmark_variant': 'terminal-noop', 'output_cast': 'gpu', 'torch_threads': 128, 'terminal_skips': 1, 'jpeg_ms': 0.46, 'total_ms': 43.01}
[worker 1] timing@frame24551: {'queue_wait_ms': 0.025, 'decode_in_ms': 0.41, 'prompt_ms': 0.0, 'vae_encode_ms': 8.49, 'transformer_plus_decode_ms': 34.86, 'stage_clock': 'cuda-events', 'benchmark_variant': 'terminal-noop', 'output_cast': 'gpu', 'torch_threads': 128, 'terminal_skips': 1, 'jpeg_ms': 0.44, 'total_ms': 44.25}
[worker 0] timing@frame48851: {'queue_wait_ms': 0.024, 'decode_in_ms': 0.37, 'prompt_ms': 0.0, 'vae_encode_ms': 8.74, 'transformer_plus_decode_ms': 32.68, 'stage_clock': 'cuda-events', 'benchmark_variant': 'terminal-noop', 'output_cast': 'gpu', 'torch_threads': 128, 'terminal_skips': 1, 'jpeg_ms': 0.45, 'total_ms': 42.28}
[DIAG] t=3705s in=123369 →wk=73468 ←wk=73466 →cl=73338 drop_in=0 drop_out=0 | since: client=0.0s worker=0.0s sent=0.0s | ch=open buf=0 | lag: max=1ms avg=0.3ms | heap=10.5MB rss=57.8MB | gpu0:R pend=1 frames=48874 buf=0 | gpu1:R pend=1 frames=24592 buf=0
[worker 1] timing@frame24601: {'queue_wait_ms': 0.022, 'decode_in_ms': 0.39, 'prompt_ms': 0.0, 'vae_encode_ms': 8.53, 'transformer_plus_decode_ms': 34.46, 'stage_clock': 'cuda-events', 'benchmark_variant': 'terminal-noop', 'output_cast': 'gpu', 'torch_threads': 128, 'terminal_skips': 1, 'jpeg_ms': 0.43, 'total_ms': 43.85}
[worker 0] timing@frame48901: {'queue_wait_ms': 0.037, 'decode_in_ms': 0.41, 'prompt_ms': 0.0, 'vae_encode_ms': 8.94, 'transformer_plus_decode_ms': 32.95, 'stage_clock': 'cuda-events', 'benchmark_variant': 'terminal-noop', 'output_cast': 'gpu', 'torch_threads': 128, 'terminal_skips': 1, 'jpeg_ms': 0.46, 'total_ms': 42.81}
[worker 1] timing@frame24651: {'queue_wait_ms': 0.025, 'decode_in_ms': 0.4, 'prompt_ms': 0.0, 'vae_encode_ms': 8.53, 'transformer_plus_decode_ms': 32.4, 'stage_clock': 'cuda-events', 'benchmark_variant': 'terminal-noop', 'output_cast': 'gpu', 'torch_threads': 128, 'terminal_skips': 1, 'jpeg_ms': 0.43, 'total_ms': 41.79}
[worker 0] timing@frame48951: {'queue_wait_ms': 0.029, 'decode_in_ms': 0.43, 'prompt_ms': 0.0, 'vae_encode_ms': 8.81, 'transformer_plus_decode_ms': 32.82, 'stage_clock': 'cuda-events', 'benchmark_variant': 'terminal-noop', 'output_cast': 'gpu', 'torch_threads': 128, 'terminal_skips': 1, 'jpeg_ms': 0.51, 'total_ms': 42.62}
[DIAG] t=3710s in=123613 →wk=73665 ←wk=73663 →cl=73535 drop_in=0 drop_out=0 | since: client=0.0s worker=0.0s sent=0.0s | ch=open buf=0 | lag: max=1ms avg=0.3ms | heap=11.7MB rss=57.8MB | gpu0:R pend=1 frames=48973 buf=0 | gpu1:R pend=1 frames=24690 buf=0
[worker 1] timing@frame24701: {'queue_wait_ms': 0.026, 'decode_in_ms': 0.42, 'prompt_ms': 0.0, 'vae_encode_ms': 8.7, 'transformer_plus_decode_ms': 35.13, 'stage_clock': 'cuda-events', 'benchmark_variant': 'terminal-noop', 'output_cast': 'gpu', 'torch_threads': 128, 'terminal_skips': 1, 'jpeg_ms': 0.43, 'total_ms': 44.73}
[worker 0] timing@frame49001: {'queue_wait_ms': 0.028, 'decode_in_ms': 0.38, 'prompt_ms': 0.0, 'vae_encode_ms': 9.04, 'transformer_plus_decode_ms': 33.1, 'stage_clock': 'cuda-events', 'benchmark_variant': 'terminal-noop', 'output_cast': 'gpu', 'torch_threads': 128, 'terminal_skips': 1, 'jpeg_ms': 0.45, 'total_ms': 43.01}
[worker 1] timing@frame24751: {'queue_wait_ms': 0.035, 'decode_in_ms': 0.47, 'prompt_ms': 0.0, 'vae_encode_ms': 9.51, 'transformer_plus_decode_ms': 37.6, 'stage_clock': 'cuda-events', 'benchmark_variant': 'terminal-noop', 'output_cast': 'gpu', 'torch_threads': 128, 'terminal_skips': 1, 'jpeg_ms': 0.47, 'total_ms': 48.12}
[worker 0] timing@frame49051: {'queue_wait_ms': 0.036, 'decode_in_ms': 0.45, 'prompt_ms': 0.0, 'vae_encode_ms': 9.75, 'transformer_plus_decode_ms': 33.39, 'stage_clock': 'cuda-events', 'benchmark_variant': 'terminal-noop', 'output_cast': 'gpu', 'torch_threads': 128, 'terminal_skips': 1, 'jpeg_ms': 0.45, 'total_ms': 44.1}
[DIAG] t=3715s in=123849 →wk=73861 ←wk=73859 →cl=73731 drop_in=0 drop_out=0 | since: client=0.0s worker=0.0s sent=0.0s | ch=open buf=0 | lag: max=1ms avg=0.3ms | heap=12.7MB rss=57.8MB | gpu0:R pend=1 frames=49071 buf=0 | gpu1:R pend=1 frames=24788 buf=0
[worker 1] timing@frame24801: {'queue_wait_ms': 0.035, 'decode_in_ms': 0.43, 'prompt_ms': 0.0, 'vae_encode_ms': 8.95, 'transformer_plus_decode_ms': 33.65, 'stage_clock': 'cuda-events', 'benchmark_variant': 'terminal-noop', 'output_cast': 'gpu', 'torch_threads': 128, 'terminal_skips': 1, 'jpeg_ms': 0.44, 'total_ms': 43.52}
[worker 0] timing@frame49101: {'queue_wait_ms': 0.024, 'decode_in_ms': 0.39, 'prompt_ms': 0.0, 'vae_encode_ms': 17.8, 'transformer_plus_decode_ms': 33.36, 'stage_clock': 'cuda-events', 'benchmark_variant': 'terminal-noop', 'output_cast': 'gpu', 'torch_threads': 128, 'terminal_skips': 1, 'jpeg_ms': 0.46, 'total_ms': 52.06}
[worker 1] timing@frame24851: {'queue_wait_ms': 0.025, 'decode_in_ms': 0.37, 'prompt_ms': 0.0, 'vae_encode_ms': 8.47, 'transformer_plus_decode_ms': 34.21, 'stage_clock': 'cuda-events', 'benchmark_variant': 'terminal-noop', 'output_cast': 'gpu', 'torch_threads': 128, 'terminal_skips': 1, 'jpeg_ms': 0.43, 'total_ms': 43.51}
[worker 0] timing@frame49151: {'queue_wait_ms': 0.026, 'decode_in_ms': 0.39, 'prompt_ms': 0.0, 'vae_encode_ms': 8.96, 'transformer_plus_decode_ms': 33.75, 'stage_clock': 'cuda-events', 'benchmark_variant': 'terminal-noop', 'output_cast': 'gpu', 'torch_threads': 128, 'terminal_skips': 1, 'jpeg_ms': 0.46, 'total_ms': 43.6}
[DIAG] t=3720s in=124087 →wk=74054 ←wk=74052 →cl=73924 drop_in=0 drop_out=0 | since: client=0.0s worker=0.0s sent=0.0s | ch=open buf=0 | lag: max=1ms avg=0.3ms | heap=13.6MB rss=57.8MB | gpu0:R pend=1 frames=49167 buf=0 | gpu1:R pend=1 frames=24885 buf=0
[worker 1] timing@frame24901: {'queue_wait_ms': 0.026, 'decode_in_ms': 0.43, 'prompt_ms': 0.0, 'vae_encode_ms': 8.71, 'transformer_plus_decode_ms': 35.37, 'stage_clock': 'cuda-events', 'benchmark_variant': 'terminal-noop', 'output_cast': 'gpu', 'torch_threads': 128, 'terminal_skips': 1, 'jpeg_ms': 0.53, 'total_ms': 45.08}
[worker 0] timing@frame49201: {'queue_wait_ms': 0.024, 'decode_in_ms': 0.37, 'prompt_ms': 0.0, 'vae_encode_ms': 8.8, 'transformer_plus_decode_ms': 32.46, 'stage_clock': 'cuda-events', 'benchmark_variant': 'terminal-noop', 'output_cast': 'gpu', 'torch_threads': 128, 'terminal_skips': 1, 'jpeg_ms': 0.44, 'total_ms': 42.11}
[worker 1] timing@frame24951: {'queue_wait_ms': 0.026, 'decode_in_ms': 0.43, 'prompt_ms': 0.0, 'vae_encode_ms': 8.66, 'transformer_plus_decode_ms': 32.91, 'stage_clock': 'cuda-events', 'benchmark_variant': 'terminal-noop', 'output_cast': 'gpu', 'torch_threads': 128, 'terminal_skips': 1, 'jpeg_ms': 0.44, 'total_ms': 42.49}
[worker 0] timing@frame49251: {'queue_wait_ms': 0.033, 'decode_in_ms': 0.4, 'prompt_ms': 0.0, 'vae_encode_ms': 8.85, 'transformer_plus_decode_ms': 32.52, 'stage_clock': 'cuda-events', 'benchmark_variant': 'terminal-noop', 'output_cast': 'gpu', 'torch_threads': 128, 'terminal_skips': 1, 'jpeg_ms': 0.46, 'total_ms': 42.27}
[DIAG] t=3725s in=124316 →wk=74245 ←wk=74243 →cl=74115 drop_in=0 drop_out=0 | since: client=0.0s worker=0.0s sent=0.0s | ch=open buf=0 | lag: max=1ms avg=0.3ms | heap=14.2MB rss=57.8MB | gpu0:R pend=1 frames=49263 buf=0 | gpu1:R pend=1 frames=24980 buf=0
[worker 1] timing@frame25001: {'queue_wait_ms': 0.025, 'decode_in_ms': 0.41, 'prompt_ms': 0.0, 'vae_encode_ms': 8.54, 'transformer_plus_decode_ms': 35.21, 'stage_clock': 'cuda-events', 'benchmark_variant': 'terminal-noop', 'output_cast': 'gpu', 'torch_threads': 128, 'terminal_skips': 1, 'jpeg_ms': 0.45, 'total_ms': 44.66}
[worker 0] timing@frame49301: {'queue_wait_ms': 0.03, 'decode_in_ms': 0.44, 'prompt_ms': 0.0, 'vae_encode_ms': 9.01, 'transformer_plus_decode_ms': 33.46, 'stage_clock': 'cuda-events', 'benchmark_variant': 'terminal-noop', 'output_cast': 'gpu', 'torch_threads': 128, 'terminal_skips': 1, 'jpeg_ms': 0.44, 'total_ms': 43.4}
[worker 1] timing@frame25051: {'queue_wait_ms': 0.028, 'decode_in_ms': 0.42, 'prompt_ms': 0.0, 'vae_encode_ms': 8.79, 'transformer_plus_decode_ms': 36.09, 'stage_clock': 'cuda-events', 'benchmark_variant': 'terminal-noop', 'output_cast': 'gpu', 'torch_threads': 128, 'terminal_skips': 1, 'jpeg_ms': 0.45, 'total_ms': 45.81}
[worker 0] timing@frame49351: {'queue_wait_ms': 0.027, 'decode_in_ms': 0.43, 'prompt_ms': 0.0, 'vae_encode_ms': 9.17, 'transformer_plus_decode_ms': 34.88, 'stage_clock': 'cuda-events', 'benchmark_variant': 'terminal-noop', 'output_cast': 'gpu', 'torch_threads': 128, 'terminal_skips': 1, 'jpeg_ms': 0.49, 'total_ms': 45.02}
[DIAG] t=3730s in=124548 →wk=74437 ←wk=74435 →cl=74307 drop_in=0 drop_out=0 | since: client=0.0s worker=0.0s sent=0.0s | ch=open buf=0 | lag: max=1ms avg=0.3ms | heap=14.9MB rss=57.8MB | gpu0:R pend=1 frames=49359 buf=0 | gpu1:R pend=1 frames=25076 buf=0
[worker 1] timing@frame25101: {'queue_wait_ms': 0.023, 'decode_in_ms': 0.4, 'prompt_ms': 0.0, 'vae_encode_ms': 8.59, 'transformer_plus_decode_ms': 33.81, 'stage_clock': 'cuda-events', 'benchmark_variant': 'terminal-noop', 'output_cast': 'gpu', 'torch_threads': 128, 'terminal_skips': 1, 'jpeg_ms': 0.47, 'total_ms': 43.33}
[worker 0] timing@frame49401: {'queue_wait_ms': 0.033, 'decode_in_ms': 0.39, 'prompt_ms': 0.0, 'vae_encode_ms': 17.94, 'transformer_plus_decode_ms': 32.81, 'stage_clock': 'cuda-events', 'benchmark_variant': 'terminal-noop', 'output_cast': 'gpu', 'torch_threads': 128, 'terminal_skips': 1, 'jpeg_ms': 0.45, 'total_ms': 51.63}
[worker 1] timing@frame25151: {'queue_wait_ms': 0.037, 'decode_in_ms': 0.4, 'prompt_ms': 0.0, 'vae_encode_ms': 8.74, 'transformer_plus_decode_ms': 34.59, 'stage_clock': 'cuda-events', 'benchmark_variant': 'terminal-noop', 'output_cast': 'gpu', 'torch_threads': 128, 'terminal_skips': 1, 'jpeg_ms': 0.43, 'total_ms': 44.19}
[worker 0] timing@frame49451: {'queue_wait_ms': 0.036, 'decode_in_ms': 0.4, 'prompt_ms': 0.0, 'vae_encode_ms': 16.88, 'transformer_plus_decode_ms': 33.29, 'stage_clock': 'cuda-events', 'benchmark_variant': 'terminal-noop', 'output_cast': 'gpu', 'torch_threads': 128, 'terminal_skips': 1, 'jpeg_ms': 0.46, 'total_ms': 51.08}
[DIAG] t=3735s in=124767 →wk=74626 ←wk=74625 →cl=74497 drop_in=0 drop_out=0 | since: client=0.0s worker=0.0s sent=0.0s | ch=open buf=0 | lag: max=1ms avg=0.3ms | heap=15.3MB rss=57.8MB | gpu0:R pend=0 frames=49454 buf=0 | gpu1:R pend=1 frames=25171 buf=0
[worker 1] timing@frame25201: {'queue_wait_ms': 0.025, 'decode_in_ms': 0.4, 'prompt_ms': 0.0, 'vae_encode_ms': 8.46, 'transformer_plus_decode_ms': 34.65, 'stage_clock': 'cuda-events', 'benchmark_variant': 'terminal-noop', 'output_cast': 'gpu', 'torch_threads': 128, 'terminal_skips': 1, 'jpeg_ms': 0.44, 'total_ms': 43.98}
[worker 0] timing@frame49501: {'queue_wait_ms': 0.031, 'decode_in_ms': 0.37, 'prompt_ms': 0.0, 'vae_encode_ms': 8.84, 'transformer_plus_decode_ms': 32.98, 'stage_clock': 'cuda-events', 'benchmark_variant': 'terminal-noop', 'output_cast': 'gpu', 'torch_threads': 128, 'terminal_skips': 1, 'jpeg_ms': 0.45, 'total_ms': 42.68}
[worker 1] timing@frame25251: {'queue_wait_ms': 0.033, 'decode_in_ms': 0.38, 'prompt_ms': 0.0, 'vae_encode_ms': 8.51, 'transformer_plus_decode_ms': 32.29, 'stage_clock': 'cuda-events', 'benchmark_variant': 'terminal-noop', 'output_cast': 'gpu', 'torch_threads': 128, 'terminal_skips': 1, 'jpeg_ms': 0.43, 'total_ms': 41.65}
[worker 0] timing@frame49551: {'queue_wait_ms': 0.041, 'decode_in_ms': 0.39, 'prompt_ms': 0.0, 'vae_encode_ms': 8.9, 'transformer_plus_decode_ms': 32.81, 'stage_clock': 'cuda-events', 'benchmark_variant': 'terminal-noop', 'output_cast': 'gpu', 'torch_threads': 128, 'terminal_skips': 1, 'jpeg_ms': 0.45, 'total_ms': 42.58}
[DIAG] t=3740s in=124997 →wk=74821 ←wk=74819 →cl=74691 drop_in=0 drop_out=0 | since: client=0.0s worker=0.0s sent=0.0s | ch=open buf=0 | lag: max=1ms avg=0.3ms | heap=9.7MB rss=57.8MB | gpu0:R pend=1 frames=49551 buf=0 | gpu1:R pend=1 frames=25268 buf=0
[worker 1] timing@frame25301: {'queue_wait_ms': 0.032, 'decode_in_ms': 0.41, 'prompt_ms': 0.0, 'vae_encode_ms': 8.53, 'transformer_plus_decode_ms': 34.67, 'stage_clock': 'cuda-events', 'benchmark_variant': 'terminal-noop', 'output_cast': 'gpu', 'torch_threads': 128, 'terminal_skips': 1, 'jpeg_ms': 0.43, 'total_ms': 44.07}
[worker 0] timing@frame49601: {'queue_wait_ms': 0.028, 'decode_in_ms': 0.38, 'prompt_ms': 0.0, 'vae_encode_ms': 8.93, 'transformer_plus_decode_ms': 32.76, 'stage_clock': 'cuda-events', 'benchmark_variant': 'terminal-noop', 'output_cast': 'gpu', 'torch_threads': 128, 'terminal_skips': 1, 'jpeg_ms': 0.44, 'total_ms': 42.55}
[worker 1] timing@frame25351: {'queue_wait_ms': 0.049, 'decode_in_ms': 0.42, 'prompt_ms': 0.0, 'vae_encode_ms': 24.79, 'transformer_plus_decode_ms': 37.25, 'stage_clock': 'cuda-events', 'benchmark_variant': 'terminal-noop', 'output_cast': 'gpu', 'torch_threads': 128, 'terminal_skips': 1, 'jpeg_ms': 0.47, 'total_ms': 62.99}
[DIAG] t=3745s in=125226 →wk=75013 ←wk=75011 →cl=74883 drop_in=0 drop_out=0 | since: client=0.0s worker=0.0s sent=0.0s | ch=open buf=0 | lag: max=1ms avg=0.3ms | heap=10.2MB rss=57.8MB | gpu0:R pend=1 frames=49647 buf=0 | gpu1:R pend=1 frames=25364 buf=0
[worker 0] timing@frame49651: {'queue_wait_ms': 0.027, 'decode_in_ms': 0.38, 'prompt_ms': 0.0, 'vae_encode_ms': 17.5, 'transformer_plus_decode_ms': 32.82, 'stage_clock': 'cuda-events', 'benchmark_variant': 'terminal-noop', 'output_cast': 'gpu', 'torch_threads': 128, 'terminal_skips': 1, 'jpeg_ms': 0.46, 'total_ms': 51.19}
[worker 1] timing@frame25401: {'queue_wait_ms': 0.041, 'decode_in_ms': 0.43, 'prompt_ms': 0.0, 'vae_encode_ms': 19.32, 'transformer_plus_decode_ms': 33.2, 'stage_clock': 'cuda-events', 'benchmark_variant': 'terminal-noop', 'output_cast': 'gpu', 'torch_threads': 128, 'terminal_skips': 1, 'jpeg_ms': 0.43, 'total_ms': 53.43}
[worker 0] timing@frame49701: {'queue_wait_ms': 0.024, 'decode_in_ms': 0.37, 'prompt_ms': 0.0, 'vae_encode_ms': 8.94, 'transformer_plus_decode_ms': 33.32, 'stage_clock': 'cuda-events', 'benchmark_variant': 'terminal-noop', 'output_cast': 'gpu', 'torch_threads': 128, 'terminal_skips': 1, 'jpeg_ms': 0.45, 'total_ms': 43.13}
[worker 1] timing@frame25451: {'queue_wait_ms': 0.036, 'decode_in_ms': 0.42, 'prompt_ms': 0.0, 'vae_encode_ms': 13.4, 'transformer_plus_decode_ms': 35.26, 'stage_clock': 'cuda-events', 'benchmark_variant': 'terminal-noop', 'output_cast': 'gpu', 'torch_threads': 128, 'terminal_skips': 1, 'jpeg_ms': 0.43, 'total_ms': 49.56}
[DIAG] t=3750s in=125443 →wk=75203 ←wk=75202 →cl=75074 drop_in=0 drop_out=0 | since: client=0.0s worker=0.0s sent=0.0s | ch=open buf=0 | lag: max=1ms avg=0.3ms | heap=11.0MB rss=57.8MB | gpu0:R pend=1 frames=49742 buf=0 | gpu1:R pend=0 frames=25460 buf=0
[worker 0] timing@frame49751: {'queue_wait_ms': 0.035, 'decode_in_ms': 0.36, 'prompt_ms': 0.0, 'vae_encode_ms': 8.85, 'transformer_plus_decode_ms': 32.48, 'stage_clock': 'cuda-events', 'benchmark_variant': 'terminal-noop', 'output_cast': 'gpu', 'torch_threads': 128, 'terminal_skips': 1, 'jpeg_ms': 0.44, 'total_ms': 42.17}
[worker 1] timing@frame25501: {'queue_wait_ms': 0.022, 'decode_in_ms': 0.37, 'prompt_ms': 0.0, 'vae_encode_ms': 8.5, 'transformer_plus_decode_ms': 34.62, 'stage_clock': 'cuda-events', 'benchmark_variant': 'terminal-noop', 'output_cast': 'gpu', 'torch_threads': 128, 'terminal_skips': 1, 'jpeg_ms': 0.44, 'total_ms': 43.96}
[worker 0] timing@frame49801: {'queue_wait_ms': 0.027, 'decode_in_ms': 0.38, 'prompt_ms': 0.0, 'vae_encode_ms': 8.88, 'transformer_plus_decode_ms': 32.84, 'stage_clock': 'cuda-events', 'benchmark_variant': 'terminal-noop', 'output_cast': 'gpu', 'torch_threads': 128, 'terminal_skips': 1, 'jpeg_ms': 0.45, 'total_ms': 42.59}
[worker 1] timing@frame25551: {'queue_wait_ms': 0.025, 'decode_in_ms': 0.38, 'prompt_ms': 0.0, 'vae_encode_ms': 8.62, 'transformer_plus_decode_ms': 32.69, 'stage_clock': 'cuda-events', 'benchmark_variant': 'terminal-noop', 'output_cast': 'gpu', 'torch_threads': 128, 'terminal_skips': 1, 'jpeg_ms': 0.42, 'total_ms': 42.15}
[DIAG] t=3755s in=125664 →wk=75392 ←wk=75390 →cl=75262 drop_in=0 drop_out=0 | since: client=0.0s worker=0.0s sent=0.0s | ch=open buf=0 | lag: max=1ms avg=0.3ms | heap=11.5MB rss=57.8MB | gpu0:R pend=1 frames=49836 buf=0 | gpu1:R pend=1 frames=25554 buf=0
[worker 0] timing@frame49851: {'queue_wait_ms': 0.033, 'decode_in_ms': 0.37, 'prompt_ms': 0.0, 'vae_encode_ms': 8.87, 'transformer_plus_decode_ms': 32.48, 'stage_clock': 'cuda-events', 'benchmark_variant': 'terminal-noop', 'output_cast': 'gpu', 'torch_threads': 128, 'terminal_skips': 1, 'jpeg_ms': 0.46, 'total_ms': 42.22}
[worker 1] timing@frame25601: {'queue_wait_ms': 0.024, 'decode_in_ms': 0.39, 'prompt_ms': 0.0, 'vae_encode_ms': 8.38, 'transformer_plus_decode_ms': 34.71, 'stage_clock': 'cuda-events', 'benchmark_variant': 'terminal-noop', 'output_cast': 'gpu', 'torch_threads': 128, 'terminal_skips': 1, 'jpeg_ms': 0.45, 'total_ms': 43.97}
[worker 0] timing@frame49901: {'queue_wait_ms': 0.026, 'decode_in_ms': 0.38, 'prompt_ms': 0.0, 'vae_encode_ms': 8.82, 'transformer_plus_decode_ms': 33.07, 'stage_clock': 'cuda-events', 'benchmark_variant': 'terminal-noop', 'output_cast': 'gpu', 'torch_threads': 128, 'terminal_skips': 1, 'jpeg_ms': 0.45, 'total_ms': 42.75}
[DIAG] t=3760s in=125884 →wk=75576 ←wk=75574 →cl=75446 drop_in=0 drop_out=0 | since: client=0.0s worker=0.0s sent=0.0s | ch=open buf=0 | lag: max=0ms avg=0.3ms | heap=11.7MB rss=57.8MB | gpu0:R pend=1 frames=49928 buf=0 | gpu1:R pend=1 frames=25646 buf=0
[worker 1] timing@frame25651: {'queue_wait_ms': 0.013, 'decode_in_ms': 0.4, 'prompt_ms': 0.0, 'vae_encode_ms': 8.57, 'transformer_plus_decode_ms': 34.79, 'stage_clock': 'cuda-events', 'benchmark_variant': 'terminal-noop', 'output_cast': 'gpu', 'torch_threads': 128, 'terminal_skips': 1, 'jpeg_ms': 0.43, 'total_ms': 44.24}
[worker 0] timing@frame49951: {'queue_wait_ms': 0.025, 'decode_in_ms': 0.39, 'prompt_ms': 0.0, 'vae_encode_ms': 8.95, 'transformer_plus_decode_ms': 33.23, 'stage_clock': 'cuda-events', 'benchmark_variant': 'terminal-noop', 'output_cast': 'gpu', 'torch_threads': 128, 'terminal_skips': 1, 'jpeg_ms': 0.46, 'total_ms': 43.07}
[worker 1] timing@frame25701: {'queue_wait_ms': 0.027, 'decode_in_ms': 0.39, 'prompt_ms': 0.0, 'vae_encode_ms': 8.5, 'transformer_plus_decode_ms': 32.49, 'stage_clock': 'cuda-events', 'benchmark_variant': 'terminal-noop', 'output_cast': 'gpu', 'torch_threads': 128, 'terminal_skips': 1, 'jpeg_ms': 0.43, 'total_ms': 41.85}
[worker 0] timing@frame50001: {'queue_wait_ms': 0.026, 'decode_in_ms': 0.38, 'prompt_ms': 0.0, 'vae_encode_ms': 8.85, 'transformer_plus_decode_ms': 32.84, 'stage_clock': 'cuda-events', 'benchmark_variant': 'terminal-noop', 'output_cast': 'gpu', 'torch_threads': 128, 'terminal_skips': 1, 'jpeg_ms': 0.44, 'total_ms': 42.54}
[DIAG] t=3765s in=126099 →wk=75764 ←wk=75763 →cl=75635 drop_in=0 drop_out=0 | since: client=0.0s worker=0.0s sent=0.0s | ch=open buf=0 | lag: max=1ms avg=0.3ms | heap=12.1MB rss=57.8MB | gpu0:R pend=0 frames=50023 buf=0 | gpu1:R pend=1 frames=25740 buf=0
[worker 1] timing@frame25751: {'queue_wait_ms': 0.024, 'decode_in_ms': 0.4, 'prompt_ms': 0.0, 'vae_encode_ms': 8.5, 'transformer_plus_decode_ms': 34.96, 'stage_clock': 'cuda-events', 'benchmark_variant': 'terminal-noop', 'output_cast': 'gpu', 'torch_threads': 128, 'terminal_skips': 1, 'jpeg_ms': 0.43, 'total_ms': 44.33}
[worker 0] timing@frame50051: {'queue_wait_ms': 0.025, 'decode_in_ms': 0.38, 'prompt_ms': 0.0, 'vae_encode_ms': 8.83, 'transformer_plus_decode_ms': 32.6, 'stage_clock': 'cuda-events', 'benchmark_variant': 'terminal-noop', 'output_cast': 'gpu', 'torch_threads': 128, 'terminal_skips': 1, 'jpeg_ms': 0.45, 'total_ms': 42.3}
[worker 1] timing@frame25801: {'queue_wait_ms': 0.023, 'decode_in_ms': 0.39, 'prompt_ms': 0.0, 'vae_encode_ms': 8.54, 'transformer_plus_decode_ms': 34.64, 'stage_clock': 'cuda-events', 'benchmark_variant': 'terminal-noop', 'output_cast': 'gpu', 'torch_threads': 128, 'terminal_skips': 1, 'jpeg_ms': 0.43, 'total_ms': 44.04}
[worker 0] timing@frame50101: {'queue_wait_ms': 0.026, 'decode_in_ms': 0.37, 'prompt_ms': 0.0, 'vae_encode_ms': 8.88, 'transformer_plus_decode_ms': 32.44, 'stage_clock': 'cuda-events', 'benchmark_variant': 'terminal-noop', 'output_cast': 'gpu', 'torch_threads': 128, 'terminal_skips': 1, 'jpeg_ms': 0.45, 'total_ms': 42.17}
[DIAG] t=3770s in=126311 →wk=75954 ←wk=75952 →cl=75824 drop_in=0 drop_out=0 | since: client=0.0s worker=0.0s sent=0.0s | ch=open buf=0 | lag: max=1ms avg=0.3ms | heap=12.4MB rss=57.8MB | gpu0:R pend=1 frames=50117 buf=0 | gpu1:R pend=1 frames=25835 buf=0
[worker 1] timing@frame25851: {'queue_wait_ms': 0.024, 'decode_in_ms': 0.38, 'prompt_ms': 0.0, 'vae_encode_ms': 8.44, 'transformer_plus_decode_ms': 32.24, 'stage_clock': 'cuda-events', 'benchmark_variant': 'terminal-noop', 'output_cast': 'gpu', 'torch_threads': 128, 'terminal_skips': 1, 'jpeg_ms': 0.42, 'total_ms': 41.51}
[worker 0] timing@frame50151: {'queue_wait_ms': 0.026, 'decode_in_ms': 0.45, 'prompt_ms': 0.0, 'vae_encode_ms': 9.21, 'transformer_plus_decode_ms': 35.83, 'stage_clock': 'cuda-events', 'benchmark_variant': 'terminal-noop', 'output_cast': 'gpu', 'torch_threads': 128, 'terminal_skips': 1, 'jpeg_ms': 0.5, 'total_ms': 46.05}
[worker 1] timing@frame25901: {'queue_wait_ms': 0.042, 'decode_in_ms': 0.45, 'prompt_ms': 0.0, 'vae_encode_ms': 8.6, 'transformer_plus_decode_ms': 35.56, 'stage_clock': 'cuda-events', 'benchmark_variant': 'terminal-noop', 'output_cast': 'gpu', 'torch_threads': 128, 'terminal_skips': 1, 'jpeg_ms': 0.43, 'total_ms': 45.08}
[worker 0] timing@frame50201: {'queue_wait_ms': 0.025, 'decode_in_ms': 0.39, 'prompt_ms': 0.0, 'vae_encode_ms': 8.91, 'transformer_plus_decode_ms': 32.83, 'stage_clock': 'cuda-events', 'benchmark_variant': 'terminal-noop', 'output_cast': 'gpu', 'torch_threads': 128, 'terminal_skips': 1, 'jpeg_ms': 0.45, 'total_ms': 42.62}
[DIAG] t=3775s in=126516 →wk=76138 ←wk=76136 →cl=76007 drop_in=0 drop_out=0 | since: client=0.0s worker=0.0s sent=0.0s | ch=open buf=0 | lag: max=3ms avg=0.3ms | heap=12.4MB rss=57.8MB | gpu0:R pend=1 frames=50210 buf=0 | gpu1:R pend=1 frames=25926 buf=0
[worker 1] timing@frame25951: {'queue_wait_ms': 0.033, 'decode_in_ms': 0.43, 'prompt_ms': 0.0, 'vae_encode_ms': 9.45, 'transformer_plus_decode_ms': 34.88, 'stage_clock': 'cuda-events', 'benchmark_variant': 'terminal-noop', 'output_cast': 'gpu', 'torch_threads': 128, 'terminal_skips': 1, 'jpeg_ms': 0.45, 'total_ms': 45.26}
[worker 0] timing@frame50251: {'queue_wait_ms': 0.028, 'decode_in_ms': 0.43, 'prompt_ms': 0.0, 'vae_encode_ms': 9.13, 'transformer_plus_decode_ms': 34.28, 'stage_clock': 'cuda-events', 'benchmark_variant': 'terminal-noop', 'output_cast': 'gpu', 'torch_threads': 128, 'terminal_skips': 1, 'jpeg_ms': 0.48, 'total_ms': 44.38}
[worker 1] timing@frame26001: {'queue_wait_ms': 0.027, 'decode_in_ms': 0.39, 'prompt_ms': 0.0, 'vae_encode_ms': 8.49, 'transformer_plus_decode_ms': 32.33, 'stage_clock': 'cuda-events', 'benchmark_variant': 'terminal-noop', 'output_cast': 'gpu', 'torch_threads': 128, 'terminal_skips': 1, 'jpeg_ms': 0.42, 'total_ms': 41.67}
[worker 0] timing@frame50301: {'queue_wait_ms': 0.025, 'decode_in_ms': 0.38, 'prompt_ms': 0.0, 'vae_encode_ms': 8.8, 'transformer_plus_decode_ms': 32.98, 'stage_clock': 'cuda-events', 'benchmark_variant': 'terminal-noop', 'output_cast': 'gpu', 'torch_threads': 128, 'terminal_skips': 1, 'jpeg_ms': 0.44, 'total_ms': 42.64}
[DIAG] t=3780s in=126728 →wk=76329 ←wk=76327 →cl=76197 drop_in=0 drop_out=0 | since: client=0.0s worker=0.0s sent=0.0s | ch=open buf=0 | lag: max=1ms avg=0.3ms | heap=12.9MB rss=57.8MB | gpu0:R pend=1 frames=50306 buf=0 | gpu1:R pend=1 frames=26021 buf=0
[worker 1] timing@frame26051: {'queue_wait_ms': 0.039, 'decode_in_ms': 0.44, 'prompt_ms': 0.0, 'vae_encode_ms': 17.94, 'transformer_plus_decode_ms': 34.85, 'stage_clock': 'cuda-events', 'benchmark_variant': 'terminal-noop', 'output_cast': 'gpu', 'torch_threads': 128, 'terminal_skips': 1, 'jpeg_ms': 0.43, 'total_ms': 53.69}
[worker 0] timing@frame50351: {'queue_wait_ms': 0.031, 'decode_in_ms': 0.38, 'prompt_ms': 0.0, 'vae_encode_ms': 8.91, 'transformer_plus_decode_ms': 33.17, 'stage_clock': 'cuda-events', 'benchmark_variant': 'terminal-noop', 'output_cast': 'gpu', 'torch_threads': 128, 'terminal_skips': 1, 'jpeg_ms': 0.44, 'total_ms': 42.94}
[worker 1] timing@frame26101: {'queue_wait_ms': 0.029, 'decode_in_ms': 0.39, 'prompt_ms': 0.0, 'vae_encode_ms': 8.5, 'transformer_plus_decode_ms': 34.32, 'stage_clock': 'cuda-events', 'benchmark_variant': 'terminal-noop', 'output_cast': 'gpu', 'torch_threads': 128, 'terminal_skips': 1, 'jpeg_ms': 0.42, 'total_ms': 43.66}
[DIAG] t=3785s in=126933 →wk=76516 ←wk=76516 →cl=76386 drop_in=0 drop_out=0 | since: client=0.0s worker=0.0s sent=0.0s | ch=open buf=0 | lag: max=1ms avg=0.3ms | heap=13.2MB rss=57.8MB | gpu0:R pend=0 frames=50400 buf=0 | gpu1:R pend=0 frames=26116 buf=0
[worker 0] timing@frame50401: {'queue_wait_ms': 0.039, 'decode_in_ms': 0.39, 'prompt_ms': 0.0, 'vae_encode_ms': 8.94, 'transformer_plus_decode_ms': 32.87, 'stage_clock': 'cuda-events', 'benchmark_variant': 'terminal-noop', 'output_cast': 'gpu', 'torch_threads': 128, 'terminal_skips': 1, 'jpeg_ms': 0.45, 'total_ms': 42.7}
[worker 1] timing@frame26151: {'queue_wait_ms': 0.027, 'decode_in_ms': 0.39, 'prompt_ms': 0.0, 'vae_encode_ms': 8.57, 'transformer_plus_decode_ms': 33.07, 'stage_clock': 'cuda-events', 'benchmark_variant': 'terminal-noop', 'output_cast': 'gpu', 'torch_threads': 128, 'terminal_skips': 1, 'jpeg_ms': 0.44, 'total_ms': 42.5}
[worker 0] timing@frame50451: {'queue_wait_ms': 0.03, 'decode_in_ms': 0.39, 'prompt_ms': 0.0, 'vae_encode_ms': 8.94, 'transformer_plus_decode_ms': 33.26, 'stage_clock': 'cuda-events', 'benchmark_variant': 'terminal-noop', 'output_cast': 'gpu', 'torch_threads': 128, 'terminal_skips': 1, 'jpeg_ms': 0.44, 'total_ms': 43.08}
[worker 1] timing@frame26201: {'queue_wait_ms': 0.031, 'decode_in_ms': 0.48, 'prompt_ms': 0.0, 'vae_encode_ms': 9.2, 'transformer_plus_decode_ms': 37.84, 'stage_clock': 'cuda-events', 'benchmark_variant': 'terminal-noop', 'output_cast': 'gpu', 'torch_threads': 128, 'terminal_skips': 1, 'jpeg_ms': 0.51, 'total_ms': 48.1}
[DIAG] t=3790s in=127136 →wk=76696 ←wk=76694 →cl=76564 drop_in=0 drop_out=0 | since: client=0.0s worker=0.0s sent=0.0s | ch=open buf=0 | lag: max=1ms avg=0.3ms | heap=12.9MB rss=57.8MB | gpu0:R pend=1 frames=50489 buf=0 | gpu1:R pend=1 frames=26205 buf=0
[worker 0] timing@frame50501: {'queue_wait_ms': 0.036, 'decode_in_ms': 0.41, 'prompt_ms': 0.0, 'vae_encode_ms': 9.19, 'transformer_plus_decode_ms': 33.56, 'stage_clock': 'cuda-events', 'benchmark_variant': 'terminal-noop', 'output_cast': 'gpu', 'torch_threads': 128, 'terminal_skips': 1, 'jpeg_ms': 0.46, 'total_ms': 43.67}
[worker 1] timing@frame26251: {'queue_wait_ms': 0.026, 'decode_in_ms': 0.38, 'prompt_ms': 0.0, 'vae_encode_ms': 8.57, 'transformer_plus_decode_ms': 35.26, 'stage_clock': 'cuda-events', 'benchmark_variant': 'terminal-noop', 'output_cast': 'gpu', 'torch_threads': 128, 'terminal_skips': 1, 'jpeg_ms': 0.44, 'total_ms': 44.69}
[worker 0] timing@frame50551: {'queue_wait_ms': 0.028, 'decode_in_ms': 0.4, 'prompt_ms': 0.0, 'vae_encode_ms': 8.84, 'transformer_plus_decode_ms': 32.75, 'stage_clock': 'cuda-events', 'benchmark_variant': 'terminal-noop', 'output_cast': 'gpu', 'torch_threads': 128, 'terminal_skips': 1, 'jpeg_ms': 0.46, 'total_ms': 42.5}
[DIAG] t=3795s in=127333 →wk=76875 ←wk=76874 →cl=76744 drop_in=0 drop_out=0 | since: client=0.0s worker=0.0s sent=0.0s | ch=open buf=0 | lag: max=1ms avg=0.3ms | heap=12.7MB rss=57.8MB | gpu0:R pend=1 frames=50579 buf=0 | gpu1:R pend=0 frames=26295 buf=0
[worker 1] timing@frame26301: {'queue_wait_ms': 0.028, 'decode_in_ms': 0.41, 'prompt_ms': 0.0, 'vae_encode_ms': 8.63, 'transformer_plus_decode_ms': 32.93, 'stage_clock': 'cuda-events', 'benchmark_variant': 'terminal-noop', 'output_cast': 'gpu', 'torch_threads': 128, 'terminal_skips': 1, 'jpeg_ms': 0.44, 'total_ms': 42.46}
[worker 0] timing@frame50601: {'queue_wait_ms': 0.029, 'decode_in_ms': 0.42, 'prompt_ms': 0.0, 'vae_encode_ms': 8.93, 'transformer_plus_decode_ms': 33.34, 'stage_clock': 'cuda-events', 'benchmark_variant': 'terminal-noop', 'output_cast': 'gpu', 'torch_threads': 128, 'terminal_skips': 1, 'jpeg_ms': 0.49, 'total_ms': 43.24}
[worker 1] timing@frame26351: {'queue_wait_ms': 0.025, 'decode_in_ms': 0.38, 'prompt_ms': 0.0, 'vae_encode_ms': 17.58, 'transformer_plus_decode_ms': 35.35, 'stage_clock': 'cuda-events', 'benchmark_variant': 'terminal-noop', 'output_cast': 'gpu', 'torch_threads': 128, 'terminal_skips': 1, 'jpeg_ms': 0.44, 'total_ms': 53.79}
[worker 0] timing@frame50651: {'queue_wait_ms': 0.026, 'decode_in_ms': 0.39, 'prompt_ms': 0.0, 'vae_encode_ms': 8.79, 'transformer_plus_decode_ms': 32.92, 'stage_clock': 'cuda-events', 'benchmark_variant': 'terminal-noop', 'output_cast': 'gpu', 'torch_threads': 128, 'terminal_skips': 1, 'jpeg_ms': 0.45, 'total_ms': 42.59}
[DIAG] t=3800s in=127526 →wk=77048 ←wk=77046 →cl=76916 drop_in=0 drop_out=0 | since: client=0.0s worker=0.0s sent=0.0s | ch=open buf=0 | lag: max=1ms avg=0.3ms | heap=12.0MB rss=57.8MB | gpu0:R pend=1 frames=50665 buf=0 | gpu1:R pend=1 frames=26381 buf=0
[worker 1] timing@frame26401: {'queue_wait_ms': 0.023, 'decode_in_ms': 0.4, 'prompt_ms': 0.0, 'vae_encode_ms': 8.5, 'transformer_plus_decode_ms': 35.25, 'stage_clock': 'cuda-events', 'benchmark_variant': 'terminal-noop', 'output_cast': 'gpu', 'torch_threads': 128, 'terminal_skips': 1, 'jpeg_ms': 0.43, 'total_ms': 44.61}
[worker 0] timing@frame50701: {'queue_wait_ms': 0.024, 'decode_in_ms': 0.38, 'prompt_ms': 0.0, 'vae_encode_ms': 8.97, 'transformer_plus_decode_ms': 32.86, 'stage_clock': 'cuda-events', 'benchmark_variant': 'terminal-noop', 'output_cast': 'gpu', 'torch_threads': 128, 'terminal_skips': 1, 'jpeg_ms': 0.44, 'total_ms': 42.7}
[worker 1] timing@frame26451: {'queue_wait_ms': 0.023, 'decode_in_ms': 0.44, 'prompt_ms': 0.0, 'vae_encode_ms': 8.74, 'transformer_plus_decode_ms': 33.76, 'stage_clock': 'cuda-events', 'benchmark_variant': 'terminal-noop', 'output_cast': 'gpu', 'torch_threads': 128, 'terminal_skips': 1, 'jpeg_ms': 0.47, 'total_ms': 43.45}
[worker 0] timing@frame50751: {'queue_wait_ms': 0.056, 'decode_in_ms': 0.38, 'prompt_ms': 0.0, 'vae_encode_ms': 8.84, 'transformer_plus_decode_ms': 32.57, 'stage_clock': 'cuda-events', 'benchmark_variant': 'terminal-noop', 'output_cast': 'gpu', 'torch_threads': 128, 'terminal_skips': 1, 'jpeg_ms': 0.44, 'total_ms': 42.27}
[DIAG] t=3805s in=127736 →wk=77230 ←wk=77229 →cl=77099 drop_in=0 drop_out=0 | since: client=0.0s worker=0.0s sent=0.0s | ch=open buf=0 | lag: max=1ms avg=0.3ms | heap=12.0MB rss=57.8MB | gpu0:R pend=0 frames=50757 buf=0 | gpu1:R pend=1 frames=26472 buf=0
[worker 1] timing@frame26501: {'queue_wait_ms': 0.038, 'decode_in_ms': 0.39, 'prompt_ms': 0.0, 'vae_encode_ms': 8.58, 'transformer_plus_decode_ms': 36.02, 'stage_clock': 'cuda-events', 'benchmark_variant': 'terminal-noop', 'output_cast': 'gpu', 'torch_threads': 128, 'terminal_skips': 1, 'jpeg_ms': 0.43, 'total_ms': 45.47}
[worker 0] timing@frame50801: {'queue_wait_ms': 0.023, 'decode_in_ms': 0.38, 'prompt_ms': 0.0, 'vae_encode_ms': 8.91, 'transformer_plus_decode_ms': 33.11, 'stage_clock': 'cuda-events', 'benchmark_variant': 'terminal-noop', 'output_cast': 'gpu', 'torch_threads': 128, 'terminal_skips': 1, 'jpeg_ms': 0.46, 'total_ms': 42.91}
[worker 1] timing@frame26551: {'queue_wait_ms': 0.029, 'decode_in_ms': 0.57, 'prompt_ms': 0.0, 'vae_encode_ms': 23.97, 'transformer_plus_decode_ms': 37.89, 'stage_clock': 'cuda-events', 'benchmark_variant': 'terminal-noop', 'output_cast': 'gpu', 'torch_threads': 128, 'terminal_skips': 1, 'jpeg_ms': 0.61, 'total_ms': 63.12}
[DIAG] t=3810s in=127941 →wk=77406 ←wk=77404 →cl=77274 drop_in=0 drop_out=0 | since: client=0.0s worker=0.0s sent=0.0s | ch=open buf=0 | lag: max=1ms avg=0.3ms | heap=11.5MB rss=57.8MB | gpu0:R pend=1 frames=50844 buf=0 | gpu1:R pend=1 frames=26560 buf=0
[worker 0] timing@frame50851: {'queue_wait_ms': 0.043, 'decode_in_ms': 0.55, 'prompt_ms': 0.01, 'vae_encode_ms': 9.62, 'transformer_plus_decode_ms': 33.85, 'stage_clock': 'cuda-events', 'benchmark_variant': 'terminal-noop', 'output_cast': 'gpu', 'torch_threads': 128, 'terminal_skips': 1, 'jpeg_ms': 0.47, 'total_ms': 44.6}
[worker 1] timing@frame26601: {'queue_wait_ms': 0.023, 'decode_in_ms': 0.51, 'prompt_ms': 0.0, 'vae_encode_ms': 8.59, 'transformer_plus_decode_ms': 33.11, 'stage_clock': 'cuda-events', 'benchmark_variant': 'terminal-noop', 'output_cast': 'gpu', 'torch_threads': 128, 'terminal_skips': 1, 'jpeg_ms': 0.47, 'total_ms': 42.73}
[worker 0] timing@frame50901: {'queue_wait_ms': 0.026, 'decode_in_ms': 0.39, 'prompt_ms': 0.0, 'vae_encode_ms': 9.0, 'transformer_plus_decode_ms': 34.68, 'stage_clock': 'cuda-events', 'benchmark_variant': 'terminal-noop', 'output_cast': 'gpu', 'torch_threads': 128, 'terminal_skips': 1, 'jpeg_ms': 0.5, 'total_ms': 44.64}
[worker 1] timing@frame26651: {'queue_wait_ms': 0.03, 'decode_in_ms': 0.49, 'prompt_ms': 0.0, 'vae_encode_ms': 8.69, 'transformer_plus_decode_ms': 35.49, 'stage_clock': 'cuda-events', 'benchmark_variant': 'terminal-noop', 'output_cast': 'gpu', 'torch_threads': 128, 'terminal_skips': 1, 'jpeg_ms': 0.52, 'total_ms': 45.24}
[DIAG] t=3815s in=128145 →wk=77588 ←wk=77586 →cl=77455 drop_in=0 drop_out=0 | since: client=0.0s worker=0.0s sent=0.0s | ch=open buf=0 | lag: max=1ms avg=0.3ms | heap=11.5MB rss=57.8MB | gpu0:R pend=1 frames=50935 buf=0 | gpu1:R pend=1 frames=26651 buf=0
[worker 0] timing@frame50951: {'queue_wait_ms': 0.013, 'decode_in_ms': 0.38, 'prompt_ms': 0.0, 'vae_encode_ms': 8.96, 'transformer_plus_decode_ms': 32.81, 'stage_clock': 'cuda-events', 'benchmark_variant': 'terminal-noop', 'output_cast': 'gpu', 'torch_threads': 128, 'terminal_skips': 1, 'jpeg_ms': 0.45, 'total_ms': 42.65}
[worker 1] timing@frame26701: {'queue_wait_ms': 0.031, 'decode_in_ms': 0.52, 'prompt_ms': 0.0, 'vae_encode_ms': 8.89, 'transformer_plus_decode_ms': 35.65, 'stage_clock': 'cuda-events', 'benchmark_variant': 'terminal-noop', 'output_cast': 'gpu', 'torch_threads': 128, 'terminal_skips': 1, 'jpeg_ms': 0.43, 'total_ms': 45.54}
[worker 0] timing@frame51001: {'queue_wait_ms': 0.029, 'decode_in_ms': 0.37, 'prompt_ms': 0.0, 'vae_encode_ms': 8.82, 'transformer_plus_decode_ms': 32.57, 'stage_clock': 'cuda-events', 'benchmark_variant': 'terminal-noop', 'output_cast': 'gpu', 'torch_threads': 128, 'terminal_skips': 1, 'jpeg_ms': 0.44, 'total_ms': 42.24}
[DIAG] t=3820s in=128335 →wk=77765 ←wk=77765 →cl=77634 drop_in=0 drop_out=0 | since: client=0.1s worker=0.0s sent=0.0s | ch=open buf=0 | lag: max=1ms avg=0.3ms | heap=11.0MB rss=57.8MB | gpu0:R pend=0 frames=51024 buf=0 | gpu1:R pend=0 frames=26741 buf=0
[worker 1] timing@frame26751: {'queue_wait_ms': 0.024, 'decode_in_ms': 0.44, 'prompt_ms': 0.0, 'vae_encode_ms': 17.72, 'transformer_plus_decode_ms': 33.23, 'stage_clock': 'cuda-events', 'benchmark_variant': 'terminal-noop', 'output_cast': 'gpu', 'torch_threads': 128, 'terminal_skips': 1, 'jpeg_ms': 0.45, 'total_ms': 51.89}
[worker 0] timing@frame51051: {'queue_wait_ms': 0.025, 'decode_in_ms': 0.38, 'prompt_ms': 0.0, 'vae_encode_ms': 8.86, 'transformer_plus_decode_ms': 32.84, 'stage_clock': 'cuda-events', 'benchmark_variant': 'terminal-noop', 'output_cast': 'gpu', 'torch_threads': 128, 'terminal_skips': 1, 'jpeg_ms': 0.45, 'total_ms': 42.57}
[worker 1] timing@frame26801: {'queue_wait_ms': 0.029, 'decode_in_ms': 0.53, 'prompt_ms': 0.0, 'vae_encode_ms': 8.66, 'transformer_plus_decode_ms': 35.33, 'stage_clock': 'cuda-events', 'benchmark_variant': 'terminal-noop', 'output_cast': 'gpu', 'torch_threads': 128, 'terminal_skips': 1, 'jpeg_ms': 0.46, 'total_ms': 45.02}
[worker 0] timing@frame51101: {'queue_wait_ms': 0.025, 'decode_in_ms': 0.37, 'prompt_ms': 0.0, 'vae_encode_ms': 8.84, 'transformer_plus_decode_ms': 32.91, 'stage_clock': 'cuda-events', 'benchmark_variant': 'terminal-noop', 'output_cast': 'gpu', 'torch_threads': 128, 'terminal_skips': 1, 'jpeg_ms': 0.45, 'total_ms': 42.62}
[DIAG] t=3825s in=128538 →wk=77949 ←wk=77948 →cl=77817 drop_in=0 drop_out=0 | since: client=0.0s worker=0.0s sent=0.0s | ch=open buf=0 | lag: max=1ms avg=0.3ms | heap=10.9MB rss=57.8MB | gpu0:R pend=0 frames=51116 buf=0 | gpu1:R pend=1 frames=26832 buf=0
[worker 1] timing@frame26851: {'queue_wait_ms': 0.03, 'decode_in_ms': 0.43, 'prompt_ms': 0.0, 'vae_encode_ms': 8.79, 'transformer_plus_decode_ms': 36.63, 'stage_clock': 'cuda-events', 'benchmark_variant': 'terminal-noop', 'output_cast': 'gpu', 'torch_threads': 128, 'terminal_skips': 1, 'jpeg_ms': 0.52, 'total_ms': 46.42}
[worker 0] timing@frame51151: {'queue_wait_ms': 0.03, 'decode_in_ms': 0.42, 'prompt_ms': 0.0, 'vae_encode_ms': 9.0, 'transformer_plus_decode_ms': 34.86, 'stage_clock': 'cuda-events', 'benchmark_variant': 'terminal-noop', 'output_cast': 'gpu', 'torch_threads': 128, 'terminal_skips': 1, 'jpeg_ms': 0.5, 'total_ms': 44.83}
[worker 1] timing@frame26901: {'queue_wait_ms': 0.032, 'decode_in_ms': 0.46, 'prompt_ms': 0.0, 'vae_encode_ms': 8.92, 'transformer_plus_decode_ms': 33.8, 'stage_clock': 'cuda-events', 'benchmark_variant': 'terminal-noop', 'output_cast': 'gpu', 'torch_threads': 128, 'terminal_skips': 1, 'jpeg_ms': 0.45, 'total_ms': 43.69}
[worker 0] timing@frame51201: {'queue_wait_ms': 0.041, 'decode_in_ms': 0.4, 'prompt_ms': 0.0, 'vae_encode_ms': 8.9, 'transformer_plus_decode_ms': 33.68, 'stage_clock': 'cuda-events', 'benchmark_variant': 'terminal-noop', 'output_cast': 'gpu', 'torch_threads': 128, 'terminal_skips': 1, 'jpeg_ms': 0.46, 'total_ms': 43.49}
[DIAG] t=3830s in=128742 →wk=78130 ←wk=78129 →cl=77997 drop_in=0 drop_out=0 | since: client=0.0s worker=0.0s sent=0.0s | ch=open buf=0 | lag: max=1ms avg=0.3ms | heap=10.7MB rss=57.8MB | gpu0:R pend=0 frames=51207 buf=0 | gpu1:R pend=1 frames=26922 buf=0
[worker 1] timing@frame26951: {'queue_wait_ms': 0.03, 'decode_in_ms': 0.49, 'prompt_ms': 0.0, 'vae_encode_ms': 16.87, 'transformer_plus_decode_ms': 36.68, 'stage_clock': 'cuda-events', 'benchmark_variant': 'terminal-noop', 'output_cast': 'gpu', 'torch_threads': 128, 'terminal_skips': 1, 'jpeg_ms': 0.47, 'total_ms': 54.56}
[worker 0] timing@frame51251: {'queue_wait_ms': 0.026, 'decode_in_ms': 0.38, 'prompt_ms': 0.0, 'vae_encode_ms': 8.88, 'transformer_plus_decode_ms': 32.89, 'stage_clock': 'cuda-events', 'benchmark_variant': 'terminal-noop', 'output_cast': 'gpu', 'torch_threads': 128, 'terminal_skips': 1, 'jpeg_ms': 0.44, 'total_ms': 42.63}
[DIAG] t=3835s in=128925 →wk=78286 ←wk=78284 →cl=78149 drop_in=0 drop_out=0 | since: client=0.0s worker=0.0s sent=0.0s | ch=open buf=0 | lag: max=0ms avg=0.3ms | heap=15.2MB rss=57.8MB | gpu0:R pend=1 frames=51284 buf=0 | gpu1:R pend=1 frames=27000 buf=0
[worker 1] timing@frame27001: {'queue_wait_ms': 0.029, 'decode_in_ms': 0.45, 'prompt_ms': 0.0, 'vae_encode_ms': 19.75, 'transformer_plus_decode_ms': 35.27, 'stage_clock': 'cuda-events', 'benchmark_variant': 'terminal-noop', 'output_cast': 'gpu', 'torch_threads': 128, 'terminal_skips': 1, 'jpeg_ms': 0.44, 'total_ms': 55.96}
[worker 0] timing@frame51301: {'queue_wait_ms': 0.027, 'decode_in_ms': 0.37, 'prompt_ms': 0.0, 'vae_encode_ms': 8.88, 'transformer_plus_decode_ms': 32.42, 'stage_clock': 'cuda-events', 'benchmark_variant': 'terminal-noop', 'output_cast': 'gpu', 'torch_threads': 128, 'terminal_skips': 1, 'jpeg_ms': 0.44, 'total_ms': 42.15}
[worker 1] timing@frame27051: {'queue_wait_ms': 0.029, 'decode_in_ms': 0.4, 'prompt_ms': 0.0, 'vae_encode_ms': 8.63, 'transformer_plus_decode_ms': 32.79, 'stage_clock': 'cuda-events', 'benchmark_variant': 'terminal-noop', 'output_cast': 'gpu', 'torch_threads': 128, 'terminal_skips': 1, 'jpeg_ms': 0.43, 'total_ms': 42.28}
[worker 0] timing@frame51351: {'queue_wait_ms': 0.032, 'decode_in_ms': 0.38, 'prompt_ms': 0.0, 'vae_encode_ms': 8.77, 'transformer_plus_decode_ms': 32.52, 'stage_clock': 'cuda-events', 'benchmark_variant': 'terminal-noop', 'output_cast': 'gpu', 'torch_threads': 128, 'terminal_skips': 1, 'jpeg_ms': 0.44, 'total_ms': 42.14}
[DIAG] t=3840s in=129117 →wk=78458 ←wk=78456 →cl=78320 drop_in=0 drop_out=0 | since: client=0.0s worker=0.0s sent=0.0s | ch=open buf=0 | lag: max=1ms avg=0.3ms | heap=14.5MB rss=57.8MB | gpu0:R pend=1 frames=51371 buf=0 | gpu1:R pend=1 frames=27085 buf=0
[worker 1] timing@frame27101: {'queue_wait_ms': 0.024, 'decode_in_ms': 0.42, 'prompt_ms': 0.0, 'vae_encode_ms': 8.48, 'transformer_plus_decode_ms': 34.98, 'stage_clock': 'cuda-events', 'benchmark_variant': 'terminal-noop', 'output_cast': 'gpu', 'torch_threads': 128, 'terminal_skips': 1, 'jpeg_ms': 0.43, 'total_ms': 44.34}
[worker 0] timing@frame51401: {'queue_wait_ms': 0.027, 'decode_in_ms': 0.41, 'prompt_ms': 0.0, 'vae_encode_ms': 9.12, 'transformer_plus_decode_ms': 33.94, 'stage_clock': 'cuda-events', 'benchmark_variant': 'terminal-noop', 'output_cast': 'gpu', 'torch_threads': 128, 'terminal_skips': 1, 'jpeg_ms': 0.49, 'total_ms': 44.01}
[worker 1] timing@frame27151: {'queue_wait_ms': 0.024, 'decode_in_ms': 0.41, 'prompt_ms': 0.0, 'vae_encode_ms': 8.69, 'transformer_plus_decode_ms': 35.37, 'stage_clock': 'cuda-events', 'benchmark_variant': 'terminal-noop', 'output_cast': 'gpu', 'torch_threads': 128, 'terminal_skips': 1, 'jpeg_ms': 0.45, 'total_ms': 44.96}
[worker 0] timing@frame51451: {'queue_wait_ms': 0.027, 'decode_in_ms': 0.37, 'prompt_ms': 0.0, 'vae_encode_ms': 8.85, 'transformer_plus_decode_ms': 32.8, 'stage_clock': 'cuda-events', 'benchmark_variant': 'terminal-noop', 'output_cast': 'gpu', 'torch_threads': 128, 'terminal_skips': 1, 'jpeg_ms': 0.46, 'total_ms': 42.53}
[DIAG] t=3845s in=129312 →wk=78631 ←wk=78629 →cl=78492 drop_in=0 drop_out=0 | since: client=0.0s worker=0.0s sent=0.0s | ch=open buf=0 | lag: max=1ms avg=0.3ms | heap=13.8MB rss=57.8MB | gpu0:R pend=1 frames=51458 buf=0 | gpu1:R pend=1 frames=27171 buf=0
[worker 1] timing@frame27201: {'queue_wait_ms': 0.04, 'decode_in_ms': 0.45, 'prompt_ms': 0.0, 'vae_encode_ms': 9.24, 'transformer_plus_decode_ms': 33.61, 'stage_clock': 'cuda-events', 'benchmark_variant': 'terminal-noop', 'output_cast': 'gpu', 'torch_threads': 128, 'terminal_skips': 1, 'jpeg_ms': 0.46, 'total_ms': 43.82}
[worker 0] timing@frame51501: {'queue_wait_ms': 0.034, 'decode_in_ms': 0.37, 'prompt_ms': 0.0, 'vae_encode_ms': 8.92, 'transformer_plus_decode_ms': 32.55, 'stage_clock': 'cuda-events', 'benchmark_variant': 'terminal-noop', 'output_cast': 'gpu', 'torch_threads': 128, 'terminal_skips': 1, 'jpeg_ms': 0.44, 'total_ms': 42.33}
[worker 1] timing@frame27251: {'queue_wait_ms': 0.027, 'decode_in_ms': 0.42, 'prompt_ms': 0.0, 'vae_encode_ms': 8.6, 'transformer_plus_decode_ms': 35.17, 'stage_clock': 'cuda-events', 'benchmark_variant': 'terminal-noop', 'output_cast': 'gpu', 'torch_threads': 128, 'terminal_skips': 1, 'jpeg_ms': 0.44, 'total_ms': 44.67}
[DIAG] t=3850s in=129498 →wk=78800 ←wk=78799 →cl=78662 drop_in=0 drop_out=0 | since: client=0.0s worker=0.0s sent=0.0s | ch=open buf=0 | lag: max=1ms avg=0.3ms | heap=12.8MB rss=57.8MB | gpu0:R pend=0 frames=51543 buf=0 | gpu1:R pend=1 frames=27256 buf=0
[worker 0] timing@frame51551: {'queue_wait_ms': 0.043, 'decode_in_ms': 0.42, 'prompt_ms': 0.0, 'vae_encode_ms': 8.96, 'transformer_plus_decode_ms': 32.99, 'stage_clock': 'cuda-events', 'benchmark_variant': 'terminal-noop', 'output_cast': 'gpu', 'torch_threads': 128, 'terminal_skips': 1, 'jpeg_ms': 0.46, 'total_ms': 42.88}
[worker 1] timing@frame27301: {'queue_wait_ms': 0.022, 'decode_in_ms': 0.41, 'prompt_ms': 0.0, 'vae_encode_ms': 8.57, 'transformer_plus_decode_ms': 35.52, 'stage_clock': 'cuda-events', 'benchmark_variant': 'terminal-noop', 'output_cast': 'gpu', 'torch_threads': 128, 'terminal_skips': 1, 'jpeg_ms': 0.44, 'total_ms': 44.99}
[worker 0] timing@frame51601: {'queue_wait_ms': 0.028, 'decode_in_ms': 0.38, 'prompt_ms': 0.0, 'vae_encode_ms': 8.89, 'transformer_plus_decode_ms': 32.61, 'stage_clock': 'cuda-events', 'benchmark_variant': 'terminal-noop', 'output_cast': 'gpu', 'torch_threads': 128, 'terminal_skips': 1, 'jpeg_ms': 0.47, 'total_ms': 42.4}
[DIAG] t=3855s in=129690 →wk=78974 ←wk=78972 →cl=78834 drop_in=0 drop_out=0 | since: client=0.0s worker=0.0s sent=0.0s | ch=open buf=0 | lag: max=1ms avg=0.3ms | heap=12.1MB rss=57.8MB | gpu0:R pend=1 frames=51629 buf=0 | gpu1:R pend=1 frames=27343 buf=0
[worker 1] timing@frame27351: {'queue_wait_ms': 0.022, 'decode_in_ms': 0.41, 'prompt_ms': 0.0, 'vae_encode_ms': 8.5, 'transformer_plus_decode_ms': 32.74, 'stage_clock': 'cuda-events', 'benchmark_variant': 'terminal-noop', 'output_cast': 'gpu', 'torch_threads': 128, 'terminal_skips': 1, 'jpeg_ms': 0.43, 'total_ms': 42.13}
[worker 0] timing@frame51651: {'queue_wait_ms': 0.031, 'decode_in_ms': 0.37, 'prompt_ms': 0.0, 'vae_encode_ms': 8.82, 'transformer_plus_decode_ms': 32.5, 'stage_clock': 'cuda-events', 'benchmark_variant': 'terminal-noop', 'output_cast': 'gpu', 'torch_threads': 128, 'terminal_skips': 1, 'jpeg_ms': 0.44, 'total_ms': 42.16}
[worker 1] timing@frame27401: {'queue_wait_ms': 0.034, 'decode_in_ms': 0.45, 'prompt_ms': 0.0, 'vae_encode_ms': 8.87, 'transformer_plus_decode_ms': 36.71, 'stage_clock': 'cuda-events', 'benchmark_variant': 'terminal-noop', 'output_cast': 'gpu', 'torch_threads': 128, 'terminal_skips': 1, 'jpeg_ms': 0.45, 'total_ms': 46.54}
[DIAG] t=3860s in=129835 →wk=79104 ←wk=79102 →cl=78960 drop_in=0 drop_out=0 | since: client=0.0s worker=0.0s sent=0.0s | ch=open buf=0 | lag: max=1ms avg=0.3ms | heap=14.7MB rss=57.8MB | gpu0:R pend=1 frames=51694 buf=0 | gpu1:R pend=1 frames=27408 buf=0
[worker 0] timing@frame51701: {'queue_wait_ms': 0.025, 'decode_in_ms': 0.37, 'prompt_ms': 0.0, 'vae_encode_ms': 8.84, 'transformer_plus_decode_ms': 32.48, 'stage_clock': 'cuda-events', 'benchmark_variant': 'terminal-noop', 'output_cast': 'gpu', 'torch_threads': 128, 'terminal_skips': 1, 'jpeg_ms': 0.44, 'total_ms': 42.17}
[worker 1] timing@frame27451: {'queue_wait_ms': 0.025, 'decode_in_ms': 0.43, 'prompt_ms': 0.0, 'vae_encode_ms': 8.87, 'transformer_plus_decode_ms': 36.45, 'stage_clock': 'cuda-events', 'benchmark_variant': 'terminal-noop', 'output_cast': 'gpu', 'torch_threads': 128, 'terminal_skips': 1, 'jpeg_ms': 0.47, 'total_ms': 46.26}
[worker 0] timing@frame51751: {'queue_wait_ms': 0.028, 'decode_in_ms': 0.37, 'prompt_ms': 0.0, 'vae_encode_ms': 8.83, 'transformer_plus_decode_ms': 32.7, 'stage_clock': 'cuda-events', 'benchmark_variant': 'terminal-noop', 'output_cast': 'gpu', 'torch_threads': 128, 'terminal_skips': 1, 'jpeg_ms': 0.45, 'total_ms': 42.38}
[DIAG] t=3865s in=130046 →wk=79281 ←wk=79279 →cl=79136 drop_in=0 drop_out=0 | since: client=0.0s worker=0.0s sent=0.0s | ch=open buf=0 | lag: max=1ms avg=0.3ms | heap=14.3MB rss=57.8MB | gpu0:R pend=1 frames=51782 buf=0 | gpu1:R pend=1 frames=27497 buf=0
[worker 1] timing@frame27501: {'queue_wait_ms': 0.03, 'decode_in_ms': 0.42, 'prompt_ms': 0.0, 'vae_encode_ms': 8.64, 'transformer_plus_decode_ms': 32.97, 'stage_clock': 'cuda-events', 'benchmark_variant': 'terminal-noop', 'output_cast': 'gpu', 'torch_threads': 128, 'terminal_skips': 1, 'jpeg_ms': 0.44, 'total_ms': 42.53}
[worker 0] timing@frame51801: {'queue_wait_ms': 0.026, 'decode_in_ms': 0.37, 'prompt_ms': 0.0, 'vae_encode_ms': 8.79, 'transformer_plus_decode_ms': 32.39, 'stage_clock': 'cuda-events', 'benchmark_variant': 'terminal-noop', 'output_cast': 'gpu', 'torch_threads': 128, 'terminal_skips': 1, 'jpeg_ms': 0.44, 'total_ms': 42.02}
[worker 1] timing@frame27551: {'queue_wait_ms': 0.029, 'decode_in_ms': 0.53, 'prompt_ms': 0.0, 'vae_encode_ms': 17.05, 'transformer_plus_decode_ms': 36.6, 'stage_clock': 'cuda-events', 'benchmark_variant': 'terminal-noop', 'output_cast': 'gpu', 'torch_threads': 128, 'terminal_skips': 1, 'jpeg_ms': 0.45, 'total_ms': 54.7}
[worker 0] timing@frame51851: {'queue_wait_ms': 0.033, 'decode_in_ms': 0.38, 'prompt_ms': 0.0, 'vae_encode_ms': 8.95, 'transformer_plus_decode_ms': 32.98, 'stage_clock': 'cuda-events', 'benchmark_variant': 'terminal-noop', 'output_cast': 'gpu', 'torch_threads': 128, 'terminal_skips': 1, 'jpeg_ms': 0.44, 'total_ms': 42.81}
[DIAG] t=3870s in=130241 →wk=79453 ←wk=79451 →cl=79308 drop_in=0 drop_out=0 | since: client=0.0s worker=0.0s sent=0.0s | ch=open buf=0 | lag: max=1ms avg=0.3ms | heap=10.6MB rss=57.8MB | gpu0:R pend=1 frames=51868 buf=0 | gpu1:R pend=1 frames=27583 buf=0
[worker 1] timing@frame27601: {'queue_wait_ms': 0.017, 'decode_in_ms': 0.42, 'prompt_ms': 0.0, 'vae_encode_ms': 8.87, 'transformer_plus_decode_ms': 36.35, 'stage_clock': 'cuda-events', 'benchmark_variant': 'terminal-noop', 'output_cast': 'gpu', 'torch_threads': 128, 'terminal_skips': 1, 'jpeg_ms': 0.46, 'total_ms': 46.15}
[worker 0] timing@frame51901: {'queue_wait_ms': 0.037, 'decode_in_ms': 0.39, 'prompt_ms': 0.0, 'vae_encode_ms': 8.98, 'transformer_plus_decode_ms': 32.8, 'stage_clock': 'cuda-events', 'benchmark_variant': 'terminal-noop', 'output_cast': 'gpu', 'torch_threads': 128, 'terminal_skips': 1, 'jpeg_ms': 0.45, 'total_ms': 42.66}
[worker 1] timing@frame27651: {'queue_wait_ms': 0.014, 'decode_in_ms': 0.38, 'prompt_ms': 0.0, 'vae_encode_ms': 8.62, 'transformer_plus_decode_ms': 32.57, 'stage_clock': 'cuda-events', 'benchmark_variant': 'terminal-noop', 'output_cast': 'gpu', 'torch_threads': 128, 'terminal_skips': 1, 'jpeg_ms': 0.43, 'total_ms': 42.05}
[worker 0] timing@frame51951: {'queue_wait_ms': 0.039, 'decode_in_ms': 0.39, 'prompt_ms': 0.0, 'vae_encode_ms': 9.0, 'transformer_plus_decode_ms': 32.74, 'stage_clock': 'cuda-events', 'benchmark_variant': 'terminal-noop', 'output_cast': 'gpu', 'torch_threads': 128, 'terminal_skips': 1, 'jpeg_ms': 0.44, 'total_ms': 42.61}
[DIAG] t=3875s in=130422 →wk=79625 ←wk=79623 →cl=79480 drop_in=0 drop_out=0 | since: client=0.0s worker=0.0s sent=0.0s | ch=open buf=0 | lag: max=1ms avg=0.3ms | heap=9.8MB rss=57.8MB | gpu0:R pend=1 frames=51954 buf=0 | gpu1:R pend=1 frames=27669 buf=0
[worker 1] timing@frame27701: {'queue_wait_ms': 0.025, 'decode_in_ms': 0.39, 'prompt_ms': 0.0, 'vae_encode_ms': 8.5, 'transformer_plus_decode_ms': 34.49, 'stage_clock': 'cuda-events', 'benchmark_variant': 'terminal-noop', 'output_cast': 'gpu', 'torch_threads': 128, 'terminal_skips': 1, 'jpeg_ms': 0.44, 'total_ms': 43.86}
[worker 0] timing@frame52001: {'queue_wait_ms': 0.041, 'decode_in_ms': 0.37, 'prompt_ms': 0.0, 'vae_encode_ms': 8.75, 'transformer_plus_decode_ms': 32.55, 'stage_clock': 'cuda-events', 'benchmark_variant': 'terminal-noop', 'output_cast': 'gpu', 'torch_threads': 128, 'terminal_skips': 1, 'jpeg_ms': 0.44, 'total_ms': 42.16}
[worker 1] timing@frame27751: {'queue_wait_ms': 0.025, 'decode_in_ms': 0.38, 'prompt_ms': 0.0, 'vae_encode_ms': 8.53, 'transformer_plus_decode_ms': 34.72, 'stage_clock': 'cuda-events', 'benchmark_variant': 'terminal-noop', 'output_cast': 'gpu', 'torch_threads': 128, 'terminal_skips': 1, 'jpeg_ms': 0.42, 'total_ms': 44.08}
[DIAG] t=3880s in=130605 →wk=79794 ←wk=79794 →cl=79650 drop_in=0 drop_out=0 | since: client=0.1s worker=0.1s sent=0.1s | ch=open buf=0 | lag: max=1ms avg=0.3ms | heap=8.8MB rss=57.8MB | gpu0:R pend=0 frames=52039 buf=0 | gpu1:R pend=0 frames=27755 buf=0
[worker 0] timing@frame52051: {'queue_wait_ms': 0.023, 'decode_in_ms': 0.38, 'prompt_ms': 0.0, 'vae_encode_ms': 8.77, 'transformer_plus_decode_ms': 32.54, 'stage_clock': 'cuda-events', 'benchmark_variant': 'terminal-noop', 'output_cast': 'gpu', 'torch_threads': 128, 'terminal_skips': 1, 'jpeg_ms': 0.44, 'total_ms': 42.18}
[worker 1] timing@frame27801: {'queue_wait_ms': 0.025, 'decode_in_ms': 0.4, 'prompt_ms': 0.0, 'vae_encode_ms': 8.5, 'transformer_plus_decode_ms': 32.36, 'stage_clock': 'cuda-events', 'benchmark_variant': 'terminal-noop', 'output_cast': 'gpu', 'torch_threads': 128, 'terminal_skips': 1, 'jpeg_ms': 0.42, 'total_ms': 41.73}
[worker 0] timing@frame52101: {'queue_wait_ms': 0.029, 'decode_in_ms': 0.38, 'prompt_ms': 0.0, 'vae_encode_ms': 8.9, 'transformer_plus_decode_ms': 33.04, 'stage_clock': 'cuda-events', 'benchmark_variant': 'terminal-noop', 'output_cast': 'gpu', 'torch_threads': 128, 'terminal_skips': 1, 'jpeg_ms': 0.45, 'total_ms': 42.81}
[DIAG] t=3885s in=130791 →wk=79952 ←wk=79951 →cl=79804 drop_in=0 drop_out=0 | since: client=0.0s worker=0.0s sent=0.0s | ch=open buf=0 | lag: max=0ms avg=0.3ms | heap=13.6MB rss=57.8MB | gpu0:R pend=0 frames=52117 buf=0 | gpu1:R pend=1 frames=27834 buf=0
[worker 1] timing@frame27851: {'queue_wait_ms': 0.032, 'decode_in_ms': 0.42, 'prompt_ms': 0.0, 'vae_encode_ms': 8.6, 'transformer_plus_decode_ms': 35.11, 'stage_clock': 'cuda-events', 'benchmark_variant': 'terminal-noop', 'output_cast': 'gpu', 'torch_threads': 128, 'terminal_skips': 1, 'jpeg_ms': 0.45, 'total_ms': 44.63}
[worker 0] timing@frame52151: {'queue_wait_ms': 0.027, 'decode_in_ms': 0.37, 'prompt_ms': 0.0, 'vae_encode_ms': 8.73, 'transformer_plus_decode_ms': 34.52, 'stage_clock': 'cuda-events', 'benchmark_variant': 'terminal-noop', 'output_cast': 'gpu', 'torch_threads': 128, 'terminal_skips': 1, 'jpeg_ms': 0.62, 'total_ms': 44.3}
[worker 1] timing@frame27901: {'queue_wait_ms': 0.027, 'decode_in_ms': 0.45, 'prompt_ms': 0.0, 'vae_encode_ms': 8.86, 'transformer_plus_decode_ms': 36.19, 'stage_clock': 'cuda-events', 'benchmark_variant': 'terminal-noop', 'output_cast': 'gpu', 'torch_threads': 128, 'terminal_skips': 1, 'jpeg_ms': 0.45, 'total_ms': 46.01}
[DIAG] t=3890s in=130984 →wk=80105 ←wk=80103 →cl=79951 drop_in=0 drop_out=0 | since: client=0.0s worker=0.0s sent=0.0s | ch=open buf=0 | lag: max=1ms avg=0.3ms | heap=11.6MB rss=57.8MB | gpu0:R pend=1 frames=52193 buf=0 | gpu1:R pend=1 frames=27910 buf=0
[worker 0] timing@frame52201: {'queue_wait_ms': 0.026, 'decode_in_ms': 0.37, 'prompt_ms': 0.0, 'vae_encode_ms': 8.8, 'transformer_plus_decode_ms': 32.48, 'stage_clock': 'cuda-events', 'benchmark_variant': 'terminal-noop', 'output_cast': 'gpu', 'torch_threads': 128, 'terminal_skips': 1, 'jpeg_ms': 0.44, 'total_ms': 42.13}
[worker 1] timing@frame27951: {'queue_wait_ms': 0.025, 'decode_in_ms': 0.39, 'prompt_ms': 0.0, 'vae_encode_ms': 8.65, 'transformer_plus_decode_ms': 33.19, 'stage_clock': 'cuda-events', 'benchmark_variant': 'terminal-noop', 'output_cast': 'gpu', 'torch_threads': 128, 'terminal_skips': 1, 'jpeg_ms': 0.44, 'total_ms': 42.71}
[worker 0] timing@frame52251: {'queue_wait_ms': 0.027, 'decode_in_ms': 0.39, 'prompt_ms': 0.0, 'vae_encode_ms': 8.96, 'transformer_plus_decode_ms': 33.02, 'stage_clock': 'cuda-events', 'benchmark_variant': 'terminal-noop', 'output_cast': 'gpu', 'torch_threads': 128, 'terminal_skips': 1, 'jpeg_ms': 0.46, 'total_ms': 42.87}
[DIAG] t=3895s in=131171 →wk=80273 ←wk=80271 →cl=80119 drop_in=0 drop_out=0 | since: client=0.0s worker=0.1s sent=0.1s | ch=open buf=0 | lag: max=1ms avg=0.3ms | heap=10.5MB rss=57.8MB | gpu0:R pend=1 frames=52277 buf=0 | gpu1:R pend=1 frames=27994 buf=0
[worker 1] timing@frame28001: {'queue_wait_ms': 0.032, 'decode_in_ms': 0.44, 'prompt_ms': 0.0, 'vae_encode_ms': 8.78, 'transformer_plus_decode_ms': 36.26, 'stage_clock': 'cuda-events', 'benchmark_variant': 'terminal-noop', 'output_cast': 'gpu', 'torch_threads': 128, 'terminal_skips': 1, 'jpeg_ms': 0.49, 'total_ms': 46.04}
[worker 0] timing@frame52301: {'queue_wait_ms': 0.027, 'decode_in_ms': 0.38, 'prompt_ms': 0.0, 'vae_encode_ms': 8.98, 'transformer_plus_decode_ms': 32.91, 'stage_clock': 'cuda-events', 'benchmark_variant': 'terminal-noop', 'output_cast': 'gpu', 'torch_threads': 128, 'terminal_skips': 1, 'jpeg_ms': 0.43, 'total_ms': 42.75}
[worker 1] timing@frame28051: {'queue_wait_ms': 0.023, 'decode_in_ms': 0.4, 'prompt_ms': 0.0, 'vae_encode_ms': 8.55, 'transformer_plus_decode_ms': 35.24, 'stage_clock': 'cuda-events', 'benchmark_variant': 'terminal-noop', 'output_cast': 'gpu', 'torch_threads': 128, 'terminal_skips': 1, 'jpeg_ms': 0.43, 'total_ms': 44.66}
[worker 0] timing@frame52351: {'queue_wait_ms': 0.031, 'decode_in_ms': 0.44, 'prompt_ms': 0.01, 'vae_encode_ms': 8.99, 'transformer_plus_decode_ms': 33.94, 'stage_clock': 'cuda-events', 'benchmark_variant': 'terminal-noop', 'output_cast': 'gpu', 'torch_threads': 128, 'terminal_skips': 1, 'jpeg_ms': 0.47, 'total_ms': 43.89}
[DIAG] t=3900s in=131360 →wk=80445 ←wk=80443 →cl=80291 drop_in=0 drop_out=0 | since: client=0.0s worker=0.0s sent=0.0s | ch=open buf=0 | lag: max=1ms avg=0.3ms | heap=9.5MB rss=57.8MB | gpu0:R pend=1 frames=52363 buf=0 | gpu1:R pend=1 frames=28080 buf=0
[worker 1] timing@frame28101: {'queue_wait_ms': 0.028, 'decode_in_ms': 0.4, 'prompt_ms': 0.0, 'vae_encode_ms': 8.99, 'transformer_plus_decode_ms': 32.83, 'stage_clock': 'cuda-events', 'benchmark_variant': 'terminal-noop', 'output_cast': 'gpu', 'torch_threads': 128, 'terminal_skips': 1, 'jpeg_ms': 0.44, 'total_ms': 42.7}
[worker 0] timing@frame52401: {'queue_wait_ms': 0.035, 'decode_in_ms': 0.38, 'prompt_ms': 0.0, 'vae_encode_ms': 8.97, 'transformer_plus_decode_ms': 32.68, 'stage_clock': 'cuda-events', 'benchmark_variant': 'terminal-noop', 'output_cast': 'gpu', 'torch_threads': 128, 'terminal_skips': 1, 'jpeg_ms': 0.45, 'total_ms': 42.53}
[worker 1] timing@frame28151: {'queue_wait_ms': 0.04, 'decode_in_ms': 0.45, 'prompt_ms': 0.0, 'vae_encode_ms': 9.0, 'transformer_plus_decode_ms': 36.03, 'stage_clock': 'cuda-events', 'benchmark_variant': 'terminal-noop', 'output_cast': 'gpu', 'torch_threads': 128, 'terminal_skips': 1, 'jpeg_ms': 0.45, 'total_ms': 45.99}
[DIAG] t=3905s in=131555 →wk=80619 ←wk=80617 →cl=80465 drop_in=0 drop_out=0 | since: client=0.0s worker=0.0s sent=0.0s | ch=open buf=0 | lag: max=1ms avg=0.3ms | heap=8.9MB rss=57.8MB | gpu0:R pend=1 frames=52450 buf=0 | gpu1:R pend=1 frames=28167 buf=0
[worker 0] timing@frame52451: {'queue_wait_ms': 0.027, 'decode_in_ms': 0.4, 'prompt_ms': 0.0, 'vae_encode_ms': 8.9, 'transformer_plus_decode_ms': 32.8, 'stage_clock': 'cuda-events', 'benchmark_variant': 'terminal-noop', 'output_cast': 'gpu', 'torch_threads': 128, 'terminal_skips': 1, 'jpeg_ms': 0.44, 'total_ms': 42.58}
[worker 1] timing@frame28201: {'queue_wait_ms': 0.041, 'decode_in_ms': 0.42, 'prompt_ms': 0.0, 'vae_encode_ms': 17.11, 'transformer_plus_decode_ms': 36.7, 'stage_clock': 'cuda-events', 'benchmark_variant': 'terminal-noop', 'output_cast': 'gpu', 'torch_threads': 128, 'terminal_skips': 1, 'jpeg_ms': 0.48, 'total_ms': 54.77}
[worker 0] timing@frame52501: {'queue_wait_ms': 0.028, 'decode_in_ms': 0.38, 'prompt_ms': 0.0, 'vae_encode_ms': 8.94, 'transformer_plus_decode_ms': 33.12, 'stage_clock': 'cuda-events', 'benchmark_variant': 'terminal-noop', 'output_cast': 'gpu', 'torch_threads': 128, 'terminal_skips': 1, 'jpeg_ms': 0.48, 'total_ms': 42.96}
[worker 1] timing@frame28251: {'queue_wait_ms': 0.025, 'decode_in_ms': 0.4, 'prompt_ms': 0.0, 'vae_encode_ms': 8.65, 'transformer_plus_decode_ms': 34.03, 'stage_clock': 'cuda-events', 'benchmark_variant': 'terminal-noop', 'output_cast': 'gpu', 'torch_threads': 128, 'terminal_skips': 1, 'jpeg_ms': 0.55, 'total_ms': 43.68}
[DIAG] t=3910s in=131764 →wk=80797 ←wk=80795 →cl=80642 drop_in=0 drop_out=0 | since: client=0.0s worker=0.0s sent=0.0s | ch=open buf=0 | lag: max=1ms avg=0.3ms | heap=14.9MB rss=57.8MB | gpu0:R pend=1 frames=52538 buf=0 | gpu1:R pend=1 frames=28257 buf=0
[worker 0] timing@frame52551: {'queue_wait_ms': 0.034, 'decode_in_ms': 0.39, 'prompt_ms': 0.0, 'vae_encode_ms': 8.95, 'transformer_plus_decode_ms': 36.11, 'stage_clock': 'cuda-events', 'benchmark_variant': 'terminal-noop', 'output_cast': 'gpu', 'torch_threads': 128, 'terminal_skips': 1, 'jpeg_ms': 0.59, 'total_ms': 46.1}
[worker 1] timing@frame28301: {'queue_wait_ms': 0.048, 'decode_in_ms': 0.42, 'prompt_ms': 0.0, 'vae_encode_ms': 19.8, 'transformer_plus_decode_ms': 38.71, 'stage_clock': 'cuda-events', 'benchmark_variant': 'terminal-noop', 'output_cast': 'gpu', 'torch_threads': 128, 'terminal_skips': 1, 'jpeg_ms': 0.48, 'total_ms': 59.47}
[worker 0] timing@frame52601: {'queue_wait_ms': 0.026, 'decode_in_ms': 0.39, 'prompt_ms': 0.0, 'vae_encode_ms': 8.83, 'transformer_plus_decode_ms': 33.4, 'stage_clock': 'cuda-events', 'benchmark_variant': 'terminal-noop', 'output_cast': 'gpu', 'torch_threads': 128, 'terminal_skips': 1, 'jpeg_ms': 0.46, 'total_ms': 43.13}
[DIAG] t=3915s in=131981 →wk=80951 ←wk=80949 →cl=80791 drop_in=0 drop_out=0 | since: client=0.0s worker=0.0s sent=0.0s | ch=open buf=0 | lag: max=1ms avg=0.3ms | heap=13.5MB rss=57.8MB | gpu0:R pend=1 frames=52616 buf=0 | gpu1:R pend=1 frames=28333 buf=0
[worker 1] timing@frame28351: {'queue_wait_ms': 0.028, 'decode_in_ms': 0.46, 'prompt_ms': 0.0, 'vae_encode_ms': 20.0, 'transformer_plus_decode_ms': 36.39, 'stage_clock': 'cuda-events', 'benchmark_variant': 'terminal-noop', 'output_cast': 'gpu', 'torch_threads': 128, 'terminal_skips': 1, 'jpeg_ms': 0.46, 'total_ms': 57.35}
[worker 0] timing@frame52651: {'queue_wait_ms': 0.027, 'decode_in_ms': 0.43, 'prompt_ms': 0.01, 'vae_encode_ms': 10.01, 'transformer_plus_decode_ms': 34.82, 'stage_clock': 'cuda-events', 'benchmark_variant': 'terminal-noop', 'output_cast': 'gpu', 'torch_threads': 128, 'terminal_skips': 1, 'jpeg_ms': 0.49, 'total_ms': 45.82}
[worker 1] timing@frame28401: {'queue_wait_ms': 0.026, 'decode_in_ms': 0.43, 'prompt_ms': 0.0, 'vae_encode_ms': 8.75, 'transformer_plus_decode_ms': 33.97, 'stage_clock': 'cuda-events', 'benchmark_variant': 'terminal-noop', 'output_cast': 'gpu', 'torch_threads': 128, 'terminal_skips': 1, 'jpeg_ms': 0.57, 'total_ms': 43.77}
[worker 0] timing@frame52701: {'queue_wait_ms': 0.02, 'decode_in_ms': 0.38, 'prompt_ms': 0.0, 'vae_encode_ms': 18.85, 'transformer_plus_decode_ms': 33.15, 'stage_clock': 'cuda-events', 'benchmark_variant': 'terminal-noop', 'output_cast': 'gpu', 'torch_threads': 128, 'terminal_skips': 1, 'jpeg_ms': 0.46, 'total_ms': 52.88}
[DIAG] t=3920s in=132185 →wk=81132 ←wk=81131 →cl=80973 drop_in=0 drop_out=0 | since: client=0.0s worker=0.0s sent=0.0s | ch=open buf=0 | lag: max=1ms avg=0.3ms | heap=13.3MB rss=57.8MB | gpu0:R pend=0 frames=52707 buf=0 | gpu1:R pend=1 frames=28424 buf=0
[worker 1] timing@frame28451: {'queue_wait_ms': 0.031, 'decode_in_ms': 0.4, 'prompt_ms': 0.0, 'vae_encode_ms': 8.49, 'transformer_plus_decode_ms': 34.95, 'stage_clock': 'cuda-events', 'benchmark_variant': 'terminal-noop', 'output_cast': 'gpu', 'torch_threads': 128, 'terminal_skips': 1, 'jpeg_ms': 0.43, 'total_ms': 44.3}
[worker 0] timing@frame52751: {'queue_wait_ms': 0.024, 'decode_in_ms': 0.4, 'prompt_ms': 0.0, 'vae_encode_ms': 8.76, 'transformer_plus_decode_ms': 32.96, 'stage_clock': 'cuda-events', 'benchmark_variant': 'terminal-noop', 'output_cast': 'gpu', 'torch_threads': 128, 'terminal_skips': 1, 'jpeg_ms': 0.45, 'total_ms': 42.61}
[worker 1] timing@frame28501: {'queue_wait_ms': 0.033, 'decode_in_ms': 0.39, 'prompt_ms': 0.0, 'vae_encode_ms': 8.51, 'transformer_plus_decode_ms': 34.72, 'stage_clock': 'cuda-events', 'benchmark_variant': 'terminal-noop', 'output_cast': 'gpu', 'torch_threads': 128, 'terminal_skips': 1, 'jpeg_ms': 0.42, 'total_ms': 44.08}
[DIAG] t=3925s in=132392 →wk=81313 ←wk=81311 →cl=81153 drop_in=0 drop_out=0 | since: client=0.0s worker=0.0s sent=0.0s | ch=open buf=0 | lag: max=1ms avg=0.3ms | heap=13.2MB rss=57.8MB | gpu0:R pend=1 frames=52797 buf=0 | gpu1:R pend=1 frames=28514 buf=0
[worker 0] timing@frame52801: {'queue_wait_ms': 0.026, 'decode_in_ms': 0.39, 'prompt_ms': 0.0, 'vae_encode_ms': 8.9, 'transformer_plus_decode_ms': 32.87, 'stage_clock': 'cuda-events', 'benchmark_variant': 'terminal-noop', 'output_cast': 'gpu', 'torch_threads': 128, 'terminal_skips': 1, 'jpeg_ms': 0.45, 'total_ms': 42.65}
[worker 1] timing@frame28551: {'queue_wait_ms': 0.032, 'decode_in_ms': 0.39, 'prompt_ms': 0.0, 'vae_encode_ms': 8.62, 'transformer_plus_decode_ms': 32.6, 'stage_clock': 'cuda-events', 'benchmark_variant': 'terminal-noop', 'output_cast': 'gpu', 'torch_threads': 128, 'terminal_skips': 1, 'jpeg_ms': 0.43, 'total_ms': 42.09}
[worker 0] timing@frame52851: {'queue_wait_ms': 0.029, 'decode_in_ms': 0.39, 'prompt_ms': 0.0, 'vae_encode_ms': 9.07, 'transformer_plus_decode_ms': 33.48, 'stage_clock': 'cuda-events', 'benchmark_variant': 'terminal-noop', 'output_cast': 'gpu', 'torch_threads': 128, 'terminal_skips': 1, 'jpeg_ms': 0.45, 'total_ms': 43.44}
[worker 1] timing@frame28601: {'queue_wait_ms': 0.039, 'decode_in_ms': 0.4, 'prompt_ms': 0.0, 'vae_encode_ms': 8.52, 'transformer_plus_decode_ms': 34.75, 'stage_clock': 'cuda-events', 'benchmark_variant': 'terminal-noop', 'output_cast': 'gpu', 'torch_threads': 128, 'terminal_skips': 1, 'jpeg_ms': 0.43, 'total_ms': 44.13}
[DIAG] t=3930s in=132589 →wk=81493 ←wk=81492 →cl=81333 drop_in=0 drop_out=0 | since: client=0.0s worker=0.0s sent=0.0s | ch=open buf=0 | lag: max=1ms avg=0.3ms | heap=13.0MB rss=57.8MB | gpu0:R pend=0 frames=52888 buf=0 | gpu1:R pend=1 frames=28604 buf=0
[worker 0] timing@frame52901: {'queue_wait_ms': 0.027, 'decode_in_ms': 0.37, 'prompt_ms': 0.0, 'vae_encode_ms': 8.83, 'transformer_plus_decode_ms': 32.68, 'stage_clock': 'cuda-events', 'benchmark_variant': 'terminal-noop', 'output_cast': 'gpu', 'torch_threads': 128, 'terminal_skips': 1, 'jpeg_ms': 0.45, 'total_ms': 42.38}
[worker 1] timing@frame28651: {'queue_wait_ms': 0.019, 'decode_in_ms': 0.39, 'prompt_ms': 0.0, 'vae_encode_ms': 8.5, 'transformer_plus_decode_ms': 34.69, 'stage_clock': 'cuda-events', 'benchmark_variant': 'terminal-noop', 'output_cast': 'gpu', 'torch_threads': 128, 'terminal_skips': 1, 'jpeg_ms': 0.43, 'total_ms': 44.04}
[worker 0] timing@frame52951: {'queue_wait_ms': 0.014, 'decode_in_ms': 0.39, 'prompt_ms': 0.0, 'vae_encode_ms': 8.94, 'transformer_plus_decode_ms': 33.17, 'stage_clock': 'cuda-events', 'benchmark_variant': 'terminal-noop', 'output_cast': 'gpu', 'torch_threads': 128, 'terminal_skips': 1, 'jpeg_ms': 0.46, 'total_ms': 43.0}
[DIAG] t=3935s in=132777 →wk=81661 ←wk=81660 →cl=81501 drop_in=0 drop_out=0 | since: client=0.0s worker=0.0s sent=0.0s | ch=open buf=0 | lag: max=1ms avg=0.3ms | heap=12.0MB rss=57.8MB | gpu0:R pend=0 frames=52972 buf=0 | gpu1:R pend=1 frames=28688 buf=0
[worker 1] timing@frame28701: {'queue_wait_ms': 0.04, 'decode_in_ms': 0.39, 'prompt_ms': 0.0, 'vae_encode_ms': 8.62, 'transformer_plus_decode_ms': 33.21, 'stage_clock': 'cuda-events', 'benchmark_variant': 'terminal-noop', 'output_cast': 'gpu', 'torch_threads': 128, 'terminal_skips': 1, 'jpeg_ms': 0.42, 'total_ms': 42.69}
[worker 0] timing@frame53001: {'queue_wait_ms': 0.025, 'decode_in_ms': 0.39, 'prompt_ms': 0.0, 'vae_encode_ms': 8.88, 'transformer_plus_decode_ms': 33.23, 'stage_clock': 'cuda-events', 'benchmark_variant': 'terminal-noop', 'output_cast': 'gpu', 'torch_threads': 128, 'terminal_skips': 1, 'jpeg_ms': 0.44, 'total_ms': 42.99}
[worker 1] timing@frame28751: {'queue_wait_ms': 0.029, 'decode_in_ms': 0.45, 'prompt_ms': 0.0, 'vae_encode_ms': 13.25, 'transformer_plus_decode_ms': 35.29, 'stage_clock': 'cuda-events', 'benchmark_variant': 'terminal-noop', 'output_cast': 'gpu', 'torch_threads': 128, 'terminal_skips': 1, 'jpeg_ms': 0.43, 'total_ms': 49.47}
[worker 0] timing@frame53051: {'queue_wait_ms': 0.028, 'decode_in_ms': 0.37, 'prompt_ms': 0.0, 'vae_encode_ms': 8.85, 'transformer_plus_decode_ms': 32.58, 'stage_clock': 'cuda-events', 'benchmark_variant': 'terminal-noop', 'output_cast': 'gpu', 'torch_threads': 128, 'terminal_skips': 1, 'jpeg_ms': 0.44, 'total_ms': 42.29}
[DIAG] t=3940s in=132975 →wk=81840 ←wk=81838 →cl=81679 drop_in=0 drop_out=0 | since: client=0.0s worker=0.0s sent=0.0s | ch=open buf=0 | lag: max=1ms avg=0.3ms | heap=11.6MB rss=57.8MB | gpu0:R pend=1 frames=53061 buf=0 | gpu1:R pend=1 frames=28777 buf=0
[worker 1] timing@frame28801: {'queue_wait_ms': 0.024, 'decode_in_ms': 0.39, 'prompt_ms': 0.0, 'vae_encode_ms': 8.52, 'transformer_plus_decode_ms': 34.65, 'stage_clock': 'cuda-events', 'benchmark_variant': 'terminal-noop', 'output_cast': 'gpu', 'torch_threads': 128, 'terminal_skips': 1, 'jpeg_ms': 0.43, 'total_ms': 44.03}
[worker 0] timing@frame53101: {'queue_wait_ms': 0.024, 'decode_in_ms': 0.39, 'prompt_ms': 0.0, 'vae_encode_ms': 16.79, 'transformer_plus_decode_ms': 33.63, 'stage_clock': 'cuda-events', 'benchmark_variant': 'terminal-noop', 'output_cast': 'gpu', 'torch_threads': 128, 'terminal_skips': 1, 'jpeg_ms': 0.47, 'total_ms': 51.33}
[worker 1] timing@frame28851: {'queue_wait_ms': 0.032, 'decode_in_ms': 0.4, 'prompt_ms': 0.0, 'vae_encode_ms': 8.65, 'transformer_plus_decode_ms': 33.89, 'stage_clock': 'cuda-events', 'benchmark_variant': 'terminal-noop', 'output_cast': 'gpu', 'torch_threads': 128, 'terminal_skips': 1, 'jpeg_ms': 0.45, 'total_ms': 43.45}
[DIAG] t=3945s in=133169 →wk=82014 ←wk=82013 →cl=81853 drop_in=0 drop_out=0 | since: client=0.0s worker=0.0s sent=0.0s | ch=open buf=0 | lag: max=1ms avg=0.3ms | heap=11.1MB rss=57.8MB | gpu0:R pend=0 frames=53149 buf=0 | gpu1:R pend=1 frames=28864 buf=0
[worker 0] timing@frame53151: {'queue_wait_ms': 0.022, 'decode_in_ms': 0.39, 'prompt_ms': 0.0, 'vae_encode_ms': 9.07, 'transformer_plus_decode_ms': 33.31, 'stage_clock': 'cuda-events', 'benchmark_variant': 'terminal-noop', 'output_cast': 'gpu', 'torch_threads': 128, 'terminal_skips': 1, 'jpeg_ms': 0.46, 'total_ms': 43.27}
[worker 1] timing@frame28901: {'queue_wait_ms': 0.027, 'decode_in_ms': 0.4, 'prompt_ms': 0.0, 'vae_encode_ms': 8.49, 'transformer_plus_decode_ms': 34.43, 'stage_clock': 'cuda-events', 'benchmark_variant': 'terminal-noop', 'output_cast': 'gpu', 'torch_threads': 128, 'terminal_skips': 1, 'jpeg_ms': 0.43, 'total_ms': 43.79}
[worker 0] timing@frame53201: {'queue_wait_ms': 0.058, 'decode_in_ms': 0.38, 'prompt_ms': 0.0, 'vae_encode_ms': 8.92, 'transformer_plus_decode_ms': 33.11, 'stage_clock': 'cuda-events', 'benchmark_variant': 'terminal-noop', 'output_cast': 'gpu', 'torch_threads': 128, 'terminal_skips': 1, 'jpeg_ms': 0.45, 'total_ms': 42.91}
[DIAG] t=3950s in=133361 →wk=82181 ←wk=82179 →cl=82018 drop_in=0 drop_out=0 | since: client=0.0s worker=0.0s sent=0.0s | ch=open buf=0 | lag: max=3ms avg=0.3ms | heap=10.1MB rss=57.8MB | gpu0:R pend=1 frames=53231 buf=0 | gpu1:R pend=1 frames=28948 buf=0
[worker 1] timing@frame28951: {'queue_wait_ms': 0.035, 'decode_in_ms': 0.45, 'prompt_ms': 0.0, 'vae_encode_ms': 8.82, 'transformer_plus_decode_ms': 35.18, 'stage_clock': 'cuda-events', 'benchmark_variant': 'terminal-noop', 'output_cast': 'gpu', 'torch_threads': 128, 'terminal_skips': 1, 'jpeg_ms': 0.44, 'total_ms': 44.93}
[worker 0] timing@frame53251: {'queue_wait_ms': 0.025, 'decode_in_ms': 0.37, 'prompt_ms': 0.0, 'vae_encode_ms': 8.8, 'transformer_plus_decode_ms': 33.14, 'stage_clock': 'cuda-events', 'benchmark_variant': 'terminal-noop', 'output_cast': 'gpu', 'torch_threads': 128, 'terminal_skips': 1, 'jpeg_ms': 0.51, 'total_ms': 42.87}
[worker 1] timing@frame29001: {'queue_wait_ms': 0.026, 'decode_in_ms': 0.38, 'prompt_ms': 0.0, 'vae_encode_ms': 8.63, 'transformer_plus_decode_ms': 32.89, 'stage_clock': 'cuda-events', 'benchmark_variant': 'terminal-noop', 'output_cast': 'gpu', 'torch_threads': 128, 'terminal_skips': 1, 'jpeg_ms': 0.43, 'total_ms': 42.37}
[worker 0] timing@frame53301: {'queue_wait_ms': 0.041, 'decode_in_ms': 0.38, 'prompt_ms': 0.0, 'vae_encode_ms': 19.5, 'transformer_plus_decode_ms': 32.74, 'stage_clock': 'cuda-events', 'benchmark_variant': 'terminal-noop', 'output_cast': 'gpu', 'torch_threads': 128, 'terminal_skips': 1, 'jpeg_ms': 0.44, 'total_ms': 53.11}
[DIAG] t=3955s in=133553 →wk=82358 ←wk=82357 →cl=82196 drop_in=0 drop_out=0 | since: client=0.0s worker=0.0s sent=0.0s | ch=open buf=0 | lag: max=1ms avg=0.3ms | heap=9.3MB rss=57.8MB | gpu0:R pend=1 frames=53320 buf=0 | gpu1:R pend=0 frames=29037 buf=0
[worker 1] timing@frame29051: {'queue_wait_ms': 0.025, 'decode_in_ms': 0.41, 'prompt_ms': 0.0, 'vae_encode_ms': 8.57, 'transformer_plus_decode_ms': 35.64, 'stage_clock': 'cuda-events', 'benchmark_variant': 'terminal-noop', 'output_cast': 'gpu', 'torch_threads': 128, 'terminal_skips': 1, 'jpeg_ms': 0.44, 'total_ms': 45.09}
[worker 0] timing@frame53351: {'queue_wait_ms': 0.026, 'decode_in_ms': 0.38, 'prompt_ms': 0.0, 'vae_encode_ms': 8.79, 'transformer_plus_decode_ms': 32.5, 'stage_clock': 'cuda-events', 'benchmark_variant': 'terminal-noop', 'output_cast': 'gpu', 'torch_threads': 128, 'terminal_skips': 1, 'jpeg_ms': 0.44, 'total_ms': 42.15}
[worker 1] timing@frame29101: {'queue_wait_ms': 0.028, 'decode_in_ms': 0.37, 'prompt_ms': 0.0, 'vae_encode_ms': 8.56, 'transformer_plus_decode_ms': 34.97, 'stage_clock': 'cuda-events', 'benchmark_variant': 'terminal-noop', 'output_cast': 'gpu', 'torch_threads': 128, 'terminal_skips': 1, 'jpeg_ms': 0.43, 'total_ms': 44.37}
[worker 0] timing@frame53401: {'queue_wait_ms': 0.032, 'decode_in_ms': 0.46, 'prompt_ms': 0.0, 'vae_encode_ms': 16.54, 'transformer_plus_decode_ms': 33.09, 'stage_clock': 'cuda-events', 'benchmark_variant': 'terminal-noop', 'output_cast': 'gpu', 'torch_threads': 128, 'terminal_skips': 1, 'jpeg_ms': 0.44, 'total_ms': 50.58}
[DIAG] t=3960s in=133769 →wk=82547 ←wk=82545 →cl=82384 drop_in=0 drop_out=0 | since: client=0.0s worker=0.0s sent=0.0s | ch=open buf=0 | lag: max=1ms avg=0.3ms | heap=9.7MB rss=57.8MB | gpu0:R pend=1 frames=53414 buf=0 | gpu1:R pend=1 frames=29131 buf=0
[worker 1] timing@frame29151: {'queue_wait_ms': 0.027, 'decode_in_ms': 0.39, 'prompt_ms': 0.0, 'vae_encode_ms': 8.72, 'transformer_plus_decode_ms': 32.74, 'stage_clock': 'cuda-events', 'benchmark_variant': 'terminal-noop', 'output_cast': 'gpu', 'torch_threads': 128, 'terminal_skips': 1, 'jpeg_ms': 0.42, 'total_ms': 42.32}
[worker 0] timing@frame53451: {'queue_wait_ms': 0.049, 'decode_in_ms': 0.41, 'prompt_ms': 0.01, 'vae_encode_ms': 9.12, 'transformer_plus_decode_ms': 33.59, 'stage_clock': 'cuda-events', 'benchmark_variant': 'terminal-noop', 'output_cast': 'gpu', 'torch_threads': 128, 'terminal_skips': 1, 'jpeg_ms': 0.46, 'total_ms': 43.64}
[worker 1] timing@frame29201: {'queue_wait_ms': 0.037, 'decode_in_ms': 0.45, 'prompt_ms': 0.0, 'vae_encode_ms': 8.73, 'transformer_plus_decode_ms': 35.73, 'stage_clock': 'cuda-events', 'benchmark_variant': 'terminal-noop', 'output_cast': 'gpu', 'torch_threads': 128, 'terminal_skips': 1, 'jpeg_ms': 0.46, 'total_ms': 45.42}
[worker 0] timing@frame53501: {'queue_wait_ms': 0.024, 'decode_in_ms': 0.37, 'prompt_ms': 0.0, 'vae_encode_ms': 8.81, 'transformer_plus_decode_ms': 32.58, 'stage_clock': 'cuda-events', 'benchmark_variant': 'terminal-noop', 'output_cast': 'gpu', 'torch_threads': 128, 'terminal_skips': 1, 'jpeg_ms': 0.45, 'total_ms': 42.24}
[DIAG] t=3965s in=133976 →wk=82728 ←wk=82726 →cl=82565 drop_in=0 drop_out=0 | since: client=0.0s worker=0.0s sent=0.0s | ch=open buf=0 | lag: max=1ms avg=0.3ms | heap=9.6MB rss=57.8MB | gpu0:R pend=1 frames=53505 buf=0 | gpu1:R pend=1 frames=29221 buf=0
[worker 1] timing@frame29251: {'queue_wait_ms': 0.045, 'decode_in_ms': 0.74, 'prompt_ms': 0.01, 'vae_encode_ms': 10.94, 'transformer_plus_decode_ms': 38.77, 'stage_clock': 'cuda-events', 'benchmark_variant': 'terminal-noop', 'output_cast': 'gpu', 'torch_threads': 128, 'terminal_skips': 1, 'jpeg_ms': 0.49, 'total_ms': 51.1}
[worker 0] timing@frame53551: {'queue_wait_ms': 0.025, 'decode_in_ms': 0.42, 'prompt_ms': 0.0, 'vae_encode_ms': 8.91, 'transformer_plus_decode_ms': 33.77, 'stage_clock': 'cuda-events', 'benchmark_variant': 'terminal-noop', 'output_cast': 'gpu', 'torch_threads': 128, 'terminal_skips': 1, 'jpeg_ms': 0.53, 'total_ms': 43.68}
[worker 1] timing@frame29301: {'queue_wait_ms': 0.032, 'decode_in_ms': 0.37, 'prompt_ms': 0.0, 'vae_encode_ms': 8.58, 'transformer_plus_decode_ms': 32.49, 'stage_clock': 'cuda-events', 'benchmark_variant': 'terminal-noop', 'output_cast': 'gpu', 'torch_threads': 128, 'terminal_skips': 1, 'jpeg_ms': 0.43, 'total_ms': 41.91}
[DIAG] t=3970s in=134191 →wk=82917 ←wk=82916 →cl=82755 drop_in=0 drop_out=0 | since: client=0.0s worker=0.0s sent=0.0s | ch=open buf=0 | lag: max=1ms avg=0.3ms | heap=10.0MB rss=57.8MB | gpu0:R pend=0 frames=53600 buf=0 | gpu1:R pend=1 frames=29316 buf=0
[worker 0] timing@frame53601: {'queue_wait_ms': 0.032, 'decode_in_ms': 0.38, 'prompt_ms': 0.0, 'vae_encode_ms': 8.88, 'transformer_plus_decode_ms': 32.67, 'stage_clock': 'cuda-events', 'benchmark_variant': 'terminal-noop', 'output_cast': 'gpu', 'torch_threads': 128, 'terminal_skips': 1, 'jpeg_ms': 0.43, 'total_ms': 42.4}
[worker 1] timing@frame29351: {'queue_wait_ms': 0.02, 'decode_in_ms': 0.42, 'prompt_ms': 0.0, 'vae_encode_ms': 8.6, 'transformer_plus_decode_ms': 34.95, 'stage_clock': 'cuda-events', 'benchmark_variant': 'terminal-noop', 'output_cast': 'gpu', 'torch_threads': 128, 'terminal_skips': 1, 'jpeg_ms': 0.43, 'total_ms': 44.44}
[worker 0] timing@frame53651: {'queue_wait_ms': 0.026, 'decode_in_ms': 0.37, 'prompt_ms': 0.0, 'vae_encode_ms': 8.91, 'transformer_plus_decode_ms': 33.38, 'stage_clock': 'cuda-events', 'benchmark_variant': 'terminal-noop', 'output_cast': 'gpu', 'torch_threads': 128, 'terminal_skips': 1, 'jpeg_ms': 0.44, 'total_ms': 43.14}
[worker 1] timing@frame29401: {'queue_wait_ms': 0.025, 'decode_in_ms': 0.38, 'prompt_ms': 0.0, 'vae_encode_ms': 8.54, 'transformer_plus_decode_ms': 34.49, 'stage_clock': 'cuda-events', 'benchmark_variant': 'terminal-noop', 'output_cast': 'gpu', 'torch_threads': 128, 'terminal_skips': 1, 'jpeg_ms': 0.45, 'total_ms': 43.89}
[DIAG] t=3975s in=134403 →wk=83110 ←wk=83108 →cl=82947 drop_in=0 drop_out=0 | since: client=0.0s worker=0.0s sent=0.0s | ch=open buf=0 | lag: max=1ms avg=0.3ms | heap=10.6MB rss=57.8MB | gpu0:R pend=1 frames=53696 buf=0 | gpu1:R pend=1 frames=29412 buf=0
[worker 0] timing@frame53701: {'queue_wait_ms': 0.036, 'decode_in_ms': 0.38, 'prompt_ms': 0.0, 'vae_encode_ms': 8.87, 'transformer_plus_decode_ms': 32.64, 'stage_clock': 'cuda-events', 'benchmark_variant': 'terminal-noop', 'output_cast': 'gpu', 'torch_threads': 128, 'terminal_skips': 1, 'jpeg_ms': 0.46, 'total_ms': 42.39}
[worker 1] timing@frame29451: {'queue_wait_ms': 0.049, 'decode_in_ms': 0.39, 'prompt_ms': 0.0, 'vae_encode_ms': 8.56, 'transformer_plus_decode_ms': 32.27, 'stage_clock': 'cuda-events', 'benchmark_variant': 'terminal-noop', 'output_cast': 'gpu', 'torch_threads': 128, 'terminal_skips': 1, 'jpeg_ms': 0.42, 'total_ms': 41.69}
[worker 0] timing@frame53751: {'queue_wait_ms': 0.027, 'decode_in_ms': 0.37, 'prompt_ms': 0.0, 'vae_encode_ms': 9.01, 'transformer_plus_decode_ms': 33.22, 'stage_clock': 'cuda-events', 'benchmark_variant': 'terminal-noop', 'output_cast': 'gpu', 'torch_threads': 128, 'terminal_skips': 1, 'jpeg_ms': 0.45, 'total_ms': 43.09}
[worker 1] timing@frame29501: {'queue_wait_ms': 0.039, 'decode_in_ms': 0.41, 'prompt_ms': 0.0, 'vae_encode_ms': 25.78, 'transformer_plus_decode_ms': 36.11, 'stage_clock': 'cuda-events', 'benchmark_variant': 'terminal-noop', 'output_cast': 'gpu', 'torch_threads': 128, 'terminal_skips': 1, 'jpeg_ms': 0.49, 'total_ms': 62.84}
[DIAG] t=3980s in=134627 →wk=83302 ←wk=83300 →cl=83139 drop_in=0 drop_out=0 | since: client=0.0s worker=0.0s sent=0.0s | ch=open buf=0 | lag: max=1ms avg=0.3ms | heap=11.3MB rss=57.8MB | gpu0:R pend=1 frames=53792 buf=0 | gpu1:R pend=1 frames=29508 buf=0
[worker 0] timing@frame53801: {'queue_wait_ms': 0.038, 'decode_in_ms': 0.39, 'prompt_ms': 0.0, 'vae_encode_ms': 18.81, 'transformer_plus_decode_ms': 33.06, 'stage_clock': 'cuda-events', 'benchmark_variant': 'terminal-noop', 'output_cast': 'gpu', 'torch_threads': 128, 'terminal_skips': 1, 'jpeg_ms': 0.46, 'total_ms': 52.76}
[worker 1] timing@frame29551: {'queue_wait_ms': 0.025, 'decode_in_ms': 0.4, 'prompt_ms': 0.0, 'vae_encode_ms': 8.58, 'transformer_plus_decode_ms': 34.9, 'stage_clock': 'cuda-events', 'benchmark_variant': 'terminal-noop', 'output_cast': 'gpu', 'torch_threads': 128, 'terminal_skips': 1, 'jpeg_ms': 0.43, 'total_ms': 44.35}
[worker 0] timing@frame53851: {'queue_wait_ms': 0.025, 'decode_in_ms': 0.38, 'prompt_ms': 0.0, 'vae_encode_ms': 8.94, 'transformer_plus_decode_ms': 33.01, 'stage_clock': 'cuda-events', 'benchmark_variant': 'terminal-noop', 'output_cast': 'gpu', 'torch_threads': 128, 'terminal_skips': 1, 'jpeg_ms': 0.46, 'total_ms': 42.82}
[DIAG] t=3985s in=134842 →wk=83486 ←wk=83484 →cl=83322 drop_in=0 drop_out=0 | since: client=0.0s worker=0.0s sent=0.0s | ch=open buf=0 | lag: max=1ms avg=0.3ms | heap=11.4MB rss=57.8MB | gpu0:R pend=1 frames=53884 buf=0 | gpu1:R pend=1 frames=29600 buf=0
[worker 1] timing@frame29601: {'queue_wait_ms': 0.029, 'decode_in_ms': 0.46, 'prompt_ms': 0.0, 'vae_encode_ms': 16.41, 'transformer_plus_decode_ms': 32.43, 'stage_clock': 'cuda-events', 'benchmark_variant': 'terminal-noop', 'output_cast': 'gpu', 'torch_threads': 128, 'terminal_skips': 1, 'jpeg_ms': 0.42, 'total_ms': 49.75}
[worker 0] timing@frame53901: {'queue_wait_ms': 0.023, 'decode_in_ms': 0.41, 'prompt_ms': 0.0, 'vae_encode_ms': 21.54, 'transformer_plus_decode_ms': 33.64, 'stage_clock': 'cuda-events', 'benchmark_variant': 'terminal-noop', 'output_cast': 'gpu', 'torch_threads': 128, 'terminal_skips': 1, 'jpeg_ms': 0.46, 'total_ms': 56.1}
[worker 1] timing@frame29651: {'queue_wait_ms': 0.036, 'decode_in_ms': 0.38, 'prompt_ms': 0.0, 'vae_encode_ms': 8.64, 'transformer_plus_decode_ms': 34.83, 'stage_clock': 'cuda-events', 'benchmark_variant': 'terminal-noop', 'output_cast': 'gpu', 'torch_threads': 128, 'terminal_skips': 1, 'jpeg_ms': 0.45, 'total_ms': 44.35}
[worker 0] timing@frame53951: {'queue_wait_ms': 0.029, 'decode_in_ms': 0.38, 'prompt_ms': 0.0, 'vae_encode_ms': 8.87, 'transformer_plus_decode_ms': 33.08, 'stage_clock': 'cuda-events', 'benchmark_variant': 'terminal-noop', 'output_cast': 'gpu', 'torch_threads': 128, 'terminal_skips': 1, 'jpeg_ms': 0.44, 'total_ms': 42.82}
[DIAG] t=3990s in=135053 →wk=83669 ←wk=83667 →cl=83505 drop_in=0 drop_out=0 | since: client=0.0s worker=0.0s sent=0.0s | ch=open buf=0 | lag: max=1ms avg=0.3ms | heap=11.3MB rss=57.8MB | gpu0:R pend=1 frames=53976 buf=0 | gpu1:R pend=1 frames=29691 buf=0
[worker 1] timing@frame29701: {'queue_wait_ms': 0.044, 'decode_in_ms': 0.39, 'prompt_ms': 0.0, 'vae_encode_ms': 8.63, 'transformer_plus_decode_ms': 35.3, 'stage_clock': 'cuda-events', 'benchmark_variant': 'terminal-noop', 'output_cast': 'gpu', 'torch_threads': 128, 'terminal_skips': 1, 'jpeg_ms': 0.43, 'total_ms': 44.79}
[worker 0] timing@frame54001: {'queue_wait_ms': 0.026, 'decode_in_ms': 0.37, 'prompt_ms': 0.0, 'vae_encode_ms': 8.69, 'transformer_plus_decode_ms': 32.46, 'stage_clock': 'cuda-events', 'benchmark_variant': 'terminal-noop', 'output_cast': 'gpu', 'torch_threads': 128, 'terminal_skips': 1, 'jpeg_ms': 0.45, 'total_ms': 42.01}
[worker 1] timing@frame29751: {'queue_wait_ms': 0.023, 'decode_in_ms': 0.39, 'prompt_ms': 0.0, 'vae_encode_ms': 9.3, 'transformer_plus_decode_ms': 32.64, 'stage_clock': 'cuda-events', 'benchmark_variant': 'terminal-noop', 'output_cast': 'gpu', 'torch_threads': 128, 'terminal_skips': 1, 'jpeg_ms': 0.43, 'total_ms': 42.8}
[worker 0] timing@frame54051: {'queue_wait_ms': 0.032, 'decode_in_ms': 0.38, 'prompt_ms': 0.0, 'vae_encode_ms': 8.75, 'transformer_plus_decode_ms': 33.0, 'stage_clock': 'cuda-events', 'benchmark_variant': 'terminal-noop', 'output_cast': 'gpu', 'torch_threads': 128, 'terminal_skips': 1, 'jpeg_ms': 0.45, 'total_ms': 42.62}
[DIAG] t=3995s in=135285 →wk=83865 ←wk=83863 →cl=83701 drop_in=0 drop_out=0 | since: client=0.0s worker=0.0s sent=0.0s | ch=open buf=0 | lag: max=1ms avg=0.3ms | heap=12.4MB rss=57.8MB | gpu0:R pend=1 frames=54074 buf=0 | gpu1:R pend=1 frames=29789 buf=0
[worker 1] timing@frame29801: {'queue_wait_ms': 0.023, 'decode_in_ms': 0.4, 'prompt_ms': 0.0, 'vae_encode_ms': 8.53, 'transformer_plus_decode_ms': 34.49, 'stage_clock': 'cuda-events', 'benchmark_variant': 'terminal-noop', 'output_cast': 'gpu', 'torch_threads': 128, 'terminal_skips': 1, 'jpeg_ms': 0.42, 'total_ms': 43.89}
[worker 0] timing@frame54101: {'queue_wait_ms': 0.023, 'decode_in_ms': 0.38, 'prompt_ms': 0.0, 'vae_encode_ms': 8.86, 'transformer_plus_decode_ms': 32.92, 'stage_clock': 'cuda-events', 'benchmark_variant': 'terminal-noop', 'output_cast': 'gpu', 'torch_threads': 128, 'terminal_skips': 1, 'jpeg_ms': 0.45, 'total_ms': 42.65}
[worker 1] timing@frame29851: {'queue_wait_ms': 0.026, 'decode_in_ms': 0.38, 'prompt_ms': 0.0, 'vae_encode_ms': 8.49, 'transformer_plus_decode_ms': 34.69, 'stage_clock': 'cuda-events', 'benchmark_variant': 'terminal-noop', 'output_cast': 'gpu', 'torch_threads': 128, 'terminal_skips': 1, 'jpeg_ms': 0.42, 'total_ms': 44.02}
[worker 0] timing@frame54151: {'queue_wait_ms': 0.039, 'decode_in_ms': 0.37, 'prompt_ms': 0.0, 'vae_encode_ms': 8.77, 'transformer_plus_decode_ms': 32.4, 'stage_clock': 'cuda-events', 'benchmark_variant': 'terminal-noop', 'output_cast': 'gpu', 'torch_threads': 128, 'terminal_skips': 1, 'jpeg_ms': 0.45, 'total_ms': 42.03}
[DIAG] t=4000s in=135504 →wk=84060 ←wk=84060 →cl=83898 drop_in=0 drop_out=0 | since: client=0.1s worker=0.0s sent=0.0s | ch=open buf=0 | lag: max=1ms avg=0.3ms | heap=13.4MB rss=57.8MB | gpu0:R pend=0 frames=54172 buf=0 | gpu1:R pend=0 frames=29888 buf=0
[worker 1] timing@frame29901: {'queue_wait_ms': 0.026, 'decode_in_ms': 0.4, 'prompt_ms': 0.0, 'vae_encode_ms': 8.52, 'transformer_plus_decode_ms': 32.95, 'stage_clock': 'cuda-events', 'benchmark_variant': 'terminal-noop', 'output_cast': 'gpu', 'torch_threads': 128, 'terminal_skips': 1, 'jpeg_ms': 0.5, 'total_ms': 42.42}
[worker 0] timing@frame54201: {'queue_wait_ms': 0.029, 'decode_in_ms': 0.38, 'prompt_ms': 0.0, 'vae_encode_ms': 20.31, 'transformer_plus_decode_ms': 32.63, 'stage_clock': 'cuda-events', 'benchmark_variant': 'terminal-noop', 'output_cast': 'gpu', 'torch_threads': 128, 'terminal_skips': 1, 'jpeg_ms': 0.46, 'total_ms': 53.82}
[worker 1] timing@frame29951: {'queue_wait_ms': 0.025, 'decode_in_ms': 0.41, 'prompt_ms': 0.0, 'vae_encode_ms': 8.62, 'transformer_plus_decode_ms': 35.34, 'stage_clock': 'cuda-events', 'benchmark_variant': 'terminal-noop', 'output_cast': 'gpu', 'torch_threads': 128, 'terminal_skips': 1, 'jpeg_ms': 0.42, 'total_ms': 44.83}
[worker 0] timing@frame54251: {'queue_wait_ms': 0.04, 'decode_in_ms': 0.4, 'prompt_ms': 0.0, 'vae_encode_ms': 9.06, 'transformer_plus_decode_ms': 33.44, 'stage_clock': 'cuda-events', 'benchmark_variant': 'terminal-noop', 'output_cast': 'gpu', 'torch_threads': 128, 'terminal_skips': 1, 'jpeg_ms': 0.47, 'total_ms': 43.43}
[DIAG] t=4005s in=135717 →wk=84248 ←wk=84246 →cl=84083 drop_in=0 drop_out=0 | since: client=0.0s worker=0.0s sent=0.0s | ch=open buf=0 | lag: max=1ms avg=0.3ms | heap=12.1MB rss=57.8MB | gpu0:R pend=1 frames=54265 buf=0 | gpu1:R pend=1 frames=29981 buf=0
[worker 1] timing@frame30001: {'queue_wait_ms': 0.026, 'decode_in_ms': 0.4, 'prompt_ms': 0.0, 'vae_encode_ms': 8.46, 'transformer_plus_decode_ms': 35.17, 'stage_clock': 'cuda-events', 'benchmark_variant': 'terminal-noop', 'output_cast': 'gpu', 'torch_threads': 128, 'terminal_skips': 1, 'jpeg_ms': 0.44, 'total_ms': 44.51}
[worker 0] timing@frame54301: {'queue_wait_ms': 0.026, 'decode_in_ms': 0.39, 'prompt_ms': 0.0, 'vae_encode_ms': 8.89, 'transformer_plus_decode_ms': 33.26, 'stage_clock': 'cuda-events', 'benchmark_variant': 'terminal-noop', 'output_cast': 'gpu', 'torch_threads': 128, 'terminal_skips': 1, 'jpeg_ms': 0.45, 'total_ms': 43.04}
[worker 1] timing@frame30051: {'queue_wait_ms': 0.019, 'decode_in_ms': 0.37, 'prompt_ms': 0.0, 'vae_encode_ms': 8.58, 'transformer_plus_decode_ms': 32.52, 'stage_clock': 'cuda-events', 'benchmark_variant': 'terminal-noop', 'output_cast': 'gpu', 'torch_threads': 128, 'terminal_skips': 1, 'jpeg_ms': 0.43, 'total_ms': 41.94}
[worker 0] timing@frame54351: {'queue_wait_ms': 0.031, 'decode_in_ms': 0.39, 'prompt_ms': 0.0, 'vae_encode_ms': 8.86, 'transformer_plus_decode_ms': 32.49, 'stage_clock': 'cuda-events', 'benchmark_variant': 'terminal-noop', 'output_cast': 'gpu', 'torch_threads': 128, 'terminal_skips': 1, 'jpeg_ms': 0.45, 'total_ms': 42.22}
[DIAG] t=4010s in=135934 →wk=84435 ←wk=84433 →cl=84270 drop_in=0 drop_out=0 | since: client=0.0s worker=0.0s sent=0.0s | ch=open buf=0 | lag: max=1ms avg=0.3ms | heap=12.2MB rss=59.8MB | gpu0:R pend=1 frames=54358 buf=0 | gpu1:R pend=1 frames=30075 buf=0
[worker 1] timing@frame30101: {'queue_wait_ms': 0.041, 'decode_in_ms': 0.42, 'prompt_ms': 0.0, 'vae_encode_ms': 8.63, 'transformer_plus_decode_ms': 35.36, 'stage_clock': 'cuda-events', 'benchmark_variant': 'terminal-noop', 'output_cast': 'gpu', 'torch_threads': 128, 'terminal_skips': 1, 'jpeg_ms': 0.45, 'total_ms': 44.92}
[worker 0] timing@frame54401: {'queue_wait_ms': 0.024, 'decode_in_ms': 0.37, 'prompt_ms': 0.0, 'vae_encode_ms': 8.73, 'transformer_plus_decode_ms': 32.48, 'stage_clock': 'cuda-events', 'benchmark_variant': 'terminal-noop', 'output_cast': 'gpu', 'torch_threads': 128, 'terminal_skips': 1, 'jpeg_ms': 0.44, 'total_ms': 42.05}
[worker 1] timing@frame30151: {'queue_wait_ms': 0.021, 'decode_in_ms': 0.4, 'prompt_ms': 0.0, 'vae_encode_ms': 8.58, 'transformer_plus_decode_ms': 35.19, 'stage_clock': 'cuda-events', 'benchmark_variant': 'terminal-noop', 'output_cast': 'gpu', 'torch_threads': 128, 'terminal_skips': 1, 'jpeg_ms': 0.45, 'total_ms': 44.66}
[worker 0] timing@frame54451: {'queue_wait_ms': 0.025, 'decode_in_ms': 0.4, 'prompt_ms': 0.0, 'vae_encode_ms': 8.97, 'transformer_plus_decode_ms': 32.87, 'stage_clock': 'cuda-events', 'benchmark_variant': 'terminal-noop', 'output_cast': 'gpu', 'torch_threads': 128, 'terminal_skips': 1, 'jpeg_ms': 0.44, 'total_ms': 42.71}
[DIAG] t=4015s in=136146 →wk=84623 ←wk=84622 →cl=84458 drop_in=0 drop_out=0 | since: client=0.0s worker=0.0s sent=0.0s | ch=open buf=0 | lag: max=1ms avg=0.3ms | heap=11.9MB rss=59.8MB | gpu0:R pend=1 frames=54452 buf=0 | gpu1:R pend=0 frames=30170 buf=0
[worker 1] timing@frame30201: {'queue_wait_ms': 0.024, 'decode_in_ms': 0.39, 'prompt_ms': 0.0, 'vae_encode_ms': 8.5, 'transformer_plus_decode_ms': 33.62, 'stage_clock': 'cuda-events', 'benchmark_variant': 'terminal-noop', 'output_cast': 'gpu', 'torch_threads': 128, 'terminal_skips': 1, 'jpeg_ms': 0.46, 'total_ms': 43.01}
[worker 0] timing@frame54501: {'queue_wait_ms': 0.026, 'decode_in_ms': 0.37, 'prompt_ms': 0.0, 'vae_encode_ms': 8.86, 'transformer_plus_decode_ms': 32.89, 'stage_clock': 'cuda-events', 'benchmark_variant': 'terminal-noop', 'output_cast': 'gpu', 'torch_threads': 128, 'terminal_skips': 1, 'jpeg_ms': 0.46, 'total_ms': 42.62}
[worker 1] timing@frame30251: {'queue_wait_ms': 0.028, 'decode_in_ms': 0.39, 'prompt_ms': 0.0, 'vae_encode_ms': 8.46, 'transformer_plus_decode_ms': 35.47, 'stage_clock': 'cuda-events', 'benchmark_variant': 'terminal-noop', 'output_cast': 'gpu', 'torch_threads': 128, 'terminal_skips': 1, 'jpeg_ms': 0.48, 'total_ms': 44.86}
[DIAG] t=4020s in=136360 →wk=84812 ←wk=84810 →cl=84646 drop_in=0 drop_out=0 | since: client=0.0s worker=0.0s sent=0.0s | ch=open buf=0 | lag: max=1ms avg=0.3ms | heap=12.2MB rss=59.8MB | gpu0:R pend=1 frames=54546 buf=0 | gpu1:R pend=1 frames=30264 buf=0
[worker 0] timing@frame54551: {'queue_wait_ms': 0.025, 'decode_in_ms': 0.38, 'prompt_ms': 0.0, 'vae_encode_ms': 8.88, 'transformer_plus_decode_ms': 32.75, 'stage_clock': 'cuda-events', 'benchmark_variant': 'terminal-noop', 'output_cast': 'gpu', 'torch_threads': 128, 'terminal_skips': 1, 'jpeg_ms': 0.46, 'total_ms': 42.51}
[worker 1] timing@frame30301: {'queue_wait_ms': 0.02, 'decode_in_ms': 0.37, 'prompt_ms': 0.0, 'vae_encode_ms': 8.53, 'transformer_plus_decode_ms': 34.33, 'stage_clock': 'cuda-events', 'benchmark_variant': 'terminal-noop', 'output_cast': 'gpu', 'torch_threads': 128, 'terminal_skips': 1, 'jpeg_ms': 0.43, 'total_ms': 43.69}
[worker 0] timing@frame54601: {'queue_wait_ms': 0.024, 'decode_in_ms': 0.39, 'prompt_ms': 0.0, 'vae_encode_ms': 17.2, 'transformer_plus_decode_ms': 33.08, 'stage_clock': 'cuda-events', 'benchmark_variant': 'terminal-noop', 'output_cast': 'gpu', 'torch_threads': 128, 'terminal_skips': 1, 'jpeg_ms': 0.46, 'total_ms': 51.17}
[worker 1] timing@frame30351: {'queue_wait_ms': 0.021, 'decode_in_ms': 0.38, 'prompt_ms': 0.0, 'vae_encode_ms': 8.46, 'transformer_plus_decode_ms': 32.36, 'stage_clock': 'cuda-events', 'benchmark_variant': 'terminal-noop', 'output_cast': 'gpu', 'torch_threads': 128, 'terminal_skips': 1, 'jpeg_ms': 0.42, 'total_ms': 41.66}
[DIAG] t=4025s in=136588 →wk=85003 ←wk=85001 →cl=84837 drop_in=0 drop_out=0 | since: client=0.0s worker=0.0s sent=0.0s | ch=open buf=0 | lag: max=1ms avg=0.3ms | heap=12.8MB rss=59.8MB | gpu0:R pend=1 frames=54642 buf=0 | gpu1:R pend=1 frames=30359 buf=0
[worker 0] timing@frame54651: {'queue_wait_ms': 0.025, 'decode_in_ms': 0.38, 'prompt_ms': 0.0, 'vae_encode_ms': 8.76, 'transformer_plus_decode_ms': 32.78, 'stage_clock': 'cuda-events', 'benchmark_variant': 'terminal-noop', 'output_cast': 'gpu', 'torch_threads': 128, 'terminal_skips': 1, 'jpeg_ms': 0.42, 'total_ms': 42.38}
[worker 1] timing@frame30401: {'queue_wait_ms': 0.02, 'decode_in_ms': 0.41, 'prompt_ms': 0.0, 'vae_encode_ms': 8.45, 'transformer_plus_decode_ms': 35.26, 'stage_clock': 'cuda-events', 'benchmark_variant': 'terminal-noop', 'output_cast': 'gpu', 'torch_threads': 128, 'terminal_skips': 1, 'jpeg_ms': 0.42, 'total_ms': 44.58}
[worker 0] timing@frame54701: {'queue_wait_ms': 0.035, 'decode_in_ms': 0.51, 'prompt_ms': 0.01, 'vae_encode_ms': 16.62, 'transformer_plus_decode_ms': 34.05, 'stage_clock': 'cuda-events', 'benchmark_variant': 'terminal-noop', 'output_cast': 'gpu', 'torch_threads': 128, 'terminal_skips': 1, 'jpeg_ms': 0.47, 'total_ms': 51.73}
[worker 1] timing@frame30451: {'queue_wait_ms': 0.026, 'decode_in_ms': 0.4, 'prompt_ms': 0.0, 'vae_encode_ms': 8.59, 'transformer_plus_decode_ms': 34.65, 'stage_clock': 'cuda-events', 'benchmark_variant': 'terminal-noop', 'output_cast': 'gpu', 'torch_threads': 128, 'terminal_skips': 1, 'jpeg_ms': 0.44, 'total_ms': 44.12}
[DIAG] t=4030s in=136823 →wk=85200 ←wk=85199 →cl=85035 drop_in=0 drop_out=0 | since: client=0.0s worker=0.0s sent=0.0s | ch=open buf=0 | lag: max=1ms avg=0.3ms | heap=13.4MB rss=59.8MB | gpu0:R pend=0 frames=54741 buf=0 | gpu1:R pend=1 frames=30458 buf=0
[worker 0] timing@frame54751: {'queue_wait_ms': 0.032, 'decode_in_ms': 0.43, 'prompt_ms': 0.0, 'vae_encode_ms': 9.05, 'transformer_plus_decode_ms': 34.67, 'stage_clock': 'cuda-events', 'benchmark_variant': 'terminal-noop', 'output_cast': 'gpu', 'torch_threads': 128, 'terminal_skips': 1, 'jpeg_ms': 0.56, 'total_ms': 44.76}
[worker 1] timing@frame30501: {'queue_wait_ms': 0.026, 'decode_in_ms': 0.41, 'prompt_ms': 0.0, 'vae_encode_ms': 8.55, 'transformer_plus_decode_ms': 32.52, 'stage_clock': 'cuda-events', 'benchmark_variant': 'terminal-noop', 'output_cast': 'gpu', 'torch_threads': 128, 'terminal_skips': 1, 'jpeg_ms': 0.42, 'total_ms': 41.95}
[worker 0] timing@frame54801: {'queue_wait_ms': 0.036, 'decode_in_ms': 0.42, 'prompt_ms': 0.0, 'vae_encode_ms': 9.06, 'transformer_plus_decode_ms': 33.44, 'stage_clock': 'cuda-events', 'benchmark_variant': 'terminal-noop', 'output_cast': 'gpu', 'torch_threads': 128, 'terminal_skips': 1, 'jpeg_ms': 0.46, 'total_ms': 43.42}
[DIAG] t=4035s in=137017 →wk=85358 ←wk=85356 →cl=85190 drop_in=0 drop_out=0 | since: client=0.0s worker=0.0s sent=0.0s | ch=open buf=0 | lag: max=1ms avg=0.3ms | heap=11.9MB rss=63.8MB | gpu0:R pend=1 frames=54819 buf=0 | gpu1:R pend=1 frames=30537 buf=0
[worker 1] timing@frame30551: {'queue_wait_ms': 0.029, 'decode_in_ms': 0.42, 'prompt_ms': 0.0, 'vae_encode_ms': 8.72, 'transformer_plus_decode_ms': 36.3, 'stage_clock': 'cuda-events', 'benchmark_variant': 'terminal-noop', 'output_cast': 'gpu', 'torch_threads': 128, 'terminal_skips': 1, 'jpeg_ms': 0.49, 'total_ms': 45.97}
[worker 0] timing@frame54851: {'queue_wait_ms': 0.029, 'decode_in_ms': 0.39, 'prompt_ms': 0.0, 'vae_encode_ms': 8.84, 'transformer_plus_decode_ms': 33.02, 'stage_clock': 'cuda-events', 'benchmark_variant': 'terminal-noop', 'output_cast': 'gpu', 'torch_threads': 128, 'terminal_skips': 1, 'jpeg_ms': 0.43, 'total_ms': 42.72}
[worker 1] timing@frame30601: {'queue_wait_ms': 0.034, 'decode_in_ms': 0.45, 'prompt_ms': 0.0, 'vae_encode_ms': 20.48, 'transformer_plus_decode_ms': 35.31, 'stage_clock': 'cuda-events', 'benchmark_variant': 'terminal-noop', 'output_cast': 'gpu', 'torch_threads': 128, 'terminal_skips': 1, 'jpeg_ms': 0.43, 'total_ms': 56.72}
[DIAG] t=4040s in=137190 →wk=85507 ←wk=85507 →cl=85341 drop_in=0 drop_out=0 | since: client=0.1s worker=0.1s sent=0.1s | ch=open buf=0 | lag: max=2ms avg=0.3ms | heap=9.1MB rss=63.8MB | gpu0:R pend=0 frames=54895 buf=0 | gpu1:R pend=0 frames=30612 buf=0
[worker 0] timing@frame54901: {'queue_wait_ms': 0.025, 'decode_in_ms': 0.41, 'prompt_ms': 0.0, 'vae_encode_ms': 9.18, 'transformer_plus_decode_ms': 34.33, 'stage_clock': 'cuda-events', 'benchmark_variant': 'terminal-noop', 'output_cast': 'gpu', 'torch_threads': 128, 'terminal_skips': 1, 'jpeg_ms': 0.49, 'total_ms': 44.47}
[worker 1] timing@frame30651: {'queue_wait_ms': 0.016, 'decode_in_ms': 0.49, 'prompt_ms': 0.0, 'vae_encode_ms': 15.43, 'transformer_plus_decode_ms': 34.46, 'stage_clock': 'cuda-events', 'benchmark_variant': 'terminal-noop', 'output_cast': 'gpu', 'torch_threads': 128, 'terminal_skips': 1, 'jpeg_ms': 0.54, 'total_ms': 51.0}
[DIAG] t=4045s in=137301 →wk=85594 ←wk=85593 →cl=85425 drop_in=0 drop_out=0 | since: client=0.0s worker=0.6s sent=0.6s | ch=open buf=0 | lag: max=1ms avg=0.3ms | heap=15.6MB rss=63.8MB | gpu0:R pend=1 frames=54938 buf=0 | gpu1:R pend=0 frames=30655 buf=0
[worker 0] timing@frame54951: {'queue_wait_ms': 0.043, 'decode_in_ms': 0.61, 'prompt_ms': 0.01, 'vae_encode_ms': 9.47, 'transformer_plus_decode_ms': 33.95, 'stage_clock': 'cuda-events', 'benchmark_variant': 'terminal-noop', 'output_cast': 'gpu', 'torch_threads': 128, 'terminal_skips': 1, 'jpeg_ms': 0.48, 'total_ms': 44.63}
[DIAG] t=4050s in=137419 →wk=85678 ←wk=85677 →cl=85503 drop_in=0 drop_out=0 | since: client=0.0s worker=0.0s sent=0.0s | ch=open buf=0 | lag: max=1ms avg=0.3ms | heap=8.5MB rss=63.8MB | gpu0:R pend=0 frames=54978 buf=0 | gpu1:R pend=1 frames=30699 buf=0
[worker 1] timing@frame30701: {'queue_wait_ms': 0.012, 'decode_in_ms': 0.39, 'prompt_ms': 0.0, 'vae_encode_ms': 8.5, 'transformer_plus_decode_ms': 34.73, 'stage_clock': 'cuda-events', 'benchmark_variant': 'terminal-noop', 'output_cast': 'gpu', 'torch_threads': 128, 'terminal_skips': 1, 'jpeg_ms': 0.43, 'total_ms': 44.08}
[worker 0] timing@frame55001: {'queue_wait_ms': 0.025, 'decode_in_ms': 0.37, 'prompt_ms': 0.0, 'vae_encode_ms': 8.78, 'transformer_plus_decode_ms': 32.46, 'stage_clock': 'cuda-events', 'benchmark_variant': 'terminal-noop', 'output_cast': 'gpu', 'torch_threads': 128, 'terminal_skips': 1, 'jpeg_ms': 0.44, 'total_ms': 42.08}
[worker 1] timing@frame30751: {'queue_wait_ms': 0.026, 'decode_in_ms': 0.41, 'prompt_ms': 0.0, 'vae_encode_ms': 8.62, 'transformer_plus_decode_ms': 36.13, 'stage_clock': 'cuda-events', 'benchmark_variant': 'terminal-noop', 'output_cast': 'gpu', 'torch_threads': 128, 'terminal_skips': 1, 'jpeg_ms': 0.43, 'total_ms': 45.64}
[worker 0] timing@frame55051: {'queue_wait_ms': 0.025, 'decode_in_ms': 0.37, 'prompt_ms': 0.0, 'vae_encode_ms': 8.94, 'transformer_plus_decode_ms': 32.86, 'stage_clock': 'cuda-events', 'benchmark_variant': 'terminal-noop', 'output_cast': 'gpu', 'torch_threads': 128, 'terminal_skips': 1, 'jpeg_ms': 0.51, 'total_ms': 42.73}
[DIAG] t=4055s in=137634 →wk=85848 ←wk=85846 →cl=85671 drop_in=0 drop_out=0 | since: client=0.0s worker=0.0s sent=0.0s | ch=open buf=0 | lag: max=1ms avg=0.3ms | heap=20.7MB rss=63.8MB | gpu0:R pend=1 frames=55063 buf=0 | gpu1:R pend=1 frames=30783 buf=0
[worker 1] timing@frame30801: {'queue_wait_ms': 0.05, 'decode_in_ms': 0.47, 'prompt_ms': 0.0, 'vae_encode_ms': 9.31, 'transformer_plus_decode_ms': 33.65, 'stage_clock': 'cuda-events', 'benchmark_variant': 'terminal-noop', 'output_cast': 'gpu', 'torch_threads': 128, 'terminal_skips': 1, 'jpeg_ms': 0.45, 'total_ms': 43.96}
[DIAG] t=4060s in=137702 →wk=85910 ←wk=85910 →cl=85733 drop_in=0 drop_out=0 | since: client=1.1s worker=1.0s sent=1.0s | ch=open buf=0 | lag: max=1ms avg=0.3ms | heap=12.3MB rss=63.8MB | gpu0:R pend=0 frames=55095 buf=0 | gpu1:R pend=0 frames=30815 buf=0
[worker 0] timing@frame55101: {'queue_wait_ms': 0.027, 'decode_in_ms': 0.39, 'prompt_ms': 0.0, 'vae_encode_ms': 8.94, 'transformer_plus_decode_ms': 32.95, 'stage_clock': 'cuda-events', 'benchmark_variant': 'terminal-noop', 'output_cast': 'gpu', 'torch_threads': 128, 'terminal_skips': 1, 'jpeg_ms': 0.44, 'total_ms': 42.76}
[DIAG] t=4065s in=137740 →wk=85929 ←wk=85929 →cl=85751 drop_in=0 drop_out=0 | since: client=4.2s worker=4.1s sent=4.1s | ch=open buf=0 | lag: max=1ms avg=0.3ms | heap=13.9MB rss=63.8MB | gpu0:R pend=0 frames=55104 buf=0 | gpu1:R pend=0 frames=30825 buf=0
ICE connection state: disconnected
[DIAG] Connection state: disconnected (channel=open buf=0)
[DIAG] t=4070s in=137740 →wk=85929 ←wk=85929 →cl=85751 drop_in=0 drop_out=0 | since: client=9.2s worker=9.1s sent=9.1s | ch=open buf=0 | lag: max=1ms avg=0.3ms | heap=13.9MB rss=63.8MB | gpu0:R pend=0 frames=55104 buf=0 | gpu1:R pend=0 frames=30825 buf=0
Connection remained disconnected, closing peer
ICE connection state: closed
[DIAG] Connection state: closed (channel=none buf=0)
[DIAG] DataChannel CLOSED (was open)
[DIAG] t=4075s in=137740 →wk=85929 ←wk=85929 →cl=85751 drop_in=0 drop_out=0 | since: client=14.2s worker=14.1s sent=14.1s | ch=closed buf=0 | lag: max=1ms avg=0.3ms | heap=13.9MB rss=63.8MB | gpu0:R pend=0 frames=55104 buf=0 | gpu1:R pend=0 frames=30825 buf=0
[DIAG] t=4080s in=137740 →wk=85929 ←wk=85929 →cl=85751 drop_in=0 drop_out=0 | since: client=19.2s worker=19.1s sent=19.1s | ch=closed buf=0 | lag: max=1ms avg=0.3ms | heap=13.9MB rss=63.8MB | gpu0:R pend=0 frames=55104 buf=0 | gpu1:R pend=0 frames=30825 buf=0
[DIAG] t=4085s in=137740 →wk=85929 ←wk=85929 →cl=85751 drop_in=0 drop_out=0 | since: client=24.2s worker=24.1s sent=24.1s | ch=closed buf=0 | lag: max=1ms avg=0.3ms | heap=13.9MB rss=63.8MB | gpu0:R pend=0 frames=55104 buf=0 | gpu1:R pend=0 frames=30825 buf=0
[DIAG] t=4090s in=137740 →wk=85929 ←wk=85929 →cl=85751 drop_in=0 drop_out=0 | since: client=29.2s worker=29.1s sent=29.1s | ch=closed buf=0 | lag: max=1ms avg=0.3ms | heap=13.9MB rss=63.8MB | gpu0:R pend=0 frames=55104 buf=0 | gpu1:R pend=0 frames=30825 buf=0
[DIAG] t=4095s in=137740 →wk=85929 ←wk=85929 →cl=85751 drop_in=0 drop_out=0 | since: client=34.2s worker=34.1s sent=34.1s | ch=closed buf=0 | lag: max=1ms avg=0.3ms | heap=13.9MB rss=63.8MB | gpu0:R pend=0 frames=55104 buf=0 | gpu1:R pend=0 frames=30825 buf=0
[DIAG] t=4100s in=137740 →wk=85929 ←wk=85929 →cl=85751 drop_in=0 drop_out=0 | since: client=39.2s worker=39.1s sent=39.1s | ch=closed buf=0 | lag: max=1ms avg=0.3ms | heap=14.0MB rss=63.8MB | gpu0:R pend=0 frames=55104 buf=0 | gpu1:R pend=0 frames=30825 buf=0
[DIAG] t=4105s in=137740 →wk=85929 ←wk=85929 →cl=85751 drop_in=0 drop_out=0 | since: client=44.2s worker=44.1s sent=44.1s | ch=closed buf=0 | lag: max=1ms avg=0.3ms | heap=14.0MB rss=63.8MB | gpu0:R pend=0 frames=55104 buf=0 | gpu1:R pend=0 frames=30825 buf=0
[DIAG] t=4110s in=137740 →wk=85929 ←wk=85929 →cl=85751 drop_in=0 drop_out=0 | since: client=49.2s worker=49.1s sent=49.1s | ch=closed buf=0 | lag: max=1ms avg=0.3ms | heap=14.0MB rss=63.8MB | gpu0:R pend=0 frames=55104 buf=0 | gpu1:R pend=0 frames=30825 buf=0
[DIAG] t=4115s in=137740 →wk=85929 ←wk=85929 →cl=85751 drop_in=0 drop_out=0 | since: client=54.2s worker=54.1s sent=54.1s | ch=closed buf=0 | lag: max=1ms avg=0.3ms | heap=14.0MB rss=63.8MB | gpu0:R pend=0 frames=55104 buf=0 | gpu1:R pend=0 frames=30825 buf=0
[DIAG] t=4120s in=137740 →wk=85929 ←wk=85929 →cl=85751 drop_in=0 drop_out=0 | since: client=59.2s worker=59.1s sent=59.1s | ch=closed buf=0 | lag: max=1ms avg=0.3ms | heap=14.3MB rss=63.8MB | gpu0:R pend=0 frames=55104 buf=0 | gpu1:R pend=0 frames=30825 buf=0
POST /webrtc/offer
Offer candidates host=2 srflx=1 relay=0
ICE connection state: new
[DIAG] Connection state: new (channel=none buf=0)
ICE gathering state: gathering
[DIAG] t=4125s in=137740 →wk=85929 ←wk=85929 →cl=85751 drop_in=0 drop_out=0 | since: client=64.2s worker=64.1s sent=64.1s | ch=closed buf=0 | lag: max=1ms avg=0.3ms | heap=14.6MB rss=63.8MB | gpu0:R pend=0 frames=55104 buf=0 | gpu1:R pend=0 frames=30825 buf=0
[DIAG] t=4130s in=137740 →wk=85929 ←wk=85929 →cl=85751 drop_in=0 drop_out=0 | since: client=69.2s worker=69.1s sent=69.1s | ch=closed buf=0 | lag: max=1ms avg=0.3ms | heap=14.7MB rss=63.8MB | gpu0:R pend=0 frames=55104 buf=0 | gpu1:R pend=0 frames=30825 buf=0
Sending SDP answer
ICE gathering state: complete
ICE connection state: connected
[DIAG] Connection state: connected (channel=none buf=0)
DataChannel opened: frames
[worker 1] timing@frame30851: {'queue_wait_ms': 0.025, 'decode_in_ms': 0.43, 'prompt_ms': 0.0, 'vae_encode_ms': 8.59, 'transformer_plus_decode_ms': 36.81, 'stage_clock': 'cuda-events', 'benchmark_variant': 'terminal-noop', 'output_cast': 'gpu', 'torch_threads': 128, 'terminal_skips': 1, 'jpeg_ms': 0.49, 'total_ms': 46.38}
[worker 0] timing@frame55151: {'queue_wait_ms': 0.038, 'decode_in_ms': 0.38, 'prompt_ms': 0.0, 'vae_encode_ms': 9.18, 'transformer_plus_decode_ms': 33.29, 'stage_clock': 'cuda-events', 'benchmark_variant': 'terminal-noop', 'output_cast': 'gpu', 'torch_threads': 128, 'terminal_skips': 1, 'jpeg_ms': 0.45, 'total_ms': 43.33}
[DIAG] t=4135s in=137893 →wk=86056 ←wk=86054 →cl=85876 drop_in=0 drop_out=0 | since: client=0.0s worker=0.0s sent=0.0s | ch=open buf=0 | lag: max=1ms avg=0.3ms | heap=9.1MB rss=44.0MB | gpu0:R pend=1 frames=55166 buf=0 | gpu1:R pend=1 frames=30888 buf=0
[worker 1] timing@frame30901: {'queue_wait_ms': 0.024, 'decode_in_ms': 0.41, 'prompt_ms': 0.0, 'vae_encode_ms': 8.64, 'transformer_plus_decode_ms': 35.23, 'stage_clock': 'cuda-events', 'benchmark_variant': 'terminal-noop', 'output_cast': 'gpu', 'torch_threads': 128, 'terminal_skips': 1, 'jpeg_ms': 0.44, 'total_ms': 44.75}
[worker 0] timing@frame55201: {'queue_wait_ms': 0.026, 'decode_in_ms': 0.37, 'prompt_ms': 0.0, 'vae_encode_ms': 8.86, 'transformer_plus_decode_ms': 32.56, 'stage_clock': 'cuda-events', 'benchmark_variant': 'terminal-noop', 'output_cast': 'gpu', 'torch_threads': 128, 'terminal_skips': 1, 'jpeg_ms': 0.44, 'total_ms': 42.26}
[worker 1] timing@frame30951: {'queue_wait_ms': 0.024, 'decode_in_ms': 0.42, 'prompt_ms': 0.0, 'vae_encode_ms': 8.71, 'transformer_plus_decode_ms': 32.8, 'stage_clock': 'cuda-events', 'benchmark_variant': 'terminal-noop', 'output_cast': 'gpu', 'torch_threads': 128, 'terminal_skips': 1, 'jpeg_ms': 0.43, 'total_ms': 42.4}
[worker 0] timing@frame55251: {'queue_wait_ms': 0.026, 'decode_in_ms': 0.38, 'prompt_ms': 0.0, 'vae_encode_ms': 8.87, 'transformer_plus_decode_ms': 33.18, 'stage_clock': 'cuda-events', 'benchmark_variant': 'terminal-noop', 'output_cast': 'gpu', 'torch_threads': 128, 'terminal_skips': 1, 'jpeg_ms': 0.47, 'total_ms': 42.95}
[DIAG] t=4140s in=138135 →wk=86256 ←wk=86254 →cl=86076 drop_in=0 drop_out=0 | since: client=0.0s worker=0.0s sent=0.0s | ch=open buf=0 | lag: max=1ms avg=0.3ms | heap=9.0MB rss=45.0MB | gpu0:R pend=1 frames=55266 buf=0 | gpu1:R pend=1 frames=30988 buf=0
[worker 1] timing@frame31001: {'queue_wait_ms': 0.026, 'decode_in_ms': 0.4, 'prompt_ms': 0.0, 'vae_encode_ms': 8.49, 'transformer_plus_decode_ms': 33.89, 'stage_clock': 'cuda-events', 'benchmark_variant': 'terminal-noop', 'output_cast': 'gpu', 'torch_threads': 128, 'terminal_skips': 1, 'jpeg_ms': 0.43, 'total_ms': 43.25}
[worker 0] timing@frame55301: {'queue_wait_ms': 0.027, 'decode_in_ms': 0.37, 'prompt_ms': 0.0, 'vae_encode_ms': 8.8, 'transformer_plus_decode_ms': 32.6, 'stage_clock': 'cuda-events', 'benchmark_variant': 'terminal-noop', 'output_cast': 'gpu', 'torch_threads': 128, 'terminal_skips': 1, 'jpeg_ms': 0.44, 'total_ms': 42.25}
[worker 1] encoding prompt (len=76 chars, max_seq=64) [cache: 2/32, hits=31030 misses=3]
[worker 0] encoding prompt (len=76 chars, max_seq=64) [cache: 2/32, hits=55309 misses=3]
[worker 1] prompt encoded in 19ms shape=(1, 64, 7680) [cached 3/32]
[worker 0] prompt encoded in 19ms shape=(1, 64, 7680) [cached 3/32]
[worker 1] timing@frame31051: {'queue_wait_ms': 0.03, 'decode_in_ms': 0.38, 'prompt_ms': 0.0, 'vae_encode_ms': 8.62, 'transformer_plus_decode_ms': 34.79, 'stage_clock': 'cuda-events', 'benchmark_variant': 'terminal-noop', 'output_cast': 'gpu', 'torch_threads': 128, 'terminal_skips': 1, 'jpeg_ms': 0.45, 'total_ms': 44.28}
[worker 0] timing@frame55351: {'queue_wait_ms': 0.026, 'decode_in_ms': 0.38, 'prompt_ms': 0.0, 'vae_encode_ms': 8.77, 'transformer_plus_decode_ms': 32.92, 'stage_clock': 'cuda-events', 'benchmark_variant': 'terminal-noop', 'output_cast': 'gpu', 'torch_threads': 128, 'terminal_skips': 1, 'jpeg_ms': 0.47, 'total_ms': 42.59}
[worker 1] encoding prompt (len=66 chars, max_seq=64) [cache: 3/32, hits=31075 misses=4]
[worker 1] prompt encoded in 17ms shape=(1, 64, 7680) [cached 4/32]
[worker 0] encoding prompt (len=66 chars, max_seq=64) [cache: 3/32, hits=55354 misses=4]
[worker 0] prompt encoded in 16ms shape=(1, 64, 7680) [cached 4/32]
[DIAG] t=4145s in=138361 →wk=86444 ←wk=86442 →cl=86264 drop_in=0 drop_out=0 | since: client=0.0s worker=0.0s sent=0.0s | ch=open buf=0 | lag: max=1ms avg=0.3ms | heap=9.1MB rss=45.0MB | gpu0:R pend=1 frames=55360 buf=0 | gpu1:R pend=1 frames=31082 buf=0
[worker 1] timing@frame31101: {'queue_wait_ms': 0.023, 'decode_in_ms': 0.43, 'prompt_ms': 0.0, 'vae_encode_ms': 8.59, 'transformer_plus_decode_ms': 32.74, 'stage_clock': 'cuda-events', 'benchmark_variant': 'terminal-noop', 'output_cast': 'gpu', 'torch_threads': 128, 'terminal_skips': 1, 'jpeg_ms': 0.43, 'total_ms': 42.23}
[worker 0] timing@frame55401: {'queue_wait_ms': 0.025, 'decode_in_ms': 0.4, 'prompt_ms': 0.0, 'vae_encode_ms': 16.12, 'transformer_plus_decode_ms': 32.83, 'stage_clock': 'cuda-events', 'benchmark_variant': 'terminal-noop', 'output_cast': 'gpu', 'torch_threads': 128, 'terminal_skips': 1, 'jpeg_ms': 0.45, 'total_ms': 49.85}
[worker 1] timing@frame31151: {'queue_wait_ms': 0.029, 'decode_in_ms': 0.41, 'prompt_ms': 0.0, 'vae_encode_ms': 8.61, 'transformer_plus_decode_ms': 35.06, 'stage_clock': 'cuda-events', 'benchmark_variant': 'terminal-noop', 'output_cast': 'gpu', 'torch_threads': 128, 'terminal_skips': 1, 'jpeg_ms': 0.44, 'total_ms': 44.56}
[worker 0] resolution changed → 1024×576, already compiled by idle warmup
[worker 1] resolution changed → 1024×576, already compiled by idle warmup
[worker 0] timing@frame55451: {'queue_wait_ms': 0.03, 'decode_in_ms': 0.65, 'prompt_ms': 0.0, 'vae_encode_ms': 17.76, 'transformer_plus_decode_ms': 57.14, 'stage_clock': 'cuda-events', 'benchmark_variant': 'terminal-noop', 'output_cast': 'gpu', 'torch_threads': 128, 'terminal_skips': 1, 'jpeg_ms': 0.73, 'total_ms': 76.35}
[DIAG] t=4150s in=138601 →wk=86631 ←wk=86629 →cl=86451 drop_in=0 drop_out=0 | since: client=0.0s worker=0.0s sent=0.0s | ch=open buf=0 | lag: max=1ms avg=0.3ms | heap=9.9MB rss=47.0MB | gpu0:R pend=1 frames=55454 buf=0 | gpu1:R pend=1 frames=31175 buf=0
[worker 1] timing@frame31201: {'queue_wait_ms': 0.029, 'decode_in_ms': 0.62, 'prompt_ms': 0.0, 'vae_encode_ms': 17.35, 'transformer_plus_decode_ms': 60.59, 'stage_clock': 'cuda-events', 'benchmark_variant': 'terminal-noop', 'output_cast': 'gpu', 'torch_threads': 128, 'terminal_skips': 1, 'jpeg_ms': 0.83, 'total_ms': 79.45}
[worker 1] resolution changed → 512×288, already compiled by idle warmup
[worker 0] resolution changed → 512×288, already compiled by idle warmup
[worker 0] timing@frame55501: {'queue_wait_ms': 0.023, 'decode_in_ms': 0.23, 'prompt_ms': 0.0, 'vae_encode_ms': 4.02, 'transformer_plus_decode_ms': 18.58, 'stage_clock': 'cuda-events', 'benchmark_variant': 'terminal-noop', 'output_cast': 'gpu', 'torch_threads': 128, 'terminal_skips': 1, 'jpeg_ms': 0.24, 'total_ms': 23.1}
[worker 1] timing@frame31251: {'queue_wait_ms': 0.027, 'decode_in_ms': 0.26, 'prompt_ms': 0.0, 'vae_encode_ms': 3.97, 'transformer_plus_decode_ms': 18.55, 'stage_clock': 'cuda-events', 'benchmark_variant': 'terminal-noop', 'output_cast': 'gpu', 'torch_threads': 128, 'terminal_skips': 1, 'jpeg_ms': 0.28, 'total_ms': 23.08}
[DIAG] t=4155s in=138847 →wk=86799 ←wk=86798 →cl=86619 drop_in=0 drop_out=0 | since: client=0.0s worker=0.0s sent=0.0s | ch=open buf=0 | lag: max=0ms avg=0.3ms | heap=8.9MB rss=47.0MB | gpu0:R pend=0 frames=55538 buf=0 | gpu1:R pend=1 frames=31260 buf=0
[worker 0] timing@frame55551: {'queue_wait_ms': 0.055, 'decode_in_ms': 0.23, 'prompt_ms': 0.0, 'vae_encode_ms': 4.01, 'transformer_plus_decode_ms': 18.54, 'stage_clock': 'cuda-events', 'benchmark_variant': 'terminal-noop', 'output_cast': 'gpu', 'torch_threads': 128, 'terminal_skips': 1, 'jpeg_ms': 0.25, 'total_ms': 23.06}
[worker 1] timing@frame31301: {'queue_wait_ms': 0.022, 'decode_in_ms': 0.23, 'prompt_ms': 0.0, 'vae_encode_ms': 3.95, 'transformer_plus_decode_ms': 18.04, 'stage_clock': 'cuda-events', 'benchmark_variant': 'terminal-noop', 'output_cast': 'gpu', 'torch_threads': 128, 'terminal_skips': 1, 'jpeg_ms': 0.25, 'total_ms': 22.5}
[worker 1] resolution changed → 768×448, already compiled by idle warmup
[worker 0] resolution changed → 768×448, already compiled by idle warmup
[worker 0] timing@frame55601: {'queue_wait_ms': 0.022, 'decode_in_ms': 0.41, 'prompt_ms': 0.0, 'vae_encode_ms': 8.55, 'transformer_plus_decode_ms': 35.2, 'stage_clock': 'cuda-events', 'benchmark_variant': 'terminal-noop', 'output_cast': 'gpu', 'torch_threads': 128, 'terminal_skips': 1, 'jpeg_ms': 0.43, 'total_ms': 44.63}
[worker 1] timing@frame31351: {'queue_wait_ms': 0.031, 'decode_in_ms': 0.4, 'prompt_ms': 0.0, 'vae_encode_ms': 8.54, 'transformer_plus_decode_ms': 32.68, 'stage_clock': 'cuda-events', 'benchmark_variant': 'terminal-noop', 'output_cast': 'gpu', 'torch_threads': 128, 'terminal_skips': 1, 'jpeg_ms': 0.46, 'total_ms': 42.12}
[DIAG] t=4160s in=139080 →wk=87007 ←wk=87005 →cl=86826 drop_in=0 drop_out=0 | since: client=0.0s worker=0.0s sent=0.0s | ch=open buf=0 | lag: max=1ms avg=0.3ms | heap=8.9MB rss=47.0MB | gpu0:R pend=1 frames=55641 buf=0 | gpu1:R pend=1 frames=31364 buf=0
[worker 0] timing@frame55651: {'queue_wait_ms': 0.027, 'decode_in_ms': 0.42, 'prompt_ms': 0.0, 'vae_encode_ms': 8.6, 'transformer_plus_decode_ms': 35.46, 'stage_clock': 'cuda-events', 'benchmark_variant': 'terminal-noop', 'output_cast': 'gpu', 'torch_threads': 128, 'terminal_skips': 1, 'jpeg_ms': 0.44, 'total_ms': 44.96}
[worker 0] encoding prompt (len=47 chars, max_seq=64) [cache: 4/32, hits=55656 misses=5]
[worker 0] prompt encoded in 16ms shape=(1, 64, 7680) [cached 5/32]
[worker 1] encoding prompt (len=47 chars, max_seq=64) [cache: 4/32, hits=31379 misses=5]
[worker 1] prompt encoded in 16ms shape=(1, 64, 7680) [cached 5/32]
[worker 1] encoding prompt (len=47 chars, max_seq=64) [cache: 5/32, hits=31379 misses=6]
[worker 1] prompt encoded in 16ms shape=(1, 64, 7680) [cached 6/32]
[worker 0] encoding prompt (len=47 chars, max_seq=64) [cache: 5/32, hits=55657 misses=6]
[worker 0] prompt encoded in 16ms shape=(1, 64, 7680) [cached 6/32]
[worker 1] encoding prompt (len=47 chars, max_seq=64) [cache: 6/32, hits=31380 misses=7]
[worker 1] prompt encoded in 15ms shape=(1, 64, 7680) [cached 7/32]
[worker 0] encoding prompt (len=47 chars, max_seq=64) [cache: 6/32, hits=55658 misses=7]
[worker 0] prompt encoded in 15ms shape=(1, 64, 7680) [cached 7/32]
[worker 1] encoding prompt (len=47 chars, max_seq=64) [cache: 7/32, hits=31380 misses=8]
[worker 1] prompt encoded in 16ms shape=(1, 64, 7680) [cached 8/32]
[worker 0] encoding prompt (len=47 chars, max_seq=64) [cache: 7/32, hits=55658 misses=8]
[worker 0] prompt encoded in 15ms shape=(1, 64, 7680) [cached 8/32]
[worker 0] encoding prompt (len=47 chars, max_seq=64) [cache: 8/32, hits=55658 misses=9]
[worker 1] encoding prompt (len=47 chars, max_seq=64) [cache: 8/32, hits=31381 misses=9]
[worker 0] prompt encoded in 15ms shape=(1, 64, 7680) [cached 9/32]
[worker 1] prompt encoded in 16ms shape=(1, 64, 7680) [cached 9/32]
[worker 1] encoding prompt (len=47 chars, max_seq=64) [cache: 9/32, hits=31381 misses=10]
[worker 1] prompt encoded in 15ms shape=(1, 64, 7680) [cached 10/32]
[worker 0] encoding prompt (len=47 chars, max_seq=64) [cache: 9/32, hits=55659 misses=10]
[worker 0] prompt encoded in 16ms shape=(1, 64, 7680) [cached 10/32]
[worker 0] encoding prompt (len=47 chars, max_seq=64) [cache: 10/32, hits=55659 misses=11]
[worker 1] encoding prompt (len=47 chars, max_seq=64) [cache: 10/32, hits=31382 misses=11]
[worker 0] prompt encoded in 15ms shape=(1, 64, 7680) [cached 11/32]
[worker 1] prompt encoded in 16ms shape=(1, 64, 7680) [cached 11/32]
[worker 0] encoding prompt (len=47 chars, max_seq=64) [cache: 11/32, hits=55660 misses=12]
[worker 0] prompt encoded in 16ms shape=(1, 64, 7680) [cached 12/32]
[worker 1] encoding prompt (len=47 chars, max_seq=64) [cache: 11/32, hits=31383 misses=12]
[worker 1] prompt encoded in 16ms shape=(1, 64, 7680) [cached 12/32]
[worker 0] encoding prompt (len=47 chars, max_seq=64) [cache: 12/32, hits=55661 misses=13]
[worker 0] prompt encoded in 16ms shape=(1, 64, 7680) [cached 13/32]
[worker 1] encoding prompt (len=47 chars, max_seq=64) [cache: 12/32, hits=31384 misses=13]
[worker 1] prompt encoded in 15ms shape=(1, 64, 7680) [cached 13/32]
[worker 0] encoding prompt (len=47 chars, max_seq=64) [cache: 13/32, hits=55662 misses=14]
[worker 0] prompt encoded in 16ms shape=(1, 64, 7680) [cached 14/32]
[worker 1] encoding prompt (len=47 chars, max_seq=64) [cache: 13/32, hits=31385 misses=14]
[worker 1] prompt encoded in 17ms shape=(1, 64, 7680) [cached 14/32]
[worker 1] timing@frame31401: {'queue_wait_ms': 0.013, 'decode_in_ms': 0.4, 'prompt_ms': 0.0, 'vae_encode_ms': 8.53, 'transformer_plus_decode_ms': 34.59, 'stage_clock': 'cuda-events', 'benchmark_variant': 'terminal-noop', 'output_cast': 'gpu', 'torch_threads': 128, 'terminal_skips': 1, 'jpeg_ms': 0.42, 'total_ms': 43.97}
[worker 0] timing@frame55701: {'queue_wait_ms': 0.039, 'decode_in_ms': 0.43, 'prompt_ms': 0.0, 'vae_encode_ms': 8.65, 'transformer_plus_decode_ms': 36.17, 'stage_clock': 'cuda-events', 'benchmark_variant': 'terminal-noop', 'output_cast': 'gpu', 'torch_threads': 128, 'terminal_skips': 1, 'jpeg_ms': 0.42, 'total_ms': 45.72}
[DIAG] DataChannel CLOSED (was open)
ICE connection state: connected
[DIAG] Connection state: connected (channel=none buf=0)
[DIAG] t=4165s in=139230 →wk=87132 ←wk=87132 →cl=86950 drop_in=0 drop_out=0 | since: client=1.5s worker=1.5s sent=1.5s | ch=closed buf=0 | lag: max=1ms avg=0.3ms | heap=9.6MB rss=47.0MB | gpu0:R pend=0 frames=55705 buf=0 | gpu1:R pend=0 frames=31427 buf=0
POST /webrtc/offer
Offer candidates host=2 srflx=1 relay=0
ICE connection state: closed
[DIAG] Connection state: closed (channel=none buf=0)
ICE connection state: new
[DIAG] Connection state: new (channel=none buf=0)
ICE gathering state: gathering
[DIAG] t=4170s in=139230 →wk=87132 ←wk=87132 →cl=86950 drop_in=0 drop_out=0 | since: client=6.5s worker=6.5s sent=6.5s | ch=closed buf=0 | lag: max=1ms avg=0.3ms | heap=9.8MB rss=47.0MB | gpu0:R pend=0 frames=55705 buf=0 | gpu1:R pend=0 frames=31427 buf=0
[DIAG] t=4175s in=139230 →wk=87132 ←wk=87132 →cl=86950 drop_in=0 drop_out=0 | since: client=11.5s worker=11.5s sent=11.5s | ch=closed buf=0 | lag: max=1ms avg=0.3ms | heap=9.9MB rss=47.0MB | gpu0:R pend=0 frames=55705 buf=0 | gpu1:R pend=0 frames=31427 buf=0
Sending SDP answer
ICE gathering state: complete
ICE connection state: connected
[DIAG] Connection state: connected (channel=none buf=0)
DataChannel opened: frames
[worker 1] timing@frame31451: {'queue_wait_ms': 0.03, 'decode_in_ms': 0.46, 'prompt_ms': 0.0, 'vae_encode_ms': 16.13, 'transformer_plus_decode_ms': 35.95, 'stage_clock': 'cuda-events', 'benchmark_variant': 'terminal-noop', 'output_cast': 'gpu', 'torch_threads': 128, 'terminal_skips': 1, 'jpeg_ms': 0.43, 'total_ms': 53.02}
[worker 0] timing@frame55751: {'queue_wait_ms': 0.027, 'decode_in_ms': 0.41, 'prompt_ms': 0.0, 'vae_encode_ms': 8.53, 'transformer_plus_decode_ms': 35.84, 'stage_clock': 'cuda-events', 'benchmark_variant': 'terminal-noop', 'output_cast': 'gpu', 'torch_threads': 128, 'terminal_skips': 1, 'jpeg_ms': 0.42, 'total_ms': 45.24}
[DIAG] t=4180s in=139362 →wk=87248 ←wk=87246 →cl=87064 drop_in=0 drop_out=0 | since: client=0.0s worker=0.0s sent=0.0s | ch=open buf=0 | lag: max=1ms avg=0.3ms | heap=9.4MB rss=44.0MB | gpu0:R pend=1 frames=55762 buf=0 | gpu1:R pend=1 frames=31484 buf=0
[worker 1] timing@frame31501: {'queue_wait_ms': 0.016, 'decode_in_ms': 0.42, 'prompt_ms': 0.0, 'vae_encode_ms': 8.63, 'transformer_plus_decode_ms': 32.96, 'stage_clock': 'cuda-events', 'benchmark_variant': 'terminal-noop', 'output_cast': 'gpu', 'torch_threads': 128, 'terminal_skips': 1, 'jpeg_ms': 0.44, 'total_ms': 42.49}
[DIAG] DataChannel CLOSED (was open)
ICE connection state: connected
[DIAG] Connection state: connected (channel=none buf=0)
POST /webrtc/offer
Offer candidates host=2 srflx=1 relay=0
ICE connection state: closed
[DIAG] Connection state: closed (channel=none buf=0)
ICE connection state: new
[DIAG] Connection state: new (channel=none buf=0)
ICE gathering state: gathering
[DIAG] t=4185s in=139411 →wk=87294 ←wk=87294 →cl=87111 drop_in=0 drop_out=0 | since: client=3.6s worker=3.6s sent=3.6s | ch=closed buf=0 | lag: max=1ms avg=0.3ms | heap=9.4MB rss=44.2MB | gpu0:R pend=0 frames=55786 buf=0 | gpu1:R pend=0 frames=31508 buf=0
[DIAG] t=4190s in=139411 →wk=87294 ←wk=87294 →cl=87111 drop_in=0 drop_out=0 | since: client=8.6s worker=8.6s sent=8.6s | ch=closed buf=0 | lag: max=1ms avg=0.3ms | heap=9.5MB rss=44.2MB | gpu0:R pend=0 frames=55786 buf=0 | gpu1:R pend=0 frames=31508 buf=0
Sending SDP answer
ICE gathering state: complete
ICE connection state: connected
[DIAG] Connection state: connected (channel=none buf=0)
DataChannel opened: frames
[DIAG] t=4195s in=139426 →wk=87307 ←wk=87305 →cl=87122 drop_in=0 drop_out=0 | since: client=0.0s worker=0.0s sent=0.0s | ch=open buf=0 | lag: max=1ms avg=0.3ms | heap=9.7MB rss=44.2MB | gpu0:R pend=1 frames=55792 buf=0 | gpu1:R pend=1 frames=31513 buf=0
[worker 0] timing@frame55801: {'queue_wait_ms': 0.075, 'decode_in_ms': 0.42, 'prompt_ms': 0.0, 'vae_encode_ms': 9.06, 'transformer_plus_decode_ms': 36.37, 'stage_clock': 'cuda-events', 'benchmark_variant': 'terminal-noop', 'output_cast': 'gpu', 'torch_threads': 128, 'terminal_skips': 1, 'jpeg_ms': 0.46, 'total_ms': 46.34}
[worker 1] timing@frame31551: {'queue_wait_ms': 0.027, 'decode_in_ms': 0.48, 'prompt_ms': 0.0, 'vae_encode_ms': 17.89, 'transformer_plus_decode_ms': 35.91, 'stage_clock': 'cuda-events', 'benchmark_variant': 'terminal-noop', 'output_cast': 'gpu', 'torch_threads': 128, 'terminal_skips': 1, 'jpeg_ms': 0.49, 'total_ms': 54.83}
[worker 0] timing@frame55851: {'queue_wait_ms': 0.025, 'decode_in_ms': 0.4, 'prompt_ms': 0.0, 'vae_encode_ms': 8.64, 'transformer_plus_decode_ms': 35.47, 'stage_clock': 'cuda-events', 'benchmark_variant': 'terminal-noop', 'output_cast': 'gpu', 'torch_threads': 128, 'terminal_skips': 1, 'jpeg_ms': 0.43, 'total_ms': 44.98}
[DIAG] DataChannel CLOSED (was open)
ICE connection state: connected
[DIAG] Connection state: connected (channel=none buf=0)
[DIAG] t=4200s in=139585 →wk=87456 ←wk=87456 →cl=87272 drop_in=0 drop_out=0 | since: client=0.9s worker=0.8s sent=0.8s | ch=closed buf=0 | lag: max=1ms avg=0.3ms | heap=9.5MB rss=47.8MB | gpu0:R pend=0 frames=55867 buf=0 | gpu1:R pend=0 frames=31589 buf=0
POST /webrtc/offer
Offer candidates host=2 srflx=1 relay=0
ICE connection state: closed
[DIAG] Connection state: closed (channel=none buf=0)
ICE connection state: new
[DIAG] Connection state: new (channel=none buf=0)
ICE gathering state: gathering
[DIAG] t=4205s in=139585 →wk=87456 ←wk=87456 →cl=87272 drop_in=0 drop_out=0 | since: client=5.9s worker=5.8s sent=5.8s | ch=closed buf=0 | lag: max=1ms avg=0.3ms | heap=9.6MB rss=47.8MB | gpu0:R pend=0 frames=55867 buf=0 | gpu1:R pend=0 frames=31589 buf=0
[DIAG] t=4210s in=139585 →wk=87456 ←wk=87456 →cl=87272 drop_in=0 drop_out=0 | since: client=10.9s worker=10.8s sent=10.8s | ch=closed buf=0 | lag: max=1ms avg=0.3ms | heap=9.7MB rss=47.8MB | gpu0:R pend=0 frames=55867 buf=0 | gpu1:R pend=0 frames=31589 buf=0
Sending SDP answer
ICE gathering state: complete
ICE connection state: connected
[DIAG] Connection state: connected (channel=none buf=0)
DataChannel opened: frames
[worker 1] timing@frame31601: {'queue_wait_ms': 0.023, 'decode_in_ms': 0.42, 'prompt_ms': 0.0, 'vae_encode_ms': 8.69, 'transformer_plus_decode_ms': 36.43, 'stage_clock': 'cuda-events', 'benchmark_variant': 'terminal-noop', 'output_cast': 'gpu', 'torch_threads': 128, 'terminal_skips': 1, 'jpeg_ms': 0.45, 'total_ms': 46.03}
[worker 0] timing@frame55901: {'queue_wait_ms': 0.022, 'decode_in_ms': 0.42, 'prompt_ms': 0.0, 'vae_encode_ms': 8.96, 'transformer_plus_decode_ms': 36.1, 'stage_clock': 'cuda-events', 'benchmark_variant': 'terminal-noop', 'output_cast': 'gpu', 'torch_threads': 128, 'terminal_skips': 1, 'jpeg_ms': 0.42, 'total_ms': 45.93}
[DIAG] t=4215s in=139687 →wk=87547 ←wk=87545 →cl=87361 drop_in=0 drop_out=0 | since: client=0.0s worker=0.0s sent=0.0s | ch=open buf=0 | lag: max=1ms avg=0.3ms | heap=9.9MB rss=45.6MB | gpu0:R pend=1 frames=55912 buf=0 | gpu1:R pend=1 frames=31633 buf=0
[worker 1] timing@frame31651: {'queue_wait_ms': 0.027, 'decode_in_ms': 0.41, 'prompt_ms': 0.0, 'vae_encode_ms': 8.6, 'transformer_plus_decode_ms': 32.59, 'stage_clock': 'cuda-events', 'benchmark_variant': 'terminal-noop', 'output_cast': 'gpu', 'torch_threads': 128, 'terminal_skips': 1, 'jpeg_ms': 0.43, 'total_ms': 42.06}
[DIAG] t=4220s in=139762 →wk=87616 ←wk=87616 →cl=87432 drop_in=0 drop_out=0 | since: client=2.9s worker=2.8s sent=2.8s | ch=open buf=0 | lag: max=1ms avg=0.3ms | heap=10.7MB rss=44.0MB | gpu0:R pend=0 frames=55947 buf=0 | gpu1:R pend=0 frames=31669 buf=0
ICE connection state: disconnected
[DIAG] Connection state: disconnected (channel=open buf=0)
[DIAG] t=4225s in=139762 →wk=87616 ←wk=87616 →cl=87432 drop_in=0 drop_out=0 | since: client=7.9s worker=7.8s sent=7.8s | ch=open buf=0 | lag: max=1ms avg=0.3ms | heap=10.7MB rss=44.0MB | gpu0:R pend=0 frames=55947 buf=0 | gpu1:R pend=0 frames=31669 buf=0
Connection remained disconnected, closing peer
ICE connection state: closed
[DIAG] Connection state: closed (channel=none buf=0)
[DIAG] DataChannel CLOSED (was open)
[DIAG] t=4230s in=139762 →wk=87616 ←wk=87616 →cl=87432 drop_in=0 drop_out=0 | since: client=12.9s worker=12.8s sent=12.8s | ch=closed buf=0 | lag: max=1ms avg=0.3ms | heap=10.7MB rss=44.0MB | gpu0:R pend=0 frames=55947 buf=0 | gpu1:R pend=0 frames=31669 buf=0
[DIAG] t=4235s in=139762 →wk=87616 ←wk=87616 →cl=87432 drop_in=0 drop_out=0 | since: client=17.9s worker=17.8s sent=17.8s | ch=closed buf=0 | lag: max=1ms avg=0.3ms | heap=10.7MB rss=44.0MB | gpu0:R pend=0 frames=55947 buf=0 | gpu1:R pend=0 frames=31669 buf=0
[DIAG] t=4240s in=139762 →wk=87616 ←wk=87616 →cl=87432 drop_in=0 drop_out=0 | since: client=22.9s worker=22.8s sent=22.8s | ch=closed buf=0 | lag: max=1ms avg=0.3ms | heap=10.7MB rss=44.0MB | gpu0:R pend=0 frames=55947 buf=0 | gpu1:R pend=0 frames=31669 buf=0
[DIAG] t=4245s in=139762 →wk=87616 ←wk=87616 →cl=87432 drop_in=0 drop_out=0 | since: client=27.9s worker=27.8s sent=27.8s | ch=closed buf=0 | lag: max=1ms avg=0.3ms | heap=10.7MB rss=44.0MB | gpu0:R pend=0 frames=55947 buf=0 | gpu1:R pend=0 frames=31669 buf=0
[DIAG] t=4250s in=139762 →wk=87616 ←wk=87616 →cl=87432 drop_in=0 drop_out=0 | since: client=32.9s worker=32.8s sent=32.8s | ch=closed buf=0 | lag: max=1ms avg=0.3ms | heap=10.7MB rss=44.0MB | gpu0:R pend=0 frames=55947 buf=0 | gpu1:R pend=0 frames=31669 buf=0
[DIAG] t=4255s in=139762 →wk=87616 ←wk=87616 →cl=87432 drop_in=0 drop_out=0 | since: client=37.9s worker=37.8s sent=37.8s | ch=closed buf=0 | lag: max=1ms avg=0.3ms | heap=10.8MB rss=44.0MB | gpu0:R pend=0 frames=55947 buf=0 | gpu1:R pend=0 frames=31669 buf=0
[DIAG] t=4260s in=139762 →wk=87616 ←wk=87616 →cl=87432 drop_in=0 drop_out=0 | since: client=42.9s worker=42.8s sent=42.8s | ch=closed buf=0 | lag: max=1ms avg=0.3ms | heap=10.8MB rss=44.0MB | gpu0:R pend=0 frames=55947 buf=0 | gpu1:R pend=0 frames=31669 buf=0
[DIAG] t=4265s in=139762 →wk=87616 ←wk=87616 →cl=87432 drop_in=0 drop_out=0 | since: client=47.9s worker=47.8s sent=47.8s | ch=closed buf=0 | lag: max=1ms avg=0.3ms | heap=10.8MB rss=44.0MB | gpu0:R pend=0 frames=55947 buf=0 | gpu1:R pend=0 frames=31669 buf=0
[DIAG] t=4270s in=139762 →wk=87616 ←wk=87616 →cl=87432 drop_in=0 drop_out=0 | since: client=52.9s worker=52.8s sent=52.8s | ch=closed buf=0 | lag: max=1ms avg=0.3ms | heap=10.8MB rss=44.0MB | gpu0:R pend=0 frames=55947 buf=0 | gpu1:R pend=0 frames=31669 buf=0
[DIAG] t=4275s in=139762 →wk=87616 ←wk=87616 →cl=87432 drop_in=0 drop_out=0 | since: client=57.9s worker=57.8s sent=57.8s | ch=closed buf=0 | lag: max=1ms avg=0.3ms | heap=10.8MB rss=44.0MB | gpu0:R pend=0 frames=55947 buf=0 | gpu1:R pend=0 frames=31669 buf=0
[DIAG] t=4280s in=139762 →wk=87616 ←wk=87616 →cl=87432 drop_in=0 drop_out=0 | since: client=62.9s worker=62.8s sent=62.8s | ch=closed buf=0 | lag: max=1ms avg=0.3ms | heap=10.8MB rss=44.0MB | gpu0:R pend=0 frames=55947 buf=0 | gpu1:R pend=0 frames=31669 buf=0
[DIAG] t=4285s in=139762 →wk=87616 ←wk=87616 →cl=87432 drop_in=0 drop_out=0 | since: client=67.9s worker=67.8s sent=67.8s | ch=closed buf=0 | lag: max=1ms avg=0.3ms | heap=10.8MB rss=44.0MB | gpu0:R pend=0 frames=55947 buf=0 | gpu1:R pend=0 frames=31669 buf=0
[DIAG] t=4290s in=139762 →wk=87616 ←wk=87616 →cl=87432 drop_in=0 drop_out=0 | since: client=72.9s worker=72.8s sent=72.8s | ch=closed buf=0 | lag: max=1ms avg=0.3ms | heap=10.8MB rss=44.0MB | gpu0:R pend=0 frames=55947 buf=0 | gpu1:R pend=0 frames=31669 buf=0
[DIAG] t=4295s in=139762 →wk=87616 ←wk=87616 →cl=87432 drop_in=0 drop_out=0 | since: client=77.9s worker=77.8s sent=77.8s | ch=closed buf=0 | lag: max=1ms avg=0.3ms | heap=10.8MB rss=44.0MB | gpu0:R pend=0 frames=55947 buf=0 | gpu1:R pend=0 frames=31669 buf=0
[DIAG] t=4300s in=139762 →wk=87616 ←wk=87616 →cl=87432 drop_in=0 drop_out=0 | since: client=82.9s worker=82.8s sent=82.8s | ch=closed buf=0 | lag: max=1ms avg=0.3ms | heap=10.8MB rss=44.0MB | gpu0:R pend=0 frames=55947 buf=0 | gpu1:R pend=0 frames=31669 buf=0
[DIAG] t=4305s in=139762 →wk=87616 ←wk=87616 →cl=87432 drop_in=0 drop_out=0 | since: client=87.9s worker=87.8s sent=87.8s | ch=closed buf=0 | lag: max=4ms avg=0.3ms | heap=10.8MB rss=44.0MB | gpu0:R pend=0 frames=55947 buf=0 | gpu1:R pend=0 frames=31669 buf=0
[DIAG] t=4310s in=139762 →wk=87616 ←wk=87616 →cl=87432 drop_in=0 drop_out=0 | since: client=92.9s worker=92.8s sent=92.8s | ch=closed buf=0 | lag: max=1ms avg=0.3ms | heap=10.8MB rss=44.0MB | gpu0:R pend=0 frames=55947 buf=0 | gpu1:R pend=0 frames=31669 buf=0
[DIAG] t=4315s in=139762 →wk=87616 ←wk=87616 →cl=87432 drop_in=0 drop_out=0 | since: client=97.9s worker=97.8s sent=97.8s | ch=closed buf=0 | lag: max=1ms avg=0.3ms | heap=10.8MB rss=44.0MB | gpu0:R pend=0 frames=55947 buf=0 | gpu1:R pend=0 frames=31669 buf=0
[DIAG] t=4320s in=139762 →wk=87616 ←wk=87616 →cl=87432 drop_in=0 drop_out=0 | since: client=102.9s worker=102.8s sent=102.8s | ch=closed buf=0 | lag: max=1ms avg=0.3ms | heap=10.9MB rss=44.0MB | gpu0:R pend=0 frames=55947 buf=0 | gpu1:R pend=0 frames=31669 buf=0
[DIAG] t=4325s in=139762 →wk=87616 ←wk=87616 →cl=87432 drop_in=0 drop_out=0 | since: client=107.9s worker=107.8s sent=107.8s | ch=closed buf=0 | lag: max=1ms avg=0.3ms | heap=10.9MB rss=44.0MB | gpu0:R pend=0 frames=55947 buf=0 | gpu1:R pend=0 frames=31669 buf=0
[DIAG] t=4330s in=139762 →wk=87616 ←wk=87616 →cl=87432 drop_in=0 drop_out=0 | since: client=112.9s worker=112.8s sent=112.8s | ch=closed buf=0 | lag: max=1ms avg=0.3ms | heap=10.9MB rss=44.0MB | gpu0:R pend=0 frames=55947 buf=0 | gpu1:R pend=0 frames=31669 buf=0
[DIAG] t=4335s in=139762 →wk=87616 ←wk=87616 →cl=87432 drop_in=0 drop_out=0 | since: client=117.9s worker=117.8s sent=117.8s | ch=closed buf=0 | lag: max=1ms avg=0.3ms | heap=10.9MB rss=44.0MB | gpu0:R pend=0 frames=55947 buf=0 | gpu1:R pend=0 frames=31669 buf=0
Shutting down...
[worker 1] shutdown
[worker 0] shutdown
